"BehaviorSpace results (NetLogo 7.0.4)","Table version 2.0"
"plaice-search-model.nlogox"
"extensive-intensive-no-spacing"
"10/01/2026 14:06:00:768 -0700"
"min-pxcor","max-pxcor","min-pycor","max-pycor"
"0","71","0","71"
"[run number]","use-scenario?","search-tactic","pen-down?","enforce-spacing?","scenario","regeneration-time","response-radius","[step]","ticks","sum [prey-captured] of predators"
"4","true","extensive-intensive","false","false","3","1000","9","1000","1000000","20545"
"2","true","extensive-intensive","false","false","3","1000","9","1000","1000000","20275"
"7","true","extensive-intensive","false","false","3","1000","9","1000","1000000","20578"
"8","true","extensive-intensive","false","false","3","1000","9","1000","1000000","20797"
"6","true","extensive-intensive","false","false","3","1000","9","1000","1000000","20596"
"1","true","extensive-intensive","false","false","3","1000","9","1000","1000000","20395"
"5","true","extensive-intensive","false","false","3","1000","9","1000","1000000","20227"
"3","true","extensive-intensive","false","false","3","1000","9","1000","1000000","20551"
"9","true","extensive-intensive","false","false","3","1000","9","1000","1000000","20562"
"12","true","extensive-intensive","false","false","3","1000","9","1000","1000000","20450"
"11","true","extensive-intensive","false","false","3","1000","9","1000","1000000","20775"
"10","true","extensive-intensive","false","false","3","1000","9","1000","1000000","20068"
"13","true","extensive-intensive","false","false","3","1000","9","1000","1000000","20515"
"15","true","extensive-intensive","false","false","3","1000","9","1000","1000000","20262"
"14","true","extensive-intensive","false","false","3","1000","9","1000","1000000","20591"
"16","true","extensive-intensive","false","false","3","1000","9","1000","1000000","20575"
"17","true","extensive-intensive","false","false","3","1000","9","1000","1000000","19866"
"19","true","extensive-intensive","false","false","3","1000","9","1000","1000000","20635"
"18","true","extensive-intensive","false","false","3","1000","9","1000","1000000","20495"
"20","true","extensive-intensive","false","false","3","1000","9","1000","1000000","20699"
"22","true","extensive-intensive","false","false","3","1000","9","1000","1000000","20521"
"23","true","extensive-intensive","false","false","3","1000","9","1000","1000000","20567"
"21","true","extensive-intensive","false","false","3","1000","9","1000","1000000","20032"
"24","true","extensive-intensive","false","false","3","1000","9","1000","1000000","20518"
"25","true","extensive-intensive","false","false","3","1000","9","1000","1000000","20251"
"26","true","extensive-intensive","false","false","3","1000","9","1000","1000000","20239"
"27","true","extensive-intensive","false","false","3","1000","9","1000","1000000","20313"
"29","true","extensive-intensive","false","false","3","1000","9","1000","1000000","20383"
"28","true","extensive-intensive","false","false","3","1000","9","1000","1000000","20170"
"31","true","extensive-intensive","false","false","3","1000","9","1000","1000000","20643"
"30","true","extensive-intensive","false","false","3","1000","9","1000","1000000","20133"
"32","true","extensive-intensive","false","false","3","1000","9","1000","1000000","20789"
"33","true","extensive-intensive","false","false","3","1000","9","1000","1000000","20299"
"34","true","extensive-intensive","false","false","3","1000","9","1000","1000000","20194"
"35","true","extensive-intensive","false","false","3","1000","9","1000","1000000","20815"
"36","true","extensive-intensive","false","false","3","1000","9","1000","1000000","19918"
"37","true","extensive-intensive","false","false","3","1000","9","1000","1000000","20892"
"39","true","extensive-intensive","false","false","3","1000","9","1000","1000000","20633"
"38","true","extensive-intensive","false","false","3","1000","9","1000","1000000","20234"
"40","true","extensive-intensive","false","false","3","1000","9","1000","1000000","20354"
"41","true","extensive-intensive","false","false","3","1000","9","1000","1000000","20742"
"42","true","extensive-intensive","false","false","3","1000","9","1000","1000000","20918"
"43","true","extensive-intensive","false","false","3","1000","9","1000","1000000","20642"
"44","true","extensive-intensive","false","false","3","1000","9","1000","1000000","20321"
"45","true","extensive-intensive","false","false","3","1000","9","1000","1000000","20381"
"46","true","extensive-intensive","false","false","3","1000","9","1000","1000000","20452"
"47","true","extensive-intensive","false","false","3","1000","9","1000","1000000","20420"
"48","true","extensive-intensive","false","false","3","1000","9","1000","1000000","20092"
"49","true","extensive-intensive","false","false","3","1000","9","1000","1000000","20218"
"50","true","extensive-intensive","false","false","3","1000","9","1000","1000000","20137"
"51","true","extensive-intensive","false","false","3","1000","9","1000","1000000","20282"
"52","true","extensive-intensive","false","false","3","1000","9","1000","1000000","20435"
"53","true","extensive-intensive","false","false","3","1000","9","1000","1000000","20706"
"54","true","extensive-intensive","false","false","3","1000","9","1000","1000000","20376"
"55","true","extensive-intensive","false","false","3","1000","9","1000","1000000","20289"
"56","true","extensive-intensive","false","false","3","1000","9","1000","1000000","20327"
"61","true","extensive-intensive","false","false","3","1","9","1000","1000000","36713"
"63","true","extensive-intensive","false","false","3","1","9","1000","1000000","37814"
"62","true","extensive-intensive","false","false","3","1","9","1000","1000000","38081"
"57","true","extensive-intensive","false","false","3","1000","9","1000","1000000","20526"
"58","true","extensive-intensive","false","false","3","1000","9","1000","1000000","20553"
"64","true","extensive-intensive","false","false","3","1","9","1000","1000000","34640"
"59","true","extensive-intensive","false","false","3","1000","9","1000","1000000","20449"
"60","true","extensive-intensive","false","false","3","1000","9","1000","1000000","20344"
"65","true","extensive-intensive","false","false","3","1","9","1000","1000000","37541"
"68","true","extensive-intensive","false","false","3","1","9","1000","1000000","39504"
"67","true","extensive-intensive","false","false","3","1","9","1000","1000000","36672"
"66","true","extensive-intensive","false","false","3","1","9","1000","1000000","36916"
"69","true","extensive-intensive","false","false","3","1","9","1000","1000000","38601"
"70","true","extensive-intensive","false","false","3","1","9","1000","1000000","37736"
"71","true","extensive-intensive","false","false","3","1","9","1000","1000000","38800"
"72","true","extensive-intensive","false","false","3","1","9","1000","1000000","39377"
"73","true","extensive-intensive","false","false","3","1","9","1000","1000000","37465"
"74","true","extensive-intensive","false","false","3","1","9","1000","1000000","37257"
"75","true","extensive-intensive","false","false","3","1","9","1000","1000000","36448"
"76","true","extensive-intensive","false","false","3","1","9","1000","1000000","38091"
"78","true","extensive-intensive","false","false","3","1","9","1000","1000000","36901"
"77","true","extensive-intensive","false","false","3","1","9","1000","1000000","35882"
"79","true","extensive-intensive","false","false","3","1","9","1000","1000000","39488"
"80","true","extensive-intensive","false","false","3","1","9","1000","1000000","35824"
"81","true","extensive-intensive","false","false","3","1","9","1000","1000000","38262"
"82","true","extensive-intensive","false","false","3","1","9","1000","1000000","36816"
"83","true","extensive-intensive","false","false","3","1","9","1000","1000000","38127"
"84","true","extensive-intensive","false","false","3","1","9","1000","1000000","35416"
"86","true","extensive-intensive","false","false","3","1","9","1000","1000000","37494"
"85","true","extensive-intensive","false","false","3","1","9","1000","1000000","37737"
"87","true","extensive-intensive","false","false","3","1","9","1000","1000000","39259"
"88","true","extensive-intensive","false","false","3","1","9","1000","1000000","36669"
"90","true","extensive-intensive","false","false","3","1","9","1000","1000000","36927"
"89","true","extensive-intensive","false","false","3","1","9","1000","1000000","39199"
"91","true","extensive-intensive","false","false","3","1","9","1000","1000000","38998"
"92","true","extensive-intensive","false","false","3","1","9","1000","1000000","37740"
"93","true","extensive-intensive","false","false","3","1","9","1000","1000000","36596"
"94","true","extensive-intensive","false","false","3","1","9","1000","1000000","36915"
"95","true","extensive-intensive","false","false","3","1","9","1000","1000000","37984"
"96","true","extensive-intensive","false","false","3","1","9","1000","1000000","39079"
"97","true","extensive-intensive","false","false","3","1","9","1000","1000000","36153"
"98","true","extensive-intensive","false","false","3","1","9","1000","1000000","37589"
"99","true","extensive-intensive","false","false","3","1","9","1000","1000000","35872"
"100","true","extensive-intensive","false","false","3","1","9","1000","1000000","36100"
"101","true","extensive-intensive","false","false","3","1","9","1000","1000000","37835"
"102","true","extensive-intensive","false","false","3","1","9","1000","1000000","36526"
"103","true","extensive-intensive","false","false","3","1","9","1000","1000000","36007"
"104","true","extensive-intensive","false","false","3","1","9","1000","1000000","39840"
"105","true","extensive-intensive","false","false","3","1","9","1000","1000000","37461"
"106","true","extensive-intensive","false","false","3","1","9","1000","1000000","38651"
"107","true","extensive-intensive","false","false","3","1","9","1000","1000000","37140"
"109","true","extensive-intensive","false","false","3","1","9","1000","1000000","39593"
"108","true","extensive-intensive","false","false","3","1","9","1000","1000000","39426"
"111","true","extensive-intensive","false","false","3","1","9","1000","1000000","35011"
"110","true","extensive-intensive","false","false","3","1","9","1000","1000000","38601"
"112","true","extensive-intensive","false","false","3","1","9","1000","1000000","38389"
"113","true","extensive-intensive","false","false","3","1","9","1000","1000000","36999"
"114","true","extensive-intensive","false","false","3","1","9","1000","1000000","38652"
"116","true","extensive-intensive","false","false","3","1","9","1000","1000000","38546"
"115","true","extensive-intensive","false","false","3","1","9","1000","1000000","37712"
"117","true","extensive-intensive","false","false","3","1","9","1000","1000000","37735"
"118","true","extensive-intensive","false","false","3","1","9","1000","1000000","40021"
"119","true","extensive-intensive","false","false","3","1","9","1000","1000000","37089"
"120","true","extensive-intensive","false","false","3","1","9","1000","1000000","37256"
"121","true","extensive-intensive","false","false","4","1000","9","1000","1000000","19992"
"123","true","extensive-intensive","false","false","4","1000","9","1000","1000000","19978"
"122","true","extensive-intensive","false","false","4","1000","9","1000","1000000","20173"
"124","true","extensive-intensive","false","false","4","1000","9","1000","1000000","20487"
"125","true","extensive-intensive","false","false","4","1000","9","1000","1000000","19809"
"126","true","extensive-intensive","false","false","4","1000","9","1000","1000000","19917"
"128","true","extensive-intensive","false","false","4","1000","9","1000","1000000","20391"
"127","true","extensive-intensive","false","false","4","1000","9","1000","1000000","19994"
"129","true","extensive-intensive","false","false","4","1000","9","1000","1000000","20175"
"130","true","extensive-intensive","false","false","4","1000","9","1000","1000000","19589"
"131","true","extensive-intensive","false","false","4","1000","9","1000","1000000","20212"
"132","true","extensive-intensive","false","false","4","1000","9","1000","1000000","19879"
"133","true","extensive-intensive","false","false","4","1000","9","1000","1000000","20291"
"134","true","extensive-intensive","false","false","4","1000","9","1000","1000000","19784"
"135","true","extensive-intensive","false","false","4","1000","9","1000","1000000","19998"
"136","true","extensive-intensive","false","false","4","1000","9","1000","1000000","19895"
"137","true","extensive-intensive","false","false","4","1000","9","1000","1000000","20107"
"138","true","extensive-intensive","false","false","4","1000","9","1000","1000000","20029"
"140","true","extensive-intensive","false","false","4","1000","9","1000","1000000","20141"
"139","true","extensive-intensive","false","false","4","1000","9","1000","1000000","19870"
"141","true","extensive-intensive","false","false","4","1000","9","1000","1000000","19957"
"142","true","extensive-intensive","false","false","4","1000","9","1000","1000000","20450"
"143","true","extensive-intensive","false","false","4","1000","9","1000","1000000","19530"
"144","true","extensive-intensive","false","false","4","1000","9","1000","1000000","19932"
"145","true","extensive-intensive","false","false","4","1000","9","1000","1000000","20258"
"146","true","extensive-intensive","false","false","4","1000","9","1000","1000000","19295"
"147","true","extensive-intensive","false","false","4","1000","9","1000","1000000","19982"
"148","true","extensive-intensive","false","false","4","1000","9","1000","1000000","19951"
"149","true","extensive-intensive","false","false","4","1000","9","1000","1000000","19867"
"150","true","extensive-intensive","false","false","4","1000","9","1000","1000000","20129"
"151","true","extensive-intensive","false","false","4","1000","9","1000","1000000","19834"
"152","true","extensive-intensive","false","false","4","1000","9","1000","1000000","20244"
"153","true","extensive-intensive","false","false","4","1000","9","1000","1000000","19939"
"154","true","extensive-intensive","false","false","4","1000","9","1000","1000000","19861"
"157","true","extensive-intensive","false","false","4","1000","9","1000","1000000","19804"
"155","true","extensive-intensive","false","false","4","1000","9","1000","1000000","19791"
"156","true","extensive-intensive","false","false","4","1000","9","1000","1000000","19355"
"158","true","extensive-intensive","false","false","4","1000","9","1000","1000000","19830"
"159","true","extensive-intensive","false","false","4","1000","9","1000","1000000","19671"
"160","true","extensive-intensive","false","false","4","1000","9","1000","1000000","20109"
"161","true","extensive-intensive","false","false","4","1000","9","1000","1000000","19838"
"162","true","extensive-intensive","false","false","4","1000","9","1000","1000000","20084"
"163","true","extensive-intensive","false","false","4","1000","9","1000","1000000","19852"
"164","true","extensive-intensive","false","false","4","1000","9","1000","1000000","20139"
"165","true","extensive-intensive","false","false","4","1000","9","1000","1000000","19678"
"166","true","extensive-intensive","false","false","4","1000","9","1000","1000000","20507"
"167","true","extensive-intensive","false","false","4","1000","9","1000","1000000","19824"
"168","true","extensive-intensive","false","false","4","1000","9","1000","1000000","20181"
"169","true","extensive-intensive","false","false","4","1000","9","1000","1000000","20352"
"170","true","extensive-intensive","false","false","4","1000","9","1000","1000000","19805"
"171","true","extensive-intensive","false","false","4","1000","9","1000","1000000","19993"
"172","true","extensive-intensive","false","false","4","1000","9","1000","1000000","20367"
"173","true","extensive-intensive","false","false","4","1000","9","1000","1000000","19879"
"174","true","extensive-intensive","false","false","4","1000","9","1000","1000000","20044"
"175","true","extensive-intensive","false","false","4","1000","9","1000","1000000","19854"
"176","true","extensive-intensive","false","false","4","1000","9","1000","1000000","19866"
"177","true","extensive-intensive","false","false","4","1000","9","1000","1000000","19640"
"181","true","extensive-intensive","false","false","4","1","9","1000","1000000","36106"
"178","true","extensive-intensive","false","false","4","1000","9","1000","1000000","19783"
"182","true","extensive-intensive","false","false","4","1","9","1000","1000000","36153"
"183","true","extensive-intensive","false","false","4","1","9","1000","1000000","37945"
"179","true","extensive-intensive","false","false","4","1000","9","1000","1000000","20110"
"180","true","extensive-intensive","false","false","4","1000","9","1000","1000000","19776"
"184","true","extensive-intensive","false","false","4","1","9","1000","1000000","35789"
"185","true","extensive-intensive","false","false","4","1","9","1000","1000000","37645"
"187","true","extensive-intensive","false","false","4","1","9","1000","1000000","33894"
"186","true","extensive-intensive","false","false","4","1","9","1000","1000000","38061"
"188","true","extensive-intensive","false","false","4","1","9","1000","1000000","36897"
"189","true","extensive-intensive","false","false","4","1","9","1000","1000000","37054"
"190","true","extensive-intensive","false","false","4","1","9","1000","1000000","37695"
"191","true","extensive-intensive","false","false","4","1","9","1000","1000000","38437"
"192","true","extensive-intensive","false","false","4","1","9","1000","1000000","36263"
"193","true","extensive-intensive","false","false","4","1","9","1000","1000000","35230"
"194","true","extensive-intensive","false","false","4","1","9","1000","1000000","38008"
"195","true","extensive-intensive","false","false","4","1","9","1000","1000000","36474"
"196","true","extensive-intensive","false","false","4","1","9","1000","1000000","36449"
"197","true","extensive-intensive","false","false","4","1","9","1000","1000000","36020"
"198","true","extensive-intensive","false","false","4","1","9","1000","1000000","36171"
"199","true","extensive-intensive","false","false","4","1","9","1000","1000000","38336"
"200","true","extensive-intensive","false","false","4","1","9","1000","1000000","36710"
"201","true","extensive-intensive","false","false","4","1","9","1000","1000000","36296"
"202","true","extensive-intensive","false","false","4","1","9","1000","1000000","36241"
"203","true","extensive-intensive","false","false","4","1","9","1000","1000000","34046"
"204","true","extensive-intensive","false","false","4","1","9","1000","1000000","37466"
"205","true","extensive-intensive","false","false","4","1","9","1000","1000000","37692"
"206","true","extensive-intensive","false","false","4","1","9","1000","1000000","38202"
"207","true","extensive-intensive","false","false","4","1","9","1000","1000000","35505"
"208","true","extensive-intensive","false","false","4","1","9","1000","1000000","36761"
"209","true","extensive-intensive","false","false","4","1","9","1000","1000000","36626"
"210","true","extensive-intensive","false","false","4","1","9","1000","1000000","36297"
"212","true","extensive-intensive","false","false","4","1","9","1000","1000000","36302"
"211","true","extensive-intensive","false","false","4","1","9","1000","1000000","37084"
"213","true","extensive-intensive","false","false","4","1","9","1000","1000000","37535"
"214","true","extensive-intensive","false","false","4","1","9","1000","1000000","37075"
"215","true","extensive-intensive","false","false","4","1","9","1000","1000000","36778"
"216","true","extensive-intensive","false","false","4","1","9","1000","1000000","36821"
"217","true","extensive-intensive","false","false","4","1","9","1000","1000000","36821"
"218","true","extensive-intensive","false","false","4","1","9","1000","1000000","37801"
"219","true","extensive-intensive","false","false","4","1","9","1000","1000000","35751"
"220","true","extensive-intensive","false","false","4","1","9","1000","1000000","37327"
"222","true","extensive-intensive","false","false","4","1","9","1000","1000000","36127"
"221","true","extensive-intensive","false","false","4","1","9","1000","1000000","35776"
"223","true","extensive-intensive","false","false","4","1","9","1000","1000000","37314"
"224","true","extensive-intensive","false","false","4","1","9","1000","1000000","36025"
"225","true","extensive-intensive","false","false","4","1","9","1000","1000000","34888"
"226","true","extensive-intensive","false","false","4","1","9","1000","1000000","35648"
"227","true","extensive-intensive","false","false","4","1","9","1000","1000000","35977"
"228","true","extensive-intensive","false","false","4","1","9","1000","1000000","36872"
"229","true","extensive-intensive","false","false","4","1","9","1000","1000000","35409"
"230","true","extensive-intensive","false","false","4","1","9","1000","1000000","36966"
"231","true","extensive-intensive","false","false","4","1","9","1000","1000000","36254"
"232","true","extensive-intensive","false","false","4","1","9","1000","1000000","36041"
"233","true","extensive-intensive","false","false","4","1","9","1000","1000000","36158"
"234","true","extensive-intensive","false","false","4","1","9","1000","1000000","37052"
"235","true","extensive-intensive","false","false","4","1","9","1000","1000000","35418"
"236","true","extensive-intensive","false","false","4","1","9","1000","1000000","35096"
"237","true","extensive-intensive","false","false","4","1","9","1000","1000000","37596"
"238","true","extensive-intensive","false","false","4","1","9","1000","1000000","37623"
"239","true","extensive-intensive","false","false","4","1","9","1000","1000000","37274"
"240","true","extensive-intensive","false","false","4","1","9","1000","1000000","37052"
"241","true","extensive-intensive","false","false","5","1000","9","1000","1000000","19667"
"242","true","extensive-intensive","false","false","5","1000","9","1000","1000000","19502"
"243","true","extensive-intensive","false","false","5","1000","9","1000","1000000","19653"
"244","true","extensive-intensive","false","false","5","1000","9","1000","1000000","19345"
"245","true","extensive-intensive","false","false","5","1000","9","1000","1000000","19652"
"246","true","extensive-intensive","false","false","5","1000","9","1000","1000000","19316"
"247","true","extensive-intensive","false","false","5","1000","9","1000","1000000","19182"
"248","true","extensive-intensive","false","false","5","1000","9","1000","1000000","19672"
"249","true","extensive-intensive","false","false","5","1000","9","1000","1000000","19230"
"250","true","extensive-intensive","false","false","5","1000","9","1000","1000000","19765"
"251","true","extensive-intensive","false","false","5","1000","9","1000","1000000","19492"
"252","true","extensive-intensive","false","false","5","1000","9","1000","1000000","19446"
"253","true","extensive-intensive","false","false","5","1000","9","1000","1000000","19589"
"254","true","extensive-intensive","false","false","5","1000","9","1000","1000000","19683"
"255","true","extensive-intensive","false","false","5","1000","9","1000","1000000","19846"
"256","true","extensive-intensive","false","false","5","1000","9","1000","1000000","19631"
"257","true","extensive-intensive","false","false","5","1000","9","1000","1000000","19513"
"258","true","extensive-intensive","false","false","5","1000","9","1000","1000000","19731"
"259","true","extensive-intensive","false","false","5","1000","9","1000","1000000","19354"
"260","true","extensive-intensive","false","false","5","1000","9","1000","1000000","19493"
"261","true","extensive-intensive","false","false","5","1000","9","1000","1000000","19576"
"263","true","extensive-intensive","false","false","5","1000","9","1000","1000000","19205"
"262","true","extensive-intensive","false","false","5","1000","9","1000","1000000","19046"
"264","true","extensive-intensive","false","false","5","1000","9","1000","1000000","19181"
"265","true","extensive-intensive","false","false","5","1000","9","1000","1000000","19589"
"266","true","extensive-intensive","false","false","5","1000","9","1000","1000000","19564"
"267","true","extensive-intensive","false","false","5","1000","9","1000","1000000","19313"
"268","true","extensive-intensive","false","false","5","1000","9","1000","1000000","19669"
"269","true","extensive-intensive","false","false","5","1000","9","1000","1000000","19598"
"270","true","extensive-intensive","false","false","5","1000","9","1000","1000000","19481"
"271","true","extensive-intensive","false","false","5","1000","9","1000","1000000","19500"
"272","true","extensive-intensive","false","false","5","1000","9","1000","1000000","19629"
"273","true","extensive-intensive","false","false","5","1000","9","1000","1000000","19592"
"274","true","extensive-intensive","false","false","5","1000","9","1000","1000000","19374"
"275","true","extensive-intensive","false","false","5","1000","9","1000","1000000","19394"
"276","true","extensive-intensive","false","false","5","1000","9","1000","1000000","19254"
"277","true","extensive-intensive","false","false","5","1000","9","1000","1000000","19343"
"278","true","extensive-intensive","false","false","5","1000","9","1000","1000000","19544"
"279","true","extensive-intensive","false","false","5","1000","9","1000","1000000","19496"
"280","true","extensive-intensive","false","false","5","1000","9","1000","1000000","19534"
"281","true","extensive-intensive","false","false","5","1000","9","1000","1000000","19430"
"282","true","extensive-intensive","false","false","5","1000","9","1000","1000000","19372"
"283","true","extensive-intensive","false","false","5","1000","9","1000","1000000","19258"
"286","true","extensive-intensive","false","false","5","1000","9","1000","1000000","19377"
"285","true","extensive-intensive","false","false","5","1000","9","1000","1000000","19971"
"284","true","extensive-intensive","false","false","5","1000","9","1000","1000000","19630"
"287","true","extensive-intensive","false","false","5","1000","9","1000","1000000","19057"
"288","true","extensive-intensive","false","false","5","1000","9","1000","1000000","19467"
"289","true","extensive-intensive","false","false","5","1000","9","1000","1000000","19201"
"290","true","extensive-intensive","false","false","5","1000","9","1000","1000000","19268"
"291","true","extensive-intensive","false","false","5","1000","9","1000","1000000","19543"
"292","true","extensive-intensive","false","false","5","1000","9","1000","1000000","19542"
"293","true","extensive-intensive","false","false","5","1000","9","1000","1000000","19902"
"294","true","extensive-intensive","false","false","5","1000","9","1000","1000000","19341"
"295","true","extensive-intensive","false","false","5","1000","9","1000","1000000","19467"
"296","true","extensive-intensive","false","false","5","1000","9","1000","1000000","19500"
"297","true","extensive-intensive","false","false","5","1000","9","1000","1000000","19464"
"298","true","extensive-intensive","false","false","5","1000","9","1000","1000000","19669"
"301","true","extensive-intensive","false","false","5","1","9","1000","1000000","34990"
"302","true","extensive-intensive","false","false","5","1","9","1000","1000000","34798"
"303","true","extensive-intensive","false","false","5","1","9","1000","1000000","34033"
"299","true","extensive-intensive","false","false","5","1000","9","1000","1000000","19373"
"300","true","extensive-intensive","false","false","5","1000","9","1000","1000000","19383"
"304","true","extensive-intensive","false","false","5","1","9","1000","1000000","34595"
"305","true","extensive-intensive","false","false","5","1","9","1000","1000000","33762"
"306","true","extensive-intensive","false","false","5","1","9","1000","1000000","33252"
"307","true","extensive-intensive","false","false","5","1","9","1000","1000000","34466"
"308","true","extensive-intensive","false","false","5","1","9","1000","1000000","35338"
"309","true","extensive-intensive","false","false","5","1","9","1000","1000000","33003"
"310","true","extensive-intensive","false","false","5","1","9","1000","1000000","36663"
"311","true","extensive-intensive","false","false","5","1","9","1000","1000000","33626"
"312","true","extensive-intensive","false","false","5","1","9","1000","1000000","34121"
"313","true","extensive-intensive","false","false","5","1","9","1000","1000000","35803"
"314","true","extensive-intensive","false","false","5","1","9","1000","1000000","35761"
"315","true","extensive-intensive","false","false","5","1","9","1000","1000000","36194"
"317","true","extensive-intensive","false","false","5","1","9","1000","1000000","34778"
"316","true","extensive-intensive","false","false","5","1","9","1000","1000000","34674"
"318","true","extensive-intensive","false","false","5","1","9","1000","1000000","33789"
"319","true","extensive-intensive","false","false","5","1","9","1000","1000000","34553"
"320","true","extensive-intensive","false","false","5","1","9","1000","1000000","33747"
"321","true","extensive-intensive","false","false","5","1","9","1000","1000000","34200"
"322","true","extensive-intensive","false","false","5","1","9","1000","1000000","35464"
"323","true","extensive-intensive","false","false","5","1","9","1000","1000000","34416"
"324","true","extensive-intensive","false","false","5","1","9","1000","1000000","34072"
"325","true","extensive-intensive","false","false","5","1","9","1000","1000000","34173"
"326","true","extensive-intensive","false","false","5","1","9","1000","1000000","35047"
"327","true","extensive-intensive","false","false","5","1","9","1000","1000000","35337"
"328","true","extensive-intensive","false","false","5","1","9","1000","1000000","35323"
"329","true","extensive-intensive","false","false","5","1","9","1000","1000000","36326"
"330","true","extensive-intensive","false","false","5","1","9","1000","1000000","35554"
"331","true","extensive-intensive","false","false","5","1","9","1000","1000000","33143"
"332","true","extensive-intensive","false","false","5","1","9","1000","1000000","34379"
"333","true","extensive-intensive","false","false","5","1","9","1000","1000000","34223"
"334","true","extensive-intensive","false","false","5","1","9","1000","1000000","34008"
"335","true","extensive-intensive","false","false","5","1","9","1000","1000000","33291"
"336","true","extensive-intensive","false","false","5","1","9","1000","1000000","33741"
"337","true","extensive-intensive","false","false","5","1","9","1000","1000000","34699"
"338","true","extensive-intensive","false","false","5","1","9","1000","1000000","35492"
"339","true","extensive-intensive","false","false","5","1","9","1000","1000000","34115"
"340","true","extensive-intensive","false","false","5","1","9","1000","1000000","34468"
"342","true","extensive-intensive","false","false","5","1","9","1000","1000000","35276"
"341","true","extensive-intensive","false","false","5","1","9","1000","1000000","34273"
"343","true","extensive-intensive","false","false","5","1","9","1000","1000000","35504"
"344","true","extensive-intensive","false","false","5","1","9","1000","1000000","34426"
"345","true","extensive-intensive","false","false","5","1","9","1000","1000000","34814"
"346","true","extensive-intensive","false","false","5","1","9","1000","1000000","34153"
"347","true","extensive-intensive","false","false","5","1","9","1000","1000000","34853"
"348","true","extensive-intensive","false","false","5","1","9","1000","1000000","35453"
"350","true","extensive-intensive","false","false","5","1","9","1000","1000000","34920"
"349","true","extensive-intensive","false","false","5","1","9","1000","1000000","34782"
"351","true","extensive-intensive","false","false","5","1","9","1000","1000000","34578"
"352","true","extensive-intensive","false","false","5","1","9","1000","1000000","34068"
"353","true","extensive-intensive","false","false","5","1","9","1000","1000000","34021"
"354","true","extensive-intensive","false","false","5","1","9","1000","1000000","34617"
"355","true","extensive-intensive","false","false","5","1","9","1000","1000000","35913"
"356","true","extensive-intensive","false","false","5","1","9","1000","1000000","35593"
"358","true","extensive-intensive","false","false","5","1","9","1000","1000000","35081"
"357","true","extensive-intensive","false","false","5","1","9","1000","1000000","35049"
"359","true","extensive-intensive","false","false","5","1","9","1000","1000000","34940"
"360","true","extensive-intensive","false","false","5","1","9","1000","1000000","35016"
"361","true","extensive-intensive","false","false","6","1000","9","1000","1000000","19330"
"362","true","extensive-intensive","false","false","6","1000","9","1000","1000000","18886"
"363","true","extensive-intensive","false","false","6","1000","9","1000","1000000","19106"
"364","true","extensive-intensive","false","false","6","1000","9","1000","1000000","19043"
"365","true","extensive-intensive","false","false","6","1000","9","1000","1000000","19013"
"366","true","extensive-intensive","false","false","6","1000","9","1000","1000000","19213"
"367","true","extensive-intensive","false","false","6","1000","9","1000","1000000","18982"
"368","true","extensive-intensive","false","false","6","1000","9","1000","1000000","19025"
"369","true","extensive-intensive","false","false","6","1000","9","1000","1000000","19104"
"370","true","extensive-intensive","false","false","6","1000","9","1000","1000000","19272"
"371","true","extensive-intensive","false","false","6","1000","9","1000","1000000","18961"
"372","true","extensive-intensive","false","false","6","1000","9","1000","1000000","19131"
"373","true","extensive-intensive","false","false","6","1000","9","1000","1000000","18726"
"374","true","extensive-intensive","false","false","6","1000","9","1000","1000000","19211"
"375","true","extensive-intensive","false","false","6","1000","9","1000","1000000","19090"
"376","true","extensive-intensive","false","false","6","1000","9","1000","1000000","19218"
"377","true","extensive-intensive","false","false","6","1000","9","1000","1000000","19168"
"378","true","extensive-intensive","false","false","6","1000","9","1000","1000000","19090"
"379","true","extensive-intensive","false","false","6","1000","9","1000","1000000","19046"
"380","true","extensive-intensive","false","false","6","1000","9","1000","1000000","19119"
"381","true","extensive-intensive","false","false","6","1000","9","1000","1000000","19008"
"382","true","extensive-intensive","false","false","6","1000","9","1000","1000000","18931"
"383","true","extensive-intensive","false","false","6","1000","9","1000","1000000","19216"
"384","true","extensive-intensive","false","false","6","1000","9","1000","1000000","18924"
"385","true","extensive-intensive","false","false","6","1000","9","1000","1000000","19039"
"386","true","extensive-intensive","false","false","6","1000","9","1000","1000000","19087"
"387","true","extensive-intensive","false","false","6","1000","9","1000","1000000","18851"
"388","true","extensive-intensive","false","false","6","1000","9","1000","1000000","19164"
"389","true","extensive-intensive","false","false","6","1000","9","1000","1000000","19081"
"391","true","extensive-intensive","false","false","6","1000","9","1000","1000000","19124"
"390","true","extensive-intensive","false","false","6","1000","9","1000","1000000","19011"
"392","true","extensive-intensive","false","false","6","1000","9","1000","1000000","19189"
"393","true","extensive-intensive","false","false","6","1000","9","1000","1000000","19136"
"394","true","extensive-intensive","false","false","6","1000","9","1000","1000000","19099"
"395","true","extensive-intensive","false","false","6","1000","9","1000","1000000","19134"
"397","true","extensive-intensive","false","false","6","1000","9","1000","1000000","19305"
"396","true","extensive-intensive","false","false","6","1000","9","1000","1000000","19126"
"398","true","extensive-intensive","false","false","6","1000","9","1000","1000000","18990"
"399","true","extensive-intensive","false","false","6","1000","9","1000","1000000","19007"
"400","true","extensive-intensive","false","false","6","1000","9","1000","1000000","19311"
"401","true","extensive-intensive","false","false","6","1000","9","1000","1000000","18839"
"402","true","extensive-intensive","false","false","6","1000","9","1000","1000000","18799"
"403","true","extensive-intensive","false","false","6","1000","9","1000","1000000","19036"
"404","true","extensive-intensive","false","false","6","1000","9","1000","1000000","18879"
"405","true","extensive-intensive","false","false","6","1000","9","1000","1000000","19074"
"406","true","extensive-intensive","false","false","6","1000","9","1000","1000000","18830"
"407","true","extensive-intensive","false","false","6","1000","9","1000","1000000","19414"
"408","true","extensive-intensive","false","false","6","1000","9","1000","1000000","18897"
"409","true","extensive-intensive","false","false","6","1000","9","1000","1000000","19134"
"410","true","extensive-intensive","false","false","6","1000","9","1000","1000000","18921"
"411","true","extensive-intensive","false","false","6","1000","9","1000","1000000","18995"
"413","true","extensive-intensive","false","false","6","1000","9","1000","1000000","19214"
"412","true","extensive-intensive","false","false","6","1000","9","1000","1000000","19194"
"414","true","extensive-intensive","false","false","6","1000","9","1000","1000000","19228"
"415","true","extensive-intensive","false","false","6","1000","9","1000","1000000","19110"
"416","true","extensive-intensive","false","false","6","1000","9","1000","1000000","19223"
"417","true","extensive-intensive","false","false","6","1000","9","1000","1000000","19383"
"418","true","extensive-intensive","false","false","6","1000","9","1000","1000000","19027"
"421","true","extensive-intensive","false","false","6","1","9","1000","1000000","32830"
"422","true","extensive-intensive","false","false","6","1","9","1000","1000000","32544"
"419","true","extensive-intensive","false","false","6","1000","9","1000","1000000","19008"
"423","true","extensive-intensive","false","false","6","1","9","1000","1000000","33408"
"420","true","extensive-intensive","false","false","6","1000","9","1000","1000000","19212"
"424","true","extensive-intensive","false","false","6","1","9","1000","1000000","33389"
"425","true","extensive-intensive","false","false","6","1","9","1000","1000000","32865"
"426","true","extensive-intensive","false","false","6","1","9","1000","1000000","34009"
"427","true","extensive-intensive","false","false","6","1","9","1000","1000000","32485"
"428","true","extensive-intensive","false","false","6","1","9","1000","1000000","32351"
"429","true","extensive-intensive","false","false","6","1","9","1000","1000000","32525"
"430","true","extensive-intensive","false","false","6","1","9","1000","1000000","33324"
"431","true","extensive-intensive","false","false","6","1","9","1000","1000000","33345"
"432","true","extensive-intensive","false","false","6","1","9","1000","1000000","32988"
"433","true","extensive-intensive","false","false","6","1","9","1000","1000000","31867"
"434","true","extensive-intensive","false","false","6","1","9","1000","1000000","33195"
"435","true","extensive-intensive","false","false","6","1","9","1000","1000000","33060"
"436","true","extensive-intensive","false","false","6","1","9","1000","1000000","32356"
"438","true","extensive-intensive","false","false","6","1","9","1000","1000000","33222"
"437","true","extensive-intensive","false","false","6","1","9","1000","1000000","33271"
"439","true","extensive-intensive","false","false","6","1","9","1000","1000000","32894"
"440","true","extensive-intensive","false","false","6","1","9","1000","1000000","33682"
"441","true","extensive-intensive","false","false","6","1","9","1000","1000000","32609"
"442","true","extensive-intensive","false","false","6","1","9","1000","1000000","33428"
"444","true","extensive-intensive","false","false","6","1","9","1000","1000000","32739"
"443","true","extensive-intensive","false","false","6","1","9","1000","1000000","32987"
"445","true","extensive-intensive","false","false","6","1","9","1000","1000000","33276"
"446","true","extensive-intensive","false","false","6","1","9","1000","1000000","32775"
"447","true","extensive-intensive","false","false","6","1","9","1000","1000000","33114"
"448","true","extensive-intensive","false","false","6","1","9","1000","1000000","32380"
"449","true","extensive-intensive","false","false","6","1","9","1000","1000000","34047"
"450","true","extensive-intensive","false","false","6","1","9","1000","1000000","33025"
"451","true","extensive-intensive","false","false","6","1","9","1000","1000000","32952"
"452","true","extensive-intensive","false","false","6","1","9","1000","1000000","32836"
"453","true","extensive-intensive","false","false","6","1","9","1000","1000000","33417"
"454","true","extensive-intensive","false","false","6","1","9","1000","1000000","33423"
"455","true","extensive-intensive","false","false","6","1","9","1000","1000000","32907"
"456","true","extensive-intensive","false","false","6","1","9","1000","1000000","32926"
"457","true","extensive-intensive","false","false","6","1","9","1000","1000000","33261"
"458","true","extensive-intensive","false","false","6","1","9","1000","1000000","33123"
"459","true","extensive-intensive","false","false","6","1","9","1000","1000000","33722"
"460","true","extensive-intensive","false","false","6","1","9","1000","1000000","33958"
"461","true","extensive-intensive","false","false","6","1","9","1000","1000000","33691"
"462","true","extensive-intensive","false","false","6","1","9","1000","1000000","33347"
"463","true","extensive-intensive","false","false","6","1","9","1000","1000000","33967"
"464","true","extensive-intensive","false","false","6","1","9","1000","1000000","33179"
"465","true","extensive-intensive","false","false","6","1","9","1000","1000000","33254"
"466","true","extensive-intensive","false","false","6","1","9","1000","1000000","33587"
"467","true","extensive-intensive","false","false","6","1","9","1000","1000000","32622"
"468","true","extensive-intensive","false","false","6","1","9","1000","1000000","33470"
"469","true","extensive-intensive","false","false","6","1","9","1000","1000000","32838"
"470","true","extensive-intensive","false","false","6","1","9","1000","1000000","32968"
"471","true","extensive-intensive","false","false","6","1","9","1000","1000000","33095"
"472","true","extensive-intensive","false","false","6","1","9","1000","1000000","32941"
"473","true","extensive-intensive","false","false","6","1","9","1000","1000000","33438"
"474","true","extensive-intensive","false","false","6","1","9","1000","1000000","33122"
"475","true","extensive-intensive","false","false","6","1","9","1000","1000000","33171"
"476","true","extensive-intensive","false","false","6","1","9","1000","1000000","32346"
"477","true","extensive-intensive","false","false","6","1","9","1000","1000000","32890"
"478","true","extensive-intensive","false","false","6","1","9","1000","1000000","33558"
"479","true","extensive-intensive","false","false","6","1","9","1000","1000000","33328"
"480","true","extensive-intensive","false","false","6","1","9","1000","1000000","32435"
"481","true","extensive-intensive","false","false","7","1000","9","1000","1000000","18726"
"482","true","extensive-intensive","false","false","7","1000","9","1000","1000000","18777"
"483","true","extensive-intensive","false","false","7","1000","9","1000","1000000","18781"
"484","true","extensive-intensive","false","false","7","1000","9","1000","1000000","18796"
"485","true","extensive-intensive","false","false","7","1000","9","1000","1000000","18820"
"486","true","extensive-intensive","false","false","7","1000","9","1000","1000000","18818"
"487","true","extensive-intensive","false","false","7","1000","9","1000","1000000","18676"
"488","true","extensive-intensive","false","false","7","1000","9","1000","1000000","18891"
"489","true","extensive-intensive","false","false","7","1000","9","1000","1000000","18814"
"490","true","extensive-intensive","false","false","7","1000","9","1000","1000000","18717"
"491","true","extensive-intensive","false","false","7","1000","9","1000","1000000","18854"
"492","true","extensive-intensive","false","false","7","1000","9","1000","1000000","18886"
"494","true","extensive-intensive","false","false","7","1000","9","1000","1000000","18730"
"493","true","extensive-intensive","false","false","7","1000","9","1000","1000000","18796"
"495","true","extensive-intensive","false","false","7","1000","9","1000","1000000","18673"
"496","true","extensive-intensive","false","false","7","1000","9","1000","1000000","18945"
"497","true","extensive-intensive","false","false","7","1000","9","1000","1000000","18812"
"498","true","extensive-intensive","false","false","7","1000","9","1000","1000000","18868"
"499","true","extensive-intensive","false","false","7","1000","9","1000","1000000","18897"
"500","true","extensive-intensive","false","false","7","1000","9","1000","1000000","18664"
"501","true","extensive-intensive","false","false","7","1000","9","1000","1000000","18833"
"502","true","extensive-intensive","false","false","7","1000","9","1000","1000000","18974"
"503","true","extensive-intensive","false","false","7","1000","9","1000","1000000","18630"
"504","true","extensive-intensive","false","false","7","1000","9","1000","1000000","18732"
"505","true","extensive-intensive","false","false","7","1000","9","1000","1000000","18767"
"506","true","extensive-intensive","false","false","7","1000","9","1000","1000000","18867"
"507","true","extensive-intensive","false","false","7","1000","9","1000","1000000","18665"
"508","true","extensive-intensive","false","false","7","1000","9","1000","1000000","18738"
"509","true","extensive-intensive","false","false","7","1000","9","1000","1000000","18967"
"510","true","extensive-intensive","false","false","7","1000","9","1000","1000000","18887"
"511","true","extensive-intensive","false","false","7","1000","9","1000","1000000","18947"
"512","true","extensive-intensive","false","false","7","1000","9","1000","1000000","18534"
"513","true","extensive-intensive","false","false","7","1000","9","1000","1000000","18729"
"514","true","extensive-intensive","false","false","7","1000","9","1000","1000000","19050"
"515","true","extensive-intensive","false","false","7","1000","9","1000","1000000","18758"
"516","true","extensive-intensive","false","false","7","1000","9","1000","1000000","18684"
"517","true","extensive-intensive","false","false","7","1000","9","1000","1000000","18942"
"518","true","extensive-intensive","false","false","7","1000","9","1000","1000000","18619"
"519","true","extensive-intensive","false","false","7","1000","9","1000","1000000","18885"
"520","true","extensive-intensive","false","false","7","1000","9","1000","1000000","18619"
"521","true","extensive-intensive","false","false","7","1000","9","1000","1000000","18844"
"522","true","extensive-intensive","false","false","7","1000","9","1000","1000000","18803"
"523","true","extensive-intensive","false","false","7","1000","9","1000","1000000","18521"
"524","true","extensive-intensive","false","false","7","1000","9","1000","1000000","18904"
"525","true","extensive-intensive","false","false","7","1000","9","1000","1000000","18783"
"526","true","extensive-intensive","false","false","7","1000","9","1000","1000000","18694"
"527","true","extensive-intensive","false","false","7","1000","9","1000","1000000","18928"
"528","true","extensive-intensive","false","false","7","1000","9","1000","1000000","18890"
"529","true","extensive-intensive","false","false","7","1000","9","1000","1000000","18790"
"530","true","extensive-intensive","false","false","7","1000","9","1000","1000000","18894"
"531","true","extensive-intensive","false","false","7","1000","9","1000","1000000","18751"
"532","true","extensive-intensive","false","false","7","1000","9","1000","1000000","18744"
"533","true","extensive-intensive","false","false","7","1000","9","1000","1000000","18530"
"534","true","extensive-intensive","false","false","7","1000","9","1000","1000000","18849"
"535","true","extensive-intensive","false","false","7","1000","9","1000","1000000","18780"
"536","true","extensive-intensive","false","false","7","1000","9","1000","1000000","18667"
"537","true","extensive-intensive","false","false","7","1000","9","1000","1000000","18879"
"538","true","extensive-intensive","false","false","7","1000","9","1000","1000000","18736"
"539","true","extensive-intensive","false","false","7","1000","9","1000","1000000","18872"
"541","true","extensive-intensive","false","false","7","1","9","1000","1000000","32260"
"542","true","extensive-intensive","false","false","7","1","9","1000","1000000","32213"
"543","true","extensive-intensive","false","false","7","1","9","1000","1000000","32277"
"540","true","extensive-intensive","false","false","7","1000","9","1000","1000000","18782"
"544","true","extensive-intensive","false","false","7","1","9","1000","1000000","32192"
"545","true","extensive-intensive","false","false","7","1","9","1000","1000000","32948"
"546","true","extensive-intensive","false","false","7","1","9","1000","1000000","31934"
"547","true","extensive-intensive","false","false","7","1","9","1000","1000000","31388"
"548","true","extensive-intensive","false","false","7","1","9","1000","1000000","32006"
"549","true","extensive-intensive","false","false","7","1","9","1000","1000000","31939"
"551","true","extensive-intensive","false","false","7","1","9","1000","1000000","32461"
"550","true","extensive-intensive","false","false","7","1","9","1000","1000000","32551"
"552","true","extensive-intensive","false","false","7","1","9","1000","1000000","31852"
"553","true","extensive-intensive","false","false","7","1","9","1000","1000000","31249"
"554","true","extensive-intensive","false","false","7","1","9","1000","1000000","31880"
"555","true","extensive-intensive","false","false","7","1","9","1000","1000000","31963"
"556","true","extensive-intensive","false","false","7","1","9","1000","1000000","32279"
"557","true","extensive-intensive","false","false","7","1","9","1000","1000000","32259"
"559","true","extensive-intensive","false","false","7","1","9","1000","1000000","31920"
"558","true","extensive-intensive","false","false","7","1","9","1000","1000000","31887"
"560","true","extensive-intensive","false","false","7","1","9","1000","1000000","32913"
"561","true","extensive-intensive","false","false","7","1","9","1000","1000000","32344"
"562","true","extensive-intensive","false","false","7","1","9","1000","1000000","32106"
"563","true","extensive-intensive","false","false","7","1","9","1000","1000000","32979"
"564","true","extensive-intensive","false","false","7","1","9","1000","1000000","32120"
"565","true","extensive-intensive","false","false","7","1","9","1000","1000000","31866"
"566","true","extensive-intensive","false","false","7","1","9","1000","1000000","31536"
"567","true","extensive-intensive","false","false","7","1","9","1000","1000000","32164"
"568","true","extensive-intensive","false","false","7","1","9","1000","1000000","32098"
"569","true","extensive-intensive","false","false","7","1","9","1000","1000000","31976"
"570","true","extensive-intensive","false","false","7","1","9","1000","1000000","32492"
"571","true","extensive-intensive","false","false","7","1","9","1000","1000000","31928"
"572","true","extensive-intensive","false","false","7","1","9","1000","1000000","32058"
"573","true","extensive-intensive","false","false","7","1","9","1000","1000000","32719"
"574","true","extensive-intensive","false","false","7","1","9","1000","1000000","32646"
"575","true","extensive-intensive","false","false","7","1","9","1000","1000000","31672"
"576","true","extensive-intensive","false","false","7","1","9","1000","1000000","31954"
"577","true","extensive-intensive","false","false","7","1","9","1000","1000000","32430"
"578","true","extensive-intensive","false","false","7","1","9","1000","1000000","31976"
"579","true","extensive-intensive","false","false","7","1","9","1000","1000000","33039"
"580","true","extensive-intensive","false","false","7","1","9","1000","1000000","32706"
"581","true","extensive-intensive","false","false","7","1","9","1000","1000000","32470"
"582","true","extensive-intensive","false","false","7","1","9","1000","1000000","32699"
"583","true","extensive-intensive","false","false","7","1","9","1000","1000000","33376"
"584","true","extensive-intensive","false","false","7","1","9","1000","1000000","33177"
"585","true","extensive-intensive","false","false","7","1","9","1000","1000000","32468"
"586","true","extensive-intensive","false","false","7","1","9","1000","1000000","31993"
"587","true","extensive-intensive","false","false","7","1","9","1000","1000000","32622"
"588","true","extensive-intensive","false","false","7","1","9","1000","1000000","32246"
"589","true","extensive-intensive","false","false","7","1","9","1000","1000000","32584"
"590","true","extensive-intensive","false","false","7","1","9","1000","1000000","32177"
"591","true","extensive-intensive","false","false","7","1","9","1000","1000000","32230"
"592","true","extensive-intensive","false","false","7","1","9","1000","1000000","32071"
"593","true","extensive-intensive","false","false","7","1","9","1000","1000000","32485"
"594","true","extensive-intensive","false","false","7","1","9","1000","1000000","32256"
"595","true","extensive-intensive","false","false","7","1","9","1000","1000000","31707"
"596","true","extensive-intensive","false","false","7","1","9","1000","1000000","32170"
"597","true","extensive-intensive","false","false","7","1","9","1000","1000000","32344"
"598","true","extensive-intensive","false","false","7","1","9","1000","1000000","32213"
"599","true","extensive-intensive","false","false","7","1","9","1000","1000000","31618"
"600","true","extensive-intensive","false","false","7","1","9","1000","1000000","32448"
"601","true","extensive-intensive","false","false","8","1000","9","1000","1000000","18570"
"602","true","extensive-intensive","false","false","8","1000","9","1000","1000000","18467"
"603","true","extensive-intensive","false","false","8","1000","9","1000","1000000","18540"
"604","true","extensive-intensive","false","false","8","1000","9","1000","1000000","18796"
"606","true","extensive-intensive","false","false","8","1000","9","1000","1000000","18371"
"605","true","extensive-intensive","false","false","8","1000","9","1000","1000000","18875"
"607","true","extensive-intensive","false","false","8","1000","9","1000","1000000","18572"
"608","true","extensive-intensive","false","false","8","1000","9","1000","1000000","18924"
"609","true","extensive-intensive","false","false","8","1000","9","1000","1000000","18508"
"610","true","extensive-intensive","false","false","8","1000","9","1000","1000000","18701"
"611","true","extensive-intensive","false","false","8","1000","9","1000","1000000","18418"
"612","true","extensive-intensive","false","false","8","1000","9","1000","1000000","18612"
"613","true","extensive-intensive","false","false","8","1000","9","1000","1000000","18535"
"615","true","extensive-intensive","false","false","8","1000","9","1000","1000000","18564"
"614","true","extensive-intensive","false","false","8","1000","9","1000","1000000","18510"
"616","true","extensive-intensive","false","false","8","1000","9","1000","1000000","18678"
"617","true","extensive-intensive","false","false","8","1000","9","1000","1000000","18630"
"618","true","extensive-intensive","false","false","8","1000","9","1000","1000000","18404"
"619","true","extensive-intensive","false","false","8","1000","9","1000","1000000","18454"
"620","true","extensive-intensive","false","false","8","1000","9","1000","1000000","18509"
"621","true","extensive-intensive","false","false","8","1000","9","1000","1000000","18515"
"623","true","extensive-intensive","false","false","8","1000","9","1000","1000000","18419"
"622","true","extensive-intensive","false","false","8","1000","9","1000","1000000","18608"
"624","true","extensive-intensive","false","false","8","1000","9","1000","1000000","18674"
"625","true","extensive-intensive","false","false","8","1000","9","1000","1000000","18551"
"626","true","extensive-intensive","false","false","8","1000","9","1000","1000000","18590"
"627","true","extensive-intensive","false","false","8","1000","9","1000","1000000","18349"
"628","true","extensive-intensive","false","false","8","1000","9","1000","1000000","18807"
"629","true","extensive-intensive","false","false","8","1000","9","1000","1000000","18700"
"630","true","extensive-intensive","false","false","8","1000","9","1000","1000000","18664"
"631","true","extensive-intensive","false","false","8","1000","9","1000","1000000","18522"
"632","true","extensive-intensive","false","false","8","1000","9","1000","1000000","18538"
"633","true","extensive-intensive","false","false","8","1000","9","1000","1000000","18604"
"634","true","extensive-intensive","false","false","8","1000","9","1000","1000000","18378"
"635","true","extensive-intensive","false","false","8","1000","9","1000","1000000","18543"
"636","true","extensive-intensive","false","false","8","1000","9","1000","1000000","18597"
"637","true","extensive-intensive","false","false","8","1000","9","1000","1000000","18574"
"639","true","extensive-intensive","false","false","8","1000","9","1000","1000000","18577"
"638","true","extensive-intensive","false","false","8","1000","9","1000","1000000","18623"
"640","true","extensive-intensive","false","false","8","1000","9","1000","1000000","18471"
"641","true","extensive-intensive","false","false","8","1000","9","1000","1000000","18623"
"642","true","extensive-intensive","false","false","8","1000","9","1000","1000000","18501"
"643","true","extensive-intensive","false","false","8","1000","9","1000","1000000","18799"
"644","true","extensive-intensive","false","false","8","1000","9","1000","1000000","18444"
"645","true","extensive-intensive","false","false","8","1000","9","1000","1000000","18450"
"646","true","extensive-intensive","false","false","8","1000","9","1000","1000000","18514"
"647","true","extensive-intensive","false","false","8","1000","9","1000","1000000","18510"
"648","true","extensive-intensive","false","false","8","1000","9","1000","1000000","18493"
"649","true","extensive-intensive","false","false","8","1000","9","1000","1000000","18380"
"650","true","extensive-intensive","false","false","8","1000","9","1000","1000000","18778"
"651","true","extensive-intensive","false","false","8","1000","9","1000","1000000","18426"
"652","true","extensive-intensive","false","false","8","1000","9","1000","1000000","18683"
"653","true","extensive-intensive","false","false","8","1000","9","1000","1000000","18748"
"654","true","extensive-intensive","false","false","8","1000","9","1000","1000000","18763"
"655","true","extensive-intensive","false","false","8","1000","9","1000","1000000","18638"
"656","true","extensive-intensive","false","false","8","1000","9","1000","1000000","18607"
"657","true","extensive-intensive","false","false","8","1000","9","1000","1000000","18493"
"658","true","extensive-intensive","false","false","8","1000","9","1000","1000000","18591"
"659","true","extensive-intensive","false","false","8","1000","9","1000","1000000","18655"
"661","true","extensive-intensive","false","false","8","1","9","1000","1000000","31527"
"662","true","extensive-intensive","false","false","8","1","9","1000","1000000","31704"
"660","true","extensive-intensive","false","false","8","1000","9","1000","1000000","18591"
"663","true","extensive-intensive","false","false","8","1","9","1000","1000000","31821"
"665","true","extensive-intensive","false","false","8","1","9","1000","1000000","31401"
"664","true","extensive-intensive","false","false","8","1","9","1000","1000000","32056"
"666","true","extensive-intensive","false","false","8","1","9","1000","1000000","31472"
"667","true","extensive-intensive","false","false","8","1","9","1000","1000000","31299"
"668","true","extensive-intensive","false","false","8","1","9","1000","1000000","33072"
"670","true","extensive-intensive","false","false","8","1","9","1000","1000000","31520"
"669","true","extensive-intensive","false","false","8","1","9","1000","1000000","31822"
"671","true","extensive-intensive","false","false","8","1","9","1000","1000000","32380"
"672","true","extensive-intensive","false","false","8","1","9","1000","1000000","31748"
"673","true","extensive-intensive","false","false","8","1","9","1000","1000000","31913"
"674","true","extensive-intensive","false","false","8","1","9","1000","1000000","31619"
"675","true","extensive-intensive","false","false","8","1","9","1000","1000000","31689"
"676","true","extensive-intensive","false","false","8","1","9","1000","1000000","32474"
"677","true","extensive-intensive","false","false","8","1","9","1000","1000000","31937"
"678","true","extensive-intensive","false","false","8","1","9","1000","1000000","32719"
"679","true","extensive-intensive","false","false","8","1","9","1000","1000000","30779"
"680","true","extensive-intensive","false","false","8","1","9","1000","1000000","32152"
"681","true","extensive-intensive","false","false","8","1","9","1000","1000000","31886"
"682","true","extensive-intensive","false","false","8","1","9","1000","1000000","31536"
"683","true","extensive-intensive","false","false","8","1","9","1000","1000000","32436"
"684","true","extensive-intensive","false","false","8","1","9","1000","1000000","32074"
"685","true","extensive-intensive","false","false","8","1","9","1000","1000000","32251"
"687","true","extensive-intensive","false","false","8","1","9","1000","1000000","32016"
"686","true","extensive-intensive","false","false","8","1","9","1000","1000000","31982"
"688","true","extensive-intensive","false","false","8","1","9","1000","1000000","32333"
"689","true","extensive-intensive","false","false","8","1","9","1000","1000000","32430"
"690","true","extensive-intensive","false","false","8","1","9","1000","1000000","32053"
"691","true","extensive-intensive","false","false","8","1","9","1000","1000000","31780"
"692","true","extensive-intensive","false","false","8","1","9","1000","1000000","32297"
"693","true","extensive-intensive","false","false","8","1","9","1000","1000000","31918"
"694","true","extensive-intensive","false","false","8","1","9","1000","1000000","31632"
"695","true","extensive-intensive","false","false","8","1","9","1000","1000000","31355"
"696","true","extensive-intensive","false","false","8","1","9","1000","1000000","31376"
"697","true","extensive-intensive","false","false","8","1","9","1000","1000000","31999"
"698","true","extensive-intensive","false","false","8","1","9","1000","1000000","31778"
"699","true","extensive-intensive","false","false","8","1","9","1000","1000000","31963"
"700","true","extensive-intensive","false","false","8","1","9","1000","1000000","31493"
"701","true","extensive-intensive","false","false","8","1","9","1000","1000000","32116"
"702","true","extensive-intensive","false","false","8","1","9","1000","1000000","32480"
"703","true","extensive-intensive","false","false","8","1","9","1000","1000000","32504"
"704","true","extensive-intensive","false","false","8","1","9","1000","1000000","33147"
"705","true","extensive-intensive","false","false","8","1","9","1000","1000000","31933"
"706","true","extensive-intensive","false","false","8","1","9","1000","1000000","31644"
"707","true","extensive-intensive","false","false","8","1","9","1000","1000000","31568"
"708","true","extensive-intensive","false","false","8","1","9","1000","1000000","31756"
"709","true","extensive-intensive","false","false","8","1","9","1000","1000000","31560"
"711","true","extensive-intensive","false","false","8","1","9","1000","1000000","31516"
"710","true","extensive-intensive","false","false","8","1","9","1000","1000000","31542"
"712","true","extensive-intensive","false","false","8","1","9","1000","1000000","31806"
"713","true","extensive-intensive","false","false","8","1","9","1000","1000000","31781"
"714","true","extensive-intensive","false","false","8","1","9","1000","1000000","31799"
"716","true","extensive-intensive","false","false","8","1","9","1000","1000000","31855"
"715","true","extensive-intensive","false","false","8","1","9","1000","1000000","32439"
"721","true","extensive-intensive","false","false","9","1000","9","1000","1000000","1970"
"717","true","extensive-intensive","false","false","8","1","9","1000","1000000","31972"
"718","true","extensive-intensive","false","false","8","1","9","1000","1000000","32176"
"719","true","extensive-intensive","false","false","8","1","9","1000","1000000","31699"
"722","true","extensive-intensive","false","false","9","1000","9","1000","1000000","1948"
"720","true","extensive-intensive","false","false","8","1","9","1000","1000000","32089"
"723","true","extensive-intensive","false","false","9","1000","9","1000","1000000","1961"
"724","true","extensive-intensive","false","false","9","1000","9","1000","1000000","1945"
"725","true","extensive-intensive","false","false","9","1000","9","1000","1000000","1975"
"727","true","extensive-intensive","false","false","9","1000","9","1000","1000000","1939"
"726","true","extensive-intensive","false","false","9","1000","9","1000","1000000","1960"
"728","true","extensive-intensive","false","false","9","1000","9","1000","1000000","1940"
"729","true","extensive-intensive","false","false","9","1000","9","1000","1000000","1969"
"730","true","extensive-intensive","false","false","9","1000","9","1000","1000000","1995"
"732","true","extensive-intensive","false","false","9","1000","9","1000","1000000","1962"
"731","true","extensive-intensive","false","false","9","1000","9","1000","1000000","1962"
"733","true","extensive-intensive","false","false","9","1000","9","1000","1000000","1968"
"736","true","extensive-intensive","false","false","9","1000","9","1000","1000000","1964"
"734","true","extensive-intensive","false","false","9","1000","9","1000","1000000","2003"
"735","true","extensive-intensive","false","false","9","1000","9","1000","1000000","2015"
"737","true","extensive-intensive","false","false","9","1000","9","1000","1000000","1965"
"738","true","extensive-intensive","false","false","9","1000","9","1000","1000000","1964"
"739","true","extensive-intensive","false","false","9","1000","9","1000","1000000","1942"
"740","true","extensive-intensive","false","false","9","1000","9","1000","1000000","1956"
"741","true","extensive-intensive","false","false","9","1000","9","1000","1000000","1960"
"742","true","extensive-intensive","false","false","9","1000","9","1000","1000000","1879"
"743","true","extensive-intensive","false","false","9","1000","9","1000","1000000","1939"
"745","true","extensive-intensive","false","false","9","1000","9","1000","1000000","1993"
"744","true","extensive-intensive","false","false","9","1000","9","1000","1000000","1941"
"746","true","extensive-intensive","false","false","9","1000","9","1000","1000000","1958"
"747","true","extensive-intensive","false","false","9","1000","9","1000","1000000","1910"
"748","true","extensive-intensive","false","false","9","1000","9","1000","1000000","1984"
"749","true","extensive-intensive","false","false","9","1000","9","1000","1000000","1989"
"750","true","extensive-intensive","false","false","9","1000","9","1000","1000000","1899"
"751","true","extensive-intensive","false","false","9","1000","9","1000","1000000","1845"
"752","true","extensive-intensive","false","false","9","1000","9","1000","1000000","1970"
"753","true","extensive-intensive","false","false","9","1000","9","1000","1000000","1956"
"754","true","extensive-intensive","false","false","9","1000","9","1000","1000000","1982"
"755","true","extensive-intensive","false","false","9","1000","9","1000","1000000","1924"
"756","true","extensive-intensive","false","false","9","1000","9","1000","1000000","1970"
"757","true","extensive-intensive","false","false","9","1000","9","1000","1000000","1948"
"758","true","extensive-intensive","false","false","9","1000","9","1000","1000000","1982"
"759","true","extensive-intensive","false","false","9","1000","9","1000","1000000","1955"
"760","true","extensive-intensive","false","false","9","1000","9","1000","1000000","1911"
"761","true","extensive-intensive","false","false","9","1000","9","1000","1000000","1971"
"762","true","extensive-intensive","false","false","9","1000","9","1000","1000000","1961"
"763","true","extensive-intensive","false","false","9","1000","9","1000","1000000","1978"
"764","true","extensive-intensive","false","false","9","1000","9","1000","1000000","1934"
"765","true","extensive-intensive","false","false","9","1000","9","1000","1000000","1927"
"766","true","extensive-intensive","false","false","9","1000","9","1000","1000000","1926"
"767","true","extensive-intensive","false","false","9","1000","9","1000","1000000","1958"
"768","true","extensive-intensive","false","false","9","1000","9","1000","1000000","1947"
"769","true","extensive-intensive","false","false","9","1000","9","1000","1000000","1830"
"770","true","extensive-intensive","false","false","9","1000","9","1000","1000000","2004"
"771","true","extensive-intensive","false","false","9","1000","9","1000","1000000","1970"
"772","true","extensive-intensive","false","false","9","1000","9","1000","1000000","1984"
"773","true","extensive-intensive","false","false","9","1000","9","1000","1000000","1946"
"774","true","extensive-intensive","false","false","9","1000","9","1000","1000000","1923"
"776","true","extensive-intensive","false","false","9","1000","9","1000","1000000","1961"
"775","true","extensive-intensive","false","false","9","1000","9","1000","1000000","1940"
"777","true","extensive-intensive","false","false","9","1000","9","1000","1000000","1897"
"778","true","extensive-intensive","false","false","9","1000","9","1000","1000000","1947"
"779","true","extensive-intensive","false","false","9","1000","9","1000","1000000","1949"
"780","true","extensive-intensive","false","false","9","1000","9","1000","1000000","1944"
"781","true","extensive-intensive","false","false","9","1","9","1000","1000000","3456"
"783","true","extensive-intensive","false","false","9","1","9","1000","1000000","3372"
"782","true","extensive-intensive","false","false","9","1","9","1000","1000000","3396"
"784","true","extensive-intensive","false","false","9","1","9","1000","1000000","3260"
"785","true","extensive-intensive","false","false","9","1","9","1000","1000000","3490"
"786","true","extensive-intensive","false","false","9","1","9","1000","1000000","3386"
"787","true","extensive-intensive","false","false","9","1","9","1000","1000000","3301"
"788","true","extensive-intensive","false","false","9","1","9","1000","1000000","3356"
"789","true","extensive-intensive","false","false","9","1","9","1000","1000000","3456"
"790","true","extensive-intensive","false","false","9","1","9","1000","1000000","3378"
"791","true","extensive-intensive","false","false","9","1","9","1000","1000000","3259"
"793","true","extensive-intensive","false","false","9","1","9","1000","1000000","3443"
"792","true","extensive-intensive","false","false","9","1","9","1000","1000000","3421"
"794","true","extensive-intensive","false","false","9","1","9","1000","1000000","3363"
"795","true","extensive-intensive","false","false","9","1","9","1000","1000000","3287"
"796","true","extensive-intensive","false","false","9","1","9","1000","1000000","3469"
"797","true","extensive-intensive","false","false","9","1","9","1000","1000000","3182"
"798","true","extensive-intensive","false","false","9","1","9","1000","1000000","3495"
"799","true","extensive-intensive","false","false","9","1","9","1000","1000000","3498"
"800","true","extensive-intensive","false","false","9","1","9","1000","1000000","3465"
"801","true","extensive-intensive","false","false","9","1","9","1000","1000000","3497"
"802","true","extensive-intensive","false","false","9","1","9","1000","1000000","3414"
"803","true","extensive-intensive","false","false","9","1","9","1000","1000000","3374"
"805","true","extensive-intensive","false","false","9","1","9","1000","1000000","3475"
"804","true","extensive-intensive","false","false","9","1","9","1000","1000000","3133"
"806","true","extensive-intensive","false","false","9","1","9","1000","1000000","3349"
"807","true","extensive-intensive","false","false","9","1","9","1000","1000000","3178"
"808","true","extensive-intensive","false","false","9","1","9","1000","1000000","3239"
"809","true","extensive-intensive","false","false","9","1","9","1000","1000000","3274"
"810","true","extensive-intensive","false","false","9","1","9","1000","1000000","3456"
"811","true","extensive-intensive","false","false","9","1","9","1000","1000000","3366"
"813","true","extensive-intensive","false","false","9","1","9","1000","1000000","3225"
"812","true","extensive-intensive","false","false","9","1","9","1000","1000000","3341"
"814","true","extensive-intensive","false","false","9","1","9","1000","1000000","3434"
"815","true","extensive-intensive","false","false","9","1","9","1000","1000000","3588"
"816","true","extensive-intensive","false","false","9","1","9","1000","1000000","3425"
"817","true","extensive-intensive","false","false","9","1","9","1000","1000000","3462"
"818","true","extensive-intensive","false","false","9","1","9","1000","1000000","3369"
"819","true","extensive-intensive","false","false","9","1","9","1000","1000000","3503"
"820","true","extensive-intensive","false","false","9","1","9","1000","1000000","3381"
"821","true","extensive-intensive","false","false","9","1","9","1000","1000000","3450"
"822","true","extensive-intensive","false","false","9","1","9","1000","1000000","3378"
"823","true","extensive-intensive","false","false","9","1","9","1000","1000000","3439"
"824","true","extensive-intensive","false","false","9","1","9","1000","1000000","3404"
"825","true","extensive-intensive","false","false","9","1","9","1000","1000000","3483"
"826","true","extensive-intensive","false","false","9","1","9","1000","1000000","3373"
"827","true","extensive-intensive","false","false","9","1","9","1000","1000000","3498"
"829","true","extensive-intensive","false","false","9","1","9","1000","1000000","3402"
"828","true","extensive-intensive","false","false","9","1","9","1000","1000000","3365"
"830","true","extensive-intensive","false","false","9","1","9","1000","1000000","3396"
"831","true","extensive-intensive","false","false","9","1","9","1000","1000000","3355"
"832","true","extensive-intensive","false","false","9","1","9","1000","1000000","3470"
"833","true","extensive-intensive","false","false","9","1","9","1000","1000000","3385"
"834","true","extensive-intensive","false","false","9","1","9","1000","1000000","3397"
"835","true","extensive-intensive","false","false","9","1","9","1000","1000000","3606"
"836","true","extensive-intensive","false","false","9","1","9","1000","1000000","3397"
"837","true","extensive-intensive","false","false","9","1","9","1000","1000000","3537"
"838","true","extensive-intensive","false","false","9","1","9","1000","1000000","3426"
"839","true","extensive-intensive","false","false","9","1","9","1000","1000000","3387"
"840","true","extensive-intensive","false","false","9","1","9","1000","1000000","3493"
"841","true","extensive-intensive","false","false","10","1000","9","1000","1000000","3914"
"842","true","extensive-intensive","false","false","10","1000","9","1000","1000000","3914"
"843","true","extensive-intensive","false","false","10","1000","9","1000","1000000","3896"
"844","true","extensive-intensive","false","false","10","1000","9","1000","1000000","4011"
"845","true","extensive-intensive","false","false","10","1000","9","1000","1000000","3915"
"846","true","extensive-intensive","false","false","10","1000","9","1000","1000000","3921"
"847","true","extensive-intensive","false","false","10","1000","9","1000","1000000","3895"
"848","true","extensive-intensive","false","false","10","1000","9","1000","1000000","3875"
"849","true","extensive-intensive","false","false","10","1000","9","1000","1000000","3881"
"850","true","extensive-intensive","false","false","10","1000","9","1000","1000000","4038"
"851","true","extensive-intensive","false","false","10","1000","9","1000","1000000","4022"
"852","true","extensive-intensive","false","false","10","1000","9","1000","1000000","3881"
"853","true","extensive-intensive","false","false","10","1000","9","1000","1000000","3986"
"854","true","extensive-intensive","false","false","10","1000","9","1000","1000000","4004"
"855","true","extensive-intensive","false","false","10","1000","9","1000","1000000","3918"
"856","true","extensive-intensive","false","false","10","1000","9","1000","1000000","4068"
"857","true","extensive-intensive","false","false","10","1000","9","1000","1000000","3904"
"858","true","extensive-intensive","false","false","10","1000","9","1000","1000000","3949"
"859","true","extensive-intensive","false","false","10","1000","9","1000","1000000","4028"
"860","true","extensive-intensive","false","false","10","1000","9","1000","1000000","3891"
"861","true","extensive-intensive","false","false","10","1000","9","1000","1000000","3984"
"862","true","extensive-intensive","false","false","10","1000","9","1000","1000000","3964"
"863","true","extensive-intensive","false","false","10","1000","9","1000","1000000","3839"
"864","true","extensive-intensive","false","false","10","1000","9","1000","1000000","3948"
"865","true","extensive-intensive","false","false","10","1000","9","1000","1000000","3986"
"866","true","extensive-intensive","false","false","10","1000","9","1000","1000000","4016"
"867","true","extensive-intensive","false","false","10","1000","9","1000","1000000","4009"
"868","true","extensive-intensive","false","false","10","1000","9","1000","1000000","4057"
"869","true","extensive-intensive","false","false","10","1000","9","1000","1000000","3937"
"870","true","extensive-intensive","false","false","10","1000","9","1000","1000000","3816"
"871","true","extensive-intensive","false","false","10","1000","9","1000","1000000","3890"
"872","true","extensive-intensive","false","false","10","1000","9","1000","1000000","3961"
"873","true","extensive-intensive","false","false","10","1000","9","1000","1000000","4116"
"874","true","extensive-intensive","false","false","10","1000","9","1000","1000000","3957"
"875","true","extensive-intensive","false","false","10","1000","9","1000","1000000","4018"
"876","true","extensive-intensive","false","false","10","1000","9","1000","1000000","3974"
"877","true","extensive-intensive","false","false","10","1000","9","1000","1000000","3906"
"878","true","extensive-intensive","false","false","10","1000","9","1000","1000000","3908"
"879","true","extensive-intensive","false","false","10","1000","9","1000","1000000","4031"
"880","true","extensive-intensive","false","false","10","1000","9","1000","1000000","4025"
"881","true","extensive-intensive","false","false","10","1000","9","1000","1000000","3826"
"882","true","extensive-intensive","false","false","10","1000","9","1000","1000000","3976"
"883","true","extensive-intensive","false","false","10","1000","9","1000","1000000","4007"
"884","true","extensive-intensive","false","false","10","1000","9","1000","1000000","4035"
"886","true","extensive-intensive","false","false","10","1000","9","1000","1000000","3949"
"885","true","extensive-intensive","false","false","10","1000","9","1000","1000000","3978"
"887","true","extensive-intensive","false","false","10","1000","9","1000","1000000","3917"
"888","true","extensive-intensive","false","false","10","1000","9","1000","1000000","4032"
"889","true","extensive-intensive","false","false","10","1000","9","1000","1000000","4020"
"890","true","extensive-intensive","false","false","10","1000","9","1000","1000000","4051"
"891","true","extensive-intensive","false","false","10","1000","9","1000","1000000","3914"
"892","true","extensive-intensive","false","false","10","1000","9","1000","1000000","3976"
"893","true","extensive-intensive","false","false","10","1000","9","1000","1000000","3910"
"894","true","extensive-intensive","false","false","10","1000","9","1000","1000000","4016"
"895","true","extensive-intensive","false","false","10","1000","9","1000","1000000","3972"
"896","true","extensive-intensive","false","false","10","1000","9","1000","1000000","3970"
"897","true","extensive-intensive","false","false","10","1000","9","1000","1000000","4067"
"898","true","extensive-intensive","false","false","10","1000","9","1000","1000000","3998"
"899","true","extensive-intensive","false","false","10","1000","9","1000","1000000","4041"
"900","true","extensive-intensive","false","false","10","1000","9","1000","1000000","4037"
"901","true","extensive-intensive","false","false","10","1","9","1000","1000000","7218"
"902","true","extensive-intensive","false","false","10","1","9","1000","1000000","6856"
"903","true","extensive-intensive","false","false","10","1","9","1000","1000000","7242"
"904","true","extensive-intensive","false","false","10","1","9","1000","1000000","7278"
"905","true","extensive-intensive","false","false","10","1","9","1000","1000000","6790"
"906","true","extensive-intensive","false","false","10","1","9","1000","1000000","7185"
"907","true","extensive-intensive","false","false","10","1","9","1000","1000000","7238"
"909","true","extensive-intensive","false","false","10","1","9","1000","1000000","6999"
"908","true","extensive-intensive","false","false","10","1","9","1000","1000000","6894"
"910","true","extensive-intensive","false","false","10","1","9","1000","1000000","7596"
"911","true","extensive-intensive","false","false","10","1","9","1000","1000000","7209"
"912","true","extensive-intensive","false","false","10","1","9","1000","1000000","6725"
"913","true","extensive-intensive","false","false","10","1","9","1000","1000000","7109"
"914","true","extensive-intensive","false","false","10","1","9","1000","1000000","7118"
"915","true","extensive-intensive","false","false","10","1","9","1000","1000000","7241"
"916","true","extensive-intensive","false","false","10","1","9","1000","1000000","7268"
"917","true","extensive-intensive","false","false","10","1","9","1000","1000000","7019"
"918","true","extensive-intensive","false","false","10","1","9","1000","1000000","6815"
"919","true","extensive-intensive","false","false","10","1","9","1000","1000000","7053"
"920","true","extensive-intensive","false","false","10","1","9","1000","1000000","7112"
"921","true","extensive-intensive","false","false","10","1","9","1000","1000000","6857"
"922","true","extensive-intensive","false","false","10","1","9","1000","1000000","6870"
"923","true","extensive-intensive","false","false","10","1","9","1000","1000000","7087"
"924","true","extensive-intensive","false","false","10","1","9","1000","1000000","7073"
"926","true","extensive-intensive","false","false","10","1","9","1000","1000000","7236"
"925","true","extensive-intensive","false","false","10","1","9","1000","1000000","6882"
"927","true","extensive-intensive","false","false","10","1","9","1000","1000000","7028"
"928","true","extensive-intensive","false","false","10","1","9","1000","1000000","6887"
"930","true","extensive-intensive","false","false","10","1","9","1000","1000000","6926"
"929","true","extensive-intensive","false","false","10","1","9","1000","1000000","6899"
"931","true","extensive-intensive","false","false","10","1","9","1000","1000000","7203"
"932","true","extensive-intensive","false","false","10","1","9","1000","1000000","7068"
"934","true","extensive-intensive","false","false","10","1","9","1000","1000000","6562"
"933","true","extensive-intensive","false","false","10","1","9","1000","1000000","7381"
"935","true","extensive-intensive","false","false","10","1","9","1000","1000000","6950"
"936","true","extensive-intensive","false","false","10","1","9","1000","1000000","6920"
"937","true","extensive-intensive","false","false","10","1","9","1000","1000000","7276"
"938","true","extensive-intensive","false","false","10","1","9","1000","1000000","6892"
"939","true","extensive-intensive","false","false","10","1","9","1000","1000000","6777"
"940","true","extensive-intensive","false","false","10","1","9","1000","1000000","7237"
"942","true","extensive-intensive","false","false","10","1","9","1000","1000000","7187"
"941","true","extensive-intensive","false","false","10","1","9","1000","1000000","7041"
"943","true","extensive-intensive","false","false","10","1","9","1000","1000000","6372"
"944","true","extensive-intensive","false","false","10","1","9","1000","1000000","6936"
"945","true","extensive-intensive","false","false","10","1","9","1000","1000000","7098"
"946","true","extensive-intensive","false","false","10","1","9","1000","1000000","7049"
"947","true","extensive-intensive","false","false","10","1","9","1000","1000000","7241"
"948","true","extensive-intensive","false","false","10","1","9","1000","1000000","7136"
"949","true","extensive-intensive","false","false","10","1","9","1000","1000000","6633"
"950","true","extensive-intensive","false","false","10","1","9","1000","1000000","7119"
"951","true","extensive-intensive","false","false","10","1","9","1000","1000000","7134"
"952","true","extensive-intensive","false","false","10","1","9","1000","1000000","6978"
"953","true","extensive-intensive","false","false","10","1","9","1000","1000000","7248"
"954","true","extensive-intensive","false","false","10","1","9","1000","1000000","7146"
"955","true","extensive-intensive","false","false","10","1","9","1000","1000000","7135"
"956","true","extensive-intensive","false","false","10","1","9","1000","1000000","6532"
"957","true","extensive-intensive","false","false","10","1","9","1000","1000000","7318"
"958","true","extensive-intensive","false","false","10","1","9","1000","1000000","6920"
"959","true","extensive-intensive","false","false","10","1","9","1000","1000000","6983"
"960","true","extensive-intensive","false","false","10","1","9","1000","1000000","6891"
"961","true","extensive-intensive","false","false","11","1000","9","1000","1000000","8079"
"962","true","extensive-intensive","false","false","11","1000","9","1000","1000000","8085"
"963","true","extensive-intensive","false","false","11","1000","9","1000","1000000","8096"
"964","true","extensive-intensive","false","false","11","1000","9","1000","1000000","7943"
"965","true","extensive-intensive","false","false","11","1000","9","1000","1000000","8154"
"966","true","extensive-intensive","false","false","11","1000","9","1000","1000000","8164"
"968","true","extensive-intensive","false","false","11","1000","9","1000","1000000","8101"
"967","true","extensive-intensive","false","false","11","1000","9","1000","1000000","8165"
"969","true","extensive-intensive","false","false","11","1000","9","1000","1000000","8174"
"970","true","extensive-intensive","false","false","11","1000","9","1000","1000000","8167"
"971","true","extensive-intensive","false","false","11","1000","9","1000","1000000","8206"
"972","true","extensive-intensive","false","false","11","1000","9","1000","1000000","8146"
"973","true","extensive-intensive","false","false","11","1000","9","1000","1000000","7913"
"974","true","extensive-intensive","false","false","11","1000","9","1000","1000000","8202"
"975","true","extensive-intensive","false","false","11","1000","9","1000","1000000","8298"
"976","true","extensive-intensive","false","false","11","1000","9","1000","1000000","8193"
"977","true","extensive-intensive","false","false","11","1000","9","1000","1000000","8137"
"978","true","extensive-intensive","false","false","11","1000","9","1000","1000000","8032"
"979","true","extensive-intensive","false","false","11","1000","9","1000","1000000","8125"
"980","true","extensive-intensive","false","false","11","1000","9","1000","1000000","8106"
"981","true","extensive-intensive","false","false","11","1000","9","1000","1000000","8197"
"982","true","extensive-intensive","false","false","11","1000","9","1000","1000000","8159"
"984","true","extensive-intensive","false","false","11","1000","9","1000","1000000","8073"
"983","true","extensive-intensive","false","false","11","1000","9","1000","1000000","8095"
"985","true","extensive-intensive","false","false","11","1000","9","1000","1000000","8059"
"986","true","extensive-intensive","false","false","11","1000","9","1000","1000000","8186"
"987","true","extensive-intensive","false","false","11","1000","9","1000","1000000","8069"
"988","true","extensive-intensive","false","false","11","1000","9","1000","1000000","8091"
"989","true","extensive-intensive","false","false","11","1000","9","1000","1000000","7949"
"990","true","extensive-intensive","false","false","11","1000","9","1000","1000000","8144"
"991","true","extensive-intensive","false","false","11","1000","9","1000","1000000","8243"
"992","true","extensive-intensive","false","false","11","1000","9","1000","1000000","8046"
"993","true","extensive-intensive","false","false","11","1000","9","1000","1000000","7995"
"995","true","extensive-intensive","false","false","11","1000","9","1000","1000000","8152"
"994","true","extensive-intensive","false","false","11","1000","9","1000","1000000","8100"
"996","true","extensive-intensive","false","false","11","1000","9","1000","1000000","7873"
"997","true","extensive-intensive","false","false","11","1000","9","1000","1000000","7919"
"998","true","extensive-intensive","false","false","11","1000","9","1000","1000000","8079"
"999","true","extensive-intensive","false","false","11","1000","9","1000","1000000","8245"
"1000","true","extensive-intensive","false","false","11","1000","9","1000","1000000","8082"
"1001","true","extensive-intensive","false","false","11","1000","9","1000","1000000","7995"
"1002","true","extensive-intensive","false","false","11","1000","9","1000","1000000","7921"
"1003","true","extensive-intensive","false","false","11","1000","9","1000","1000000","7948"
"1004","true","extensive-intensive","false","false","11","1000","9","1000","1000000","8157"
"1005","true","extensive-intensive","false","false","11","1000","9","1000","1000000","8134"
"1006","true","extensive-intensive","false","false","11","1000","9","1000","1000000","8155"
"1007","true","extensive-intensive","false","false","11","1000","9","1000","1000000","7970"
"1008","true","extensive-intensive","false","false","11","1000","9","1000","1000000","8019"
"1009","true","extensive-intensive","false","false","11","1000","9","1000","1000000","7976"
"1010","true","extensive-intensive","false","false","11","1000","9","1000","1000000","7911"
"1011","true","extensive-intensive","false","false","11","1000","9","1000","1000000","8137"
"1012","true","extensive-intensive","false","false","11","1000","9","1000","1000000","7931"
"1013","true","extensive-intensive","false","false","11","1000","9","1000","1000000","7963"
"1014","true","extensive-intensive","false","false","11","1000","9","1000","1000000","8291"
"1015","true","extensive-intensive","false","false","11","1000","9","1000","1000000","8007"
"1016","true","extensive-intensive","false","false","11","1000","9","1000","1000000","8208"
"1017","true","extensive-intensive","false","false","11","1000","9","1000","1000000","8170"
"1018","true","extensive-intensive","false","false","11","1000","9","1000","1000000","8065"
"1021","true","extensive-intensive","false","false","11","1","9","1000","1000000","14561"
"1020","true","extensive-intensive","false","false","11","1000","9","1000","1000000","8081"
"1019","true","extensive-intensive","false","false","11","1000","9","1000","1000000","8146"
"1022","true","extensive-intensive","false","false","11","1","9","1000","1000000","14023"
"1023","true","extensive-intensive","false","false","11","1","9","1000","1000000","14346"
"1024","true","extensive-intensive","false","false","11","1","9","1000","1000000","14347"
"1025","true","extensive-intensive","false","false","11","1","9","1000","1000000","15041"
"1026","true","extensive-intensive","false","false","11","1","9","1000","1000000","14531"
"1027","true","extensive-intensive","false","false","11","1","9","1000","1000000","15081"
"1028","true","extensive-intensive","false","false","11","1","9","1000","1000000","14354"
"1030","true","extensive-intensive","false","false","11","1","9","1000","1000000","15283"
"1029","true","extensive-intensive","false","false","11","1","9","1000","1000000","13327"
"1031","true","extensive-intensive","false","false","11","1","9","1000","1000000","15745"
"1032","true","extensive-intensive","false","false","11","1","9","1000","1000000","15360"
"1033","true","extensive-intensive","false","false","11","1","9","1000","1000000","14794"
"1034","true","extensive-intensive","false","false","11","1","9","1000","1000000","14719"
"1035","true","extensive-intensive","false","false","11","1","9","1000","1000000","15055"
"1036","true","extensive-intensive","false","false","11","1","9","1000","1000000","14081"
"1037","true","extensive-intensive","false","false","11","1","9","1000","1000000","15090"
"1038","true","extensive-intensive","false","false","11","1","9","1000","1000000","14708"
"1039","true","extensive-intensive","false","false","11","1","9","1000","1000000","15221"
"1040","true","extensive-intensive","false","false","11","1","9","1000","1000000","14871"
"1041","true","extensive-intensive","false","false","11","1","9","1000","1000000","14960"
"1042","true","extensive-intensive","false","false","11","1","9","1000","1000000","15139"
"1043","true","extensive-intensive","false","false","11","1","9","1000","1000000","13913"
"1044","true","extensive-intensive","false","false","11","1","9","1000","1000000","14934"
"1045","true","extensive-intensive","false","false","11","1","9","1000","1000000","14388"
"1046","true","extensive-intensive","false","false","11","1","9","1000","1000000","14811"
"1047","true","extensive-intensive","false","false","11","1","9","1000","1000000","14115"
"1048","true","extensive-intensive","false","false","11","1","9","1000","1000000","15074"
"1049","true","extensive-intensive","false","false","11","1","9","1000","1000000","14028"
"1050","true","extensive-intensive","false","false","11","1","9","1000","1000000","14888"
"1051","true","extensive-intensive","false","false","11","1","9","1000","1000000","14525"
"1052","true","extensive-intensive","false","false","11","1","9","1000","1000000","14394"
"1053","true","extensive-intensive","false","false","11","1","9","1000","1000000","15233"
"1054","true","extensive-intensive","false","false","11","1","9","1000","1000000","14667"
"1055","true","extensive-intensive","false","false","11","1","9","1000","1000000","14840"
"1056","true","extensive-intensive","false","false","11","1","9","1000","1000000","15137"
"1057","true","extensive-intensive","false","false","11","1","9","1000","1000000","14585"
"1058","true","extensive-intensive","false","false","11","1","9","1000","1000000","14455"
"1059","true","extensive-intensive","false","false","11","1","9","1000","1000000","14956"
"1060","true","extensive-intensive","false","false","11","1","9","1000","1000000","15122"
"1061","true","extensive-intensive","false","false","11","1","9","1000","1000000","14584"
"1062","true","extensive-intensive","false","false","11","1","9","1000","1000000","14700"
"1063","true","extensive-intensive","false","false","11","1","9","1000","1000000","14479"
"1064","true","extensive-intensive","false","false","11","1","9","1000","1000000","15131"
"1065","true","extensive-intensive","false","false","11","1","9","1000","1000000","14423"
"1066","true","extensive-intensive","false","false","11","1","9","1000","1000000","15040"
"1067","true","extensive-intensive","false","false","11","1","9","1000","1000000","15647"
"1068","true","extensive-intensive","false","false","11","1","9","1000","1000000","15053"
"1069","true","extensive-intensive","false","false","11","1","9","1000","1000000","15104"
"1070","true","extensive-intensive","false","false","11","1","9","1000","1000000","14448"
"1071","true","extensive-intensive","false","false","11","1","9","1000","1000000","15105"
"1072","true","extensive-intensive","false","false","11","1","9","1000","1000000","14929"
"1073","true","extensive-intensive","false","false","11","1","9","1000","1000000","14664"
"1074","true","extensive-intensive","false","false","11","1","9","1000","1000000","15148"
"1075","true","extensive-intensive","false","false","11","1","9","1000","1000000","15051"
"1076","true","extensive-intensive","false","false","11","1","9","1000","1000000","15254"
"1077","true","extensive-intensive","false","false","11","1","9","1000","1000000","14716"
"1079","true","extensive-intensive","false","false","11","1","9","1000","1000000","14563"
"1078","true","extensive-intensive","false","false","11","1","9","1000","1000000","14137"
"1080","true","extensive-intensive","false","false","11","1","9","1000","1000000","14477"
"1081","true","extensive-intensive","false","false","12","1000","9","1000","1000000","12130"
"1082","true","extensive-intensive","false","false","12","1000","9","1000","1000000","12343"
"1083","true","extensive-intensive","false","false","12","1000","9","1000","1000000","12285"
"1084","true","extensive-intensive","false","false","12","1000","9","1000","1000000","12110"
"1085","true","extensive-intensive","false","false","12","1000","9","1000","1000000","12220"
"1086","true","extensive-intensive","false","false","12","1000","9","1000","1000000","12353"
"1087","true","extensive-intensive","false","false","12","1000","9","1000","1000000","12435"
"1088","true","extensive-intensive","false","false","12","1000","9","1000","1000000","12103"
"1089","true","extensive-intensive","false","false","12","1000","9","1000","1000000","12413"
"1090","true","extensive-intensive","false","false","12","1000","9","1000","1000000","12315"
"1091","true","extensive-intensive","false","false","12","1000","9","1000","1000000","12297"
"1092","true","extensive-intensive","false","false","12","1000","9","1000","1000000","12458"
"1093","true","extensive-intensive","false","false","12","1000","9","1000","1000000","12140"
"1094","true","extensive-intensive","false","false","12","1000","9","1000","1000000","12241"
"1095","true","extensive-intensive","false","false","12","1000","9","1000","1000000","12155"
"1096","true","extensive-intensive","false","false","12","1000","9","1000","1000000","12386"
"1097","true","extensive-intensive","false","false","12","1000","9","1000","1000000","12330"
"1098","true","extensive-intensive","false","false","12","1000","9","1000","1000000","12265"
"1099","true","extensive-intensive","false","false","12","1000","9","1000","1000000","12304"
"1100","true","extensive-intensive","false","false","12","1000","9","1000","1000000","12349"
"1101","true","extensive-intensive","false","false","12","1000","9","1000","1000000","12385"
"1102","true","extensive-intensive","false","false","12","1000","9","1000","1000000","12382"
"1103","true","extensive-intensive","false","false","12","1000","9","1000","1000000","12216"
"1104","true","extensive-intensive","false","false","12","1000","9","1000","1000000","12196"
"1105","true","extensive-intensive","false","false","12","1000","9","1000","1000000","11978"
"1106","true","extensive-intensive","false","false","12","1000","9","1000","1000000","12215"
"1108","true","extensive-intensive","false","false","12","1000","9","1000","1000000","12508"
"1107","true","extensive-intensive","false","false","12","1000","9","1000","1000000","12232"
"1109","true","extensive-intensive","false","false","12","1000","9","1000","1000000","12612"
"1110","true","extensive-intensive","false","false","12","1000","9","1000","1000000","12364"
"1111","true","extensive-intensive","false","false","12","1000","9","1000","1000000","12018"
"1112","true","extensive-intensive","false","false","12","1000","9","1000","1000000","12265"
"1113","true","extensive-intensive","false","false","12","1000","9","1000","1000000","12451"
"1114","true","extensive-intensive","false","false","12","1000","9","1000","1000000","12215"
"1115","true","extensive-intensive","false","false","12","1000","9","1000","1000000","12537"
"1116","true","extensive-intensive","false","false","12","1000","9","1000","1000000","12572"
"1118","true","extensive-intensive","false","false","12","1000","9","1000","1000000","12643"
"1117","true","extensive-intensive","false","false","12","1000","9","1000","1000000","12237"
"1119","true","extensive-intensive","false","false","12","1000","9","1000","1000000","12474"
"1120","true","extensive-intensive","false","false","12","1000","9","1000","1000000","12299"
"1121","true","extensive-intensive","false","false","12","1000","9","1000","1000000","12113"
"1122","true","extensive-intensive","false","false","12","1000","9","1000","1000000","12317"
"1124","true","extensive-intensive","false","false","12","1000","9","1000","1000000","12197"
"1123","true","extensive-intensive","false","false","12","1000","9","1000","1000000","12214"
"1125","true","extensive-intensive","false","false","12","1000","9","1000","1000000","12227"
"1126","true","extensive-intensive","false","false","12","1000","9","1000","1000000","12282"
"1127","true","extensive-intensive","false","false","12","1000","9","1000","1000000","12394"
"1128","true","extensive-intensive","false","false","12","1000","9","1000","1000000","12539"
"1129","true","extensive-intensive","false","false","12","1000","9","1000","1000000","12043"
"1130","true","extensive-intensive","false","false","12","1000","9","1000","1000000","11941"
"1132","true","extensive-intensive","false","false","12","1000","9","1000","1000000","12416"
"1131","true","extensive-intensive","false","false","12","1000","9","1000","1000000","12349"
"1135","true","extensive-intensive","false","false","12","1000","9","1000","1000000","12340"
"1133","true","extensive-intensive","false","false","12","1000","9","1000","1000000","12516"
"1134","true","extensive-intensive","false","false","12","1000","9","1000","1000000","12394"
"1136","true","extensive-intensive","false","false","12","1000","9","1000","1000000","12289"
"1137","true","extensive-intensive","false","false","12","1000","9","1000","1000000","12495"
"1138","true","extensive-intensive","false","false","12","1000","9","1000","1000000","12345"
"1140","true","extensive-intensive","false","false","12","1000","9","1000","1000000","12333"
"1139","true","extensive-intensive","false","false","12","1000","9","1000","1000000","12272"
"1142","true","extensive-intensive","false","false","12","1","9","1000","1000000","22155"
"1141","true","extensive-intensive","false","false","12","1","9","1000","1000000","22904"
"1143","true","extensive-intensive","false","false","12","1","9","1000","1000000","22079"
"1144","true","extensive-intensive","false","false","12","1","9","1000","1000000","23451"
"1145","true","extensive-intensive","false","false","12","1","9","1000","1000000","22694"
"1146","true","extensive-intensive","false","false","12","1","9","1000","1000000","22804"
"1148","true","extensive-intensive","false","false","12","1","9","1000","1000000","22749"
"1147","true","extensive-intensive","false","false","12","1","9","1000","1000000","22986"
"1149","true","extensive-intensive","false","false","12","1","9","1000","1000000","23742"
"1150","true","extensive-intensive","false","false","12","1","9","1000","1000000","23865"
"1151","true","extensive-intensive","false","false","12","1","9","1000","1000000","22706"
"1152","true","extensive-intensive","false","false","12","1","9","1000","1000000","23829"
"1153","true","extensive-intensive","false","false","12","1","9","1000","1000000","21600"
"1154","true","extensive-intensive","false","false","12","1","9","1000","1000000","22538"
"1155","true","extensive-intensive","false","false","12","1","9","1000","1000000","22200"
"1156","true","extensive-intensive","false","false","12","1","9","1000","1000000","23204"
"1157","true","extensive-intensive","false","false","12","1","9","1000","1000000","22599"
"1158","true","extensive-intensive","false","false","12","1","9","1000","1000000","22978"
"1160","true","extensive-intensive","false","false","12","1","9","1000","1000000","22655"
"1159","true","extensive-intensive","false","false","12","1","9","1000","1000000","22133"
"1161","true","extensive-intensive","false","false","12","1","9","1000","1000000","22460"
"1162","true","extensive-intensive","false","false","12","1","9","1000","1000000","22766"
"1163","true","extensive-intensive","false","false","12","1","9","1000","1000000","22314"
"1164","true","extensive-intensive","false","false","12","1","9","1000","1000000","23136"
"1165","true","extensive-intensive","false","false","12","1","9","1000","1000000","22810"
"1167","true","extensive-intensive","false","false","12","1","9","1000","1000000","23265"
"1166","true","extensive-intensive","false","false","12","1","9","1000","1000000","22599"
"1168","true","extensive-intensive","false","false","12","1","9","1000","1000000","21602"
"1169","true","extensive-intensive","false","false","12","1","9","1000","1000000","20275"
"1170","true","extensive-intensive","false","false","12","1","9","1000","1000000","22838"
"1171","true","extensive-intensive","false","false","12","1","9","1000","1000000","23378"
"1172","true","extensive-intensive","false","false","12","1","9","1000","1000000","23044"
"1173","true","extensive-intensive","false","false","12","1","9","1000","1000000","22867"
"1174","true","extensive-intensive","false","false","12","1","9","1000","1000000","22313"
"1175","true","extensive-intensive","false","false","12","1","9","1000","1000000","22929"
"1176","true","extensive-intensive","false","false","12","1","9","1000","1000000","22866"
"1177","true","extensive-intensive","false","false","12","1","9","1000","1000000","22387"
"1178","true","extensive-intensive","false","false","12","1","9","1000","1000000","24399"
"1179","true","extensive-intensive","false","false","12","1","9","1000","1000000","22751"
"1180","true","extensive-intensive","false","false","12","1","9","1000","1000000","23657"
"1181","true","extensive-intensive","false","false","12","1","9","1000","1000000","22526"
"1182","true","extensive-intensive","false","false","12","1","9","1000","1000000","22650"
"1183","true","extensive-intensive","false","false","12","1","9","1000","1000000","23637"
"1184","true","extensive-intensive","false","false","12","1","9","1000","1000000","22704"
"1185","true","extensive-intensive","false","false","12","1","9","1000","1000000","21970"
"1186","true","extensive-intensive","false","false","12","1","9","1000","1000000","22927"
"1187","true","extensive-intensive","false","false","12","1","9","1000","1000000","23154"
"1188","true","extensive-intensive","false","false","12","1","9","1000","1000000","22053"
"1189","true","extensive-intensive","false","false","12","1","9","1000","1000000","24067"
"1190","true","extensive-intensive","false","false","12","1","9","1000","1000000","21342"
"1191","true","extensive-intensive","false","false","12","1","9","1000","1000000","22077"
"1192","true","extensive-intensive","false","false","12","1","9","1000","1000000","22677"
"1193","true","extensive-intensive","false","false","12","1","9","1000","1000000","23829"
"1194","true","extensive-intensive","false","false","12","1","9","1000","1000000","20931"
"1195","true","extensive-intensive","false","false","12","1","9","1000","1000000","22565"
"1196","true","extensive-intensive","false","false","12","1","9","1000","1000000","21927"
"1198","true","extensive-intensive","false","false","12","1","9","1000","1000000","22455"
"1197","true","extensive-intensive","false","false","12","1","9","1000","1000000","21974"
"1199","true","extensive-intensive","false","false","12","1","9","1000","1000000","22362"
"1200","true","extensive-intensive","false","false","12","1","9","1000","1000000","22828"
"1201","true","extensive-intensive","false","false","13","1000","9","1000","1000000","16662"
"1202","true","extensive-intensive","false","false","13","1000","9","1000","1000000","16408"
"1203","true","extensive-intensive","false","false","13","1000","9","1000","1000000","16573"
"1204","true","extensive-intensive","false","false","13","1000","9","1000","1000000","16674"
"1205","true","extensive-intensive","false","false","13","1000","9","1000","1000000","16635"
"1206","true","extensive-intensive","false","false","13","1000","9","1000","1000000","16549"
"1207","true","extensive-intensive","false","false","13","1000","9","1000","1000000","16474"
"1208","true","extensive-intensive","false","false","13","1000","9","1000","1000000","16486"
"1209","true","extensive-intensive","false","false","13","1000","9","1000","1000000","16769"
"1210","true","extensive-intensive","false","false","13","1000","9","1000","1000000","16868"
"1211","true","extensive-intensive","false","false","13","1000","9","1000","1000000","16586"
"1212","true","extensive-intensive","false","false","13","1000","9","1000","1000000","16362"
"1213","true","extensive-intensive","false","false","13","1000","9","1000","1000000","16385"
"1214","true","extensive-intensive","false","false","13","1000","9","1000","1000000","16864"
"1215","true","extensive-intensive","false","false","13","1000","9","1000","1000000","16870"
"1216","true","extensive-intensive","false","false","13","1000","9","1000","1000000","16640"
"1217","true","extensive-intensive","false","false","13","1000","9","1000","1000000","16454"
"1218","true","extensive-intensive","false","false","13","1000","9","1000","1000000","15754"
"1219","true","extensive-intensive","false","false","13","1000","9","1000","1000000","16618"
"1220","true","extensive-intensive","false","false","13","1000","9","1000","1000000","16499"
"1221","true","extensive-intensive","false","false","13","1000","9","1000","1000000","16375"
"1222","true","extensive-intensive","false","false","13","1000","9","1000","1000000","16678"
"1223","true","extensive-intensive","false","false","13","1000","9","1000","1000000","16429"
"1224","true","extensive-intensive","false","false","13","1000","9","1000","1000000","16948"
"1225","true","extensive-intensive","false","false","13","1000","9","1000","1000000","16826"
"1226","true","extensive-intensive","false","false","13","1000","9","1000","1000000","16728"
"1227","true","extensive-intensive","false","false","13","1000","9","1000","1000000","16147"
"1228","true","extensive-intensive","false","false","13","1000","9","1000","1000000","16479"
"1230","true","extensive-intensive","false","false","13","1000","9","1000","1000000","16664"
"1229","true","extensive-intensive","false","false","13","1000","9","1000","1000000","16768"
"1231","true","extensive-intensive","false","false","13","1000","9","1000","1000000","16413"
"1232","true","extensive-intensive","false","false","13","1000","9","1000","1000000","16881"
"1233","true","extensive-intensive","false","false","13","1000","9","1000","1000000","16977"
"1234","true","extensive-intensive","false","false","13","1000","9","1000","1000000","16500"
"1235","true","extensive-intensive","false","false","13","1000","9","1000","1000000","16403"
"1236","true","extensive-intensive","false","false","13","1000","9","1000","1000000","16627"
"1237","true","extensive-intensive","false","false","13","1000","9","1000","1000000","16280"
"1238","true","extensive-intensive","false","false","13","1000","9","1000","1000000","16409"
"1239","true","extensive-intensive","false","false","13","1000","9","1000","1000000","16716"
"1240","true","extensive-intensive","false","false","13","1000","9","1000","1000000","16412"
"1241","true","extensive-intensive","false","false","13","1000","9","1000","1000000","15547"
"1242","true","extensive-intensive","false","false","13","1000","9","1000","1000000","16719"
"1243","true","extensive-intensive","false","false","13","1000","9","1000","1000000","16786"
"1244","true","extensive-intensive","false","false","13","1000","9","1000","1000000","16403"
"1246","true","extensive-intensive","false","false","13","1000","9","1000","1000000","16569"
"1245","true","extensive-intensive","false","false","13","1000","9","1000","1000000","16310"
"1247","true","extensive-intensive","false","false","13","1000","9","1000","1000000","16706"
"1248","true","extensive-intensive","false","false","13","1000","9","1000","1000000","16696"
"1249","true","extensive-intensive","false","false","13","1000","9","1000","1000000","16888"
"1250","true","extensive-intensive","false","false","13","1000","9","1000","1000000","16795"
"1251","true","extensive-intensive","false","false","13","1000","9","1000","1000000","16744"
"1252","true","extensive-intensive","false","false","13","1000","9","1000","1000000","16670"
"1253","true","extensive-intensive","false","false","13","1000","9","1000","1000000","16374"
"1254","true","extensive-intensive","false","false","13","1000","9","1000","1000000","16587"
"1255","true","extensive-intensive","false","false","13","1000","9","1000","1000000","16537"
"1256","true","extensive-intensive","false","false","13","1000","9","1000","1000000","16499"
"1257","true","extensive-intensive","false","false","13","1000","9","1000","1000000","16680"
"1258","true","extensive-intensive","false","false","13","1000","9","1000","1000000","16691"
"1259","true","extensive-intensive","false","false","13","1000","9","1000","1000000","16412"
"1260","true","extensive-intensive","false","false","13","1000","9","1000","1000000","16651"
"1261","true","extensive-intensive","false","false","13","1","9","1000","1000000","30283"
"1262","true","extensive-intensive","false","false","13","1","9","1000","1000000","31477"
"1263","true","extensive-intensive","false","false","13","1","9","1000","1000000","30685"
"1264","true","extensive-intensive","false","false","13","1","9","1000","1000000","31405"
"1265","true","extensive-intensive","false","false","13","1","9","1000","1000000","31501"
"1266","true","extensive-intensive","false","false","13","1","9","1000","1000000","28238"
"1267","true","extensive-intensive","false","false","13","1","9","1000","1000000","31510"
"1268","true","extensive-intensive","false","false","13","1","9","1000","1000000","30522"
"1269","true","extensive-intensive","false","false","13","1","9","1000","1000000","30561"
"1270","true","extensive-intensive","false","false","13","1","9","1000","1000000","31172"
"1271","true","extensive-intensive","false","false","13","1","9","1000","1000000","32473"
"1272","true","extensive-intensive","false","false","13","1","9","1000","1000000","31302"
"1273","true","extensive-intensive","false","false","13","1","9","1000","1000000","30300"
"1274","true","extensive-intensive","false","false","13","1","9","1000","1000000","31901"
"1275","true","extensive-intensive","false","false","13","1","9","1000","1000000","32017"
"1276","true","extensive-intensive","false","false","13","1","9","1000","1000000","30769"
"1277","true","extensive-intensive","false","false","13","1","9","1000","1000000","31711"
"1278","true","extensive-intensive","false","false","13","1","9","1000","1000000","30969"
"1279","true","extensive-intensive","false","false","13","1","9","1000","1000000","29054"
"1280","true","extensive-intensive","false","false","13","1","9","1000","1000000","30942"
"1281","true","extensive-intensive","false","false","13","1","9","1000","1000000","30078"
"1282","true","extensive-intensive","false","false","13","1","9","1000","1000000","28520"
"1283","true","extensive-intensive","false","false","13","1","9","1000","1000000","30244"
"1284","true","extensive-intensive","false","false","13","1","9","1000","1000000","30202"
"1285","true","extensive-intensive","false","false","13","1","9","1000","1000000","30776"
"1286","true","extensive-intensive","false","false","13","1","9","1000","1000000","30889"
"1287","true","extensive-intensive","false","false","13","1","9","1000","1000000","31356"
"1288","true","extensive-intensive","false","false","13","1","9","1000","1000000","31371"
"1289","true","extensive-intensive","false","false","13","1","9","1000","1000000","31906"
"1290","true","extensive-intensive","false","false","13","1","9","1000","1000000","28549"
"1291","true","extensive-intensive","false","false","13","1","9","1000","1000000","30407"
"1292","true","extensive-intensive","false","false","13","1","9","1000","1000000","30388"
"1293","true","extensive-intensive","false","false","13","1","9","1000","1000000","29385"
"1294","true","extensive-intensive","false","false","13","1","9","1000","1000000","31441"
"1295","true","extensive-intensive","false","false","13","1","9","1000","1000000","29702"
"1296","true","extensive-intensive","false","false","13","1","9","1000","1000000","31445"
"1297","true","extensive-intensive","false","false","13","1","9","1000","1000000","29634"
"1298","true","extensive-intensive","false","false","13","1","9","1000","1000000","32192"
"1300","true","extensive-intensive","false","false","13","1","9","1000","1000000","29748"
"1299","true","extensive-intensive","false","false","13","1","9","1000","1000000","31723"
"1301","true","extensive-intensive","false","false","13","1","9","1000","1000000","30821"
"1302","true","extensive-intensive","false","false","13","1","9","1000","1000000","31048"
"1303","true","extensive-intensive","false","false","13","1","9","1000","1000000","29888"
"1304","true","extensive-intensive","false","false","13","1","9","1000","1000000","30619"
"1305","true","extensive-intensive","false","false","13","1","9","1000","1000000","32730"
"1306","true","extensive-intensive","false","false","13","1","9","1000","1000000","29686"
"1307","true","extensive-intensive","false","false","13","1","9","1000","1000000","31613"
"1308","true","extensive-intensive","false","false","13","1","9","1000","1000000","29104"
"1309","true","extensive-intensive","false","false","13","1","9","1000","1000000","31655"
"1311","true","extensive-intensive","false","false","13","1","9","1000","1000000","31585"
"1310","true","extensive-intensive","false","false","13","1","9","1000","1000000","32584"
"1312","true","extensive-intensive","false","false","13","1","9","1000","1000000","31393"
"1313","true","extensive-intensive","false","false","13","1","9","1000","1000000","29955"
"1314","true","extensive-intensive","false","false","13","1","9","1000","1000000","32375"
"1315","true","extensive-intensive","false","false","13","1","9","1000","1000000","28905"
"1316","true","extensive-intensive","false","false","13","1","9","1000","1000000","29399"
"1317","true","extensive-intensive","false","false","13","1","9","1000","1000000","30632"
"1319","true","extensive-intensive","false","false","13","1","9","1000","1000000","27764"
"1318","true","extensive-intensive","false","false","13","1","9","1000","1000000","29793"
"1320","true","extensive-intensive","false","false","13","1","9","1000","1000000","30366"
"1321","true","extensive-intensive","false","false","14","1000","9","1000","1000000","20405"
"1322","true","extensive-intensive","false","false","14","1000","9","1000","1000000","20381"
"1323","true","extensive-intensive","false","false","14","1000","9","1000","1000000","20415"
"1324","true","extensive-intensive","false","false","14","1000","9","1000","1000000","20155"
"1325","true","extensive-intensive","false","false","14","1000","9","1000","1000000","20789"
"1326","true","extensive-intensive","false","false","14","1000","9","1000","1000000","20737"
"1327","true","extensive-intensive","false","false","14","1000","9","1000","1000000","20864"
"1328","true","extensive-intensive","false","false","14","1000","9","1000","1000000","19995"
"1329","true","extensive-intensive","false","false","14","1000","9","1000","1000000","20448"
"1330","true","extensive-intensive","false","false","14","1000","9","1000","1000000","20301"
"1331","true","extensive-intensive","false","false","14","1000","9","1000","1000000","20415"
"1333","true","extensive-intensive","false","false","14","1000","9","1000","1000000","20128"
"1332","true","extensive-intensive","false","false","14","1000","9","1000","1000000","20413"
"1334","true","extensive-intensive","false","false","14","1000","9","1000","1000000","20371"
"1335","true","extensive-intensive","false","false","14","1000","9","1000","1000000","20409"
"1336","true","extensive-intensive","false","false","14","1000","9","1000","1000000","20424"
"1337","true","extensive-intensive","false","false","14","1000","9","1000","1000000","20520"
"1338","true","extensive-intensive","false","false","14","1000","9","1000","1000000","20290"
"1339","true","extensive-intensive","false","false","14","1000","9","1000","1000000","20595"
"1340","true","extensive-intensive","false","false","14","1000","9","1000","1000000","19938"
"1341","true","extensive-intensive","false","false","14","1000","9","1000","1000000","20453"
"1342","true","extensive-intensive","false","false","14","1000","9","1000","1000000","20060"
"1343","true","extensive-intensive","false","false","14","1000","9","1000","1000000","20465"
"1344","true","extensive-intensive","false","false","14","1000","9","1000","1000000","20660"
"1345","true","extensive-intensive","false","false","14","1000","9","1000","1000000","20677"
"1346","true","extensive-intensive","false","false","14","1000","9","1000","1000000","20322"
"1347","true","extensive-intensive","false","false","14","1000","9","1000","1000000","20547"
"1348","true","extensive-intensive","false","false","14","1000","9","1000","1000000","20376"
"1349","true","extensive-intensive","false","false","14","1000","9","1000","1000000","20631"
"1350","true","extensive-intensive","false","false","14","1000","9","1000","1000000","20463"
"1351","true","extensive-intensive","false","false","14","1000","9","1000","1000000","20494"
"1352","true","extensive-intensive","false","false","14","1000","9","1000","1000000","20257"
"1353","true","extensive-intensive","false","false","14","1000","9","1000","1000000","20179"
"1354","true","extensive-intensive","false","false","14","1000","9","1000","1000000","20576"
"1355","true","extensive-intensive","false","false","14","1000","9","1000","1000000","20335"
"1356","true","extensive-intensive","false","false","14","1000","9","1000","1000000","20228"
"1357","true","extensive-intensive","false","false","14","1000","9","1000","1000000","20349"
"1358","true","extensive-intensive","false","false","14","1000","9","1000","1000000","20303"
"1359","true","extensive-intensive","false","false","14","1000","9","1000","1000000","20706"
"1360","true","extensive-intensive","false","false","14","1000","9","1000","1000000","20343"
"1361","true","extensive-intensive","false","false","14","1000","9","1000","1000000","20526"
"1362","true","extensive-intensive","false","false","14","1000","9","1000","1000000","20645"
"1363","true","extensive-intensive","false","false","14","1000","9","1000","1000000","20230"
"1365","true","extensive-intensive","false","false","14","1000","9","1000","1000000","20482"
"1364","true","extensive-intensive","false","false","14","1000","9","1000","1000000","20874"
"1367","true","extensive-intensive","false","false","14","1000","9","1000","1000000","20825"
"1366","true","extensive-intensive","false","false","14","1000","9","1000","1000000","20379"
"1368","true","extensive-intensive","false","false","14","1000","9","1000","1000000","20489"
"1369","true","extensive-intensive","false","false","14","1000","9","1000","1000000","20342"
"1370","true","extensive-intensive","false","false","14","1000","9","1000","1000000","20590"
"1371","true","extensive-intensive","false","false","14","1000","9","1000","1000000","20228"
"1372","true","extensive-intensive","false","false","14","1000","9","1000","1000000","20413"
"1373","true","extensive-intensive","false","false","14","1000","9","1000","1000000","20136"
"1374","true","extensive-intensive","false","false","14","1000","9","1000","1000000","20405"
"1375","true","extensive-intensive","false","false","14","1000","9","1000","1000000","20147"
"1376","true","extensive-intensive","false","false","14","1000","9","1000","1000000","20402"
"1377","true","extensive-intensive","false","false","14","1000","9","1000","1000000","20607"
"1378","true","extensive-intensive","false","false","14","1000","9","1000","1000000","20654"
"1381","true","extensive-intensive","false","false","14","1","9","1000","1000000","36643"
"1379","true","extensive-intensive","false","false","14","1000","9","1000","1000000","19833"
"1380","true","extensive-intensive","false","false","14","1000","9","1000","1000000","20721"
"1382","true","extensive-intensive","false","false","14","1","9","1000","1000000","36907"
"1383","true","extensive-intensive","false","false","14","1","9","1000","1000000","36815"
"1384","true","extensive-intensive","false","false","14","1","9","1000","1000000","37530"
"1385","true","extensive-intensive","false","false","14","1","9","1000","1000000","38133"
"1386","true","extensive-intensive","false","false","14","1","9","1000","1000000","38625"
"1387","true","extensive-intensive","false","false","14","1","9","1000","1000000","37960"
"1389","true","extensive-intensive","false","false","14","1","9","1000","1000000","40780"
"1388","true","extensive-intensive","false","false","14","1","9","1000","1000000","39253"
"1390","true","extensive-intensive","false","false","14","1","9","1000","1000000","36928"
"1391","true","extensive-intensive","false","false","14","1","9","1000","1000000","37771"
"1392","true","extensive-intensive","false","false","14","1","9","1000","1000000","37052"
"1393","true","extensive-intensive","false","false","14","1","9","1000","1000000","35879"
"1394","true","extensive-intensive","false","false","14","1","9","1000","1000000","38810"
"1395","true","extensive-intensive","false","false","14","1","9","1000","1000000","38955"
"1396","true","extensive-intensive","false","false","14","1","9","1000","1000000","38351"
"1397","true","extensive-intensive","false","false","14","1","9","1000","1000000","39535"
"1398","true","extensive-intensive","false","false","14","1","9","1000","1000000","37363"
"1399","true","extensive-intensive","false","false","14","1","9","1000","1000000","38894"
"1400","true","extensive-intensive","false","false","14","1","9","1000","1000000","38446"
"1401","true","extensive-intensive","false","false","14","1","9","1000","1000000","37020"
"1402","true","extensive-intensive","false","false","14","1","9","1000","1000000","38824"
"1403","true","extensive-intensive","false","false","14","1","9","1000","1000000","37493"
"1404","true","extensive-intensive","false","false","14","1","9","1000","1000000","38008"
"1406","true","extensive-intensive","false","false","14","1","9","1000","1000000","37772"
"1405","true","extensive-intensive","false","false","14","1","9","1000","1000000","37266"
"1407","true","extensive-intensive","false","false","14","1","9","1000","1000000","36999"
"1408","true","extensive-intensive","false","false","14","1","9","1000","1000000","36847"
"1409","true","extensive-intensive","false","false","14","1","9","1000","1000000","37481"
"1410","true","extensive-intensive","false","false","14","1","9","1000","1000000","37376"
"1411","true","extensive-intensive","false","false","14","1","9","1000","1000000","38794"
"1412","true","extensive-intensive","false","false","14","1","9","1000","1000000","38787"
"1413","true","extensive-intensive","false","false","14","1","9","1000","1000000","37347"
"1414","true","extensive-intensive","false","false","14","1","9","1000","1000000","35666"
"1415","true","extensive-intensive","false","false","14","1","9","1000","1000000","39027"
"1416","true","extensive-intensive","false","false","14","1","9","1000","1000000","37944"
"1417","true","extensive-intensive","false","false","14","1","9","1000","1000000","38159"
"1418","true","extensive-intensive","false","false","14","1","9","1000","1000000","35731"
"1419","true","extensive-intensive","false","false","14","1","9","1000","1000000","38570"
"1420","true","extensive-intensive","false","false","14","1","9","1000","1000000","36750"
"1422","true","extensive-intensive","false","false","14","1","9","1000","1000000","37053"
"1421","true","extensive-intensive","false","false","14","1","9","1000","1000000","38700"
"1423","true","extensive-intensive","false","false","14","1","9","1000","1000000","37677"
"1424","true","extensive-intensive","false","false","14","1","9","1000","1000000","37737"
"1425","true","extensive-intensive","false","false","14","1","9","1000","1000000","35814"
"1426","true","extensive-intensive","false","false","14","1","9","1000","1000000","38606"
"1427","true","extensive-intensive","false","false","14","1","9","1000","1000000","36865"
"1428","true","extensive-intensive","false","false","14","1","9","1000","1000000","40564"
"1429","true","extensive-intensive","false","false","14","1","9","1000","1000000","38496"
"1430","true","extensive-intensive","false","false","14","1","9","1000","1000000","38369"
"1431","true","extensive-intensive","false","false","14","1","9","1000","1000000","38272"
"1432","true","extensive-intensive","false","false","14","1","9","1000","1000000","38158"
"1433","true","extensive-intensive","false","false","14","1","9","1000","1000000","38115"
"1434","true","extensive-intensive","false","false","14","1","9","1000","1000000","38593"
"1436","true","extensive-intensive","false","false","14","1","9","1000","1000000","36517"
"1435","true","extensive-intensive","false","false","14","1","9","1000","1000000","38272"
"1437","true","extensive-intensive","false","false","14","1","9","1000","1000000","37304"
"1441","true","extensive-intensive","false","false","21","1000","9","1000","1000000","1943"
"1438","true","extensive-intensive","false","false","14","1","9","1000","1000000","37156"
"1439","true","extensive-intensive","false","false","14","1","9","1000","1000000","37914"
"1440","true","extensive-intensive","false","false","14","1","9","1000","1000000","39573"
"1442","true","extensive-intensive","false","false","21","1000","9","1000","1000000","1955"
"1443","true","extensive-intensive","false","false","21","1000","9","1000","1000000","1994"
"1444","true","extensive-intensive","false","false","21","1000","9","1000","1000000","1918"
"1445","true","extensive-intensive","false","false","21","1000","9","1000","1000000","1894"
"1446","true","extensive-intensive","false","false","21","1000","9","1000","1000000","1855"
"1448","true","extensive-intensive","false","false","21","1000","9","1000","1000000","1873"
"1447","true","extensive-intensive","false","false","21","1000","9","1000","1000000","1940"
"1449","true","extensive-intensive","false","false","21","1000","9","1000","1000000","1804"
"1450","true","extensive-intensive","false","false","21","1000","9","1000","1000000","1999"
"1451","true","extensive-intensive","false","false","21","1000","9","1000","1000000","1861"
"1452","true","extensive-intensive","false","false","21","1000","9","1000","1000000","1937"
"1453","true","extensive-intensive","false","false","21","1000","9","1000","1000000","1887"
"1454","true","extensive-intensive","false","false","21","1000","9","1000","1000000","1928"
"1455","true","extensive-intensive","false","false","21","1000","9","1000","1000000","1928"
"1456","true","extensive-intensive","false","false","21","1000","9","1000","1000000","1951"
"1457","true","extensive-intensive","false","false","21","1000","9","1000","1000000","1889"
"1458","true","extensive-intensive","false","false","21","1000","9","1000","1000000","1813"
"1459","true","extensive-intensive","false","false","21","1000","9","1000","1000000","1954"
"1460","true","extensive-intensive","false","false","21","1000","9","1000","1000000","1945"
"1461","true","extensive-intensive","false","false","21","1000","9","1000","1000000","1915"
"1462","true","extensive-intensive","false","false","21","1000","9","1000","1000000","1884"
"1463","true","extensive-intensive","false","false","21","1000","9","1000","1000000","1914"
"1464","true","extensive-intensive","false","false","21","1000","9","1000","1000000","1839"
"1465","true","extensive-intensive","false","false","21","1000","9","1000","1000000","1826"
"1466","true","extensive-intensive","false","false","21","1000","9","1000","1000000","1947"
"1467","true","extensive-intensive","false","false","21","1000","9","1000","1000000","1871"
"1468","true","extensive-intensive","false","false","21","1000","9","1000","1000000","1879"
"1469","true","extensive-intensive","false","false","21","1000","9","1000","1000000","1964"
"1470","true","extensive-intensive","false","false","21","1000","9","1000","1000000","1943"
"1471","true","extensive-intensive","false","false","21","1000","9","1000","1000000","1841"
"1472","true","extensive-intensive","false","false","21","1000","9","1000","1000000","1865"
"1473","true","extensive-intensive","false","false","21","1000","9","1000","1000000","1866"
"1474","true","extensive-intensive","false","false","21","1000","9","1000","1000000","1939"
"1475","true","extensive-intensive","false","false","21","1000","9","1000","1000000","1944"
"1476","true","extensive-intensive","false","false","21","1000","9","1000","1000000","1899"
"1477","true","extensive-intensive","false","false","21","1000","9","1000","1000000","1920"
"1478","true","extensive-intensive","false","false","21","1000","9","1000","1000000","1928"
"1479","true","extensive-intensive","false","false","21","1000","9","1000","1000000","1932"
"1480","true","extensive-intensive","false","false","21","1000","9","1000","1000000","1880"
"1481","true","extensive-intensive","false","false","21","1000","9","1000","1000000","1881"
"1482","true","extensive-intensive","false","false","21","1000","9","1000","1000000","1908"
"1483","true","extensive-intensive","false","false","21","1000","9","1000","1000000","1918"
"1484","true","extensive-intensive","false","false","21","1000","9","1000","1000000","1860"
"1485","true","extensive-intensive","false","false","21","1000","9","1000","1000000","1886"
"1486","true","extensive-intensive","false","false","21","1000","9","1000","1000000","1994"
"1487","true","extensive-intensive","false","false","21","1000","9","1000","1000000","1960"
"1488","true","extensive-intensive","false","false","21","1000","9","1000","1000000","1964"
"1490","true","extensive-intensive","false","false","21","1000","9","1000","1000000","1929"
"1489","true","extensive-intensive","false","false","21","1000","9","1000","1000000","1964"
"1491","true","extensive-intensive","false","false","21","1000","9","1000","1000000","1931"
"1492","true","extensive-intensive","false","false","21","1000","9","1000","1000000","1944"
"1493","true","extensive-intensive","false","false","21","1000","9","1000","1000000","1788"
"1494","true","extensive-intensive","false","false","21","1000","9","1000","1000000","1929"
"1495","true","extensive-intensive","false","false","21","1000","9","1000","1000000","1932"
"1496","true","extensive-intensive","false","false","21","1000","9","1000","1000000","1945"
"1497","true","extensive-intensive","false","false","21","1000","9","1000","1000000","1874"
"1498","true","extensive-intensive","false","false","21","1000","9","1000","1000000","1935"
"1499","true","extensive-intensive","false","false","21","1000","9","1000","1000000","1893"
"1500","true","extensive-intensive","false","false","21","1000","9","1000","1000000","1893"
"1501","true","extensive-intensive","false","false","21","1","9","1000","1000000","3379"
"1502","true","extensive-intensive","false","false","21","1","9","1000","1000000","3018"
"1503","true","extensive-intensive","false","false","21","1","9","1000","1000000","3255"
"1504","true","extensive-intensive","false","false","21","1","9","1000","1000000","3163"
"1505","true","extensive-intensive","false","false","21","1","9","1000","1000000","3207"
"1506","true","extensive-intensive","false","false","21","1","9","1000","1000000","3248"
"1507","true","extensive-intensive","false","false","21","1","9","1000","1000000","3256"
"1508","true","extensive-intensive","false","false","21","1","9","1000","1000000","3428"
"1510","true","extensive-intensive","false","false","21","1","9","1000","1000000","3197"
"1509","true","extensive-intensive","false","false","21","1","9","1000","1000000","3247"
"1511","true","extensive-intensive","false","false","21","1","9","1000","1000000","3398"
"1512","true","extensive-intensive","false","false","21","1","9","1000","1000000","3438"
"1513","true","extensive-intensive","false","false","21","1","9","1000","1000000","3330"
"1514","true","extensive-intensive","false","false","21","1","9","1000","1000000","3312"
"1517","true","extensive-intensive","false","false","21","1","9","1000","1000000","3352"
"1518","true","extensive-intensive","false","false","21","1","9","1000","1000000","3330"
"1515","true","extensive-intensive","false","false","21","1","9","1000","1000000","3334"
"1516","true","extensive-intensive","false","false","21","1","9","1000","1000000","3311"
"1519","true","extensive-intensive","false","false","21","1","9","1000","1000000","3412"
"1520","true","extensive-intensive","false","false","21","1","9","1000","1000000","3413"
"1521","true","extensive-intensive","false","false","21","1","9","1000","1000000","3299"
"1522","true","extensive-intensive","false","false","21","1","9","1000","1000000","3177"
"1525","true","extensive-intensive","false","false","21","1","9","1000","1000000","3210"
"1523","true","extensive-intensive","false","false","21","1","9","1000","1000000","3326"
"1524","true","extensive-intensive","false","false","21","1","9","1000","1000000","3418"
"1526","true","extensive-intensive","false","false","21","1","9","1000","1000000","3446"
"1527","true","extensive-intensive","false","false","21","1","9","1000","1000000","3262"
"1528","true","extensive-intensive","false","false","21","1","9","1000","1000000","3363"
"1529","true","extensive-intensive","false","false","21","1","9","1000","1000000","3320"
"1530","true","extensive-intensive","false","false","21","1","9","1000","1000000","3370"
"1531","true","extensive-intensive","false","false","21","1","9","1000","1000000","3495"
"1532","true","extensive-intensive","false","false","21","1","9","1000","1000000","3309"
"1533","true","extensive-intensive","false","false","21","1","9","1000","1000000","3303"
"1534","true","extensive-intensive","false","false","21","1","9","1000","1000000","3092"
"1535","true","extensive-intensive","false","false","21","1","9","1000","1000000","3374"
"1536","true","extensive-intensive","false","false","21","1","9","1000","1000000","3129"
"1537","true","extensive-intensive","false","false","21","1","9","1000","1000000","3326"
"1538","true","extensive-intensive","false","false","21","1","9","1000","1000000","3001"
"1540","true","extensive-intensive","false","false","21","1","9","1000","1000000","3334"
"1539","true","extensive-intensive","false","false","21","1","9","1000","1000000","3221"
"1541","true","extensive-intensive","false","false","21","1","9","1000","1000000","3319"
"1542","true","extensive-intensive","false","false","21","1","9","1000","1000000","3111"
"1543","true","extensive-intensive","false","false","21","1","9","1000","1000000","3370"
"1544","true","extensive-intensive","false","false","21","1","9","1000","1000000","3159"
"1545","true","extensive-intensive","false","false","21","1","9","1000","1000000","3249"
"1546","true","extensive-intensive","false","false","21","1","9","1000","1000000","3233"
"1547","true","extensive-intensive","false","false","21","1","9","1000","1000000","3349"
"1548","true","extensive-intensive","false","false","21","1","9","1000","1000000","3283"
"1549","true","extensive-intensive","false","false","21","1","9","1000","1000000","3222"
"1550","true","extensive-intensive","false","false","21","1","9","1000","1000000","3334"
"1551","true","extensive-intensive","false","false","21","1","9","1000","1000000","3452"
"1552","true","extensive-intensive","false","false","21","1","9","1000","1000000","3322"
"1553","true","extensive-intensive","false","false","21","1","9","1000","1000000","3371"
"1554","true","extensive-intensive","false","false","21","1","9","1000","1000000","3274"
"1555","true","extensive-intensive","false","false","21","1","9","1000","1000000","3316"
"1556","true","extensive-intensive","false","false","21","1","9","1000","1000000","3181"
"1557","true","extensive-intensive","false","false","21","1","9","1000","1000000","3382"
"1558","true","extensive-intensive","false","false","21","1","9","1000","1000000","3294"
"1559","true","extensive-intensive","false","false","21","1","9","1000","1000000","3228"
"1560","true","extensive-intensive","false","false","21","1","9","1000","1000000","3351"
"1561","true","extensive-intensive","false","false","22","1000","9","1000","1000000","3806"
"1562","true","extensive-intensive","false","false","22","1000","9","1000","1000000","3706"
"1563","true","extensive-intensive","false","false","22","1000","9","1000","1000000","3864"
"1565","true","extensive-intensive","false","false","22","1000","9","1000","1000000","3801"
"1564","true","extensive-intensive","false","false","22","1000","9","1000","1000000","3826"
"1566","true","extensive-intensive","false","false","22","1000","9","1000","1000000","3818"
"1567","true","extensive-intensive","false","false","22","1000","9","1000","1000000","3811"
"1568","true","extensive-intensive","false","false","22","1000","9","1000","1000000","3841"
"1569","true","extensive-intensive","false","false","22","1000","9","1000","1000000","3802"
"1570","true","extensive-intensive","false","false","22","1000","9","1000","1000000","3778"
"1572","true","extensive-intensive","false","false","22","1000","9","1000","1000000","3891"
"1571","true","extensive-intensive","false","false","22","1000","9","1000","1000000","3826"
"1573","true","extensive-intensive","false","false","22","1000","9","1000","1000000","3842"
"1574","true","extensive-intensive","false","false","22","1000","9","1000","1000000","3835"
"1575","true","extensive-intensive","false","false","22","1000","9","1000","1000000","3869"
"1576","true","extensive-intensive","false","false","22","1000","9","1000","1000000","3758"
"1577","true","extensive-intensive","false","false","22","1000","9","1000","1000000","3700"
"1578","true","extensive-intensive","false","false","22","1000","9","1000","1000000","3870"
"1579","true","extensive-intensive","false","false","22","1000","9","1000","1000000","3927"
"1580","true","extensive-intensive","false","false","22","1000","9","1000","1000000","3862"
"1581","true","extensive-intensive","false","false","22","1000","9","1000","1000000","3779"
"1582","true","extensive-intensive","false","false","22","1000","9","1000","1000000","3812"
"1583","true","extensive-intensive","false","false","22","1000","9","1000","1000000","3812"
"1584","true","extensive-intensive","false","false","22","1000","9","1000","1000000","3684"
"1585","true","extensive-intensive","false","false","22","1000","9","1000","1000000","3924"
"1586","true","extensive-intensive","false","false","22","1000","9","1000","1000000","3847"
"1587","true","extensive-intensive","false","false","22","1000","9","1000","1000000","3764"
"1588","true","extensive-intensive","false","false","22","1000","9","1000","1000000","3840"
"1589","true","extensive-intensive","false","false","22","1000","9","1000","1000000","3772"
"1590","true","extensive-intensive","false","false","22","1000","9","1000","1000000","3821"
"1591","true","extensive-intensive","false","false","22","1000","9","1000","1000000","3919"
"1592","true","extensive-intensive","false","false","22","1000","9","1000","1000000","3830"
"1593","true","extensive-intensive","false","false","22","1000","9","1000","1000000","3882"
"1594","true","extensive-intensive","false","false","22","1000","9","1000","1000000","3852"
"1595","true","extensive-intensive","false","false","22","1000","9","1000","1000000","3843"
"1596","true","extensive-intensive","false","false","22","1000","9","1000","1000000","3854"
"1598","true","extensive-intensive","false","false","22","1000","9","1000","1000000","3844"
"1597","true","extensive-intensive","false","false","22","1000","9","1000","1000000","3785"
"1599","true","extensive-intensive","false","false","22","1000","9","1000","1000000","3819"
"1600","true","extensive-intensive","false","false","22","1000","9","1000","1000000","3856"
"1601","true","extensive-intensive","false","false","22","1000","9","1000","1000000","3805"
"1602","true","extensive-intensive","false","false","22","1000","9","1000","1000000","3769"
"1603","true","extensive-intensive","false","false","22","1000","9","1000","1000000","3856"
"1604","true","extensive-intensive","false","false","22","1000","9","1000","1000000","3721"
"1605","true","extensive-intensive","false","false","22","1000","9","1000","1000000","3826"
"1606","true","extensive-intensive","false","false","22","1000","9","1000","1000000","3892"
"1607","true","extensive-intensive","false","false","22","1000","9","1000","1000000","3821"
"1608","true","extensive-intensive","false","false","22","1000","9","1000","1000000","3793"
"1609","true","extensive-intensive","false","false","22","1000","9","1000","1000000","3887"
"1610","true","extensive-intensive","false","false","22","1000","9","1000","1000000","3831"
"1611","true","extensive-intensive","false","false","22","1000","9","1000","1000000","3698"
"1612","true","extensive-intensive","false","false","22","1000","9","1000","1000000","3856"
"1613","true","extensive-intensive","false","false","22","1000","9","1000","1000000","3815"
"1614","true","extensive-intensive","false","false","22","1000","9","1000","1000000","3830"
"1615","true","extensive-intensive","false","false","22","1000","9","1000","1000000","3705"
"1616","true","extensive-intensive","false","false","22","1000","9","1000","1000000","3913"
"1617","true","extensive-intensive","false","false","22","1000","9","1000","1000000","3867"
"1618","true","extensive-intensive","false","false","22","1000","9","1000","1000000","3787"
"1619","true","extensive-intensive","false","false","22","1000","9","1000","1000000","3797"
"1620","true","extensive-intensive","false","false","22","1000","9","1000","1000000","3735"
"1621","true","extensive-intensive","false","false","22","1","9","1000","1000000","6489"
"1622","true","extensive-intensive","false","false","22","1","9","1000","1000000","6925"
"1623","true","extensive-intensive","false","false","22","1","9","1000","1000000","6212"
"1624","true","extensive-intensive","false","false","22","1","9","1000","1000000","6388"
"1625","true","extensive-intensive","false","false","22","1","9","1000","1000000","6426"
"1626","true","extensive-intensive","false","false","22","1","9","1000","1000000","6683"
"1627","true","extensive-intensive","false","false","22","1","9","1000","1000000","6696"
"1628","true","extensive-intensive","false","false","22","1","9","1000","1000000","6595"
"1629","true","extensive-intensive","false","false","22","1","9","1000","1000000","6682"
"1630","true","extensive-intensive","false","false","22","1","9","1000","1000000","6452"
"1631","true","extensive-intensive","false","false","22","1","9","1000","1000000","6405"
"1633","true","extensive-intensive","false","false","22","1","9","1000","1000000","6659"
"1632","true","extensive-intensive","false","false","22","1","9","1000","1000000","6597"
"1635","true","extensive-intensive","false","false","22","1","9","1000","1000000","6827"
"1634","true","extensive-intensive","false","false","22","1","9","1000","1000000","6433"
"1636","true","extensive-intensive","false","false","22","1","9","1000","1000000","6531"
"1637","true","extensive-intensive","false","false","22","1","9","1000","1000000","6648"
"1638","true","extensive-intensive","false","false","22","1","9","1000","1000000","6634"
"1639","true","extensive-intensive","false","false","22","1","9","1000","1000000","6806"
"1640","true","extensive-intensive","false","false","22","1","9","1000","1000000","6678"
"1641","true","extensive-intensive","false","false","22","1","9","1000","1000000","6746"
"1642","true","extensive-intensive","false","false","22","1","9","1000","1000000","6806"
"1643","true","extensive-intensive","false","false","22","1","9","1000","1000000","6750"
"1644","true","extensive-intensive","false","false","22","1","9","1000","1000000","6361"
"1646","true","extensive-intensive","false","false","22","1","9","1000","1000000","6737"
"1645","true","extensive-intensive","false","false","22","1","9","1000","1000000","6689"
"1647","true","extensive-intensive","false","false","22","1","9","1000","1000000","6371"
"1648","true","extensive-intensive","false","false","22","1","9","1000","1000000","6572"
"1649","true","extensive-intensive","false","false","22","1","9","1000","1000000","6455"
"1650","true","extensive-intensive","false","false","22","1","9","1000","1000000","6390"
"1651","true","extensive-intensive","false","false","22","1","9","1000","1000000","6649"
"1652","true","extensive-intensive","false","false","22","1","9","1000","1000000","6403"
"1653","true","extensive-intensive","false","false","22","1","9","1000","1000000","6561"
"1654","true","extensive-intensive","false","false","22","1","9","1000","1000000","6596"
"1655","true","extensive-intensive","false","false","22","1","9","1000","1000000","6698"
"1656","true","extensive-intensive","false","false","22","1","9","1000","1000000","6700"
"1657","true","extensive-intensive","false","false","22","1","9","1000","1000000","6644"
"1658","true","extensive-intensive","false","false","22","1","9","1000","1000000","6472"
"1659","true","extensive-intensive","false","false","22","1","9","1000","1000000","6646"
"1660","true","extensive-intensive","false","false","22","1","9","1000","1000000","6788"
"1661","true","extensive-intensive","false","false","22","1","9","1000","1000000","6714"
"1662","true","extensive-intensive","false","false","22","1","9","1000","1000000","6766"
"1663","true","extensive-intensive","false","false","22","1","9","1000","1000000","6574"
"1664","true","extensive-intensive","false","false","22","1","9","1000","1000000","6507"
"1665","true","extensive-intensive","false","false","22","1","9","1000","1000000","6574"
"1666","true","extensive-intensive","false","false","22","1","9","1000","1000000","6760"
"1668","true","extensive-intensive","false","false","22","1","9","1000","1000000","6687"
"1667","true","extensive-intensive","false","false","22","1","9","1000","1000000","6659"
"1669","true","extensive-intensive","false","false","22","1","9","1000","1000000","6717"
"1670","true","extensive-intensive","false","false","22","1","9","1000","1000000","6440"
"1671","true","extensive-intensive","false","false","22","1","9","1000","1000000","6506"
"1672","true","extensive-intensive","false","false","22","1","9","1000","1000000","6954"
"1673","true","extensive-intensive","false","false","22","1","9","1000","1000000","6473"
"1674","true","extensive-intensive","false","false","22","1","9","1000","1000000","6780"
"1675","true","extensive-intensive","false","false","22","1","9","1000","1000000","6675"
"1676","true","extensive-intensive","false","false","22","1","9","1000","1000000","6608"
"1677","true","extensive-intensive","false","false","22","1","9","1000","1000000","6452"
"1678","true","extensive-intensive","false","false","22","1","9","1000","1000000","6673"
"1679","true","extensive-intensive","false","false","22","1","9","1000","1000000","6461"
"1680","true","extensive-intensive","false","false","22","1","9","1000","1000000","6569"
"1681","true","extensive-intensive","false","false","23","1000","9","1000","1000000","7612"
"1684","true","extensive-intensive","false","false","23","1000","9","1000","1000000","7490"
"1682","true","extensive-intensive","false","false","23","1000","9","1000","1000000","7804"
"1683","true","extensive-intensive","false","false","23","1000","9","1000","1000000","7436"
"1685","true","extensive-intensive","false","false","23","1000","9","1000","1000000","7660"
"1686","true","extensive-intensive","false","false","23","1000","9","1000","1000000","7671"
"1687","true","extensive-intensive","false","false","23","1000","9","1000","1000000","7587"
"1688","true","extensive-intensive","false","false","23","1000","9","1000","1000000","7632"
"1689","true","extensive-intensive","false","false","23","1000","9","1000","1000000","7614"
"1691","true","extensive-intensive","false","false","23","1000","9","1000","1000000","7616"
"1690","true","extensive-intensive","false","false","23","1000","9","1000","1000000","7520"
"1692","true","extensive-intensive","false","false","23","1000","9","1000","1000000","7614"
"1693","true","extensive-intensive","false","false","23","1000","9","1000","1000000","7694"
"1694","true","extensive-intensive","false","false","23","1000","9","1000","1000000","7723"
"1695","true","extensive-intensive","false","false","23","1000","9","1000","1000000","7630"
"1696","true","extensive-intensive","false","false","23","1000","9","1000","1000000","7550"
"1697","true","extensive-intensive","false","false","23","1000","9","1000","1000000","7672"
"1699","true","extensive-intensive","false","false","23","1000","9","1000","1000000","7659"
"1698","true","extensive-intensive","false","false","23","1000","9","1000","1000000","7665"
"1700","true","extensive-intensive","false","false","23","1000","9","1000","1000000","7641"
"1701","true","extensive-intensive","false","false","23","1000","9","1000","1000000","7568"
"1702","true","extensive-intensive","false","false","23","1000","9","1000","1000000","7567"
"1703","true","extensive-intensive","false","false","23","1000","9","1000","1000000","7806"
"1704","true","extensive-intensive","false","false","23","1000","9","1000","1000000","7600"
"1705","true","extensive-intensive","false","false","23","1000","9","1000","1000000","7633"
"1707","true","extensive-intensive","false","false","23","1000","9","1000","1000000","7640"
"1708","true","extensive-intensive","false","false","23","1000","9","1000","1000000","7530"
"1709","true","extensive-intensive","false","false","23","1000","9","1000","1000000","7601"
"1706","true","extensive-intensive","false","false","23","1000","9","1000","1000000","7686"
"1710","true","extensive-intensive","false","false","23","1000","9","1000","1000000","7685"
"1711","true","extensive-intensive","false","false","23","1000","9","1000","1000000","7726"
"1712","true","extensive-intensive","false","false","23","1000","9","1000","1000000","7502"
"1713","true","extensive-intensive","false","false","23","1000","9","1000","1000000","7552"
"1714","true","extensive-intensive","false","false","23","1000","9","1000","1000000","7723"
"1715","true","extensive-intensive","false","false","23","1000","9","1000","1000000","7571"
"1716","true","extensive-intensive","false","false","23","1000","9","1000","1000000","7565"
"1717","true","extensive-intensive","false","false","23","1000","9","1000","1000000","7499"
"1718","true","extensive-intensive","false","false","23","1000","9","1000","1000000","7572"
"1719","true","extensive-intensive","false","false","23","1000","9","1000","1000000","7625"
"1720","true","extensive-intensive","false","false","23","1000","9","1000","1000000","7522"
"1721","true","extensive-intensive","false","false","23","1000","9","1000","1000000","7673"
"1722","true","extensive-intensive","false","false","23","1000","9","1000","1000000","7537"
"1725","true","extensive-intensive","false","false","23","1000","9","1000","1000000","7648"
"1724","true","extensive-intensive","false","false","23","1000","9","1000","1000000","7404"
"1723","true","extensive-intensive","false","false","23","1000","9","1000","1000000","7372"
"1726","true","extensive-intensive","false","false","23","1000","9","1000","1000000","7732"
"1727","true","extensive-intensive","false","false","23","1000","9","1000","1000000","7565"
"1728","true","extensive-intensive","false","false","23","1000","9","1000","1000000","7775"
"1729","true","extensive-intensive","false","false","23","1000","9","1000","1000000","7658"
"1730","true","extensive-intensive","false","false","23","1000","9","1000","1000000","7518"
"1733","true","extensive-intensive","false","false","23","1000","9","1000","1000000","7563"
"1731","true","extensive-intensive","false","false","23","1000","9","1000","1000000","7481"
"1732","true","extensive-intensive","false","false","23","1000","9","1000","1000000","7699"
"1734","true","extensive-intensive","false","false","23","1000","9","1000","1000000","7493"
"1735","true","extensive-intensive","false","false","23","1000","9","1000","1000000","7698"
"1736","true","extensive-intensive","false","false","23","1000","9","1000","1000000","7714"
"1737","true","extensive-intensive","false","false","23","1000","9","1000","1000000","7411"
"1741","true","extensive-intensive","false","false","23","1","9","1000","1000000","13690"
"1738","true","extensive-intensive","false","false","23","1000","9","1000","1000000","7648"
"1742","true","extensive-intensive","false","false","23","1","9","1000","1000000","13319"
"1740","true","extensive-intensive","false","false","23","1000","9","1000","1000000","7569"
"1739","true","extensive-intensive","false","false","23","1000","9","1000","1000000","7572"
"1743","true","extensive-intensive","false","false","23","1","9","1000","1000000","13080"
"1744","true","extensive-intensive","false","false","23","1","9","1000","1000000","12862"
"1745","true","extensive-intensive","false","false","23","1","9","1000","1000000","13176"
"1746","true","extensive-intensive","false","false","23","1","9","1000","1000000","13284"
"1748","true","extensive-intensive","false","false","23","1","9","1000","1000000","13081"
"1747","true","extensive-intensive","false","false","23","1","9","1000","1000000","13100"
"1750","true","extensive-intensive","false","false","23","1","9","1000","1000000","13086"
"1749","true","extensive-intensive","false","false","23","1","9","1000","1000000","12785"
"1751","true","extensive-intensive","false","false","23","1","9","1000","1000000","12799"
"1752","true","extensive-intensive","false","false","23","1","9","1000","1000000","13276"
"1753","true","extensive-intensive","false","false","23","1","9","1000","1000000","12940"
"1754","true","extensive-intensive","false","false","23","1","9","1000","1000000","13131"
"1755","true","extensive-intensive","false","false","23","1","9","1000","1000000","12851"
"1756","true","extensive-intensive","false","false","23","1","9","1000","1000000","12825"
"1757","true","extensive-intensive","false","false","23","1","9","1000","1000000","13289"
"1758","true","extensive-intensive","false","false","23","1","9","1000","1000000","12830"
"1759","true","extensive-intensive","false","false","23","1","9","1000","1000000","13247"
"1760","true","extensive-intensive","false","false","23","1","9","1000","1000000","13039"
"1761","true","extensive-intensive","false","false","23","1","9","1000","1000000","13135"
"1762","true","extensive-intensive","false","false","23","1","9","1000","1000000","13295"
"1763","true","extensive-intensive","false","false","23","1","9","1000","1000000","13305"
"1764","true","extensive-intensive","false","false","23","1","9","1000","1000000","13295"
"1765","true","extensive-intensive","false","false","23","1","9","1000","1000000","13264"
"1766","true","extensive-intensive","false","false","23","1","9","1000","1000000","13309"
"1767","true","extensive-intensive","false","false","23","1","9","1000","1000000","13389"
"1768","true","extensive-intensive","false","false","23","1","9","1000","1000000","12901"
"1769","true","extensive-intensive","false","false","23","1","9","1000","1000000","13017"
"1770","true","extensive-intensive","false","false","23","1","9","1000","1000000","13149"
"1771","true","extensive-intensive","false","false","23","1","9","1000","1000000","13362"
"1772","true","extensive-intensive","false","false","23","1","9","1000","1000000","13317"
"1773","true","extensive-intensive","false","false","23","1","9","1000","1000000","13497"
"1774","true","extensive-intensive","false","false","23","1","9","1000","1000000","12996"
"1775","true","extensive-intensive","false","false","23","1","9","1000","1000000","12844"
"1776","true","extensive-intensive","false","false","23","1","9","1000","1000000","13081"
"1777","true","extensive-intensive","false","false","23","1","9","1000","1000000","13327"
"1778","true","extensive-intensive","false","false","23","1","9","1000","1000000","13265"
"1780","true","extensive-intensive","false","false","23","1","9","1000","1000000","13447"
"1779","true","extensive-intensive","false","false","23","1","9","1000","1000000","13282"
"1781","true","extensive-intensive","false","false","23","1","9","1000","1000000","13250"
"1782","true","extensive-intensive","false","false","23","1","9","1000","1000000","12943"
"1783","true","extensive-intensive","false","false","23","1","9","1000","1000000","13430"
"1784","true","extensive-intensive","false","false","23","1","9","1000","1000000","13278"
"1785","true","extensive-intensive","false","false","23","1","9","1000","1000000","12925"
"1786","true","extensive-intensive","false","false","23","1","9","1000","1000000","12915"
"1787","true","extensive-intensive","false","false","23","1","9","1000","1000000","13018"
"1789","true","extensive-intensive","false","false","23","1","9","1000","1000000","13424"
"1788","true","extensive-intensive","false","false","23","1","9","1000","1000000","13121"
"1790","true","extensive-intensive","false","false","23","1","9","1000","1000000","13320"
"1791","true","extensive-intensive","false","false","23","1","9","1000","1000000","13458"
"1792","true","extensive-intensive","false","false","23","1","9","1000","1000000","13018"
"1793","true","extensive-intensive","false","false","23","1","9","1000","1000000","13132"
"1794","true","extensive-intensive","false","false","23","1","9","1000","1000000","13219"
"1795","true","extensive-intensive","false","false","23","1","9","1000","1000000","12737"
"1796","true","extensive-intensive","false","false","23","1","9","1000","1000000","13182"
"1797","true","extensive-intensive","false","false","23","1","9","1000","1000000","13155"
"1798","true","extensive-intensive","false","false","23","1","9","1000","1000000","13007"
"1799","true","extensive-intensive","false","false","23","1","9","1000","1000000","12708"
"1800","true","extensive-intensive","false","false","23","1","9","1000","1000000","12808"
"1801","true","extensive-intensive","false","false","24","1000","9","1000","1000000","11365"
"1802","true","extensive-intensive","false","false","24","1000","9","1000","1000000","11347"
"1803","true","extensive-intensive","false","false","24","1000","9","1000","1000000","11370"
"1804","true","extensive-intensive","false","false","24","1000","9","1000","1000000","11592"
"1805","true","extensive-intensive","false","false","24","1000","9","1000","1000000","11363"
"1806","true","extensive-intensive","false","false","24","1000","9","1000","1000000","11431"
"1807","true","extensive-intensive","false","false","24","1000","9","1000","1000000","11319"
"1808","true","extensive-intensive","false","false","24","1000","9","1000","1000000","11483"
"1810","true","extensive-intensive","false","false","24","1000","9","1000","1000000","11498"
"1809","true","extensive-intensive","false","false","24","1000","9","1000","1000000","11388"
"1811","true","extensive-intensive","false","false","24","1000","9","1000","1000000","11285"
"1812","true","extensive-intensive","false","false","24","1000","9","1000","1000000","11450"
"1813","true","extensive-intensive","false","false","24","1000","9","1000","1000000","11418"
"1814","true","extensive-intensive","false","false","24","1000","9","1000","1000000","11521"
"1815","true","extensive-intensive","false","false","24","1000","9","1000","1000000","11368"
"1816","true","extensive-intensive","false","false","24","1000","9","1000","1000000","11403"
"1817","true","extensive-intensive","false","false","24","1000","9","1000","1000000","11341"
"1818","true","extensive-intensive","false","false","24","1000","9","1000","1000000","11438"
"1819","true","extensive-intensive","false","false","24","1000","9","1000","1000000","11378"
"1820","true","extensive-intensive","false","false","24","1000","9","1000","1000000","11167"
"1821","true","extensive-intensive","false","false","24","1000","9","1000","1000000","11272"
"1822","true","extensive-intensive","false","false","24","1000","9","1000","1000000","11477"
"1823","true","extensive-intensive","false","false","24","1000","9","1000","1000000","11352"
"1824","true","extensive-intensive","false","false","24","1000","9","1000","1000000","11476"
"1825","true","extensive-intensive","false","false","24","1000","9","1000","1000000","11531"
"1826","true","extensive-intensive","false","false","24","1000","9","1000","1000000","11361"
"1827","true","extensive-intensive","false","false","24","1000","9","1000","1000000","11346"
"1828","true","extensive-intensive","false","false","24","1000","9","1000","1000000","11109"
"1829","true","extensive-intensive","false","false","24","1000","9","1000","1000000","11479"
"1830","true","extensive-intensive","false","false","24","1000","9","1000","1000000","11335"
"1831","true","extensive-intensive","false","false","24","1000","9","1000","1000000","11218"
"1832","true","extensive-intensive","false","false","24","1000","9","1000","1000000","11519"
"1833","true","extensive-intensive","false","false","24","1000","9","1000","1000000","11244"
"1834","true","extensive-intensive","false","false","24","1000","9","1000","1000000","11179"
"1835","true","extensive-intensive","false","false","24","1000","9","1000","1000000","11436"
"1837","true","extensive-intensive","false","false","24","1000","9","1000","1000000","11326"
"1836","true","extensive-intensive","false","false","24","1000","9","1000","1000000","11448"
"1838","true","extensive-intensive","false","false","24","1000","9","1000","1000000","11359"
"1839","true","extensive-intensive","false","false","24","1000","9","1000","1000000","11370"
"1840","true","extensive-intensive","false","false","24","1000","9","1000","1000000","11402"
"1841","true","extensive-intensive","false","false","24","1000","9","1000","1000000","11241"
"1842","true","extensive-intensive","false","false","24","1000","9","1000","1000000","11354"
"1843","true","extensive-intensive","false","false","24","1000","9","1000","1000000","11409"
"1844","true","extensive-intensive","false","false","24","1000","9","1000","1000000","11333"
"1845","true","extensive-intensive","false","false","24","1000","9","1000","1000000","11325"
"1846","true","extensive-intensive","false","false","24","1000","9","1000","1000000","11225"
"1847","true","extensive-intensive","false","false","24","1000","9","1000","1000000","11419"
"1848","true","extensive-intensive","false","false","24","1000","9","1000","1000000","11344"
"1849","true","extensive-intensive","false","false","24","1000","9","1000","1000000","11414"
"1851","true","extensive-intensive","false","false","24","1000","9","1000","1000000","11419"
"1850","true","extensive-intensive","false","false","24","1000","9","1000","1000000","11269"
"1852","true","extensive-intensive","false","false","24","1000","9","1000","1000000","11397"
"1853","true","extensive-intensive","false","false","24","1000","9","1000","1000000","11347"
"1854","true","extensive-intensive","false","false","24","1000","9","1000","1000000","11549"
"1855","true","extensive-intensive","false","false","24","1000","9","1000","1000000","11431"
"1856","true","extensive-intensive","false","false","24","1000","9","1000","1000000","11426"
"1857","true","extensive-intensive","false","false","24","1000","9","1000","1000000","11277"
"1859","true","extensive-intensive","false","false","24","1000","9","1000","1000000","11233"
"1858","true","extensive-intensive","false","false","24","1000","9","1000","1000000","11439"
"1861","true","extensive-intensive","false","false","24","1","9","1000","1000000","19644"
"1860","true","extensive-intensive","false","false","24","1000","9","1000","1000000","11573"
"1862","true","extensive-intensive","false","false","24","1","9","1000","1000000","20012"
"1863","true","extensive-intensive","false","false","24","1","9","1000","1000000","19283"
"1864","true","extensive-intensive","false","false","24","1","9","1000","1000000","19613"
"1865","true","extensive-intensive","false","false","24","1","9","1000","1000000","19168"
"1866","true","extensive-intensive","false","false","24","1","9","1000","1000000","19552"
"1868","true","extensive-intensive","false","false","24","1","9","1000","1000000","19253"
"1867","true","extensive-intensive","false","false","24","1","9","1000","1000000","19707"
"1869","true","extensive-intensive","false","false","24","1","9","1000","1000000","19996"
"1870","true","extensive-intensive","false","false","24","1","9","1000","1000000","19682"
"1871","true","extensive-intensive","false","false","24","1","9","1000","1000000","19280"
"1872","true","extensive-intensive","false","false","24","1","9","1000","1000000","19748"
"1873","true","extensive-intensive","false","false","24","1","9","1000","1000000","19845"
"1874","true","extensive-intensive","false","false","24","1","9","1000","1000000","19915"
"1875","true","extensive-intensive","false","false","24","1","9","1000","1000000","19916"
"1876","true","extensive-intensive","false","false","24","1","9","1000","1000000","19570"
"1877","true","extensive-intensive","false","false","24","1","9","1000","1000000","19397"
"1878","true","extensive-intensive","false","false","24","1","9","1000","1000000","19979"
"1879","true","extensive-intensive","false","false","24","1","9","1000","1000000","19700"
"1880","true","extensive-intensive","false","false","24","1","9","1000","1000000","20219"
"1881","true","extensive-intensive","false","false","24","1","9","1000","1000000","19461"
"1883","true","extensive-intensive","false","false","24","1","9","1000","1000000","19827"
"1882","true","extensive-intensive","false","false","24","1","9","1000","1000000","19435"
"1884","true","extensive-intensive","false","false","24","1","9","1000","1000000","19302"
"1885","true","extensive-intensive","false","false","24","1","9","1000","1000000","19651"
"1886","true","extensive-intensive","false","false","24","1","9","1000","1000000","19529"
"1887","true","extensive-intensive","false","false","24","1","9","1000","1000000","19438"
"1888","true","extensive-intensive","false","false","24","1","9","1000","1000000","19675"
"1889","true","extensive-intensive","false","false","24","1","9","1000","1000000","19507"
"1890","true","extensive-intensive","false","false","24","1","9","1000","1000000","19777"
"1891","true","extensive-intensive","false","false","24","1","9","1000","1000000","19788"
"1892","true","extensive-intensive","false","false","24","1","9","1000","1000000","19930"
"1893","true","extensive-intensive","false","false","24","1","9","1000","1000000","19815"
"1894","true","extensive-intensive","false","false","24","1","9","1000","1000000","19601"
"1895","true","extensive-intensive","false","false","24","1","9","1000","1000000","20012"
"1896","true","extensive-intensive","false","false","24","1","9","1000","1000000","19601"
"1898","true","extensive-intensive","false","false","24","1","9","1000","1000000","20054"
"1897","true","extensive-intensive","false","false","24","1","9","1000","1000000","19692"
"1899","true","extensive-intensive","false","false","24","1","9","1000","1000000","19668"
"1900","true","extensive-intensive","false","false","24","1","9","1000","1000000","19728"
"1901","true","extensive-intensive","false","false","24","1","9","1000","1000000","19589"
"1902","true","extensive-intensive","false","false","24","1","9","1000","1000000","19516"
"1903","true","extensive-intensive","false","false","24","1","9","1000","1000000","19938"
"1904","true","extensive-intensive","false","false","24","1","9","1000","1000000","19382"
"1905","true","extensive-intensive","false","false","24","1","9","1000","1000000","19024"
"1906","true","extensive-intensive","false","false","24","1","9","1000","1000000","19617"
"1908","true","extensive-intensive","false","false","24","1","9","1000","1000000","19960"
"1907","true","extensive-intensive","false","false","24","1","9","1000","1000000","19591"
"1909","true","extensive-intensive","false","false","24","1","9","1000","1000000","19512"
"1911","true","extensive-intensive","false","false","24","1","9","1000","1000000","19854"
"1910","true","extensive-intensive","false","false","24","1","9","1000","1000000","19013"
"1912","true","extensive-intensive","false","false","24","1","9","1000","1000000","19033"
"1913","true","extensive-intensive","false","false","24","1","9","1000","1000000","19203"
"1914","true","extensive-intensive","false","false","24","1","9","1000","1000000","20178"
"1915","true","extensive-intensive","false","false","24","1","9","1000","1000000","19397"
"1917","true","extensive-intensive","false","false","24","1","9","1000","1000000","19391"
"1916","true","extensive-intensive","false","false","24","1","9","1000","1000000","20205"
"1918","true","extensive-intensive","false","false","24","1","9","1000","1000000","19421"
"1919","true","extensive-intensive","false","false","24","1","9","1000","1000000","19416"
"1920","true","extensive-intensive","false","false","24","1","9","1000","1000000","19835"
"1922","true","extensive-intensive","false","false","25","1000","9","1000","1000000","15177"
"1921","true","extensive-intensive","false","false","25","1000","9","1000","1000000","15225"
"1923","true","extensive-intensive","false","false","25","1000","9","1000","1000000","14971"
"1925","true","extensive-intensive","false","false","25","1000","9","1000","1000000","15354"
"1924","true","extensive-intensive","false","false","25","1000","9","1000","1000000","15093"
"1927","true","extensive-intensive","false","false","25","1000","9","1000","1000000","14966"
"1926","true","extensive-intensive","false","false","25","1000","9","1000","1000000","15194"
"1928","true","extensive-intensive","false","false","25","1000","9","1000","1000000","15154"
"1929","true","extensive-intensive","false","false","25","1000","9","1000","1000000","15287"
"1930","true","extensive-intensive","false","false","25","1000","9","1000","1000000","15367"
"1931","true","extensive-intensive","false","false","25","1000","9","1000","1000000","15319"
"1932","true","extensive-intensive","false","false","25","1000","9","1000","1000000","15300"
"1933","true","extensive-intensive","false","false","25","1000","9","1000","1000000","15315"
"1934","true","extensive-intensive","false","false","25","1000","9","1000","1000000","15259"
"1935","true","extensive-intensive","false","false","25","1000","9","1000","1000000","15157"
"1936","true","extensive-intensive","false","false","25","1000","9","1000","1000000","15429"
"1937","true","extensive-intensive","false","false","25","1000","9","1000","1000000","15035"
"1938","true","extensive-intensive","false","false","25","1000","9","1000","1000000","15139"
"1939","true","extensive-intensive","false","false","25","1000","9","1000","1000000","15114"
"1941","true","extensive-intensive","false","false","25","1000","9","1000","1000000","15216"
"1940","true","extensive-intensive","false","false","25","1000","9","1000","1000000","15188"
"1942","true","extensive-intensive","false","false","25","1000","9","1000","1000000","15393"
"1943","true","extensive-intensive","false","false","25","1000","9","1000","1000000","15030"
"1944","true","extensive-intensive","false","false","25","1000","9","1000","1000000","15367"
"1945","true","extensive-intensive","false","false","25","1000","9","1000","1000000","15057"
"1946","true","extensive-intensive","false","false","25","1000","9","1000","1000000","15284"
"1947","true","extensive-intensive","false","false","25","1000","9","1000","1000000","15182"
"1948","true","extensive-intensive","false","false","25","1000","9","1000","1000000","15118"
"1949","true","extensive-intensive","false","false","25","1000","9","1000","1000000","15293"
"1950","true","extensive-intensive","false","false","25","1000","9","1000","1000000","15244"
"1951","true","extensive-intensive","false","false","25","1000","9","1000","1000000","15173"
"1952","true","extensive-intensive","false","false","25","1000","9","1000","1000000","15220"
"1953","true","extensive-intensive","false","false","25","1000","9","1000","1000000","15196"
"1954","true","extensive-intensive","false","false","25","1000","9","1000","1000000","15042"
"1955","true","extensive-intensive","false","false","25","1000","9","1000","1000000","15176"
"1956","true","extensive-intensive","false","false","25","1000","9","1000","1000000","15231"
"1957","true","extensive-intensive","false","false","25","1000","9","1000","1000000","15096"
"1960","true","extensive-intensive","false","false","25","1000","9","1000","1000000","14894"
"1958","true","extensive-intensive","false","false","25","1000","9","1000","1000000","15184"
"1959","true","extensive-intensive","false","false","25","1000","9","1000","1000000","15070"
"1962","true","extensive-intensive","false","false","25","1000","9","1000","1000000","15338"
"1961","true","extensive-intensive","false","false","25","1000","9","1000","1000000","15131"
"1965","true","extensive-intensive","false","false","25","1000","9","1000","1000000","15190"
"1963","true","extensive-intensive","false","false","25","1000","9","1000","1000000","15389"
"1964","true","extensive-intensive","false","false","25","1000","9","1000","1000000","15329"
"1966","true","extensive-intensive","false","false","25","1000","9","1000","1000000","14907"
"1968","true","extensive-intensive","false","false","25","1000","9","1000","1000000","15144"
"1967","true","extensive-intensive","false","false","25","1000","9","1000","1000000","15488"
"1969","true","extensive-intensive","false","false","25","1000","9","1000","1000000","15279"
"1970","true","extensive-intensive","false","false","25","1000","9","1000","1000000","14920"
"1972","true","extensive-intensive","false","false","25","1000","9","1000","1000000","15130"
"1971","true","extensive-intensive","false","false","25","1000","9","1000","1000000","15241"
"1973","true","extensive-intensive","false","false","25","1000","9","1000","1000000","15287"
"1974","true","extensive-intensive","false","false","25","1000","9","1000","1000000","15167"
"1975","true","extensive-intensive","false","false","25","1000","9","1000","1000000","14980"
"1976","true","extensive-intensive","false","false","25","1000","9","1000","1000000","15530"
"1977","true","extensive-intensive","false","false","25","1000","9","1000","1000000","15234"
"1978","true","extensive-intensive","false","false","25","1000","9","1000","1000000","15238"
"1981","true","extensive-intensive","false","false","25","1","9","1000","1000000","26236"
"1982","true","extensive-intensive","false","false","25","1","9","1000","1000000","26051"
"1983","true","extensive-intensive","false","false","25","1","9","1000","1000000","25572"
"1979","true","extensive-intensive","false","false","25","1000","9","1000","1000000","15238"
"1980","true","extensive-intensive","false","false","25","1000","9","1000","1000000","15205"
"1984","true","extensive-intensive","false","false","25","1","9","1000","1000000","26004"
"1985","true","extensive-intensive","false","false","25","1","9","1000","1000000","26351"
"1986","true","extensive-intensive","false","false","25","1","9","1000","1000000","26094"
"1987","true","extensive-intensive","false","false","25","1","9","1000","1000000","26121"
"1988","true","extensive-intensive","false","false","25","1","9","1000","1000000","25843"
"1989","true","extensive-intensive","false","false","25","1","9","1000","1000000","25817"
"1990","true","extensive-intensive","false","false","25","1","9","1000","1000000","25866"
"1991","true","extensive-intensive","false","false","25","1","9","1000","1000000","26096"
"1992","true","extensive-intensive","false","false","25","1","9","1000","1000000","26564"
"1993","true","extensive-intensive","false","false","25","1","9","1000","1000000","25531"
"1994","true","extensive-intensive","false","false","25","1","9","1000","1000000","26907"
"1995","true","extensive-intensive","false","false","25","1","9","1000","1000000","26166"
"1996","true","extensive-intensive","false","false","25","1","9","1000","1000000","25729"
"1997","true","extensive-intensive","false","false","25","1","9","1000","1000000","26591"
"1999","true","extensive-intensive","false","false","25","1","9","1000","1000000","26461"
"1998","true","extensive-intensive","false","false","25","1","9","1000","1000000","26617"
"2000","true","extensive-intensive","false","false","25","1","9","1000","1000000","26031"
"2001","true","extensive-intensive","false","false","25","1","9","1000","1000000","26301"
"2002","true","extensive-intensive","false","false","25","1","9","1000","1000000","25900"
"2003","true","extensive-intensive","false","false","25","1","9","1000","1000000","26014"
"2004","true","extensive-intensive","false","false","25","1","9","1000","1000000","26363"
"2005","true","extensive-intensive","false","false","25","1","9","1000","1000000","26592"
"2006","true","extensive-intensive","false","false","25","1","9","1000","1000000","25892"
"2007","true","extensive-intensive","false","false","25","1","9","1000","1000000","25760"
"2008","true","extensive-intensive","false","false","25","1","9","1000","1000000","25799"
"2009","true","extensive-intensive","false","false","25","1","9","1000","1000000","25948"
"2010","true","extensive-intensive","false","false","25","1","9","1000","1000000","25844"
"2011","true","extensive-intensive","false","false","25","1","9","1000","1000000","26176"
"2012","true","extensive-intensive","false","false","25","1","9","1000","1000000","25675"
"2013","true","extensive-intensive","false","false","25","1","9","1000","1000000","26254"
"2014","true","extensive-intensive","false","false","25","1","9","1000","1000000","25997"
"2015","true","extensive-intensive","false","false","25","1","9","1000","1000000","25763"
"2016","true","extensive-intensive","false","false","25","1","9","1000","1000000","26362"
"2017","true","extensive-intensive","false","false","25","1","9","1000","1000000","25562"
"2018","true","extensive-intensive","false","false","25","1","9","1000","1000000","26137"
"2019","true","extensive-intensive","false","false","25","1","9","1000","1000000","26216"
"2020","true","extensive-intensive","false","false","25","1","9","1000","1000000","25484"
"2022","true","extensive-intensive","false","false","25","1","9","1000","1000000","26782"
"2021","true","extensive-intensive","false","false","25","1","9","1000","1000000","26515"
"2023","true","extensive-intensive","false","false","25","1","9","1000","1000000","25286"
"2024","true","extensive-intensive","false","false","25","1","9","1000","1000000","26520"
"2025","true","extensive-intensive","false","false","25","1","9","1000","1000000","25328"
"2026","true","extensive-intensive","false","false","25","1","9","1000","1000000","26701"
"2027","true","extensive-intensive","false","false","25","1","9","1000","1000000","25245"
"2028","true","extensive-intensive","false","false","25","1","9","1000","1000000","26380"
"2030","true","extensive-intensive","false","false","25","1","9","1000","1000000","25980"
"2029","true","extensive-intensive","false","false","25","1","9","1000","1000000","26322"
"2031","true","extensive-intensive","false","false","25","1","9","1000","1000000","25931"
"2032","true","extensive-intensive","false","false","25","1","9","1000","1000000","25639"
"2033","true","extensive-intensive","false","false","25","1","9","1000","1000000","26199"
"2034","true","extensive-intensive","false","false","25","1","9","1000","1000000","26025"
"2035","true","extensive-intensive","false","false","25","1","9","1000","1000000","26455"
"2036","true","extensive-intensive","false","false","25","1","9","1000","1000000","26058"
"2039","true","extensive-intensive","false","false","25","1","9","1000","1000000","25941"
"2037","true","extensive-intensive","false","false","25","1","9","1000","1000000","26705"
"2038","true","extensive-intensive","false","false","25","1","9","1000","1000000","26640"
"2040","true","extensive-intensive","false","false","25","1","9","1000","1000000","26386"
"2041","true","extensive-intensive","false","false","26","1000","9","1000","1000000","18595"
"2042","true","extensive-intensive","false","false","26","1000","9","1000","1000000","18464"
"2043","true","extensive-intensive","false","false","26","1000","9","1000","1000000","18436"
"2044","true","extensive-intensive","false","false","26","1000","9","1000","1000000","18525"
"2045","true","extensive-intensive","false","false","26","1000","9","1000","1000000","18312"
"2047","true","extensive-intensive","false","false","26","1000","9","1000","1000000","18527"
"2046","true","extensive-intensive","false","false","26","1000","9","1000","1000000","18428"
"2048","true","extensive-intensive","false","false","26","1000","9","1000","1000000","18704"
"2049","true","extensive-intensive","false","false","26","1000","9","1000","1000000","18246"
"2050","true","extensive-intensive","false","false","26","1000","9","1000","1000000","18563"
"2051","true","extensive-intensive","false","false","26","1000","9","1000","1000000","18479"
"2052","true","extensive-intensive","false","false","26","1000","9","1000","1000000","18537"
"2053","true","extensive-intensive","false","false","26","1000","9","1000","1000000","18609"
"2054","true","extensive-intensive","false","false","26","1000","9","1000","1000000","18441"
"2055","true","extensive-intensive","false","false","26","1000","9","1000","1000000","18223"
"2056","true","extensive-intensive","false","false","26","1000","9","1000","1000000","18624"
"2057","true","extensive-intensive","false","false","26","1000","9","1000","1000000","18474"
"2058","true","extensive-intensive","false","false","26","1000","9","1000","1000000","18673"
"2059","true","extensive-intensive","false","false","26","1000","9","1000","1000000","18348"
"2060","true","extensive-intensive","false","false","26","1000","9","1000","1000000","18597"
"2061","true","extensive-intensive","false","false","26","1000","9","1000","1000000","18596"
"2062","true","extensive-intensive","false","false","26","1000","9","1000","1000000","18610"
"2063","true","extensive-intensive","false","false","26","1000","9","1000","1000000","18802"
"2064","true","extensive-intensive","false","false","26","1000","9","1000","1000000","18747"
"2065","true","extensive-intensive","false","false","26","1000","9","1000","1000000","18594"
"2066","true","extensive-intensive","false","false","26","1000","9","1000","1000000","18385"
"2067","true","extensive-intensive","false","false","26","1000","9","1000","1000000","18417"
"2068","true","extensive-intensive","false","false","26","1000","9","1000","1000000","18631"
"2069","true","extensive-intensive","false","false","26","1000","9","1000","1000000","18520"
"2070","true","extensive-intensive","false","false","26","1000","9","1000","1000000","18565"
"2071","true","extensive-intensive","false","false","26","1000","9","1000","1000000","18845"
"2072","true","extensive-intensive","false","false","26","1000","9","1000","1000000","18681"
"2073","true","extensive-intensive","false","false","26","1000","9","1000","1000000","18774"
"2074","true","extensive-intensive","false","false","26","1000","9","1000","1000000","18505"
"2075","true","extensive-intensive","false","false","26","1000","9","1000","1000000","18381"
"2076","true","extensive-intensive","false","false","26","1000","9","1000","1000000","18652"
"2077","true","extensive-intensive","false","false","26","1000","9","1000","1000000","18566"
"2078","true","extensive-intensive","false","false","26","1000","9","1000","1000000","18710"
"2079","true","extensive-intensive","false","false","26","1000","9","1000","1000000","18660"
"2080","true","extensive-intensive","false","false","26","1000","9","1000","1000000","18703"
"2081","true","extensive-intensive","false","false","26","1000","9","1000","1000000","18589"
"2082","true","extensive-intensive","false","false","26","1000","9","1000","1000000","18498"
"2083","true","extensive-intensive","false","false","26","1000","9","1000","1000000","18377"
"2084","true","extensive-intensive","false","false","26","1000","9","1000","1000000","18923"
"2085","true","extensive-intensive","false","false","26","1000","9","1000","1000000","18616"
"2087","true","extensive-intensive","false","false","26","1000","9","1000","1000000","18842"
"2086","true","extensive-intensive","false","false","26","1000","9","1000","1000000","18667"
"2088","true","extensive-intensive","false","false","26","1000","9","1000","1000000","18465"
"2089","true","extensive-intensive","false","false","26","1000","9","1000","1000000","18376"
"2090","true","extensive-intensive","false","false","26","1000","9","1000","1000000","18539"
"2091","true","extensive-intensive","false","false","26","1000","9","1000","1000000","18792"
"2092","true","extensive-intensive","false","false","26","1000","9","1000","1000000","18457"
"2093","true","extensive-intensive","false","false","26","1000","9","1000","1000000","18534"
"2094","true","extensive-intensive","false","false","26","1000","9","1000","1000000","18646"
"2095","true","extensive-intensive","false","false","26","1000","9","1000","1000000","18722"
"2096","true","extensive-intensive","false","false","26","1000","9","1000","1000000","18569"
"2097","true","extensive-intensive","false","false","26","1000","9","1000","1000000","18441"
"2098","true","extensive-intensive","false","false","26","1000","9","1000","1000000","18726"
"2099","true","extensive-intensive","false","false","26","1000","9","1000","1000000","18183"
"2101","true","extensive-intensive","false","false","26","1","9","1000","1000000","32432"
"2100","true","extensive-intensive","false","false","26","1000","9","1000","1000000","18558"
"2103","true","extensive-intensive","false","false","26","1","9","1000","1000000","31627"
"2102","true","extensive-intensive","false","false","26","1","9","1000","1000000","32517"
"2104","true","extensive-intensive","false","false","26","1","9","1000","1000000","31263"
"2105","true","extensive-intensive","false","false","26","1","9","1000","1000000","32043"
"2106","true","extensive-intensive","false","false","26","1","9","1000","1000000","31176"
"2107","true","extensive-intensive","false","false","26","1","9","1000","1000000","31969"
"2109","true","extensive-intensive","false","false","26","1","9","1000","1000000","32149"
"2108","true","extensive-intensive","false","false","26","1","9","1000","1000000","31383"
"2110","true","extensive-intensive","false","false","26","1","9","1000","1000000","32196"
"2111","true","extensive-intensive","false","false","26","1","9","1000","1000000","32199"
"2112","true","extensive-intensive","false","false","26","1","9","1000","1000000","32134"
"2113","true","extensive-intensive","false","false","26","1","9","1000","1000000","32819"
"2114","true","extensive-intensive","false","false","26","1","9","1000","1000000","31642"
"2115","true","extensive-intensive","false","false","26","1","9","1000","1000000","31815"
"2116","true","extensive-intensive","false","false","26","1","9","1000","1000000","31053"
"2117","true","extensive-intensive","false","false","26","1","9","1000","1000000","31853"
"2118","true","extensive-intensive","false","false","26","1","9","1000","1000000","32043"
"2119","true","extensive-intensive","false","false","26","1","9","1000","1000000","30471"
"2120","true","extensive-intensive","false","false","26","1","9","1000","1000000","31290"
"2121","true","extensive-intensive","false","false","26","1","9","1000","1000000","31784"
"2122","true","extensive-intensive","false","false","26","1","9","1000","1000000","31940"
"2123","true","extensive-intensive","false","false","26","1","9","1000","1000000","31073"
"2124","true","extensive-intensive","false","false","26","1","9","1000","1000000","31728"
"2125","true","extensive-intensive","false","false","26","1","9","1000","1000000","31761"
"2126","true","extensive-intensive","false","false","26","1","9","1000","1000000","32762"
"2127","true","extensive-intensive","false","false","26","1","9","1000","1000000","31331"
"2128","true","extensive-intensive","false","false","26","1","9","1000","1000000","32530"
"2129","true","extensive-intensive","false","false","26","1","9","1000","1000000","32222"
"2130","true","extensive-intensive","false","false","26","1","9","1000","1000000","31522"
"2132","true","extensive-intensive","false","false","26","1","9","1000","1000000","32095"
"2131","true","extensive-intensive","false","false","26","1","9","1000","1000000","32389"
"2133","true","extensive-intensive","false","false","26","1","9","1000","1000000","32048"
"2134","true","extensive-intensive","false","false","26","1","9","1000","1000000","32034"
"2135","true","extensive-intensive","false","false","26","1","9","1000","1000000","32231"
"2136","true","extensive-intensive","false","false","26","1","9","1000","1000000","32370"
"2137","true","extensive-intensive","false","false","26","1","9","1000","1000000","32274"
"2138","true","extensive-intensive","false","false","26","1","9","1000","1000000","32913"
"2139","true","extensive-intensive","false","false","26","1","9","1000","1000000","32251"
"2140","true","extensive-intensive","false","false","26","1","9","1000","1000000","32218"
"2141","true","extensive-intensive","false","false","26","1","9","1000","1000000","31324"
"2142","true","extensive-intensive","false","false","26","1","9","1000","1000000","32507"
"2143","true","extensive-intensive","false","false","26","1","9","1000","1000000","31911"
"2144","true","extensive-intensive","false","false","26","1","9","1000","1000000","31104"
"2145","true","extensive-intensive","false","false","26","1","9","1000","1000000","32739"
"2146","true","extensive-intensive","false","false","26","1","9","1000","1000000","31478"
"2147","true","extensive-intensive","false","false","26","1","9","1000","1000000","31774"
"2148","true","extensive-intensive","false","false","26","1","9","1000","1000000","32460"
"2149","true","extensive-intensive","false","false","26","1","9","1000","1000000","31128"
"2150","true","extensive-intensive","false","false","26","1","9","1000","1000000","31541"
"2151","true","extensive-intensive","false","false","26","1","9","1000","1000000","31381"
"2152","true","extensive-intensive","false","false","26","1","9","1000","1000000","32460"
"2153","true","extensive-intensive","false","false","26","1","9","1000","1000000","31575"
"2155","true","extensive-intensive","false","false","26","1","9","1000","1000000","31328"
"2154","true","extensive-intensive","false","false","26","1","9","1000","1000000","32377"
"2158","true","extensive-intensive","false","false","26","1","9","1000","1000000","31466"
"2156","true","extensive-intensive","false","false","26","1","9","1000","1000000","31724"
"2157","true","extensive-intensive","false","false","26","1","9","1000","1000000","31669"
"2159","true","extensive-intensive","false","false","26","1","9","1000","1000000","31670"
"2160","true","extensive-intensive","false","false","26","1","9","1000","1000000","31318"
