"BehaviorSpace results (NetLogo 7.0.4)","Table version 2.0"
"plaice-search-model.nlogox"
"extensive-intensive"
"10/01/2026 06:01:10:955 -0700"
"min-pxcor","max-pxcor","min-pycor","max-pycor"
"0","71","0","71"
"[run number]","use-scenario?","search-tactic","pen-down?","scenario","regeneration-time","response-radius","[step]","ticks","sum [prey-captured] of predators"
"4","true","extensive-intensive","false","1","1000","9","1000","1000000","18828"
"2","true","extensive-intensive","false","1","1000","9","1000","1000000","18862"
"7","true","extensive-intensive","false","1","1000","9","1000","1000000","18652"
"1","true","extensive-intensive","false","1","1000","9","1000","1000000","18485"
"3","true","extensive-intensive","false","1","1000","9","1000","1000000","18807"
"6","true","extensive-intensive","false","1","1000","9","1000","1000000","18635"
"5","true","extensive-intensive","false","1","1000","9","1000","1000000","18412"
"8","true","extensive-intensive","false","1","1000","9","1000","1000000","19107"
"13","true","extensive-intensive","false","1","1000","9","1000","1000000","18188"
"9","true","extensive-intensive","false","1","1000","9","1000","1000000","18887"
"14","true","extensive-intensive","false","1","1000","9","1000","1000000","18824"
"10","true","extensive-intensive","false","1","1000","9","1000","1000000","18683"
"15","true","extensive-intensive","false","1","1000","9","1000","1000000","18925"
"16","true","extensive-intensive","false","1","1000","9","1000","1000000","18609"
"12","true","extensive-intensive","false","1","1000","9","1000","1000000","18627"
"11","true","extensive-intensive","false","1","1000","9","1000","1000000","18204"
"17","true","extensive-intensive","false","1","1000","9","1000","1000000","18669"
"21","true","extensive-intensive","false","1","1000","9","1000","1000000","18891"
"19","true","extensive-intensive","false","1","1000","9","1000","1000000","19059"
"18","true","extensive-intensive","false","1","1000","9","1000","1000000","18612"
"20","true","extensive-intensive","false","1","1000","9","1000","1000000","18891"
"22","true","extensive-intensive","false","1","1000","9","1000","1000000","19123"
"23","true","extensive-intensive","false","1","1000","9","1000","1000000","18499"
"24","true","extensive-intensive","false","1","1000","9","1000","1000000","18765"
"25","true","extensive-intensive","false","1","1000","9","1000","1000000","18491"
"27","true","extensive-intensive","false","1","1000","9","1000","1000000","18599"
"28","true","extensive-intensive","false","1","1000","9","1000","1000000","19030"
"26","true","extensive-intensive","false","1","1000","9","1000","1000000","18898"
"29","true","extensive-intensive","false","1","1000","9","1000","1000000","18698"
"30","true","extensive-intensive","false","1","1000","9","1000","1000000","18350"
"31","true","extensive-intensive","false","1","1000","9","1000","1000000","18646"
"32","true","extensive-intensive","false","1","1000","9","1000","1000000","19035"
"33","true","extensive-intensive","false","1","1000","9","1000","1000000","18823"
"34","true","extensive-intensive","false","1","1000","9","1000","1000000","18567"
"35","true","extensive-intensive","false","1","1000","9","1000","1000000","18288"
"37","true","extensive-intensive","false","1","1000","9","1000","1000000","18141"
"36","true","extensive-intensive","false","1","1000","9","1000","1000000","18581"
"38","true","extensive-intensive","false","1","1000","9","1000","1000000","18652"
"40","true","extensive-intensive","false","1","1000","9","1000","1000000","18724"
"39","true","extensive-intensive","false","1","1000","9","1000","1000000","18905"
"41","true","extensive-intensive","false","1","1000","9","1000","1000000","18734"
"43","true","extensive-intensive","false","1","1000","9","1000","1000000","18696"
"42","true","extensive-intensive","false","1","1000","9","1000","1000000","18604"
"45","true","extensive-intensive","false","1","1000","9","1000","1000000","18431"
"44","true","extensive-intensive","false","1","1000","9","1000","1000000","18881"
"46","true","extensive-intensive","false","1","1000","9","1000","1000000","18869"
"47","true","extensive-intensive","false","1","1000","9","1000","1000000","19082"
"48","true","extensive-intensive","false","1","1000","9","1000","1000000","18322"
"49","true","extensive-intensive","false","1","1000","9","1000","1000000","18739"
"50","true","extensive-intensive","false","1","1000","9","1000","1000000","19294"
"51","true","extensive-intensive","false","1","1000","9","1000","1000000","19299"
"52","true","extensive-intensive","false","1","1000","9","1000","1000000","18815"
"54","true","extensive-intensive","false","1","1000","9","1000","1000000","18646"
"53","true","extensive-intensive","false","1","1000","9","1000","1000000","18846"
"55","true","extensive-intensive","false","1","1000","9","1000","1000000","18628"
"56","true","extensive-intensive","false","1","1000","9","1000","1000000","18409"
"57","true","extensive-intensive","false","1","1000","9","1000","1000000","18834"
"61","true","extensive-intensive","false","1","1","9","1000","1000000","28132"
"62","true","extensive-intensive","false","1","1","9","1000","1000000","28815"
"63","true","extensive-intensive","false","1","1","9","1000","1000000","28600"
"58","true","extensive-intensive","false","1","1000","9","1000","1000000","18662"
"60","true","extensive-intensive","false","1","1000","9","1000","1000000","18471"
"64","true","extensive-intensive","false","1","1","9","1000","1000000","28342"
"59","true","extensive-intensive","false","1","1000","9","1000","1000000","18865"
"65","true","extensive-intensive","false","1","1","9","1000","1000000","28800"
"68","true","extensive-intensive","false","1","1","9","1000","1000000","27151"
"69","true","extensive-intensive","false","1","1","9","1000","1000000","29716"
"66","true","extensive-intensive","false","1","1","9","1000","1000000","29285"
"67","true","extensive-intensive","false","1","1","9","1000","1000000","27908"
"72","true","extensive-intensive","false","1","1","9","1000","1000000","29049"
"70","true","extensive-intensive","false","1","1","9","1000","1000000","29528"
"71","true","extensive-intensive","false","1","1","9","1000","1000000","28625"
"73","true","extensive-intensive","false","1","1","9","1000","1000000","28232"
"74","true","extensive-intensive","false","1","1","9","1000","1000000","28023"
"75","true","extensive-intensive","false","1","1","9","1000","1000000","27635"
"78","true","extensive-intensive","false","1","1","9","1000","1000000","27074"
"76","true","extensive-intensive","false","1","1","9","1000","1000000","27478"
"79","true","extensive-intensive","false","1","1","9","1000","1000000","25928"
"77","true","extensive-intensive","false","1","1","9","1000","1000000","27854"
"80","true","extensive-intensive","false","1","1","9","1000","1000000","27279"
"83","true","extensive-intensive","false","1","1","9","1000","1000000","25945"
"81","true","extensive-intensive","false","1","1","9","1000","1000000","29079"
"84","true","extensive-intensive","false","1","1","9","1000","1000000","27883"
"82","true","extensive-intensive","false","1","1","9","1000","1000000","28708"
"86","true","extensive-intensive","false","1","1","9","1000","1000000","28589"
"85","true","extensive-intensive","false","1","1","9","1000","1000000","27942"
"87","true","extensive-intensive","false","1","1","9","1000","1000000","28192"
"88","true","extensive-intensive","false","1","1","9","1000","1000000","26943"
"92","true","extensive-intensive","false","1","1","9","1000","1000000","26988"
"89","true","extensive-intensive","false","1","1","9","1000","1000000","27472"
"90","true","extensive-intensive","false","1","1","9","1000","1000000","27895"
"91","true","extensive-intensive","false","1","1","9","1000","1000000","26839"
"93","true","extensive-intensive","false","1","1","9","1000","1000000","27999"
"94","true","extensive-intensive","false","1","1","9","1000","1000000","27976"
"95","true","extensive-intensive","false","1","1","9","1000","1000000","29857"
"96","true","extensive-intensive","false","1","1","9","1000","1000000","27524"
"97","true","extensive-intensive","false","1","1","9","1000","1000000","27394"
"98","true","extensive-intensive","false","1","1","9","1000","1000000","25505"
"99","true","extensive-intensive","false","1","1","9","1000","1000000","27814"
"100","true","extensive-intensive","false","1","1","9","1000","1000000","25477"
"101","true","extensive-intensive","false","1","1","9","1000","1000000","29538"
"102","true","extensive-intensive","false","1","1","9","1000","1000000","27751"
"103","true","extensive-intensive","false","1","1","9","1000","1000000","28069"
"104","true","extensive-intensive","false","1","1","9","1000","1000000","27600"
"106","true","extensive-intensive","false","1","1","9","1000","1000000","27765"
"108","true","extensive-intensive","false","1","1","9","1000","1000000","28523"
"105","true","extensive-intensive","false","1","1","9","1000","1000000","28225"
"107","true","extensive-intensive","false","1","1","9","1000","1000000","27671"
"109","true","extensive-intensive","false","1","1","9","1000","1000000","27573"
"110","true","extensive-intensive","false","1","1","9","1000","1000000","28045"
"111","true","extensive-intensive","false","1","1","9","1000","1000000","27937"
"112","true","extensive-intensive","false","1","1","9","1000","1000000","27322"
"113","true","extensive-intensive","false","1","1","9","1000","1000000","26626"
"115","true","extensive-intensive","false","1","1","9","1000","1000000","28874"
"114","true","extensive-intensive","false","1","1","9","1000","1000000","28152"
"116","true","extensive-intensive","false","1","1","9","1000","1000000","26790"
"117","true","extensive-intensive","false","1","1","9","1000","1000000","27643"
"118","true","extensive-intensive","false","1","1","9","1000","1000000","26832"
"119","true","extensive-intensive","false","1","1","9","1000","1000000","29292"
"120","true","extensive-intensive","false","1","1","9","1000","1000000","28437"
"121","true","extensive-intensive","false","2","1000","9","1000","1000000","20232"
"122","true","extensive-intensive","false","2","1000","9","1000","1000000","19827"
"123","true","extensive-intensive","false","2","1000","9","1000","1000000","20041"
"124","true","extensive-intensive","false","2","1000","9","1000","1000000","20009"
"125","true","extensive-intensive","false","2","1000","9","1000","1000000","20168"
"126","true","extensive-intensive","false","2","1000","9","1000","1000000","19823"
"127","true","extensive-intensive","false","2","1000","9","1000","1000000","20696"
"128","true","extensive-intensive","false","2","1000","9","1000","1000000","19722"
"129","true","extensive-intensive","false","2","1000","9","1000","1000000","19956"
"130","true","extensive-intensive","false","2","1000","9","1000","1000000","20549"
"131","true","extensive-intensive","false","2","1000","9","1000","1000000","20311"
"132","true","extensive-intensive","false","2","1000","9","1000","1000000","20367"
"133","true","extensive-intensive","false","2","1000","9","1000","1000000","19897"
"134","true","extensive-intensive","false","2","1000","9","1000","1000000","20548"
"136","true","extensive-intensive","false","2","1000","9","1000","1000000","20225"
"135","true","extensive-intensive","false","2","1000","9","1000","1000000","19979"
"137","true","extensive-intensive","false","2","1000","9","1000","1000000","20224"
"138","true","extensive-intensive","false","2","1000","9","1000","1000000","20142"
"139","true","extensive-intensive","false","2","1000","9","1000","1000000","20204"
"140","true","extensive-intensive","false","2","1000","9","1000","1000000","20411"
"141","true","extensive-intensive","false","2","1000","9","1000","1000000","20230"
"142","true","extensive-intensive","false","2","1000","9","1000","1000000","20655"
"144","true","extensive-intensive","false","2","1000","9","1000","1000000","20364"
"143","true","extensive-intensive","false","2","1000","9","1000","1000000","20387"
"145","true","extensive-intensive","false","2","1000","9","1000","1000000","20219"
"147","true","extensive-intensive","false","2","1000","9","1000","1000000","19900"
"146","true","extensive-intensive","false","2","1000","9","1000","1000000","20147"
"148","true","extensive-intensive","false","2","1000","9","1000","1000000","19637"
"149","true","extensive-intensive","false","2","1000","9","1000","1000000","20227"
"150","true","extensive-intensive","false","2","1000","9","1000","1000000","20688"
"151","true","extensive-intensive","false","2","1000","9","1000","1000000","20222"
"152","true","extensive-intensive","false","2","1000","9","1000","1000000","20134"
"153","true","extensive-intensive","false","2","1000","9","1000","1000000","20311"
"156","true","extensive-intensive","false","2","1000","9","1000","1000000","20194"
"154","true","extensive-intensive","false","2","1000","9","1000","1000000","20066"
"155","true","extensive-intensive","false","2","1000","9","1000","1000000","20129"
"157","true","extensive-intensive","false","2","1000","9","1000","1000000","20142"
"158","true","extensive-intensive","false","2","1000","9","1000","1000000","20336"
"159","true","extensive-intensive","false","2","1000","9","1000","1000000","20231"
"160","true","extensive-intensive","false","2","1000","9","1000","1000000","20399"
"161","true","extensive-intensive","false","2","1000","9","1000","1000000","20530"
"163","true","extensive-intensive","false","2","1000","9","1000","1000000","20345"
"162","true","extensive-intensive","false","2","1000","9","1000","1000000","20040"
"164","true","extensive-intensive","false","2","1000","9","1000","1000000","19619"
"165","true","extensive-intensive","false","2","1000","9","1000","1000000","20110"
"166","true","extensive-intensive","false","2","1000","9","1000","1000000","20383"
"167","true","extensive-intensive","false","2","1000","9","1000","1000000","20148"
"168","true","extensive-intensive","false","2","1000","9","1000","1000000","20040"
"169","true","extensive-intensive","false","2","1000","9","1000","1000000","20907"
"170","true","extensive-intensive","false","2","1000","9","1000","1000000","20203"
"171","true","extensive-intensive","false","2","1000","9","1000","1000000","20645"
"172","true","extensive-intensive","false","2","1000","9","1000","1000000","20603"
"173","true","extensive-intensive","false","2","1000","9","1000","1000000","19772"
"174","true","extensive-intensive","false","2","1000","9","1000","1000000","20385"
"175","true","extensive-intensive","false","2","1000","9","1000","1000000","19966"
"176","true","extensive-intensive","false","2","1000","9","1000","1000000","20523"
"177","true","extensive-intensive","false","2","1000","9","1000","1000000","20112"
"178","true","extensive-intensive","false","2","1000","9","1000","1000000","20549"
"179","true","extensive-intensive","false","2","1000","9","1000","1000000","20215"
"182","true","extensive-intensive","false","2","1","9","1000","1000000","34677"
"181","true","extensive-intensive","false","2","1","9","1000","1000000","34452"
"180","true","extensive-intensive","false","2","1000","9","1000","1000000","20351"
"183","true","extensive-intensive","false","2","1","9","1000","1000000","37818"
"184","true","extensive-intensive","false","2","1","9","1000","1000000","36148"
"185","true","extensive-intensive","false","2","1","9","1000","1000000","35196"
"186","true","extensive-intensive","false","2","1","9","1000","1000000","34414"
"187","true","extensive-intensive","false","2","1","9","1000","1000000","33917"
"188","true","extensive-intensive","false","2","1","9","1000","1000000","32955"
"189","true","extensive-intensive","false","2","1","9","1000","1000000","35721"
"190","true","extensive-intensive","false","2","1","9","1000","1000000","33985"
"191","true","extensive-intensive","false","2","1","9","1000","1000000","38069"
"192","true","extensive-intensive","false","2","1","9","1000","1000000","35615"
"194","true","extensive-intensive","false","2","1","9","1000","1000000","35511"
"193","true","extensive-intensive","false","2","1","9","1000","1000000","34504"
"196","true","extensive-intensive","false","2","1","9","1000","1000000","35748"
"197","true","extensive-intensive","false","2","1","9","1000","1000000","37797"
"198","true","extensive-intensive","false","2","1","9","1000","1000000","34087"
"195","true","extensive-intensive","false","2","1","9","1000","1000000","35070"
"199","true","extensive-intensive","false","2","1","9","1000","1000000","37651"
"200","true","extensive-intensive","false","2","1","9","1000","1000000","35726"
"201","true","extensive-intensive","false","2","1","9","1000","1000000","35587"
"202","true","extensive-intensive","false","2","1","9","1000","1000000","34963"
"204","true","extensive-intensive","false","2","1","9","1000","1000000","34883"
"203","true","extensive-intensive","false","2","1","9","1000","1000000","36489"
"206","true","extensive-intensive","false","2","1","9","1000","1000000","34780"
"205","true","extensive-intensive","false","2","1","9","1000","1000000","37171"
"207","true","extensive-intensive","false","2","1","9","1000","1000000","34734"
"208","true","extensive-intensive","false","2","1","9","1000","1000000","34469"
"209","true","extensive-intensive","false","2","1","9","1000","1000000","35455"
"210","true","extensive-intensive","false","2","1","9","1000","1000000","36389"
"211","true","extensive-intensive","false","2","1","9","1000","1000000","34511"
"212","true","extensive-intensive","false","2","1","9","1000","1000000","35450"
"213","true","extensive-intensive","false","2","1","9","1000","1000000","37600"
"214","true","extensive-intensive","false","2","1","9","1000","1000000","35085"
"215","true","extensive-intensive","false","2","1","9","1000","1000000","35512"
"216","true","extensive-intensive","false","2","1","9","1000","1000000","35219"
"217","true","extensive-intensive","false","2","1","9","1000","1000000","34260"
"218","true","extensive-intensive","false","2","1","9","1000","1000000","35828"
"222","true","extensive-intensive","false","2","1","9","1000","1000000","34006"
"219","true","extensive-intensive","false","2","1","9","1000","1000000","36442"
"220","true","extensive-intensive","false","2","1","9","1000","1000000","35441"
"221","true","extensive-intensive","false","2","1","9","1000","1000000","36810"
"223","true","extensive-intensive","false","2","1","9","1000","1000000","36214"
"224","true","extensive-intensive","false","2","1","9","1000","1000000","37521"
"225","true","extensive-intensive","false","2","1","9","1000","1000000","36182"
"226","true","extensive-intensive","false","2","1","9","1000","1000000","35583"
"230","true","extensive-intensive","false","2","1","9","1000","1000000","35807"
"227","true","extensive-intensive","false","2","1","9","1000","1000000","35482"
"228","true","extensive-intensive","false","2","1","9","1000","1000000","34789"
"229","true","extensive-intensive","false","2","1","9","1000","1000000","36647"
"231","true","extensive-intensive","false","2","1","9","1000","1000000","34444"
"232","true","extensive-intensive","false","2","1","9","1000","1000000","36917"
"233","true","extensive-intensive","false","2","1","9","1000","1000000","36669"
"235","true","extensive-intensive","false","2","1","9","1000","1000000","35632"
"234","true","extensive-intensive","false","2","1","9","1000","1000000","35046"
"236","true","extensive-intensive","false","2","1","9","1000","1000000","36152"
"237","true","extensive-intensive","false","2","1","9","1000","1000000","33953"
"238","true","extensive-intensive","false","2","1","9","1000","1000000","36285"
"239","true","extensive-intensive","false","2","1","9","1000","1000000","37685"
"240","true","extensive-intensive","false","2","1","9","1000","1000000","36347"
"241","true","extensive-intensive","false","3","1000","9","1000","1000000","21228"
"242","true","extensive-intensive","false","3","1000","9","1000","1000000","21030"
"243","true","extensive-intensive","false","3","1000","9","1000","1000000","21069"
"244","true","extensive-intensive","false","3","1000","9","1000","1000000","20979"
"245","true","extensive-intensive","false","3","1000","9","1000","1000000","20857"
"246","true","extensive-intensive","false","3","1000","9","1000","1000000","21148"
"247","true","extensive-intensive","false","3","1000","9","1000","1000000","21393"
"248","true","extensive-intensive","false","3","1000","9","1000","1000000","21164"
"249","true","extensive-intensive","false","3","1000","9","1000","1000000","21254"
"250","true","extensive-intensive","false","3","1000","9","1000","1000000","21052"
"251","true","extensive-intensive","false","3","1000","9","1000","1000000","20933"
"252","true","extensive-intensive","false","3","1000","9","1000","1000000","21284"
"253","true","extensive-intensive","false","3","1000","9","1000","1000000","21086"
"254","true","extensive-intensive","false","3","1000","9","1000","1000000","20980"
"255","true","extensive-intensive","false","3","1000","9","1000","1000000","21191"
"256","true","extensive-intensive","false","3","1000","9","1000","1000000","20937"
"257","true","extensive-intensive","false","3","1000","9","1000","1000000","20998"
"259","true","extensive-intensive","false","3","1000","9","1000","1000000","21007"
"258","true","extensive-intensive","false","3","1000","9","1000","1000000","21152"
"260","true","extensive-intensive","false","3","1000","9","1000","1000000","21262"
"261","true","extensive-intensive","false","3","1000","9","1000","1000000","21024"
"262","true","extensive-intensive","false","3","1000","9","1000","1000000","20858"
"263","true","extensive-intensive","false","3","1000","9","1000","1000000","21047"
"264","true","extensive-intensive","false","3","1000","9","1000","1000000","21095"
"265","true","extensive-intensive","false","3","1000","9","1000","1000000","20932"
"267","true","extensive-intensive","false","3","1000","9","1000","1000000","21136"
"266","true","extensive-intensive","false","3","1000","9","1000","1000000","21063"
"268","true","extensive-intensive","false","3","1000","9","1000","1000000","21037"
"270","true","extensive-intensive","false","3","1000","9","1000","1000000","21126"
"269","true","extensive-intensive","false","3","1000","9","1000","1000000","21154"
"271","true","extensive-intensive","false","3","1000","9","1000","1000000","21259"
"272","true","extensive-intensive","false","3","1000","9","1000","1000000","21047"
"273","true","extensive-intensive","false","3","1000","9","1000","1000000","20840"
"274","true","extensive-intensive","false","3","1000","9","1000","1000000","21101"
"275","true","extensive-intensive","false","3","1000","9","1000","1000000","21198"
"277","true","extensive-intensive","false","3","1000","9","1000","1000000","20790"
"276","true","extensive-intensive","false","3","1000","9","1000","1000000","21224"
"278","true","extensive-intensive","false","3","1000","9","1000","1000000","21083"
"279","true","extensive-intensive","false","3","1000","9","1000","1000000","21064"
"280","true","extensive-intensive","false","3","1000","9","1000","1000000","21215"
"281","true","extensive-intensive","false","3","1000","9","1000","1000000","21131"
"282","true","extensive-intensive","false","3","1000","9","1000","1000000","21135"
"283","true","extensive-intensive","false","3","1000","9","1000","1000000","21342"
"285","true","extensive-intensive","false","3","1000","9","1000","1000000","21233"
"284","true","extensive-intensive","false","3","1000","9","1000","1000000","20731"
"286","true","extensive-intensive","false","3","1000","9","1000","1000000","21116"
"287","true","extensive-intensive","false","3","1000","9","1000","1000000","21196"
"288","true","extensive-intensive","false","3","1000","9","1000","1000000","20905"
"289","true","extensive-intensive","false","3","1000","9","1000","1000000","21203"
"290","true","extensive-intensive","false","3","1000","9","1000","1000000","20921"
"291","true","extensive-intensive","false","3","1000","9","1000","1000000","21300"
"292","true","extensive-intensive","false","3","1000","9","1000","1000000","21177"
"293","true","extensive-intensive","false","3","1000","9","1000","1000000","20732"
"294","true","extensive-intensive","false","3","1000","9","1000","1000000","21195"
"295","true","extensive-intensive","false","3","1000","9","1000","1000000","21232"
"296","true","extensive-intensive","false","3","1000","9","1000","1000000","21279"
"297","true","extensive-intensive","false","3","1000","9","1000","1000000","21233"
"302","true","extensive-intensive","false","3","1","9","1000","1000000","41223"
"298","true","extensive-intensive","false","3","1000","9","1000","1000000","21084"
"301","true","extensive-intensive","false","3","1","9","1000","1000000","41619"
"299","true","extensive-intensive","false","3","1000","9","1000","1000000","21047"
"300","true","extensive-intensive","false","3","1000","9","1000","1000000","21100"
"303","true","extensive-intensive","false","3","1","9","1000","1000000","41652"
"304","true","extensive-intensive","false","3","1","9","1000","1000000","41195"
"305","true","extensive-intensive","false","3","1","9","1000","1000000","41352"
"306","true","extensive-intensive","false","3","1","9","1000","1000000","42393"
"307","true","extensive-intensive","false","3","1","9","1000","1000000","40988"
"308","true","extensive-intensive","false","3","1","9","1000","1000000","41474"
"309","true","extensive-intensive","false","3","1","9","1000","1000000","42455"
"310","true","extensive-intensive","false","3","1","9","1000","1000000","41333"
"311","true","extensive-intensive","false","3","1","9","1000","1000000","42277"
"312","true","extensive-intensive","false","3","1","9","1000","1000000","41315"
"313","true","extensive-intensive","false","3","1","9","1000","1000000","42243"
"315","true","extensive-intensive","false","3","1","9","1000","1000000","42217"
"314","true","extensive-intensive","false","3","1","9","1000","1000000","41008"
"316","true","extensive-intensive","false","3","1","9","1000","1000000","40977"
"317","true","extensive-intensive","false","3","1","9","1000","1000000","42652"
"318","true","extensive-intensive","false","3","1","9","1000","1000000","41427"
"319","true","extensive-intensive","false","3","1","9","1000","1000000","42054"
"320","true","extensive-intensive","false","3","1","9","1000","1000000","41101"
"322","true","extensive-intensive","false","3","1","9","1000","1000000","41175"
"321","true","extensive-intensive","false","3","1","9","1000","1000000","41705"
"323","true","extensive-intensive","false","3","1","9","1000","1000000","41622"
"325","true","extensive-intensive","false","3","1","9","1000","1000000","40614"
"324","true","extensive-intensive","false","3","1","9","1000","1000000","41581"
"326","true","extensive-intensive","false","3","1","9","1000","1000000","41523"
"327","true","extensive-intensive","false","3","1","9","1000","1000000","40825"
"328","true","extensive-intensive","false","3","1","9","1000","1000000","41609"
"329","true","extensive-intensive","false","3","1","9","1000","1000000","42685"
"330","true","extensive-intensive","false","3","1","9","1000","1000000","40667"
"331","true","extensive-intensive","false","3","1","9","1000","1000000","41601"
"332","true","extensive-intensive","false","3","1","9","1000","1000000","41771"
"333","true","extensive-intensive","false","3","1","9","1000","1000000","41227"
"334","true","extensive-intensive","false","3","1","9","1000","1000000","40821"
"335","true","extensive-intensive","false","3","1","9","1000","1000000","41757"
"336","true","extensive-intensive","false","3","1","9","1000","1000000","41722"
"337","true","extensive-intensive","false","3","1","9","1000","1000000","40657"
"338","true","extensive-intensive","false","3","1","9","1000","1000000","41720"
"339","true","extensive-intensive","false","3","1","9","1000","1000000","41846"
"340","true","extensive-intensive","false","3","1","9","1000","1000000","41200"
"341","true","extensive-intensive","false","3","1","9","1000","1000000","41301"
"342","true","extensive-intensive","false","3","1","9","1000","1000000","41574"
"343","true","extensive-intensive","false","3","1","9","1000","1000000","41867"
"346","true","extensive-intensive","false","3","1","9","1000","1000000","40828"
"344","true","extensive-intensive","false","3","1","9","1000","1000000","40734"
"345","true","extensive-intensive","false","3","1","9","1000","1000000","40866"
"347","true","extensive-intensive","false","3","1","9","1000","1000000","41469"
"348","true","extensive-intensive","false","3","1","9","1000","1000000","42140"
"349","true","extensive-intensive","false","3","1","9","1000","1000000","42866"
"350","true","extensive-intensive","false","3","1","9","1000","1000000","40744"
"351","true","extensive-intensive","false","3","1","9","1000","1000000","40949"
"352","true","extensive-intensive","false","3","1","9","1000","1000000","41966"
"354","true","extensive-intensive","false","3","1","9","1000","1000000","41656"
"353","true","extensive-intensive","false","3","1","9","1000","1000000","42213"
"355","true","extensive-intensive","false","3","1","9","1000","1000000","41196"
"356","true","extensive-intensive","false","3","1","9","1000","1000000","42129"
"357","true","extensive-intensive","false","3","1","9","1000","1000000","40654"
"358","true","extensive-intensive","false","3","1","9","1000","1000000","40482"
"359","true","extensive-intensive","false","3","1","9","1000","1000000","39928"
"360","true","extensive-intensive","false","3","1","9","1000","1000000","41076"
"361","true","extensive-intensive","false","4","1000","9","1000","1000000","20331"
"362","true","extensive-intensive","false","4","1000","9","1000","1000000","20463"
"363","true","extensive-intensive","false","4","1000","9","1000","1000000","20273"
"364","true","extensive-intensive","false","4","1000","9","1000","1000000","20302"
"365","true","extensive-intensive","false","4","1000","9","1000","1000000","20272"
"366","true","extensive-intensive","false","4","1000","9","1000","1000000","20299"
"367","true","extensive-intensive","false","4","1000","9","1000","1000000","20416"
"368","true","extensive-intensive","false","4","1000","9","1000","1000000","20152"
"369","true","extensive-intensive","false","4","1000","9","1000","1000000","20272"
"370","true","extensive-intensive","false","4","1000","9","1000","1000000","20485"
"371","true","extensive-intensive","false","4","1000","9","1000","1000000","20368"
"372","true","extensive-intensive","false","4","1000","9","1000","1000000","20537"
"373","true","extensive-intensive","false","4","1000","9","1000","1000000","20322"
"374","true","extensive-intensive","false","4","1000","9","1000","1000000","20381"
"375","true","extensive-intensive","false","4","1000","9","1000","1000000","20426"
"376","true","extensive-intensive","false","4","1000","9","1000","1000000","20305"
"377","true","extensive-intensive","false","4","1000","9","1000","1000000","20467"
"378","true","extensive-intensive","false","4","1000","9","1000","1000000","20434"
"379","true","extensive-intensive","false","4","1000","9","1000","1000000","20153"
"380","true","extensive-intensive","false","4","1000","9","1000","1000000","20302"
"381","true","extensive-intensive","false","4","1000","9","1000","1000000","20544"
"382","true","extensive-intensive","false","4","1000","9","1000","1000000","20191"
"384","true","extensive-intensive","false","4","1000","9","1000","1000000","20307"
"383","true","extensive-intensive","false","4","1000","9","1000","1000000","20511"
"385","true","extensive-intensive","false","4","1000","9","1000","1000000","20337"
"386","true","extensive-intensive","false","4","1000","9","1000","1000000","20555"
"387","true","extensive-intensive","false","4","1000","9","1000","1000000","20430"
"388","true","extensive-intensive","false","4","1000","9","1000","1000000","20258"
"389","true","extensive-intensive","false","4","1000","9","1000","1000000","20506"
"390","true","extensive-intensive","false","4","1000","9","1000","1000000","20538"
"391","true","extensive-intensive","false","4","1000","9","1000","1000000","20438"
"392","true","extensive-intensive","false","4","1000","9","1000","1000000","20508"
"393","true","extensive-intensive","false","4","1000","9","1000","1000000","20257"
"395","true","extensive-intensive","false","4","1000","9","1000","1000000","20383"
"394","true","extensive-intensive","false","4","1000","9","1000","1000000","20432"
"396","true","extensive-intensive","false","4","1000","9","1000","1000000","20707"
"397","true","extensive-intensive","false","4","1000","9","1000","1000000","20649"
"398","true","extensive-intensive","false","4","1000","9","1000","1000000","20499"
"399","true","extensive-intensive","false","4","1000","9","1000","1000000","20375"
"400","true","extensive-intensive","false","4","1000","9","1000","1000000","20270"
"401","true","extensive-intensive","false","4","1000","9","1000","1000000","20525"
"402","true","extensive-intensive","false","4","1000","9","1000","1000000","20324"
"404","true","extensive-intensive","false","4","1000","9","1000","1000000","20376"
"403","true","extensive-intensive","false","4","1000","9","1000","1000000","20482"
"405","true","extensive-intensive","false","4","1000","9","1000","1000000","20308"
"406","true","extensive-intensive","false","4","1000","9","1000","1000000","20484"
"407","true","extensive-intensive","false","4","1000","9","1000","1000000","20539"
"408","true","extensive-intensive","false","4","1000","9","1000","1000000","20495"
"409","true","extensive-intensive","false","4","1000","9","1000","1000000","20293"
"410","true","extensive-intensive","false","4","1000","9","1000","1000000","20422"
"411","true","extensive-intensive","false","4","1000","9","1000","1000000","20467"
"412","true","extensive-intensive","false","4","1000","9","1000","1000000","20433"
"413","true","extensive-intensive","false","4","1000","9","1000","1000000","20413"
"414","true","extensive-intensive","false","4","1000","9","1000","1000000","20219"
"415","true","extensive-intensive","false","4","1000","9","1000","1000000","20408"
"416","true","extensive-intensive","false","4","1000","9","1000","1000000","20400"
"417","true","extensive-intensive","false","4","1000","9","1000","1000000","20365"
"418","true","extensive-intensive","false","4","1000","9","1000","1000000","20430"
"419","true","extensive-intensive","false","4","1000","9","1000","1000000","20217"
"421","true","extensive-intensive","false","4","1","9","1000","1000000","38616"
"420","true","extensive-intensive","false","4","1000","9","1000","1000000","20404"
"422","true","extensive-intensive","false","4","1","9","1000","1000000","38694"
"423","true","extensive-intensive","false","4","1","9","1000","1000000","38649"
"424","true","extensive-intensive","false","4","1","9","1000","1000000","39608"
"425","true","extensive-intensive","false","4","1","9","1000","1000000","39115"
"426","true","extensive-intensive","false","4","1","9","1000","1000000","38574"
"428","true","extensive-intensive","false","4","1","9","1000","1000000","38953"
"427","true","extensive-intensive","false","4","1","9","1000","1000000","37879"
"429","true","extensive-intensive","false","4","1","9","1000","1000000","38570"
"430","true","extensive-intensive","false","4","1","9","1000","1000000","39582"
"431","true","extensive-intensive","false","4","1","9","1000","1000000","38014"
"432","true","extensive-intensive","false","4","1","9","1000","1000000","38692"
"433","true","extensive-intensive","false","4","1","9","1000","1000000","38418"
"434","true","extensive-intensive","false","4","1","9","1000","1000000","38999"
"436","true","extensive-intensive","false","4","1","9","1000","1000000","39215"
"435","true","extensive-intensive","false","4","1","9","1000","1000000","39090"
"437","true","extensive-intensive","false","4","1","9","1000","1000000","39314"
"438","true","extensive-intensive","false","4","1","9","1000","1000000","38994"
"439","true","extensive-intensive","false","4","1","9","1000","1000000","38735"
"441","true","extensive-intensive","false","4","1","9","1000","1000000","38776"
"440","true","extensive-intensive","false","4","1","9","1000","1000000","38601"
"442","true","extensive-intensive","false","4","1","9","1000","1000000","38615"
"443","true","extensive-intensive","false","4","1","9","1000","1000000","38676"
"444","true","extensive-intensive","false","4","1","9","1000","1000000","38776"
"445","true","extensive-intensive","false","4","1","9","1000","1000000","38586"
"446","true","extensive-intensive","false","4","1","9","1000","1000000","38688"
"447","true","extensive-intensive","false","4","1","9","1000","1000000","39553"
"448","true","extensive-intensive","false","4","1","9","1000","1000000","38990"
"449","true","extensive-intensive","false","4","1","9","1000","1000000","39703"
"450","true","extensive-intensive","false","4","1","9","1000","1000000","38169"
"451","true","extensive-intensive","false","4","1","9","1000","1000000","39896"
"452","true","extensive-intensive","false","4","1","9","1000","1000000","38859"
"453","true","extensive-intensive","false","4","1","9","1000","1000000","38742"
"454","true","extensive-intensive","false","4","1","9","1000","1000000","38814"
"455","true","extensive-intensive","false","4","1","9","1000","1000000","39464"
"456","true","extensive-intensive","false","4","1","9","1000","1000000","38913"
"457","true","extensive-intensive","false","4","1","9","1000","1000000","39017"
"458","true","extensive-intensive","false","4","1","9","1000","1000000","38879"
"459","true","extensive-intensive","false","4","1","9","1000","1000000","39011"
"460","true","extensive-intensive","false","4","1","9","1000","1000000","39460"
"462","true","extensive-intensive","false","4","1","9","1000","1000000","39077"
"461","true","extensive-intensive","false","4","1","9","1000","1000000","38928"
"463","true","extensive-intensive","false","4","1","9","1000","1000000","38589"
"464","true","extensive-intensive","false","4","1","9","1000","1000000","38497"
"465","true","extensive-intensive","false","4","1","9","1000","1000000","39597"
"466","true","extensive-intensive","false","4","1","9","1000","1000000","38143"
"467","true","extensive-intensive","false","4","1","9","1000","1000000","39345"
"469","true","extensive-intensive","false","4","1","9","1000","1000000","38803"
"468","true","extensive-intensive","false","4","1","9","1000","1000000","38325"
"470","true","extensive-intensive","false","4","1","9","1000","1000000","38724"
"471","true","extensive-intensive","false","4","1","9","1000","1000000","38793"
"472","true","extensive-intensive","false","4","1","9","1000","1000000","39292"
"473","true","extensive-intensive","false","4","1","9","1000","1000000","37466"
"474","true","extensive-intensive","false","4","1","9","1000","1000000","39136"
"475","true","extensive-intensive","false","4","1","9","1000","1000000","39177"
"476","true","extensive-intensive","false","4","1","9","1000","1000000","38908"
"477","true","extensive-intensive","false","4","1","9","1000","1000000","38492"
"478","true","extensive-intensive","false","4","1","9","1000","1000000","39849"
"479","true","extensive-intensive","false","4","1","9","1000","1000000","38323"
"480","true","extensive-intensive","false","4","1","9","1000","1000000","39390"
"481","true","extensive-intensive","false","5","1000","9","1000","1000000","19630"
"482","true","extensive-intensive","false","5","1000","9","1000","1000000","19434"
"483","true","extensive-intensive","false","5","1000","9","1000","1000000","19603"
"484","true","extensive-intensive","false","5","1000","9","1000","1000000","19384"
"485","true","extensive-intensive","false","5","1000","9","1000","1000000","19533"
"486","true","extensive-intensive","false","5","1000","9","1000","1000000","19834"
"487","true","extensive-intensive","false","5","1000","9","1000","1000000","19668"
"488","true","extensive-intensive","false","5","1000","9","1000","1000000","19777"
"490","true","extensive-intensive","false","5","1000","9","1000","1000000","19464"
"489","true","extensive-intensive","false","5","1000","9","1000","1000000","19508"
"491","true","extensive-intensive","false","5","1000","9","1000","1000000","19719"
"492","true","extensive-intensive","false","5","1000","9","1000","1000000","19482"
"493","true","extensive-intensive","false","5","1000","9","1000","1000000","19454"
"494","true","extensive-intensive","false","5","1000","9","1000","1000000","19542"
"495","true","extensive-intensive","false","5","1000","9","1000","1000000","19818"
"496","true","extensive-intensive","false","5","1000","9","1000","1000000","19596"
"497","true","extensive-intensive","false","5","1000","9","1000","1000000","19718"
"498","true","extensive-intensive","false","5","1000","9","1000","1000000","19725"
"499","true","extensive-intensive","false","5","1000","9","1000","1000000","19765"
"501","true","extensive-intensive","false","5","1000","9","1000","1000000","19600"
"500","true","extensive-intensive","false","5","1000","9","1000","1000000","19532"
"502","true","extensive-intensive","false","5","1000","9","1000","1000000","19590"
"503","true","extensive-intensive","false","5","1000","9","1000","1000000","19721"
"504","true","extensive-intensive","false","5","1000","9","1000","1000000","19538"
"505","true","extensive-intensive","false","5","1000","9","1000","1000000","19558"
"507","true","extensive-intensive","false","5","1000","9","1000","1000000","19493"
"506","true","extensive-intensive","false","5","1000","9","1000","1000000","19732"
"508","true","extensive-intensive","false","5","1000","9","1000","1000000","19743"
"509","true","extensive-intensive","false","5","1000","9","1000","1000000","19767"
"510","true","extensive-intensive","false","5","1000","9","1000","1000000","19453"
"511","true","extensive-intensive","false","5","1000","9","1000","1000000","19555"
"512","true","extensive-intensive","false","5","1000","9","1000","1000000","19564"
"513","true","extensive-intensive","false","5","1000","9","1000","1000000","19543"
"514","true","extensive-intensive","false","5","1000","9","1000","1000000","19566"
"515","true","extensive-intensive","false","5","1000","9","1000","1000000","19700"
"516","true","extensive-intensive","false","5","1000","9","1000","1000000","19503"
"517","true","extensive-intensive","false","5","1000","9","1000","1000000","19318"
"519","true","extensive-intensive","false","5","1000","9","1000","1000000","19689"
"518","true","extensive-intensive","false","5","1000","9","1000","1000000","19703"
"520","true","extensive-intensive","false","5","1000","9","1000","1000000","19485"
"522","true","extensive-intensive","false","5","1000","9","1000","1000000","19713"
"521","true","extensive-intensive","false","5","1000","9","1000","1000000","19533"
"523","true","extensive-intensive","false","5","1000","9","1000","1000000","19536"
"524","true","extensive-intensive","false","5","1000","9","1000","1000000","19358"
"525","true","extensive-intensive","false","5","1000","9","1000","1000000","19554"
"526","true","extensive-intensive","false","5","1000","9","1000","1000000","19521"
"527","true","extensive-intensive","false","5","1000","9","1000","1000000","19761"
"528","true","extensive-intensive","false","5","1000","9","1000","1000000","19411"
"530","true","extensive-intensive","false","5","1000","9","1000","1000000","19414"
"529","true","extensive-intensive","false","5","1000","9","1000","1000000","19735"
"531","true","extensive-intensive","false","5","1000","9","1000","1000000","19742"
"533","true","extensive-intensive","false","5","1000","9","1000","1000000","19444"
"532","true","extensive-intensive","false","5","1000","9","1000","1000000","19646"
"534","true","extensive-intensive","false","5","1000","9","1000","1000000","19585"
"535","true","extensive-intensive","false","5","1000","9","1000","1000000","19638"
"536","true","extensive-intensive","false","5","1000","9","1000","1000000","19626"
"537","true","extensive-intensive","false","5","1000","9","1000","1000000","19576"
"538","true","extensive-intensive","false","5","1000","9","1000","1000000","19637"
"539","true","extensive-intensive","false","5","1000","9","1000","1000000","19803"
"541","true","extensive-intensive","false","5","1","9","1000","1000000","36748"
"542","true","extensive-intensive","false","5","1","9","1000","1000000","35941"
"543","true","extensive-intensive","false","5","1","9","1000","1000000","35595"
"540","true","extensive-intensive","false","5","1000","9","1000","1000000","19453"
"544","true","extensive-intensive","false","5","1","9","1000","1000000","35853"
"545","true","extensive-intensive","false","5","1","9","1000","1000000","35830"
"546","true","extensive-intensive","false","5","1","9","1000","1000000","35120"
"549","true","extensive-intensive","false","5","1","9","1000","1000000","35911"
"548","true","extensive-intensive","false","5","1","9","1000","1000000","35285"
"547","true","extensive-intensive","false","5","1","9","1000","1000000","36560"
"550","true","extensive-intensive","false","5","1","9","1000","1000000","35115"
"551","true","extensive-intensive","false","5","1","9","1000","1000000","35123"
"552","true","extensive-intensive","false","5","1","9","1000","1000000","35076"
"553","true","extensive-intensive","false","5","1","9","1000","1000000","35116"
"554","true","extensive-intensive","false","5","1","9","1000","1000000","35449"
"555","true","extensive-intensive","false","5","1","9","1000","1000000","35816"
"556","true","extensive-intensive","false","5","1","9","1000","1000000","35333"
"557","true","extensive-intensive","false","5","1","9","1000","1000000","35206"
"559","true","extensive-intensive","false","5","1","9","1000","1000000","35578"
"558","true","extensive-intensive","false","5","1","9","1000","1000000","35244"
"560","true","extensive-intensive","false","5","1","9","1000","1000000","35526"
"561","true","extensive-intensive","false","5","1","9","1000","1000000","35206"
"562","true","extensive-intensive","false","5","1","9","1000","1000000","35645"
"563","true","extensive-intensive","false","5","1","9","1000","1000000","35810"
"564","true","extensive-intensive","false","5","1","9","1000","1000000","34700"
"565","true","extensive-intensive","false","5","1","9","1000","1000000","35128"
"566","true","extensive-intensive","false","5","1","9","1000","1000000","34901"
"567","true","extensive-intensive","false","5","1","9","1000","1000000","35502"
"568","true","extensive-intensive","false","5","1","9","1000","1000000","35776"
"569","true","extensive-intensive","false","5","1","9","1000","1000000","35831"
"570","true","extensive-intensive","false","5","1","9","1000","1000000","35384"
"571","true","extensive-intensive","false","5","1","9","1000","1000000","35282"
"572","true","extensive-intensive","false","5","1","9","1000","1000000","35716"
"573","true","extensive-intensive","false","5","1","9","1000","1000000","35929"
"574","true","extensive-intensive","false","5","1","9","1000","1000000","34811"
"575","true","extensive-intensive","false","5","1","9","1000","1000000","35418"
"576","true","extensive-intensive","false","5","1","9","1000","1000000","35102"
"577","true","extensive-intensive","false","5","1","9","1000","1000000","34888"
"579","true","extensive-intensive","false","5","1","9","1000","1000000","35721"
"578","true","extensive-intensive","false","5","1","9","1000","1000000","35253"
"580","true","extensive-intensive","false","5","1","9","1000","1000000","35755"
"581","true","extensive-intensive","false","5","1","9","1000","1000000","35816"
"582","true","extensive-intensive","false","5","1","9","1000","1000000","36026"
"583","true","extensive-intensive","false","5","1","9","1000","1000000","35613"
"584","true","extensive-intensive","false","5","1","9","1000","1000000","35920"
"586","true","extensive-intensive","false","5","1","9","1000","1000000","35199"
"585","true","extensive-intensive","false","5","1","9","1000","1000000","35296"
"587","true","extensive-intensive","false","5","1","9","1000","1000000","34463"
"588","true","extensive-intensive","false","5","1","9","1000","1000000","35770"
"589","true","extensive-intensive","false","5","1","9","1000","1000000","35183"
"590","true","extensive-intensive","false","5","1","9","1000","1000000","35434"
"591","true","extensive-intensive","false","5","1","9","1000","1000000","35066"
"592","true","extensive-intensive","false","5","1","9","1000","1000000","34867"
"593","true","extensive-intensive","false","5","1","9","1000","1000000","35525"
"594","true","extensive-intensive","false","5","1","9","1000","1000000","35579"
"595","true","extensive-intensive","false","5","1","9","1000","1000000","35333"
"598","true","extensive-intensive","false","5","1","9","1000","1000000","34606"
"596","true","extensive-intensive","false","5","1","9","1000","1000000","35438"
"597","true","extensive-intensive","false","5","1","9","1000","1000000","35889"
"599","true","extensive-intensive","false","5","1","9","1000","1000000","34785"
"600","true","extensive-intensive","false","5","1","9","1000","1000000","35305"
"601","true","extensive-intensive","false","6","1000","9","1000","1000000","18951"
"602","true","extensive-intensive","false","6","1000","9","1000","1000000","18991"
"603","true","extensive-intensive","false","6","1000","9","1000","1000000","19057"
"605","true","extensive-intensive","false","6","1000","9","1000","1000000","18960"
"604","true","extensive-intensive","false","6","1000","9","1000","1000000","18970"
"606","true","extensive-intensive","false","6","1000","9","1000","1000000","18864"
"607","true","extensive-intensive","false","6","1000","9","1000","1000000","18953"
"608","true","extensive-intensive","false","6","1000","9","1000","1000000","18902"
"609","true","extensive-intensive","false","6","1000","9","1000","1000000","19079"
"610","true","extensive-intensive","false","6","1000","9","1000","1000000","18944"
"611","true","extensive-intensive","false","6","1000","9","1000","1000000","18956"
"612","true","extensive-intensive","false","6","1000","9","1000","1000000","18964"
"613","true","extensive-intensive","false","6","1000","9","1000","1000000","19015"
"614","true","extensive-intensive","false","6","1000","9","1000","1000000","18930"
"615","true","extensive-intensive","false","6","1000","9","1000","1000000","19022"
"616","true","extensive-intensive","false","6","1000","9","1000","1000000","19005"
"617","true","extensive-intensive","false","6","1000","9","1000","1000000","19052"
"618","true","extensive-intensive","false","6","1000","9","1000","1000000","18962"
"619","true","extensive-intensive","false","6","1000","9","1000","1000000","19005"
"620","true","extensive-intensive","false","6","1000","9","1000","1000000","19100"
"622","true","extensive-intensive","false","6","1000","9","1000","1000000","18979"
"621","true","extensive-intensive","false","6","1000","9","1000","1000000","18840"
"623","true","extensive-intensive","false","6","1000","9","1000","1000000","18930"
"624","true","extensive-intensive","false","6","1000","9","1000","1000000","19003"
"625","true","extensive-intensive","false","6","1000","9","1000","1000000","19015"
"626","true","extensive-intensive","false","6","1000","9","1000","1000000","19002"
"627","true","extensive-intensive","false","6","1000","9","1000","1000000","18997"
"628","true","extensive-intensive","false","6","1000","9","1000","1000000","18985"
"629","true","extensive-intensive","false","6","1000","9","1000","1000000","18935"
"630","true","extensive-intensive","false","6","1000","9","1000","1000000","19042"
"631","true","extensive-intensive","false","6","1000","9","1000","1000000","18979"
"632","true","extensive-intensive","false","6","1000","9","1000","1000000","18928"
"634","true","extensive-intensive","false","6","1000","9","1000","1000000","19185"
"633","true","extensive-intensive","false","6","1000","9","1000","1000000","19166"
"635","true","extensive-intensive","false","6","1000","9","1000","1000000","19025"
"636","true","extensive-intensive","false","6","1000","9","1000","1000000","18980"
"637","true","extensive-intensive","false","6","1000","9","1000","1000000","19074"
"638","true","extensive-intensive","false","6","1000","9","1000","1000000","18974"
"640","true","extensive-intensive","false","6","1000","9","1000","1000000","18903"
"639","true","extensive-intensive","false","6","1000","9","1000","1000000","19043"
"641","true","extensive-intensive","false","6","1000","9","1000","1000000","18971"
"642","true","extensive-intensive","false","6","1000","9","1000","1000000","18914"
"643","true","extensive-intensive","false","6","1000","9","1000","1000000","18944"
"644","true","extensive-intensive","false","6","1000","9","1000","1000000","19017"
"646","true","extensive-intensive","false","6","1000","9","1000","1000000","18927"
"645","true","extensive-intensive","false","6","1000","9","1000","1000000","19090"
"647","true","extensive-intensive","false","6","1000","9","1000","1000000","18986"
"648","true","extensive-intensive","false","6","1000","9","1000","1000000","18993"
"649","true","extensive-intensive","false","6","1000","9","1000","1000000","19121"
"650","true","extensive-intensive","false","6","1000","9","1000","1000000","18874"
"651","true","extensive-intensive","false","6","1000","9","1000","1000000","18994"
"652","true","extensive-intensive","false","6","1000","9","1000","1000000","18910"
"653","true","extensive-intensive","false","6","1000","9","1000","1000000","18809"
"654","true","extensive-intensive","false","6","1000","9","1000","1000000","18927"
"655","true","extensive-intensive","false","6","1000","9","1000","1000000","19060"
"656","true","extensive-intensive","false","6","1000","9","1000","1000000","19077"
"658","true","extensive-intensive","false","6","1000","9","1000","1000000","18957"
"657","true","extensive-intensive","false","6","1000","9","1000","1000000","19012"
"659","true","extensive-intensive","false","6","1000","9","1000","1000000","18973"
"661","true","extensive-intensive","false","6","1","9","1000","1000000","32625"
"662","true","extensive-intensive","false","6","1","9","1000","1000000","32702"
"663","true","extensive-intensive","false","6","1","9","1000","1000000","33141"
"660","true","extensive-intensive","false","6","1000","9","1000","1000000","19053"
"664","true","extensive-intensive","false","6","1","9","1000","1000000","32873"
"665","true","extensive-intensive","false","6","1","9","1000","1000000","32730"
"667","true","extensive-intensive","false","6","1","9","1000","1000000","32968"
"666","true","extensive-intensive","false","6","1","9","1000","1000000","32521"
"668","true","extensive-intensive","false","6","1","9","1000","1000000","32466"
"669","true","extensive-intensive","false","6","1","9","1000","1000000","33102"
"670","true","extensive-intensive","false","6","1","9","1000","1000000","32961"
"671","true","extensive-intensive","false","6","1","9","1000","1000000","32885"
"672","true","extensive-intensive","false","6","1","9","1000","1000000","32471"
"673","true","extensive-intensive","false","6","1","9","1000","1000000","32994"
"674","true","extensive-intensive","false","6","1","9","1000","1000000","33264"
"675","true","extensive-intensive","false","6","1","9","1000","1000000","33107"
"676","true","extensive-intensive","false","6","1","9","1000","1000000","32582"
"678","true","extensive-intensive","false","6","1","9","1000","1000000","33191"
"677","true","extensive-intensive","false","6","1","9","1000","1000000","33265"
"679","true","extensive-intensive","false","6","1","9","1000","1000000","33105"
"680","true","extensive-intensive","false","6","1","9","1000","1000000","33328"
"682","true","extensive-intensive","false","6","1","9","1000","1000000","32845"
"681","true","extensive-intensive","false","6","1","9","1000","1000000","32900"
"683","true","extensive-intensive","false","6","1","9","1000","1000000","32948"
"684","true","extensive-intensive","false","6","1","9","1000","1000000","32934"
"685","true","extensive-intensive","false","6","1","9","1000","1000000","32867"
"686","true","extensive-intensive","false","6","1","9","1000","1000000","32874"
"687","true","extensive-intensive","false","6","1","9","1000","1000000","32709"
"688","true","extensive-intensive","false","6","1","9","1000","1000000","33121"
"689","true","extensive-intensive","false","6","1","9","1000","1000000","33127"
"690","true","extensive-intensive","false","6","1","9","1000","1000000","32973"
"691","true","extensive-intensive","false","6","1","9","1000","1000000","33113"
"693","true","extensive-intensive","false","6","1","9","1000","1000000","32939"
"692","true","extensive-intensive","false","6","1","9","1000","1000000","32944"
"694","true","extensive-intensive","false","6","1","9","1000","1000000","32777"
"695","true","extensive-intensive","false","6","1","9","1000","1000000","33245"
"696","true","extensive-intensive","false","6","1","9","1000","1000000","33126"
"697","true","extensive-intensive","false","6","1","9","1000","1000000","32828"
"698","true","extensive-intensive","false","6","1","9","1000","1000000","33042"
"699","true","extensive-intensive","false","6","1","9","1000","1000000","32663"
"701","true","extensive-intensive","false","6","1","9","1000","1000000","33122"
"700","true","extensive-intensive","false","6","1","9","1000","1000000","32695"
"702","true","extensive-intensive","false","6","1","9","1000","1000000","32902"
"703","true","extensive-intensive","false","6","1","9","1000","1000000","32977"
"704","true","extensive-intensive","false","6","1","9","1000","1000000","33314"
"705","true","extensive-intensive","false","6","1","9","1000","1000000","32723"
"706","true","extensive-intensive","false","6","1","9","1000","1000000","33115"
"707","true","extensive-intensive","false","6","1","9","1000","1000000","32784"
"708","true","extensive-intensive","false","6","1","9","1000","1000000","32699"
"709","true","extensive-intensive","false","6","1","9","1000","1000000","32497"
"710","true","extensive-intensive","false","6","1","9","1000","1000000","33324"
"711","true","extensive-intensive","false","6","1","9","1000","1000000","32780"
"712","true","extensive-intensive","false","6","1","9","1000","1000000","32940"
"714","true","extensive-intensive","false","6","1","9","1000","1000000","32745"
"713","true","extensive-intensive","false","6","1","9","1000","1000000","32819"
"715","true","extensive-intensive","false","6","1","9","1000","1000000","32987"
"716","true","extensive-intensive","false","6","1","9","1000","1000000","33282"
"717","true","extensive-intensive","false","6","1","9","1000","1000000","32832"
"718","true","extensive-intensive","false","6","1","9","1000","1000000","33103"
"719","true","extensive-intensive","false","6","1","9","1000","1000000","33006"
"720","true","extensive-intensive","false","6","1","9","1000","1000000","32993"
"721","true","extensive-intensive","false","7","1000","9","1000","1000000","18738"
"722","true","extensive-intensive","false","7","1000","9","1000","1000000","18818"
"723","true","extensive-intensive","false","7","1000","9","1000","1000000","18555"
"724","true","extensive-intensive","false","7","1000","9","1000","1000000","18795"
"725","true","extensive-intensive","false","7","1000","9","1000","1000000","18729"
"726","true","extensive-intensive","false","7","1000","9","1000","1000000","18734"
"727","true","extensive-intensive","false","7","1000","9","1000","1000000","18669"
"728","true","extensive-intensive","false","7","1000","9","1000","1000000","18679"
"729","true","extensive-intensive","false","7","1000","9","1000","1000000","18643"
"730","true","extensive-intensive","false","7","1000","9","1000","1000000","18925"
"731","true","extensive-intensive","false","7","1000","9","1000","1000000","18763"
"732","true","extensive-intensive","false","7","1000","9","1000","1000000","18614"
"733","true","extensive-intensive","false","7","1000","9","1000","1000000","18710"
"734","true","extensive-intensive","false","7","1000","9","1000","1000000","18744"
"735","true","extensive-intensive","false","7","1000","9","1000","1000000","18572"
"736","true","extensive-intensive","false","7","1000","9","1000","1000000","18671"
"737","true","extensive-intensive","false","7","1000","9","1000","1000000","18601"
"738","true","extensive-intensive","false","7","1000","9","1000","1000000","18679"
"739","true","extensive-intensive","false","7","1000","9","1000","1000000","18763"
"740","true","extensive-intensive","false","7","1000","9","1000","1000000","18693"
"741","true","extensive-intensive","false","7","1000","9","1000","1000000","18748"
"742","true","extensive-intensive","false","7","1000","9","1000","1000000","18668"
"743","true","extensive-intensive","false","7","1000","9","1000","1000000","18760"
"744","true","extensive-intensive","false","7","1000","9","1000","1000000","18671"
"745","true","extensive-intensive","false","7","1000","9","1000","1000000","18678"
"746","true","extensive-intensive","false","7","1000","9","1000","1000000","18718"
"747","true","extensive-intensive","false","7","1000","9","1000","1000000","18559"
"749","true","extensive-intensive","false","7","1000","9","1000","1000000","18646"
"748","true","extensive-intensive","false","7","1000","9","1000","1000000","18736"
"751","true","extensive-intensive","false","7","1000","9","1000","1000000","18638"
"750","true","extensive-intensive","false","7","1000","9","1000","1000000","18782"
"752","true","extensive-intensive","false","7","1000","9","1000","1000000","18584"
"754","true","extensive-intensive","false","7","1000","9","1000","1000000","18760"
"753","true","extensive-intensive","false","7","1000","9","1000","1000000","18764"
"755","true","extensive-intensive","false","7","1000","9","1000","1000000","18880"
"756","true","extensive-intensive","false","7","1000","9","1000","1000000","18631"
"757","true","extensive-intensive","false","7","1000","9","1000","1000000","18621"
"758","true","extensive-intensive","false","7","1000","9","1000","1000000","18565"
"759","true","extensive-intensive","false","7","1000","9","1000","1000000","18754"
"760","true","extensive-intensive","false","7","1000","9","1000","1000000","18617"
"761","true","extensive-intensive","false","7","1000","9","1000","1000000","18651"
"762","true","extensive-intensive","false","7","1000","9","1000","1000000","18774"
"763","true","extensive-intensive","false","7","1000","9","1000","1000000","18738"
"764","true","extensive-intensive","false","7","1000","9","1000","1000000","18591"
"765","true","extensive-intensive","false","7","1000","9","1000","1000000","18911"
"766","true","extensive-intensive","false","7","1000","9","1000","1000000","18730"
"767","true","extensive-intensive","false","7","1000","9","1000","1000000","18736"
"768","true","extensive-intensive","false","7","1000","9","1000","1000000","18586"
"769","true","extensive-intensive","false","7","1000","9","1000","1000000","18704"
"770","true","extensive-intensive","false","7","1000","9","1000","1000000","18662"
"771","true","extensive-intensive","false","7","1000","9","1000","1000000","18710"
"772","true","extensive-intensive","false","7","1000","9","1000","1000000","18625"
"773","true","extensive-intensive","false","7","1000","9","1000","1000000","18732"
"774","true","extensive-intensive","false","7","1000","9","1000","1000000","18710"
"775","true","extensive-intensive","false","7","1000","9","1000","1000000","18703"
"776","true","extensive-intensive","false","7","1000","9","1000","1000000","18912"
"777","true","extensive-intensive","false","7","1000","9","1000","1000000","18583"
"778","true","extensive-intensive","false","7","1000","9","1000","1000000","18718"
"779","true","extensive-intensive","false","7","1000","9","1000","1000000","18576"
"781","true","extensive-intensive","false","7","1","9","1000","1000000","31939"
"780","true","extensive-intensive","false","7","1000","9","1000","1000000","18749"
"782","true","extensive-intensive","false","7","1","9","1000","1000000","31875"
"783","true","extensive-intensive","false","7","1","9","1000","1000000","31675"
"784","true","extensive-intensive","false","7","1","9","1000","1000000","32094"
"785","true","extensive-intensive","false","7","1","9","1000","1000000","31643"
"786","true","extensive-intensive","false","7","1","9","1000","1000000","32043"
"787","true","extensive-intensive","false","7","1","9","1000","1000000","31906"
"788","true","extensive-intensive","false","7","1","9","1000","1000000","31784"
"789","true","extensive-intensive","false","7","1","9","1000","1000000","31737"
"790","true","extensive-intensive","false","7","1","9","1000","1000000","31775"
"791","true","extensive-intensive","false","7","1","9","1000","1000000","32514"
"792","true","extensive-intensive","false","7","1","9","1000","1000000","31939"
"793","true","extensive-intensive","false","7","1","9","1000","1000000","32153"
"794","true","extensive-intensive","false","7","1","9","1000","1000000","32343"
"795","true","extensive-intensive","false","7","1","9","1000","1000000","31954"
"797","true","extensive-intensive","false","7","1","9","1000","1000000","31682"
"796","true","extensive-intensive","false","7","1","9","1000","1000000","32200"
"798","true","extensive-intensive","false","7","1","9","1000","1000000","31913"
"799","true","extensive-intensive","false","7","1","9","1000","1000000","31633"
"800","true","extensive-intensive","false","7","1","9","1000","1000000","32011"
"801","true","extensive-intensive","false","7","1","9","1000","1000000","31766"
"802","true","extensive-intensive","false","7","1","9","1000","1000000","31792"
"804","true","extensive-intensive","false","7","1","9","1000","1000000","31464"
"803","true","extensive-intensive","false","7","1","9","1000","1000000","32214"
"805","true","extensive-intensive","false","7","1","9","1000","1000000","31770"
"806","true","extensive-intensive","false","7","1","9","1000","1000000","32280"
"807","true","extensive-intensive","false","7","1","9","1000","1000000","32088"
"808","true","extensive-intensive","false","7","1","9","1000","1000000","31935"
"809","true","extensive-intensive","false","7","1","9","1000","1000000","31936"
"810","true","extensive-intensive","false","7","1","9","1000","1000000","31900"
"811","true","extensive-intensive","false","7","1","9","1000","1000000","31765"
"812","true","extensive-intensive","false","7","1","9","1000","1000000","31928"
"813","true","extensive-intensive","false","7","1","9","1000","1000000","32050"
"814","true","extensive-intensive","false","7","1","9","1000","1000000","32152"
"815","true","extensive-intensive","false","7","1","9","1000","1000000","32005"
"816","true","extensive-intensive","false","7","1","9","1000","1000000","31943"
"817","true","extensive-intensive","false","7","1","9","1000","1000000","32272"
"818","true","extensive-intensive","false","7","1","9","1000","1000000","31703"
"819","true","extensive-intensive","false","7","1","9","1000","1000000","31787"
"820","true","extensive-intensive","false","7","1","9","1000","1000000","32128"
"821","true","extensive-intensive","false","7","1","9","1000","1000000","31978"
"822","true","extensive-intensive","false","7","1","9","1000","1000000","32155"
"823","true","extensive-intensive","false","7","1","9","1000","1000000","32041"
"824","true","extensive-intensive","false","7","1","9","1000","1000000","32008"
"825","true","extensive-intensive","false","7","1","9","1000","1000000","31889"
"826","true","extensive-intensive","false","7","1","9","1000","1000000","32088"
"827","true","extensive-intensive","false","7","1","9","1000","1000000","31651"
"828","true","extensive-intensive","false","7","1","9","1000","1000000","32126"
"829","true","extensive-intensive","false","7","1","9","1000","1000000","31882"
"830","true","extensive-intensive","false","7","1","9","1000","1000000","31830"
"831","true","extensive-intensive","false","7","1","9","1000","1000000","32108"
"832","true","extensive-intensive","false","7","1","9","1000","1000000","31948"
"833","true","extensive-intensive","false","7","1","9","1000","1000000","31945"
"834","true","extensive-intensive","false","7","1","9","1000","1000000","31601"
"835","true","extensive-intensive","false","7","1","9","1000","1000000","31644"
"836","true","extensive-intensive","false","7","1","9","1000","1000000","31951"
"837","true","extensive-intensive","false","7","1","9","1000","1000000","32029"
"838","true","extensive-intensive","false","7","1","9","1000","1000000","32068"
"839","true","extensive-intensive","false","7","1","9","1000","1000000","31768"
"840","true","extensive-intensive","false","7","1","9","1000","1000000","32132"
"841","true","extensive-intensive","false","8","1000","9","1000","1000000","18318"
"842","true","extensive-intensive","false","8","1000","9","1000","1000000","18547"
"843","true","extensive-intensive","false","8","1000","9","1000","1000000","18358"
"844","true","extensive-intensive","false","8","1000","9","1000","1000000","18695"
"845","true","extensive-intensive","false","8","1000","9","1000","1000000","18404"
"846","true","extensive-intensive","false","8","1000","9","1000","1000000","18303"
"847","true","extensive-intensive","false","8","1000","9","1000","1000000","18406"
"848","true","extensive-intensive","false","8","1000","9","1000","1000000","18257"
"849","true","extensive-intensive","false","8","1000","9","1000","1000000","18484"
"850","true","extensive-intensive","false","8","1000","9","1000","1000000","18299"
"851","true","extensive-intensive","false","8","1000","9","1000","1000000","18347"
"852","true","extensive-intensive","false","8","1000","9","1000","1000000","18353"
"853","true","extensive-intensive","false","8","1000","9","1000","1000000","18294"
"854","true","extensive-intensive","false","8","1000","9","1000","1000000","18458"
"855","true","extensive-intensive","false","8","1000","9","1000","1000000","18455"
"856","true","extensive-intensive","false","8","1000","9","1000","1000000","18293"
"857","true","extensive-intensive","false","8","1000","9","1000","1000000","18421"
"858","true","extensive-intensive","false","8","1000","9","1000","1000000","18393"
"859","true","extensive-intensive","false","8","1000","9","1000","1000000","18497"
"860","true","extensive-intensive","false","8","1000","9","1000","1000000","18488"
"861","true","extensive-intensive","false","8","1000","9","1000","1000000","18589"
"862","true","extensive-intensive","false","8","1000","9","1000","1000000","18485"
"863","true","extensive-intensive","false","8","1000","9","1000","1000000","18451"
"864","true","extensive-intensive","false","8","1000","9","1000","1000000","18262"
"866","true","extensive-intensive","false","8","1000","9","1000","1000000","18447"
"865","true","extensive-intensive","false","8","1000","9","1000","1000000","18456"
"867","true","extensive-intensive","false","8","1000","9","1000","1000000","18312"
"868","true","extensive-intensive","false","8","1000","9","1000","1000000","18465"
"869","true","extensive-intensive","false","8","1000","9","1000","1000000","18229"
"870","true","extensive-intensive","false","8","1000","9","1000","1000000","18250"
"871","true","extensive-intensive","false","8","1000","9","1000","1000000","18387"
"872","true","extensive-intensive","false","8","1000","9","1000","1000000","18316"
"873","true","extensive-intensive","false","8","1000","9","1000","1000000","18286"
"874","true","extensive-intensive","false","8","1000","9","1000","1000000","18291"
"875","true","extensive-intensive","false","8","1000","9","1000","1000000","18437"
"876","true","extensive-intensive","false","8","1000","9","1000","1000000","18143"
"877","true","extensive-intensive","false","8","1000","9","1000","1000000","18366"
"878","true","extensive-intensive","false","8","1000","9","1000","1000000","18435"
"879","true","extensive-intensive","false","8","1000","9","1000","1000000","18382"
"880","true","extensive-intensive","false","8","1000","9","1000","1000000","18296"
"881","true","extensive-intensive","false","8","1000","9","1000","1000000","18497"
"882","true","extensive-intensive","false","8","1000","9","1000","1000000","18326"
"883","true","extensive-intensive","false","8","1000","9","1000","1000000","18270"
"884","true","extensive-intensive","false","8","1000","9","1000","1000000","18533"
"885","true","extensive-intensive","false","8","1000","9","1000","1000000","18240"
"886","true","extensive-intensive","false","8","1000","9","1000","1000000","18312"
"887","true","extensive-intensive","false","8","1000","9","1000","1000000","18222"
"888","true","extensive-intensive","false","8","1000","9","1000","1000000","18167"
"889","true","extensive-intensive","false","8","1000","9","1000","1000000","18288"
"890","true","extensive-intensive","false","8","1000","9","1000","1000000","18395"
"891","true","extensive-intensive","false","8","1000","9","1000","1000000","18350"
"892","true","extensive-intensive","false","8","1000","9","1000","1000000","18502"
"893","true","extensive-intensive","false","8","1000","9","1000","1000000","18329"
"894","true","extensive-intensive","false","8","1000","9","1000","1000000","18328"
"895","true","extensive-intensive","false","8","1000","9","1000","1000000","18479"
"897","true","extensive-intensive","false","8","1000","9","1000","1000000","18457"
"898","true","extensive-intensive","false","8","1000","9","1000","1000000","18251"
"896","true","extensive-intensive","false","8","1000","9","1000","1000000","18381"
"899","true","extensive-intensive","false","8","1000","9","1000","1000000","18275"
"900","true","extensive-intensive","false","8","1000","9","1000","1000000","18272"
"901","true","extensive-intensive","false","8","1","9","1000","1000000","31407"
"902","true","extensive-intensive","false","8","1","9","1000","1000000","31328"
"903","true","extensive-intensive","false","8","1","9","1000","1000000","31387"
"904","true","extensive-intensive","false","8","1","9","1000","1000000","31379"
"905","true","extensive-intensive","false","8","1","9","1000","1000000","31524"
"907","true","extensive-intensive","false","8","1","9","1000","1000000","30767"
"906","true","extensive-intensive","false","8","1","9","1000","1000000","31193"
"908","true","extensive-intensive","false","8","1","9","1000","1000000","31028"
"909","true","extensive-intensive","false","8","1","9","1000","1000000","31155"
"910","true","extensive-intensive","false","8","1","9","1000","1000000","31204"
"911","true","extensive-intensive","false","8","1","9","1000","1000000","31124"
"913","true","extensive-intensive","false","8","1","9","1000","1000000","31378"
"912","true","extensive-intensive","false","8","1","9","1000","1000000","30883"
"914","true","extensive-intensive","false","8","1","9","1000","1000000","31548"
"915","true","extensive-intensive","false","8","1","9","1000","1000000","30925"
"916","true","extensive-intensive","false","8","1","9","1000","1000000","30766"
"917","true","extensive-intensive","false","8","1","9","1000","1000000","31417"
"918","true","extensive-intensive","false","8","1","9","1000","1000000","31329"
"919","true","extensive-intensive","false","8","1","9","1000","1000000","31039"
"920","true","extensive-intensive","false","8","1","9","1000","1000000","31688"
"921","true","extensive-intensive","false","8","1","9","1000","1000000","31524"
"922","true","extensive-intensive","false","8","1","9","1000","1000000","31103"
"923","true","extensive-intensive","false","8","1","9","1000","1000000","31413"
"925","true","extensive-intensive","false","8","1","9","1000","1000000","31338"
"924","true","extensive-intensive","false","8","1","9","1000","1000000","30923"
"926","true","extensive-intensive","false","8","1","9","1000","1000000","30921"
"927","true","extensive-intensive","false","8","1","9","1000","1000000","31652"
"928","true","extensive-intensive","false","8","1","9","1000","1000000","31562"
"929","true","extensive-intensive","false","8","1","9","1000","1000000","31662"
"930","true","extensive-intensive","false","8","1","9","1000","1000000","30842"
"931","true","extensive-intensive","false","8","1","9","1000","1000000","31100"
"932","true","extensive-intensive","false","8","1","9","1000","1000000","31091"
"933","true","extensive-intensive","false","8","1","9","1000","1000000","31259"
"934","true","extensive-intensive","false","8","1","9","1000","1000000","31071"
"935","true","extensive-intensive","false","8","1","9","1000","1000000","31279"
"936","true","extensive-intensive","false","8","1","9","1000","1000000","31217"
"937","true","extensive-intensive","false","8","1","9","1000","1000000","31466"
"938","true","extensive-intensive","false","8","1","9","1000","1000000","31917"
"939","true","extensive-intensive","false","8","1","9","1000","1000000","31086"
"941","true","extensive-intensive","false","8","1","9","1000","1000000","31471"
"940","true","extensive-intensive","false","8","1","9","1000","1000000","30648"
"942","true","extensive-intensive","false","8","1","9","1000","1000000","31153"
"943","true","extensive-intensive","false","8","1","9","1000","1000000","31094"
"944","true","extensive-intensive","false","8","1","9","1000","1000000","31492"
"945","true","extensive-intensive","false","8","1","9","1000","1000000","31465"
"946","true","extensive-intensive","false","8","1","9","1000","1000000","30670"
"947","true","extensive-intensive","false","8","1","9","1000","1000000","31282"
"948","true","extensive-intensive","false","8","1","9","1000","1000000","31316"
"949","true","extensive-intensive","false","8","1","9","1000","1000000","31708"
"950","true","extensive-intensive","false","8","1","9","1000","1000000","31356"
"952","true","extensive-intensive","false","8","1","9","1000","1000000","30964"
"951","true","extensive-intensive","false","8","1","9","1000","1000000","31301"
"953","true","extensive-intensive","false","8","1","9","1000","1000000","30771"
"954","true","extensive-intensive","false","8","1","9","1000","1000000","31252"
"955","true","extensive-intensive","false","8","1","9","1000","1000000","31303"
"956","true","extensive-intensive","false","8","1","9","1000","1000000","31408"
"957","true","extensive-intensive","false","8","1","9","1000","1000000","31564"
"961","true","extensive-intensive","false","9","1000","9","1000","1000000","1962"
"962","true","extensive-intensive","false","9","1000","9","1000","1000000","1979"
"963","true","extensive-intensive","false","9","1000","9","1000","1000000","1961"
"958","true","extensive-intensive","false","8","1","9","1000","1000000","31605"
"964","true","extensive-intensive","false","9","1000","9","1000","1000000","1960"
"965","true","extensive-intensive","false","9","1000","9","1000","1000000","1943"
"966","true","extensive-intensive","false","9","1000","9","1000","1000000","1965"
"959","true","extensive-intensive","false","8","1","9","1000","1000000","31566"
"967","true","extensive-intensive","false","9","1000","9","1000","1000000","1987"
"960","true","extensive-intensive","false","8","1","9","1000","1000000","31748"
"968","true","extensive-intensive","false","9","1000","9","1000","1000000","1967"
"970","true","extensive-intensive","false","9","1000","9","1000","1000000","1910"
"969","true","extensive-intensive","false","9","1000","9","1000","1000000","1940"
"971","true","extensive-intensive","false","9","1000","9","1000","1000000","1977"
"972","true","extensive-intensive","false","9","1000","9","1000","1000000","1975"
"975","true","extensive-intensive","false","9","1000","9","1000","1000000","1936"
"973","true","extensive-intensive","false","9","1000","9","1000","1000000","1963"
"974","true","extensive-intensive","false","9","1000","9","1000","1000000","1953"
"976","true","extensive-intensive","false","9","1000","9","1000","1000000","1983"
"977","true","extensive-intensive","false","9","1000","9","1000","1000000","1928"
"978","true","extensive-intensive","false","9","1000","9","1000","1000000","1967"
"979","true","extensive-intensive","false","9","1000","9","1000","1000000","1979"
"980","true","extensive-intensive","false","9","1000","9","1000","1000000","1937"
"981","true","extensive-intensive","false","9","1000","9","1000","1000000","1975"
"983","true","extensive-intensive","false","9","1000","9","1000","1000000","1935"
"982","true","extensive-intensive","false","9","1000","9","1000","1000000","1990"
"984","true","extensive-intensive","false","9","1000","9","1000","1000000","1947"
"985","true","extensive-intensive","false","9","1000","9","1000","1000000","1953"
"986","true","extensive-intensive","false","9","1000","9","1000","1000000","1931"
"987","true","extensive-intensive","false","9","1000","9","1000","1000000","1955"
"988","true","extensive-intensive","false","9","1000","9","1000","1000000","1921"
"989","true","extensive-intensive","false","9","1000","9","1000","1000000","1990"
"990","true","extensive-intensive","false","9","1000","9","1000","1000000","1936"
"991","true","extensive-intensive","false","9","1000","9","1000","1000000","1991"
"992","true","extensive-intensive","false","9","1000","9","1000","1000000","1991"
"993","true","extensive-intensive","false","9","1000","9","1000","1000000","1977"
"994","true","extensive-intensive","false","9","1000","9","1000","1000000","1955"
"995","true","extensive-intensive","false","9","1000","9","1000","1000000","1936"
"997","true","extensive-intensive","false","9","1000","9","1000","1000000","1959"
"996","true","extensive-intensive","false","9","1000","9","1000","1000000","1942"
"998","true","extensive-intensive","false","9","1000","9","1000","1000000","1938"
"999","true","extensive-intensive","false","9","1000","9","1000","1000000","1953"
"1000","true","extensive-intensive","false","9","1000","9","1000","1000000","1931"
"1001","true","extensive-intensive","false","9","1000","9","1000","1000000","1971"
"1002","true","extensive-intensive","false","9","1000","9","1000","1000000","1923"
"1003","true","extensive-intensive","false","9","1000","9","1000","1000000","1953"
"1004","true","extensive-intensive","false","9","1000","9","1000","1000000","1988"
"1005","true","extensive-intensive","false","9","1000","9","1000","1000000","1964"
"1006","true","extensive-intensive","false","9","1000","9","1000","1000000","1952"
"1007","true","extensive-intensive","false","9","1000","9","1000","1000000","1999"
"1008","true","extensive-intensive","false","9","1000","9","1000","1000000","1914"
"1009","true","extensive-intensive","false","9","1000","9","1000","1000000","1940"
"1011","true","extensive-intensive","false","9","1000","9","1000","1000000","1950"
"1010","true","extensive-intensive","false","9","1000","9","1000","1000000","1937"
"1012","true","extensive-intensive","false","9","1000","9","1000","1000000","1968"
"1014","true","extensive-intensive","false","9","1000","9","1000","1000000","1975"
"1013","true","extensive-intensive","false","9","1000","9","1000","1000000","1948"
"1015","true","extensive-intensive","false","9","1000","9","1000","1000000","1918"
"1016","true","extensive-intensive","false","9","1000","9","1000","1000000","1975"
"1017","true","extensive-intensive","false","9","1000","9","1000","1000000","1966"
"1018","true","extensive-intensive","false","9","1000","9","1000","1000000","1951"
"1019","true","extensive-intensive","false","9","1000","9","1000","1000000","1959"
"1020","true","extensive-intensive","false","9","1000","9","1000","1000000","1963"
"1021","true","extensive-intensive","false","9","1","9","1000","1000000","3324"
"1022","true","extensive-intensive","false","9","1","9","1000","1000000","3372"
"1023","true","extensive-intensive","false","9","1","9","1000","1000000","3370"
"1024","true","extensive-intensive","false","9","1","9","1000","1000000","3441"
"1025","true","extensive-intensive","false","9","1","9","1000","1000000","3388"
"1026","true","extensive-intensive","false","9","1","9","1000","1000000","3421"
"1027","true","extensive-intensive","false","9","1","9","1000","1000000","3271"
"1028","true","extensive-intensive","false","9","1","9","1000","1000000","3418"
"1029","true","extensive-intensive","false","9","1","9","1000","1000000","3314"
"1030","true","extensive-intensive","false","9","1","9","1000","1000000","3478"
"1031","true","extensive-intensive","false","9","1","9","1000","1000000","3480"
"1032","true","extensive-intensive","false","9","1","9","1000","1000000","3332"
"1033","true","extensive-intensive","false","9","1","9","1000","1000000","3483"
"1034","true","extensive-intensive","false","9","1","9","1000","1000000","3535"
"1035","true","extensive-intensive","false","9","1","9","1000","1000000","3389"
"1036","true","extensive-intensive","false","9","1","9","1000","1000000","3407"
"1037","true","extensive-intensive","false","9","1","9","1000","1000000","3455"
"1038","true","extensive-intensive","false","9","1","9","1000","1000000","3391"
"1039","true","extensive-intensive","false","9","1","9","1000","1000000","3368"
"1040","true","extensive-intensive","false","9","1","9","1000","1000000","3435"
"1041","true","extensive-intensive","false","9","1","9","1000","1000000","3477"
"1043","true","extensive-intensive","false","9","1","9","1000","1000000","3330"
"1042","true","extensive-intensive","false","9","1","9","1000","1000000","3467"
"1044","true","extensive-intensive","false","9","1","9","1000","1000000","3282"
"1045","true","extensive-intensive","false","9","1","9","1000","1000000","3368"
"1046","true","extensive-intensive","false","9","1","9","1000","1000000","3421"
"1047","true","extensive-intensive","false","9","1","9","1000","1000000","3244"
"1048","true","extensive-intensive","false","9","1","9","1000","1000000","3429"
"1049","true","extensive-intensive","false","9","1","9","1000","1000000","3394"
"1050","true","extensive-intensive","false","9","1","9","1000","1000000","3421"
"1051","true","extensive-intensive","false","9","1","9","1000","1000000","3418"
"1052","true","extensive-intensive","false","9","1","9","1000","1000000","3433"
"1054","true","extensive-intensive","false","9","1","9","1000","1000000","3496"
"1053","true","extensive-intensive","false","9","1","9","1000","1000000","3518"
"1055","true","extensive-intensive","false","9","1","9","1000","1000000","3402"
"1056","true","extensive-intensive","false","9","1","9","1000","1000000","3409"
"1057","true","extensive-intensive","false","9","1","9","1000","1000000","3396"
"1058","true","extensive-intensive","false","9","1","9","1000","1000000","3493"
"1059","true","extensive-intensive","false","9","1","9","1000","1000000","3485"
"1060","true","extensive-intensive","false","9","1","9","1000","1000000","3348"
"1062","true","extensive-intensive","false","9","1","9","1000","1000000","3467"
"1061","true","extensive-intensive","false","9","1","9","1000","1000000","3463"
"1063","true","extensive-intensive","false","9","1","9","1000","1000000","3298"
"1064","true","extensive-intensive","false","9","1","9","1000","1000000","3481"
"1065","true","extensive-intensive","false","9","1","9","1000","1000000","3428"
"1066","true","extensive-intensive","false","9","1","9","1000","1000000","3397"
"1067","true","extensive-intensive","false","9","1","9","1000","1000000","3309"
"1068","true","extensive-intensive","false","9","1","9","1000","1000000","3456"
"1069","true","extensive-intensive","false","9","1","9","1000","1000000","3298"
"1070","true","extensive-intensive","false","9","1","9","1000","1000000","3334"
"1071","true","extensive-intensive","false","9","1","9","1000","1000000","3294"
"1072","true","extensive-intensive","false","9","1","9","1000","1000000","3294"
"1073","true","extensive-intensive","false","9","1","9","1000","1000000","3429"
"1074","true","extensive-intensive","false","9","1","9","1000","1000000","3452"
"1075","true","extensive-intensive","false","9","1","9","1000","1000000","3493"
"1076","true","extensive-intensive","false","9","1","9","1000","1000000","3380"
"1077","true","extensive-intensive","false","9","1","9","1000","1000000","3376"
"1078","true","extensive-intensive","false","9","1","9","1000","1000000","3486"
"1079","true","extensive-intensive","false","9","1","9","1000","1000000","3412"
"1080","true","extensive-intensive","false","9","1","9","1000","1000000","3472"
"1081","true","extensive-intensive","false","10","1000","9","1000","1000000","3985"
"1082","true","extensive-intensive","false","10","1000","9","1000","1000000","3922"
"1083","true","extensive-intensive","false","10","1000","9","1000","1000000","3970"
"1085","true","extensive-intensive","false","10","1000","9","1000","1000000","3968"
"1084","true","extensive-intensive","false","10","1000","9","1000","1000000","3999"
"1087","true","extensive-intensive","false","10","1000","9","1000","1000000","3930"
"1086","true","extensive-intensive","false","10","1000","9","1000","1000000","3969"
"1088","true","extensive-intensive","false","10","1000","9","1000","1000000","3959"
"1089","true","extensive-intensive","false","10","1000","9","1000","1000000","3951"
"1090","true","extensive-intensive","false","10","1000","9","1000","1000000","3974"
"1091","true","extensive-intensive","false","10","1000","9","1000","1000000","3911"
"1092","true","extensive-intensive","false","10","1000","9","1000","1000000","3932"
"1094","true","extensive-intensive","false","10","1000","9","1000","1000000","3950"
"1093","true","extensive-intensive","false","10","1000","9","1000","1000000","3986"
"1095","true","extensive-intensive","false","10","1000","9","1000","1000000","3957"
"1096","true","extensive-intensive","false","10","1000","9","1000","1000000","3965"
"1097","true","extensive-intensive","false","10","1000","9","1000","1000000","4005"
"1098","true","extensive-intensive","false","10","1000","9","1000","1000000","3960"
"1099","true","extensive-intensive","false","10","1000","9","1000","1000000","3892"
"1100","true","extensive-intensive","false","10","1000","9","1000","1000000","3952"
"1101","true","extensive-intensive","false","10","1000","9","1000","1000000","3889"
"1102","true","extensive-intensive","false","10","1000","9","1000","1000000","3971"
"1103","true","extensive-intensive","false","10","1000","9","1000","1000000","3925"
"1104","true","extensive-intensive","false","10","1000","9","1000","1000000","4004"
"1105","true","extensive-intensive","false","10","1000","9","1000","1000000","3930"
"1106","true","extensive-intensive","false","10","1000","9","1000","1000000","3974"
"1107","true","extensive-intensive","false","10","1000","9","1000","1000000","4026"
"1108","true","extensive-intensive","false","10","1000","9","1000","1000000","3950"
"1111","true","extensive-intensive","false","10","1000","9","1000","1000000","4011"
"1109","true","extensive-intensive","false","10","1000","9","1000","1000000","3911"
"1110","true","extensive-intensive","false","10","1000","9","1000","1000000","3959"
"1112","true","extensive-intensive","false","10","1000","9","1000","1000000","3989"
"1113","true","extensive-intensive","false","10","1000","9","1000","1000000","3983"
"1114","true","extensive-intensive","false","10","1000","9","1000","1000000","3909"
"1115","true","extensive-intensive","false","10","1000","9","1000","1000000","3938"
"1116","true","extensive-intensive","false","10","1000","9","1000","1000000","3993"
"1118","true","extensive-intensive","false","10","1000","9","1000","1000000","3959"
"1119","true","extensive-intensive","false","10","1000","9","1000","1000000","3971"
"1117","true","extensive-intensive","false","10","1000","9","1000","1000000","3986"
"1120","true","extensive-intensive","false","10","1000","9","1000","1000000","3916"
"1121","true","extensive-intensive","false","10","1000","9","1000","1000000","3953"
"1123","true","extensive-intensive","false","10","1000","9","1000","1000000","3901"
"1122","true","extensive-intensive","false","10","1000","9","1000","1000000","3962"
"1124","true","extensive-intensive","false","10","1000","9","1000","1000000","3903"
"1127","true","extensive-intensive","false","10","1000","9","1000","1000000","3958"
"1125","true","extensive-intensive","false","10","1000","9","1000","1000000","4009"
"1126","true","extensive-intensive","false","10","1000","9","1000","1000000","3875"
"1128","true","extensive-intensive","false","10","1000","9","1000","1000000","3907"
"1129","true","extensive-intensive","false","10","1000","9","1000","1000000","3994"
"1130","true","extensive-intensive","false","10","1000","9","1000","1000000","3914"
"1131","true","extensive-intensive","false","10","1000","9","1000","1000000","3973"
"1132","true","extensive-intensive","false","10","1000","9","1000","1000000","4015"
"1134","true","extensive-intensive","false","10","1000","9","1000","1000000","3979"
"1133","true","extensive-intensive","false","10","1000","9","1000","1000000","3999"
"1135","true","extensive-intensive","false","10","1000","9","1000","1000000","3979"
"1136","true","extensive-intensive","false","10","1000","9","1000","1000000","3892"
"1137","true","extensive-intensive","false","10","1000","9","1000","1000000","3995"
"1138","true","extensive-intensive","false","10","1000","9","1000","1000000","3914"
"1139","true","extensive-intensive","false","10","1000","9","1000","1000000","3937"
"1140","true","extensive-intensive","false","10","1000","9","1000","1000000","3979"
"1141","true","extensive-intensive","false","10","1","9","1000","1000000","7173"
"1142","true","extensive-intensive","false","10","1","9","1000","1000000","6863"
"1143","true","extensive-intensive","false","10","1","9","1000","1000000","7113"
"1145","true","extensive-intensive","false","10","1","9","1000","1000000","7158"
"1144","true","extensive-intensive","false","10","1","9","1000","1000000","7155"
"1146","true","extensive-intensive","false","10","1","9","1000","1000000","7046"
"1147","true","extensive-intensive","false","10","1","9","1000","1000000","7044"
"1148","true","extensive-intensive","false","10","1","9","1000","1000000","7120"
"1150","true","extensive-intensive","false","10","1","9","1000","1000000","7043"
"1149","true","extensive-intensive","false","10","1","9","1000","1000000","7172"
"1151","true","extensive-intensive","false","10","1","9","1000","1000000","6999"
"1152","true","extensive-intensive","false","10","1","9","1000","1000000","7060"
"1153","true","extensive-intensive","false","10","1","9","1000","1000000","6991"
"1154","true","extensive-intensive","false","10","1","9","1000","1000000","7017"
"1155","true","extensive-intensive","false","10","1","9","1000","1000000","6917"
"1156","true","extensive-intensive","false","10","1","9","1000","1000000","7105"
"1158","true","extensive-intensive","false","10","1","9","1000","1000000","7169"
"1157","true","extensive-intensive","false","10","1","9","1000","1000000","6968"
"1159","true","extensive-intensive","false","10","1","9","1000","1000000","7055"
"1160","true","extensive-intensive","false","10","1","9","1000","1000000","6871"
"1161","true","extensive-intensive","false","10","1","9","1000","1000000","7112"
"1162","true","extensive-intensive","false","10","1","9","1000","1000000","6939"
"1163","true","extensive-intensive","false","10","1","9","1000","1000000","6986"
"1164","true","extensive-intensive","false","10","1","9","1000","1000000","7159"
"1165","true","extensive-intensive","false","10","1","9","1000","1000000","7004"
"1166","true","extensive-intensive","false","10","1","9","1000","1000000","6989"
"1167","true","extensive-intensive","false","10","1","9","1000","1000000","7086"
"1168","true","extensive-intensive","false","10","1","9","1000","1000000","7060"
"1169","true","extensive-intensive","false","10","1","9","1000","1000000","7071"
"1170","true","extensive-intensive","false","10","1","9","1000","1000000","7140"
"1171","true","extensive-intensive","false","10","1","9","1000","1000000","7215"
"1172","true","extensive-intensive","false","10","1","9","1000","1000000","7057"
"1173","true","extensive-intensive","false","10","1","9","1000","1000000","7059"
"1174","true","extensive-intensive","false","10","1","9","1000","1000000","7131"
"1176","true","extensive-intensive","false","10","1","9","1000","1000000","7081"
"1175","true","extensive-intensive","false","10","1","9","1000","1000000","7283"
"1177","true","extensive-intensive","false","10","1","9","1000","1000000","7070"
"1178","true","extensive-intensive","false","10","1","9","1000","1000000","7015"
"1179","true","extensive-intensive","false","10","1","9","1000","1000000","7060"
"1180","true","extensive-intensive","false","10","1","9","1000","1000000","6978"
"1181","true","extensive-intensive","false","10","1","9","1000","1000000","6814"
"1182","true","extensive-intensive","false","10","1","9","1000","1000000","7120"
"1183","true","extensive-intensive","false","10","1","9","1000","1000000","6980"
"1184","true","extensive-intensive","false","10","1","9","1000","1000000","7170"
"1185","true","extensive-intensive","false","10","1","9","1000","1000000","7066"
"1186","true","extensive-intensive","false","10","1","9","1000","1000000","7014"
"1187","true","extensive-intensive","false","10","1","9","1000","1000000","7043"
"1189","true","extensive-intensive","false","10","1","9","1000","1000000","7058"
"1188","true","extensive-intensive","false","10","1","9","1000","1000000","7093"
"1190","true","extensive-intensive","false","10","1","9","1000","1000000","7177"
"1191","true","extensive-intensive","false","10","1","9","1000","1000000","7016"
"1192","true","extensive-intensive","false","10","1","9","1000","1000000","7181"
"1193","true","extensive-intensive","false","10","1","9","1000","1000000","7006"
"1194","true","extensive-intensive","false","10","1","9","1000","1000000","6924"
"1195","true","extensive-intensive","false","10","1","9","1000","1000000","7038"
"1196","true","extensive-intensive","false","10","1","9","1000","1000000","6967"
"1197","true","extensive-intensive","false","10","1","9","1000","1000000","7121"
"1198","true","extensive-intensive","false","10","1","9","1000","1000000","7192"
"1199","true","extensive-intensive","false","10","1","9","1000","1000000","7036"
"1200","true","extensive-intensive","false","10","1","9","1000","1000000","7039"
"1201","true","extensive-intensive","false","11","1000","9","1000","1000000","8276"
"1202","true","extensive-intensive","false","11","1000","9","1000","1000000","8203"
"1203","true","extensive-intensive","false","11","1000","9","1000","1000000","8153"
"1204","true","extensive-intensive","false","11","1000","9","1000","1000000","8137"
"1206","true","extensive-intensive","false","11","1000","9","1000","1000000","8184"
"1205","true","extensive-intensive","false","11","1000","9","1000","1000000","8210"
"1207","true","extensive-intensive","false","11","1000","9","1000","1000000","8087"
"1208","true","extensive-intensive","false","11","1000","9","1000","1000000","8221"
"1209","true","extensive-intensive","false","11","1000","9","1000","1000000","8187"
"1211","true","extensive-intensive","false","11","1000","9","1000","1000000","8106"
"1210","true","extensive-intensive","false","11","1000","9","1000","1000000","8179"
"1213","true","extensive-intensive","false","11","1000","9","1000","1000000","8272"
"1214","true","extensive-intensive","false","11","1000","9","1000","1000000","8140"
"1212","true","extensive-intensive","false","11","1000","9","1000","1000000","8135"
"1215","true","extensive-intensive","false","11","1000","9","1000","1000000","8310"
"1216","true","extensive-intensive","false","11","1000","9","1000","1000000","8212"
"1217","true","extensive-intensive","false","11","1000","9","1000","1000000","8051"
"1218","true","extensive-intensive","false","11","1000","9","1000","1000000","8171"
"1219","true","extensive-intensive","false","11","1000","9","1000","1000000","8040"
"1220","true","extensive-intensive","false","11","1000","9","1000","1000000","8131"
"1222","true","extensive-intensive","false","11","1000","9","1000","1000000","8218"
"1221","true","extensive-intensive","false","11","1000","9","1000","1000000","8182"
"1223","true","extensive-intensive","false","11","1000","9","1000","1000000","8165"
"1224","true","extensive-intensive","false","11","1000","9","1000","1000000","8185"
"1225","true","extensive-intensive","false","11","1000","9","1000","1000000","8191"
"1227","true","extensive-intensive","false","11","1000","9","1000","1000000","8271"
"1226","true","extensive-intensive","false","11","1000","9","1000","1000000","8289"
"1229","true","extensive-intensive","false","11","1000","9","1000","1000000","8193"
"1230","true","extensive-intensive","false","11","1000","9","1000","1000000","8199"
"1228","true","extensive-intensive","false","11","1000","9","1000","1000000","8259"
"1231","true","extensive-intensive","false","11","1000","9","1000","1000000","8311"
"1232","true","extensive-intensive","false","11","1000","9","1000","1000000","8192"
"1233","true","extensive-intensive","false","11","1000","9","1000","1000000","8248"
"1234","true","extensive-intensive","false","11","1000","9","1000","1000000","8305"
"1235","true","extensive-intensive","false","11","1000","9","1000","1000000","8174"
"1236","true","extensive-intensive","false","11","1000","9","1000","1000000","8155"
"1237","true","extensive-intensive","false","11","1000","9","1000","1000000","8177"
"1238","true","extensive-intensive","false","11","1000","9","1000","1000000","8126"
"1239","true","extensive-intensive","false","11","1000","9","1000","1000000","8198"
"1240","true","extensive-intensive","false","11","1000","9","1000","1000000","8306"
"1241","true","extensive-intensive","false","11","1000","9","1000","1000000","8210"
"1242","true","extensive-intensive","false","11","1000","9","1000","1000000","8178"
"1244","true","extensive-intensive","false","11","1000","9","1000","1000000","8223"
"1245","true","extensive-intensive","false","11","1000","9","1000","1000000","8144"
"1243","true","extensive-intensive","false","11","1000","9","1000","1000000","8119"
"1246","true","extensive-intensive","false","11","1000","9","1000","1000000","8320"
"1247","true","extensive-intensive","false","11","1000","9","1000","1000000","8121"
"1248","true","extensive-intensive","false","11","1000","9","1000","1000000","8161"
"1249","true","extensive-intensive","false","11","1000","9","1000","1000000","8145"
"1250","true","extensive-intensive","false","11","1000","9","1000","1000000","8269"
"1251","true","extensive-intensive","false","11","1000","9","1000","1000000","8161"
"1254","true","extensive-intensive","false","11","1000","9","1000","1000000","8179"
"1252","true","extensive-intensive","false","11","1000","9","1000","1000000","8143"
"1253","true","extensive-intensive","false","11","1000","9","1000","1000000","8228"
"1255","true","extensive-intensive","false","11","1000","9","1000","1000000","8261"
"1256","true","extensive-intensive","false","11","1000","9","1000","1000000","8179"
"1257","true","extensive-intensive","false","11","1000","9","1000","1000000","8213"
"1258","true","extensive-intensive","false","11","1000","9","1000","1000000","8141"
"1261","true","extensive-intensive","false","11","1","9","1000","1000000","15596"
"1259","true","extensive-intensive","false","11","1000","9","1000","1000000","8217"
"1262","true","extensive-intensive","false","11","1","9","1000","1000000","15314"
"1263","true","extensive-intensive","false","11","1","9","1000","1000000","15407"
"1260","true","extensive-intensive","false","11","1000","9","1000","1000000","8172"
"1264","true","extensive-intensive","false","11","1","9","1000","1000000","15509"
"1265","true","extensive-intensive","false","11","1","9","1000","1000000","15209"
"1266","true","extensive-intensive","false","11","1","9","1000","1000000","15550"
"1267","true","extensive-intensive","false","11","1","9","1000","1000000","15632"
"1268","true","extensive-intensive","false","11","1","9","1000","1000000","15663"
"1270","true","extensive-intensive","false","11","1","9","1000","1000000","15225"
"1271","true","extensive-intensive","false","11","1","9","1000","1000000","15067"
"1269","true","extensive-intensive","false","11","1","9","1000","1000000","15518"
"1272","true","extensive-intensive","false","11","1","9","1000","1000000","15490"
"1273","true","extensive-intensive","false","11","1","9","1000","1000000","15427"
"1274","true","extensive-intensive","false","11","1","9","1000","1000000","15461"
"1275","true","extensive-intensive","false","11","1","9","1000","1000000","15724"
"1276","true","extensive-intensive","false","11","1","9","1000","1000000","15531"
"1277","true","extensive-intensive","false","11","1","9","1000","1000000","15507"
"1278","true","extensive-intensive","false","11","1","9","1000","1000000","15302"
"1279","true","extensive-intensive","false","11","1","9","1000","1000000","15701"
"1280","true","extensive-intensive","false","11","1","9","1000","1000000","15394"
"1281","true","extensive-intensive","false","11","1","9","1000","1000000","15341"
"1283","true","extensive-intensive","false","11","1","9","1000","1000000","15313"
"1282","true","extensive-intensive","false","11","1","9","1000","1000000","15065"
"1284","true","extensive-intensive","false","11","1","9","1000","1000000","15164"
"1285","true","extensive-intensive","false","11","1","9","1000","1000000","15450"
"1286","true","extensive-intensive","false","11","1","9","1000","1000000","15165"
"1287","true","extensive-intensive","false","11","1","9","1000","1000000","14999"
"1288","true","extensive-intensive","false","11","1","9","1000","1000000","15296"
"1289","true","extensive-intensive","false","11","1","9","1000","1000000","15337"
"1291","true","extensive-intensive","false","11","1","9","1000","1000000","15589"
"1290","true","extensive-intensive","false","11","1","9","1000","1000000","15392"
"1292","true","extensive-intensive","false","11","1","9","1000","1000000","15170"
"1293","true","extensive-intensive","false","11","1","9","1000","1000000","15485"
"1294","true","extensive-intensive","false","11","1","9","1000","1000000","15392"
"1295","true","extensive-intensive","false","11","1","9","1000","1000000","15195"
"1296","true","extensive-intensive","false","11","1","9","1000","1000000","15526"
"1297","true","extensive-intensive","false","11","1","9","1000","1000000","15475"
"1298","true","extensive-intensive","false","11","1","9","1000","1000000","15601"
"1299","true","extensive-intensive","false","11","1","9","1000","1000000","15275"
"1301","true","extensive-intensive","false","11","1","9","1000","1000000","15296"
"1300","true","extensive-intensive","false","11","1","9","1000","1000000","15222"
"1302","true","extensive-intensive","false","11","1","9","1000","1000000","15900"
"1303","true","extensive-intensive","false","11","1","9","1000","1000000","15285"
"1304","true","extensive-intensive","false","11","1","9","1000","1000000","15460"
"1305","true","extensive-intensive","false","11","1","9","1000","1000000","15180"
"1307","true","extensive-intensive","false","11","1","9","1000","1000000","15238"
"1306","true","extensive-intensive","false","11","1","9","1000","1000000","15651"
"1309","true","extensive-intensive","false","11","1","9","1000","1000000","15728"
"1308","true","extensive-intensive","false","11","1","9","1000","1000000","15470"
"1310","true","extensive-intensive","false","11","1","9","1000","1000000","15439"
"1311","true","extensive-intensive","false","11","1","9","1000","1000000","15385"
"1312","true","extensive-intensive","false","11","1","9","1000","1000000","15601"
"1313","true","extensive-intensive","false","11","1","9","1000","1000000","15052"
"1314","true","extensive-intensive","false","11","1","9","1000","1000000","15377"
"1315","true","extensive-intensive","false","11","1","9","1000","1000000","15214"
"1316","true","extensive-intensive","false","11","1","9","1000","1000000","15077"
"1318","true","extensive-intensive","false","11","1","9","1000","1000000","15492"
"1317","true","extensive-intensive","false","11","1","9","1000","1000000","15218"
"1319","true","extensive-intensive","false","11","1","9","1000","1000000","15217"
"1320","true","extensive-intensive","false","11","1","9","1000","1000000","14829"
"1321","true","extensive-intensive","false","12","1000","9","1000","1000000","12739"
"1322","true","extensive-intensive","false","12","1000","9","1000","1000000","12494"
"1323","true","extensive-intensive","false","12","1000","9","1000","1000000","12738"
"1326","true","extensive-intensive","false","12","1000","9","1000","1000000","12519"
"1325","true","extensive-intensive","false","12","1000","9","1000","1000000","12542"
"1324","true","extensive-intensive","false","12","1000","9","1000","1000000","12811"
"1327","true","extensive-intensive","false","12","1000","9","1000","1000000","12475"
"1328","true","extensive-intensive","false","12","1000","9","1000","1000000","12591"
"1330","true","extensive-intensive","false","12","1000","9","1000","1000000","12635"
"1329","true","extensive-intensive","false","12","1000","9","1000","1000000","12700"
"1331","true","extensive-intensive","false","12","1000","9","1000","1000000","12606"
"1332","true","extensive-intensive","false","12","1000","9","1000","1000000","12471"
"1333","true","extensive-intensive","false","12","1000","9","1000","1000000","12596"
"1334","true","extensive-intensive","false","12","1000","9","1000","1000000","12690"
"1335","true","extensive-intensive","false","12","1000","9","1000","1000000","12578"
"1336","true","extensive-intensive","false","12","1000","9","1000","1000000","12621"
"1337","true","extensive-intensive","false","12","1000","9","1000","1000000","12637"
"1338","true","extensive-intensive","false","12","1000","9","1000","1000000","12641"
"1339","true","extensive-intensive","false","12","1000","9","1000","1000000","12653"
"1340","true","extensive-intensive","false","12","1000","9","1000","1000000","12612"
"1342","true","extensive-intensive","false","12","1000","9","1000","1000000","12616"
"1341","true","extensive-intensive","false","12","1000","9","1000","1000000","12548"
"1343","true","extensive-intensive","false","12","1000","9","1000","1000000","12791"
"1344","true","extensive-intensive","false","12","1000","9","1000","1000000","12708"
"1345","true","extensive-intensive","false","12","1000","9","1000","1000000","12546"
"1346","true","extensive-intensive","false","12","1000","9","1000","1000000","12711"
"1347","true","extensive-intensive","false","12","1000","9","1000","1000000","12495"
"1350","true","extensive-intensive","false","12","1000","9","1000","1000000","12619"
"1349","true","extensive-intensive","false","12","1000","9","1000","1000000","12471"
"1348","true","extensive-intensive","false","12","1000","9","1000","1000000","12768"
"1351","true","extensive-intensive","false","12","1000","9","1000","1000000","12666"
"1352","true","extensive-intensive","false","12","1000","9","1000","1000000","12555"
"1353","true","extensive-intensive","false","12","1000","9","1000","1000000","12717"
"1355","true","extensive-intensive","false","12","1000","9","1000","1000000","12634"
"1354","true","extensive-intensive","false","12","1000","9","1000","1000000","12656"
"1356","true","extensive-intensive","false","12","1000","9","1000","1000000","12648"
"1357","true","extensive-intensive","false","12","1000","9","1000","1000000","12711"
"1358","true","extensive-intensive","false","12","1000","9","1000","1000000","12588"
"1359","true","extensive-intensive","false","12","1000","9","1000","1000000","12614"
"1360","true","extensive-intensive","false","12","1000","9","1000","1000000","12683"
"1361","true","extensive-intensive","false","12","1000","9","1000","1000000","12464"
"1362","true","extensive-intensive","false","12","1000","9","1000","1000000","12598"
"1363","true","extensive-intensive","false","12","1000","9","1000","1000000","12666"
"1366","true","extensive-intensive","false","12","1000","9","1000","1000000","12574"
"1364","true","extensive-intensive","false","12","1000","9","1000","1000000","12634"
"1365","true","extensive-intensive","false","12","1000","9","1000","1000000","12708"
"1367","true","extensive-intensive","false","12","1000","9","1000","1000000","12653"
"1368","true","extensive-intensive","false","12","1000","9","1000","1000000","12574"
"1369","true","extensive-intensive","false","12","1000","9","1000","1000000","12661"
"1370","true","extensive-intensive","false","12","1000","9","1000","1000000","12688"
"1372","true","extensive-intensive","false","12","1000","9","1000","1000000","12724"
"1373","true","extensive-intensive","false","12","1000","9","1000","1000000","12701"
"1371","true","extensive-intensive","false","12","1000","9","1000","1000000","12884"
"1374","true","extensive-intensive","false","12","1000","9","1000","1000000","12584"
"1375","true","extensive-intensive","false","12","1000","9","1000","1000000","12741"
"1376","true","extensive-intensive","false","12","1000","9","1000","1000000","12638"
"1377","true","extensive-intensive","false","12","1000","9","1000","1000000","12632"
"1381","true","extensive-intensive","false","12","1","9","1000","1000000","24423"
"1378","true","extensive-intensive","false","12","1000","9","1000","1000000","12604"
"1382","true","extensive-intensive","false","12","1","9","1000","1000000","24707"
"1379","true","extensive-intensive","false","12","1000","9","1000","1000000","12644"
"1380","true","extensive-intensive","false","12","1000","9","1000","1000000","12768"
"1383","true","extensive-intensive","false","12","1","9","1000","1000000","24738"
"1384","true","extensive-intensive","false","12","1","9","1000","1000000","24524"
"1385","true","extensive-intensive","false","12","1","9","1000","1000000","25121"
"1386","true","extensive-intensive","false","12","1","9","1000","1000000","24636"
"1387","true","extensive-intensive","false","12","1","9","1000","1000000","24782"
"1388","true","extensive-intensive","false","12","1","9","1000","1000000","24263"
"1389","true","extensive-intensive","false","12","1","9","1000","1000000","24312"
"1390","true","extensive-intensive","false","12","1","9","1000","1000000","24320"
"1391","true","extensive-intensive","false","12","1","9","1000","1000000","24488"
"1392","true","extensive-intensive","false","12","1","9","1000","1000000","24906"
"1393","true","extensive-intensive","false","12","1","9","1000","1000000","24433"
"1394","true","extensive-intensive","false","12","1","9","1000","1000000","24799"
"1395","true","extensive-intensive","false","12","1","9","1000","1000000","24820"
"1396","true","extensive-intensive","false","12","1","9","1000","1000000","24598"
"1397","true","extensive-intensive","false","12","1","9","1000","1000000","24514"
"1398","true","extensive-intensive","false","12","1","9","1000","1000000","24482"
"1399","true","extensive-intensive","false","12","1","9","1000","1000000","24348"
"1400","true","extensive-intensive","false","12","1","9","1000","1000000","24109"
"1401","true","extensive-intensive","false","12","1","9","1000","1000000","24518"
"1402","true","extensive-intensive","false","12","1","9","1000","1000000","24813"
"1403","true","extensive-intensive","false","12","1","9","1000","1000000","25165"
"1404","true","extensive-intensive","false","12","1","9","1000","1000000","24486"
"1405","true","extensive-intensive","false","12","1","9","1000","1000000","24475"
"1406","true","extensive-intensive","false","12","1","9","1000","1000000","24164"
"1407","true","extensive-intensive","false","12","1","9","1000","1000000","24800"
"1408","true","extensive-intensive","false","12","1","9","1000","1000000","25026"
"1409","true","extensive-intensive","false","12","1","9","1000","1000000","24225"
"1410","true","extensive-intensive","false","12","1","9","1000","1000000","24934"
"1411","true","extensive-intensive","false","12","1","9","1000","1000000","24860"
"1412","true","extensive-intensive","false","12","1","9","1000","1000000","25117"
"1413","true","extensive-intensive","false","12","1","9","1000","1000000","24562"
"1414","true","extensive-intensive","false","12","1","9","1000","1000000","24144"
"1415","true","extensive-intensive","false","12","1","9","1000","1000000","24587"
"1416","true","extensive-intensive","false","12","1","9","1000","1000000","24623"
"1417","true","extensive-intensive","false","12","1","9","1000","1000000","24365"
"1418","true","extensive-intensive","false","12","1","9","1000","1000000","24733"
"1419","true","extensive-intensive","false","12","1","9","1000","1000000","25059"
"1421","true","extensive-intensive","false","12","1","9","1000","1000000","24760"
"1420","true","extensive-intensive","false","12","1","9","1000","1000000","24577"
"1422","true","extensive-intensive","false","12","1","9","1000","1000000","25357"
"1423","true","extensive-intensive","false","12","1","9","1000","1000000","24640"
"1424","true","extensive-intensive","false","12","1","9","1000","1000000","24245"
"1425","true","extensive-intensive","false","12","1","9","1000","1000000","24785"
"1426","true","extensive-intensive","false","12","1","9","1000","1000000","24954"
"1428","true","extensive-intensive","false","12","1","9","1000","1000000","24415"
"1429","true","extensive-intensive","false","12","1","9","1000","1000000","24307"
"1427","true","extensive-intensive","false","12","1","9","1000","1000000","24458"
"1430","true","extensive-intensive","false","12","1","9","1000","1000000","24629"
"1431","true","extensive-intensive","false","12","1","9","1000","1000000","25082"
"1432","true","extensive-intensive","false","12","1","9","1000","1000000","24469"
"1433","true","extensive-intensive","false","12","1","9","1000","1000000","24502"
"1435","true","extensive-intensive","false","12","1","9","1000","1000000","24760"
"1434","true","extensive-intensive","false","12","1","9","1000","1000000","24313"
"1436","true","extensive-intensive","false","12","1","9","1000","1000000","25116"
"1437","true","extensive-intensive","false","12","1","9","1000","1000000","24272"
"1438","true","extensive-intensive","false","12","1","9","1000","1000000","24372"
"1439","true","extensive-intensive","false","12","1","9","1000","1000000","24437"
"1440","true","extensive-intensive","false","12","1","9","1000","1000000","24670"
"1441","true","extensive-intensive","false","13","1000","9","1000","1000000","16987"
"1442","true","extensive-intensive","false","13","1000","9","1000","1000000","16875"
"1443","true","extensive-intensive","false","13","1000","9","1000","1000000","17074"
"1446","true","extensive-intensive","false","13","1000","9","1000","1000000","17078"
"1445","true","extensive-intensive","false","13","1000","9","1000","1000000","16998"
"1444","true","extensive-intensive","false","13","1000","9","1000","1000000","16921"
"1447","true","extensive-intensive","false","13","1000","9","1000","1000000","17097"
"1448","true","extensive-intensive","false","13","1000","9","1000","1000000","16907"
"1449","true","extensive-intensive","false","13","1000","9","1000","1000000","16910"
"1450","true","extensive-intensive","false","13","1000","9","1000","1000000","17147"
"1452","true","extensive-intensive","false","13","1000","9","1000","1000000","17040"
"1451","true","extensive-intensive","false","13","1000","9","1000","1000000","16904"
"1453","true","extensive-intensive","false","13","1000","9","1000","1000000","16999"
"1454","true","extensive-intensive","false","13","1000","9","1000","1000000","16795"
"1455","true","extensive-intensive","false","13","1000","9","1000","1000000","17039"
"1456","true","extensive-intensive","false","13","1000","9","1000","1000000","17375"
"1457","true","extensive-intensive","false","13","1000","9","1000","1000000","17029"
"1458","true","extensive-intensive","false","13","1000","9","1000","1000000","16904"
"1459","true","extensive-intensive","false","13","1000","9","1000","1000000","16851"
"1461","true","extensive-intensive","false","13","1000","9","1000","1000000","17317"
"1460","true","extensive-intensive","false","13","1000","9","1000","1000000","17151"
"1462","true","extensive-intensive","false","13","1000","9","1000","1000000","17010"
"1463","true","extensive-intensive","false","13","1000","9","1000","1000000","17110"
"1464","true","extensive-intensive","false","13","1000","9","1000","1000000","16942"
"1465","true","extensive-intensive","false","13","1000","9","1000","1000000","17059"
"1466","true","extensive-intensive","false","13","1000","9","1000","1000000","17127"
"1467","true","extensive-intensive","false","13","1000","9","1000","1000000","17003"
"1469","true","extensive-intensive","false","13","1000","9","1000","1000000","16959"
"1470","true","extensive-intensive","false","13","1000","9","1000","1000000","17070"
"1468","true","extensive-intensive","false","13","1000","9","1000","1000000","17210"
"1471","true","extensive-intensive","false","13","1000","9","1000","1000000","16919"
"1472","true","extensive-intensive","false","13","1000","9","1000","1000000","17142"
"1473","true","extensive-intensive","false","13","1000","9","1000","1000000","17093"
"1474","true","extensive-intensive","false","13","1000","9","1000","1000000","16961"
"1475","true","extensive-intensive","false","13","1000","9","1000","1000000","17014"
"1477","true","extensive-intensive","false","13","1000","9","1000","1000000","16914"
"1476","true","extensive-intensive","false","13","1000","9","1000","1000000","17191"
"1478","true","extensive-intensive","false","13","1000","9","1000","1000000","16970"
"1479","true","extensive-intensive","false","13","1000","9","1000","1000000","16783"
"1480","true","extensive-intensive","false","13","1000","9","1000","1000000","17045"
"1481","true","extensive-intensive","false","13","1000","9","1000","1000000","16992"
"1483","true","extensive-intensive","false","13","1000","9","1000","1000000","16998"
"1482","true","extensive-intensive","false","13","1000","9","1000","1000000","17014"
"1484","true","extensive-intensive","false","13","1000","9","1000","1000000","16903"
"1486","true","extensive-intensive","false","13","1000","9","1000","1000000","16810"
"1485","true","extensive-intensive","false","13","1000","9","1000","1000000","16921"
"1487","true","extensive-intensive","false","13","1000","9","1000","1000000","17093"
"1488","true","extensive-intensive","false","13","1000","9","1000","1000000","16858"
"1489","true","extensive-intensive","false","13","1000","9","1000","1000000","16854"
"1490","true","extensive-intensive","false","13","1000","9","1000","1000000","17059"
"1491","true","extensive-intensive","false","13","1000","9","1000","1000000","17065"
"1492","true","extensive-intensive","false","13","1000","9","1000","1000000","16982"
"1493","true","extensive-intensive","false","13","1000","9","1000","1000000","17150"
"1494","true","extensive-intensive","false","13","1000","9","1000","1000000","16796"
"1495","true","extensive-intensive","false","13","1000","9","1000","1000000","16945"
"1496","true","extensive-intensive","false","13","1000","9","1000","1000000","16805"
"1497","true","extensive-intensive","false","13","1000","9","1000","1000000","17296"
"1498","true","extensive-intensive","false","13","1000","9","1000","1000000","17139"
"1499","true","extensive-intensive","false","13","1000","9","1000","1000000","16865"
"1501","true","extensive-intensive","false","13","1","9","1000","1000000","34616"
"1502","true","extensive-intensive","false","13","1","9","1000","1000000","32522"
"1500","true","extensive-intensive","false","13","1000","9","1000","1000000","17098"
"1503","true","extensive-intensive","false","13","1","9","1000","1000000","33274"
"1504","true","extensive-intensive","false","13","1","9","1000","1000000","32540"
"1505","true","extensive-intensive","false","13","1","9","1000","1000000","33295"
"1506","true","extensive-intensive","false","13","1","9","1000","1000000","32856"
"1507","true","extensive-intensive","false","13","1","9","1000","1000000","32093"
"1508","true","extensive-intensive","false","13","1","9","1000","1000000","33905"
"1510","true","extensive-intensive","false","13","1","9","1000","1000000","33457"
"1509","true","extensive-intensive","false","13","1","9","1000","1000000","33286"
"1511","true","extensive-intensive","false","13","1","9","1000","1000000","32818"
"1512","true","extensive-intensive","false","13","1","9","1000","1000000","33517"
"1513","true","extensive-intensive","false","13","1","9","1000","1000000","32202"
"1514","true","extensive-intensive","false","13","1","9","1000","1000000","32565"
"1515","true","extensive-intensive","false","13","1","9","1000","1000000","33085"
"1516","true","extensive-intensive","false","13","1","9","1000","1000000","32683"
"1518","true","extensive-intensive","false","13","1","9","1000","1000000","33921"
"1517","true","extensive-intensive","false","13","1","9","1000","1000000","32817"
"1519","true","extensive-intensive","false","13","1","9","1000","1000000","33462"
"1520","true","extensive-intensive","false","13","1","9","1000","1000000","32988"
"1521","true","extensive-intensive","false","13","1","9","1000","1000000","33467"
"1522","true","extensive-intensive","false","13","1","9","1000","1000000","32773"
"1523","true","extensive-intensive","false","13","1","9","1000","1000000","32742"
"1524","true","extensive-intensive","false","13","1","9","1000","1000000","33406"
"1525","true","extensive-intensive","false","13","1","9","1000","1000000","32432"
"1526","true","extensive-intensive","false","13","1","9","1000","1000000","32819"
"1527","true","extensive-intensive","false","13","1","9","1000","1000000","32032"
"1529","true","extensive-intensive","false","13","1","9","1000","1000000","33716"
"1528","true","extensive-intensive","false","13","1","9","1000","1000000","33119"
"1530","true","extensive-intensive","false","13","1","9","1000","1000000","33019"
"1531","true","extensive-intensive","false","13","1","9","1000","1000000","33229"
"1532","true","extensive-intensive","false","13","1","9","1000","1000000","32862"
"1533","true","extensive-intensive","false","13","1","9","1000","1000000","33214"
"1534","true","extensive-intensive","false","13","1","9","1000","1000000","33145"
"1535","true","extensive-intensive","false","13","1","9","1000","1000000","33551"
"1536","true","extensive-intensive","false","13","1","9","1000","1000000","32068"
"1537","true","extensive-intensive","false","13","1","9","1000","1000000","33872"
"1538","true","extensive-intensive","false","13","1","9","1000","1000000","32410"
"1539","true","extensive-intensive","false","13","1","9","1000","1000000","33660"
"1540","true","extensive-intensive","false","13","1","9","1000","1000000","33634"
"1541","true","extensive-intensive","false","13","1","9","1000","1000000","33514"
"1542","true","extensive-intensive","false","13","1","9","1000","1000000","33499"
"1543","true","extensive-intensive","false","13","1","9","1000","1000000","33545"
"1544","true","extensive-intensive","false","13","1","9","1000","1000000","32701"
"1545","true","extensive-intensive","false","13","1","9","1000","1000000","32663"
"1546","true","extensive-intensive","false","13","1","9","1000","1000000","34360"
"1547","true","extensive-intensive","false","13","1","9","1000","1000000","32793"
"1548","true","extensive-intensive","false","13","1","9","1000","1000000","32526"
"1550","true","extensive-intensive","false","13","1","9","1000","1000000","33694"
"1549","true","extensive-intensive","false","13","1","9","1000","1000000","33524"
"1551","true","extensive-intensive","false","13","1","9","1000","1000000","32609"
"1552","true","extensive-intensive","false","13","1","9","1000","1000000","33058"
"1554","true","extensive-intensive","false","13","1","9","1000","1000000","32658"
"1553","true","extensive-intensive","false","13","1","9","1000","1000000","32586"
"1555","true","extensive-intensive","false","13","1","9","1000","1000000","33435"
"1556","true","extensive-intensive","false","13","1","9","1000","1000000","32501"
"1557","true","extensive-intensive","false","13","1","9","1000","1000000","33895"
"1558","true","extensive-intensive","false","13","1","9","1000","1000000","32492"
"1559","true","extensive-intensive","false","13","1","9","1000","1000000","32802"
"1560","true","extensive-intensive","false","13","1","9","1000","1000000","32434"
"1562","true","extensive-intensive","false","14","1000","9","1000","1000000","21272"
"1561","true","extensive-intensive","false","14","1000","9","1000","1000000","21208"
"1564","true","extensive-intensive","false","14","1000","9","1000","1000000","21180"
"1563","true","extensive-intensive","false","14","1000","9","1000","1000000","21082"
"1565","true","extensive-intensive","false","14","1000","9","1000","1000000","21077"
"1566","true","extensive-intensive","false","14","1000","9","1000","1000000","21172"
"1567","true","extensive-intensive","false","14","1000","9","1000","1000000","21094"
"1568","true","extensive-intensive","false","14","1000","9","1000","1000000","21318"
"1570","true","extensive-intensive","false","14","1000","9","1000","1000000","21156"
"1569","true","extensive-intensive","false","14","1000","9","1000","1000000","20996"
"1572","true","extensive-intensive","false","14","1000","9","1000","1000000","21058"
"1571","true","extensive-intensive","false","14","1000","9","1000","1000000","21174"
"1573","true","extensive-intensive","false","14","1000","9","1000","1000000","21005"
"1574","true","extensive-intensive","false","14","1000","9","1000","1000000","21137"
"1575","true","extensive-intensive","false","14","1000","9","1000","1000000","21277"
"1576","true","extensive-intensive","false","14","1000","9","1000","1000000","21123"
"1577","true","extensive-intensive","false","14","1000","9","1000","1000000","21413"
"1578","true","extensive-intensive","false","14","1000","9","1000","1000000","21127"
"1580","true","extensive-intensive","false","14","1000","9","1000","1000000","21035"
"1579","true","extensive-intensive","false","14","1000","9","1000","1000000","21266"
"1581","true","extensive-intensive","false","14","1000","9","1000","1000000","21295"
"1582","true","extensive-intensive","false","14","1000","9","1000","1000000","21198"
"1583","true","extensive-intensive","false","14","1000","9","1000","1000000","21097"
"1584","true","extensive-intensive","false","14","1000","9","1000","1000000","20860"
"1585","true","extensive-intensive","false","14","1000","9","1000","1000000","21240"
"1586","true","extensive-intensive","false","14","1000","9","1000","1000000","21186"
"1587","true","extensive-intensive","false","14","1000","9","1000","1000000","21117"
"1588","true","extensive-intensive","false","14","1000","9","1000","1000000","20910"
"1589","true","extensive-intensive","false","14","1000","9","1000","1000000","21059"
"1590","true","extensive-intensive","false","14","1000","9","1000","1000000","21184"
"1591","true","extensive-intensive","false","14","1000","9","1000","1000000","21236"
"1592","true","extensive-intensive","false","14","1000","9","1000","1000000","21033"
"1593","true","extensive-intensive","false","14","1000","9","1000","1000000","21150"
"1594","true","extensive-intensive","false","14","1000","9","1000","1000000","21128"
"1595","true","extensive-intensive","false","14","1000","9","1000","1000000","20962"
"1596","true","extensive-intensive","false","14","1000","9","1000","1000000","21137"
"1597","true","extensive-intensive","false","14","1000","9","1000","1000000","21136"
"1598","true","extensive-intensive","false","14","1000","9","1000","1000000","21190"
"1600","true","extensive-intensive","false","14","1000","9","1000","1000000","21312"
"1599","true","extensive-intensive","false","14","1000","9","1000","1000000","21254"
"1601","true","extensive-intensive","false","14","1000","9","1000","1000000","21327"
"1602","true","extensive-intensive","false","14","1000","9","1000","1000000","21160"
"1603","true","extensive-intensive","false","14","1000","9","1000","1000000","20992"
"1604","true","extensive-intensive","false","14","1000","9","1000","1000000","21298"
"1605","true","extensive-intensive","false","14","1000","9","1000","1000000","21229"
"1606","true","extensive-intensive","false","14","1000","9","1000","1000000","21499"
"1608","true","extensive-intensive","false","14","1000","9","1000","1000000","20833"
"1607","true","extensive-intensive","false","14","1000","9","1000","1000000","21365"
"1609","true","extensive-intensive","false","14","1000","9","1000","1000000","21041"
"1610","true","extensive-intensive","false","14","1000","9","1000","1000000","20902"
"1611","true","extensive-intensive","false","14","1000","9","1000","1000000","21130"
"1612","true","extensive-intensive","false","14","1000","9","1000","1000000","21092"
"1613","true","extensive-intensive","false","14","1000","9","1000","1000000","21079"
"1614","true","extensive-intensive","false","14","1000","9","1000","1000000","21236"
"1616","true","extensive-intensive","false","14","1000","9","1000","1000000","21102"
"1615","true","extensive-intensive","false","14","1000","9","1000","1000000","21166"
"1617","true","extensive-intensive","false","14","1000","9","1000","1000000","21178"
"1621","true","extensive-intensive","false","14","1","9","1000","1000000","41606"
"1618","true","extensive-intensive","false","14","1000","9","1000","1000000","20960"
"1619","true","extensive-intensive","false","14","1000","9","1000","1000000","21117"
"1620","true","extensive-intensive","false","14","1000","9","1000","1000000","21019"
"1622","true","extensive-intensive","false","14","1","9","1000","1000000","40910"
"1623","true","extensive-intensive","false","14","1","9","1000","1000000","40803"
"1624","true","extensive-intensive","false","14","1","9","1000","1000000","41315"
"1625","true","extensive-intensive","false","14","1","9","1000","1000000","41685"
"1626","true","extensive-intensive","false","14","1","9","1000","1000000","42752"
"1627","true","extensive-intensive","false","14","1","9","1000","1000000","40468"
"1629","true","extensive-intensive","false","14","1","9","1000","1000000","41749"
"1628","true","extensive-intensive","false","14","1","9","1000","1000000","40981"
"1630","true","extensive-intensive","false","14","1","9","1000","1000000","41513"
"1631","true","extensive-intensive","false","14","1","9","1000","1000000","41935"
"1632","true","extensive-intensive","false","14","1","9","1000","1000000","41612"
"1633","true","extensive-intensive","false","14","1","9","1000","1000000","41275"
"1634","true","extensive-intensive","false","14","1","9","1000","1000000","41633"
"1637","true","extensive-intensive","false","14","1","9","1000","1000000","42380"
"1635","true","extensive-intensive","false","14","1","9","1000","1000000","40738"
"1636","true","extensive-intensive","false","14","1","9","1000","1000000","41424"
"1638","true","extensive-intensive","false","14","1","9","1000","1000000","41020"
"1639","true","extensive-intensive","false","14","1","9","1000","1000000","42185"
"1640","true","extensive-intensive","false","14","1","9","1000","1000000","42918"
"1641","true","extensive-intensive","false","14","1","9","1000","1000000","41445"
"1642","true","extensive-intensive","false","14","1","9","1000","1000000","41043"
"1643","true","extensive-intensive","false","14","1","9","1000","1000000","41366"
"1645","true","extensive-intensive","false","14","1","9","1000","1000000","41252"
"1644","true","extensive-intensive","false","14","1","9","1000","1000000","41990"
"1647","true","extensive-intensive","false","14","1","9","1000","1000000","41955"
"1646","true","extensive-intensive","false","14","1","9","1000","1000000","42764"
"1648","true","extensive-intensive","false","14","1","9","1000","1000000","41145"
"1649","true","extensive-intensive","false","14","1","9","1000","1000000","41642"
"1650","true","extensive-intensive","false","14","1","9","1000","1000000","41114"
"1651","true","extensive-intensive","false","14","1","9","1000","1000000","41498"
"1652","true","extensive-intensive","false","14","1","9","1000","1000000","42753"
"1653","true","extensive-intensive","false","14","1","9","1000","1000000","41193"
"1654","true","extensive-intensive","false","14","1","9","1000","1000000","41320"
"1655","true","extensive-intensive","false","14","1","9","1000","1000000","40946"
"1656","true","extensive-intensive","false","14","1","9","1000","1000000","42433"
"1657","true","extensive-intensive","false","14","1","9","1000","1000000","42255"
"1658","true","extensive-intensive","false","14","1","9","1000","1000000","41768"
"1659","true","extensive-intensive","false","14","1","9","1000","1000000","42077"
"1660","true","extensive-intensive","false","14","1","9","1000","1000000","41136"
"1661","true","extensive-intensive","false","14","1","9","1000","1000000","41162"
"1662","true","extensive-intensive","false","14","1","9","1000","1000000","41604"
"1663","true","extensive-intensive","false","14","1","9","1000","1000000","41165"
"1664","true","extensive-intensive","false","14","1","9","1000","1000000","40780"
"1665","true","extensive-intensive","false","14","1","9","1000","1000000","40712"
"1666","true","extensive-intensive","false","14","1","9","1000","1000000","41504"
"1667","true","extensive-intensive","false","14","1","9","1000","1000000","40338"
"1668","true","extensive-intensive","false","14","1","9","1000","1000000","41461"
"1670","true","extensive-intensive","false","14","1","9","1000","1000000","41069"
"1669","true","extensive-intensive","false","14","1","9","1000","1000000","40646"
"1671","true","extensive-intensive","false","14","1","9","1000","1000000","40736"
"1672","true","extensive-intensive","false","14","1","9","1000","1000000","42037"
"1673","true","extensive-intensive","false","14","1","9","1000","1000000","42355"
"1674","true","extensive-intensive","false","14","1","9","1000","1000000","42106"
"1675","true","extensive-intensive","false","14","1","9","1000","1000000","41800"
"1676","true","extensive-intensive","false","14","1","9","1000","1000000","42060"
"1681","true","extensive-intensive","false","15","1000","9","1000","1000000","1818"
"1677","true","extensive-intensive","false","14","1","9","1000","1000000","40820"
"1678","true","extensive-intensive","false","14","1","9","1000","1000000","40999"
"1682","true","extensive-intensive","false","15","1000","9","1000","1000000","1918"
"1679","true","extensive-intensive","false","14","1","9","1000","1000000","40395"
"1683","true","extensive-intensive","false","15","1000","9","1000","1000000","1900"
"1680","true","extensive-intensive","false","14","1","9","1000","1000000","41480"
"1684","true","extensive-intensive","false","15","1000","9","1000","1000000","1803"
"1685","true","extensive-intensive","false","15","1000","9","1000","1000000","1967"
"1686","true","extensive-intensive","false","15","1000","9","1000","1000000","1911"
"1687","true","extensive-intensive","false","15","1000","9","1000","1000000","1836"
"1688","true","extensive-intensive","false","15","1000","9","1000","1000000","1835"
"1689","true","extensive-intensive","false","15","1000","9","1000","1000000","1941"
"1690","true","extensive-intensive","false","15","1000","9","1000","1000000","1891"
"1691","true","extensive-intensive","false","15","1000","9","1000","1000000","1928"
"1692","true","extensive-intensive","false","15","1000","9","1000","1000000","1882"
"1693","true","extensive-intensive","false","15","1000","9","1000","1000000","1943"
"1694","true","extensive-intensive","false","15","1000","9","1000","1000000","1930"
"1695","true","extensive-intensive","false","15","1000","9","1000","1000000","1962"
"1696","true","extensive-intensive","false","15","1000","9","1000","1000000","1958"
"1697","true","extensive-intensive","false","15","1000","9","1000","1000000","1967"
"1698","true","extensive-intensive","false","15","1000","9","1000","1000000","1921"
"1699","true","extensive-intensive","false","15","1000","9","1000","1000000","1912"
"1700","true","extensive-intensive","false","15","1000","9","1000","1000000","1868"
"1701","true","extensive-intensive","false","15","1000","9","1000","1000000","1940"
"1702","true","extensive-intensive","false","15","1000","9","1000","1000000","1987"
"1703","true","extensive-intensive","false","15","1000","9","1000","1000000","1937"
"1704","true","extensive-intensive","false","15","1000","9","1000","1000000","1878"
"1705","true","extensive-intensive","false","15","1000","9","1000","1000000","1906"
"1706","true","extensive-intensive","false","15","1000","9","1000","1000000","1973"
"1707","true","extensive-intensive","false","15","1000","9","1000","1000000","1964"
"1708","true","extensive-intensive","false","15","1000","9","1000","1000000","2005"
"1709","true","extensive-intensive","false","15","1000","9","1000","1000000","2021"
"1710","true","extensive-intensive","false","15","1000","9","1000","1000000","1971"
"1711","true","extensive-intensive","false","15","1000","9","1000","1000000","1955"
"1712","true","extensive-intensive","false","15","1000","9","1000","1000000","1973"
"1713","true","extensive-intensive","false","15","1000","9","1000","1000000","1854"
"1714","true","extensive-intensive","false","15","1000","9","1000","1000000","1904"
"1715","true","extensive-intensive","false","15","1000","9","1000","1000000","1940"
"1716","true","extensive-intensive","false","15","1000","9","1000","1000000","1839"
"1717","true","extensive-intensive","false","15","1000","9","1000","1000000","2032"
"1718","true","extensive-intensive","false","15","1000","9","1000","1000000","2038"
"1719","true","extensive-intensive","false","15","1000","9","1000","1000000","1938"
"1720","true","extensive-intensive","false","15","1000","9","1000","1000000","2007"
"1721","true","extensive-intensive","false","15","1000","9","1000","1000000","1956"
"1722","true","extensive-intensive","false","15","1000","9","1000","1000000","2054"
"1723","true","extensive-intensive","false","15","1000","9","1000","1000000","1940"
"1724","true","extensive-intensive","false","15","1000","9","1000","1000000","1859"
"1725","true","extensive-intensive","false","15","1000","9","1000","1000000","1953"
"1726","true","extensive-intensive","false","15","1000","9","1000","1000000","1960"
"1727","true","extensive-intensive","false","15","1000","9","1000","1000000","1906"
"1728","true","extensive-intensive","false","15","1000","9","1000","1000000","1986"
"1729","true","extensive-intensive","false","15","1000","9","1000","1000000","1968"
"1730","true","extensive-intensive","false","15","1000","9","1000","1000000","1927"
"1731","true","extensive-intensive","false","15","1000","9","1000","1000000","2025"
"1732","true","extensive-intensive","false","15","1000","9","1000","1000000","1940"
"1733","true","extensive-intensive","false","15","1000","9","1000","1000000","1902"
"1734","true","extensive-intensive","false","15","1000","9","1000","1000000","1926"
"1735","true","extensive-intensive","false","15","1000","9","1000","1000000","1953"
"1736","true","extensive-intensive","false","15","1000","9","1000","1000000","1977"
"1738","true","extensive-intensive","false","15","1000","9","1000","1000000","1891"
"1737","true","extensive-intensive","false","15","1000","9","1000","1000000","1906"
"1739","true","extensive-intensive","false","15","1000","9","1000","1000000","1856"
"1740","true","extensive-intensive","false","15","1000","9","1000","1000000","1829"
"1741","true","extensive-intensive","false","15","1","9","1000","1000000","3620"
"1742","true","extensive-intensive","false","15","1","9","1000","1000000","3423"
"1743","true","extensive-intensive","false","15","1","9","1000","1000000","3377"
"1744","true","extensive-intensive","false","15","1","9","1000","1000000","3685"
"1745","true","extensive-intensive","false","15","1","9","1000","1000000","2958"
"1746","true","extensive-intensive","false","15","1","9","1000","1000000","2686"
"1747","true","extensive-intensive","false","15","1","9","1000","1000000","2579"
"1748","true","extensive-intensive","false","15","1","9","1000","1000000","3047"
"1749","true","extensive-intensive","false","15","1","9","1000","1000000","3176"
"1750","true","extensive-intensive","false","15","1","9","1000","1000000","3099"
"1751","true","extensive-intensive","false","15","1","9","1000","1000000","2844"
"1752","true","extensive-intensive","false","15","1","9","1000","1000000","3489"
"1753","true","extensive-intensive","false","15","1","9","1000","1000000","3238"
"1754","true","extensive-intensive","false","15","1","9","1000","1000000","3191"
"1755","true","extensive-intensive","false","15","1","9","1000","1000000","3254"
"1756","true","extensive-intensive","false","15","1","9","1000","1000000","3040"
"1757","true","extensive-intensive","false","15","1","9","1000","1000000","3220"
"1758","true","extensive-intensive","false","15","1","9","1000","1000000","3528"
"1759","true","extensive-intensive","false","15","1","9","1000","1000000","3361"
"1760","true","extensive-intensive","false","15","1","9","1000","1000000","3353"
"1761","true","extensive-intensive","false","15","1","9","1000","1000000","3293"
"1763","true","extensive-intensive","false","15","1","9","1000","1000000","3500"
"1762","true","extensive-intensive","false","15","1","9","1000","1000000","3016"
"1764","true","extensive-intensive","false","15","1","9","1000","1000000","3026"
"1765","true","extensive-intensive","false","15","1","9","1000","1000000","3185"
"1766","true","extensive-intensive","false","15","1","9","1000","1000000","3444"
"1767","true","extensive-intensive","false","15","1","9","1000","1000000","2878"
"1768","true","extensive-intensive","false","15","1","9","1000","1000000","3488"
"1769","true","extensive-intensive","false","15","1","9","1000","1000000","3182"
"1770","true","extensive-intensive","false","15","1","9","1000","1000000","3275"
"1771","true","extensive-intensive","false","15","1","9","1000","1000000","3097"
"1772","true","extensive-intensive","false","15","1","9","1000","1000000","3351"
"1773","true","extensive-intensive","false","15","1","9","1000","1000000","3526"
"1774","true","extensive-intensive","false","15","1","9","1000","1000000","3097"
"1775","true","extensive-intensive","false","15","1","9","1000","1000000","2983"
"1776","true","extensive-intensive","false","15","1","9","1000","1000000","3300"
"1777","true","extensive-intensive","false","15","1","9","1000","1000000","2872"
"1778","true","extensive-intensive","false","15","1","9","1000","1000000","3343"
"1779","true","extensive-intensive","false","15","1","9","1000","1000000","3050"
"1780","true","extensive-intensive","false","15","1","9","1000","1000000","3237"
"1781","true","extensive-intensive","false","15","1","9","1000","1000000","3356"
"1782","true","extensive-intensive","false","15","1","9","1000","1000000","3092"
"1783","true","extensive-intensive","false","15","1","9","1000","1000000","3335"
"1784","true","extensive-intensive","false","15","1","9","1000","1000000","3380"
"1785","true","extensive-intensive","false","15","1","9","1000","1000000","3552"
"1786","true","extensive-intensive","false","15","1","9","1000","1000000","3398"
"1787","true","extensive-intensive","false","15","1","9","1000","1000000","3234"
"1788","true","extensive-intensive","false","15","1","9","1000","1000000","3038"
"1789","true","extensive-intensive","false","15","1","9","1000","1000000","3017"
"1790","true","extensive-intensive","false","15","1","9","1000","1000000","3357"
"1791","true","extensive-intensive","false","15","1","9","1000","1000000","3389"
"1792","true","extensive-intensive","false","15","1","9","1000","1000000","3543"
"1793","true","extensive-intensive","false","15","1","9","1000","1000000","3441"
"1794","true","extensive-intensive","false","15","1","9","1000","1000000","3056"
"1795","true","extensive-intensive","false","15","1","9","1000","1000000","3182"
"1796","true","extensive-intensive","false","15","1","9","1000","1000000","2935"
"1797","true","extensive-intensive","false","15","1","9","1000","1000000","3021"
"1798","true","extensive-intensive","false","15","1","9","1000","1000000","3291"
"1799","true","extensive-intensive","false","15","1","9","1000","1000000","2730"
"1800","true","extensive-intensive","false","15","1","9","1000","1000000","3477"
"1801","true","extensive-intensive","false","16","1000","9","1000","1000000","3885"
"1802","true","extensive-intensive","false","16","1000","9","1000","1000000","3941"
"1804","true","extensive-intensive","false","16","1000","9","1000","1000000","3877"
"1803","true","extensive-intensive","false","16","1000","9","1000","1000000","4139"
"1805","true","extensive-intensive","false","16","1000","9","1000","1000000","4085"
"1806","true","extensive-intensive","false","16","1000","9","1000","1000000","3848"
"1807","true","extensive-intensive","false","16","1000","9","1000","1000000","3980"
"1808","true","extensive-intensive","false","16","1000","9","1000","1000000","3948"
"1809","true","extensive-intensive","false","16","1000","9","1000","1000000","3978"
"1811","true","extensive-intensive","false","16","1000","9","1000","1000000","3932"
"1810","true","extensive-intensive","false","16","1000","9","1000","1000000","4030"
"1812","true","extensive-intensive","false","16","1000","9","1000","1000000","3776"
"1813","true","extensive-intensive","false","16","1000","9","1000","1000000","3849"
"1814","true","extensive-intensive","false","16","1000","9","1000","1000000","3896"
"1815","true","extensive-intensive","false","16","1000","9","1000","1000000","3913"
"1816","true","extensive-intensive","false","16","1000","9","1000","1000000","3878"
"1817","true","extensive-intensive","false","16","1000","9","1000","1000000","3588"
"1818","true","extensive-intensive","false","16","1000","9","1000","1000000","3903"
"1820","true","extensive-intensive","false","16","1000","9","1000","1000000","3912"
"1819","true","extensive-intensive","false","16","1000","9","1000","1000000","3968"
"1821","true","extensive-intensive","false","16","1000","9","1000","1000000","3910"
"1822","true","extensive-intensive","false","16","1000","9","1000","1000000","4033"
"1823","true","extensive-intensive","false","16","1000","9","1000","1000000","3903"
"1824","true","extensive-intensive","false","16","1000","9","1000","1000000","4050"
"1825","true","extensive-intensive","false","16","1000","9","1000","1000000","3909"
"1826","true","extensive-intensive","false","16","1000","9","1000","1000000","4015"
"1827","true","extensive-intensive","false","16","1000","9","1000","1000000","3975"
"1828","true","extensive-intensive","false","16","1000","9","1000","1000000","4120"
"1829","true","extensive-intensive","false","16","1000","9","1000","1000000","3789"
"1830","true","extensive-intensive","false","16","1000","9","1000","1000000","3863"
"1831","true","extensive-intensive","false","16","1000","9","1000","1000000","3808"
"1832","true","extensive-intensive","false","16","1000","9","1000","1000000","3915"
"1833","true","extensive-intensive","false","16","1000","9","1000","1000000","4101"
"1834","true","extensive-intensive","false","16","1000","9","1000","1000000","4141"
"1835","true","extensive-intensive","false","16","1000","9","1000","1000000","4040"
"1836","true","extensive-intensive","false","16","1000","9","1000","1000000","3835"
"1837","true","extensive-intensive","false","16","1000","9","1000","1000000","4009"
"1838","true","extensive-intensive","false","16","1000","9","1000","1000000","4009"
"1839","true","extensive-intensive","false","16","1000","9","1000","1000000","3980"
"1840","true","extensive-intensive","false","16","1000","9","1000","1000000","4009"
"1841","true","extensive-intensive","false","16","1000","9","1000","1000000","3932"
"1842","true","extensive-intensive","false","16","1000","9","1000","1000000","4008"
"1844","true","extensive-intensive","false","16","1000","9","1000","1000000","4006"
"1843","true","extensive-intensive","false","16","1000","9","1000","1000000","4192"
"1845","true","extensive-intensive","false","16","1000","9","1000","1000000","3889"
"1846","true","extensive-intensive","false","16","1000","9","1000","1000000","3780"
"1847","true","extensive-intensive","false","16","1000","9","1000","1000000","3950"
"1848","true","extensive-intensive","false","16","1000","9","1000","1000000","3909"
"1849","true","extensive-intensive","false","16","1000","9","1000","1000000","3927"
"1850","true","extensive-intensive","false","16","1000","9","1000","1000000","4013"
"1852","true","extensive-intensive","false","16","1000","9","1000","1000000","3923"
"1851","true","extensive-intensive","false","16","1000","9","1000","1000000","4163"
"1853","true","extensive-intensive","false","16","1000","9","1000","1000000","3962"
"1854","true","extensive-intensive","false","16","1000","9","1000","1000000","3901"
"1855","true","extensive-intensive","false","16","1000","9","1000","1000000","3937"
"1856","true","extensive-intensive","false","16","1000","9","1000","1000000","3921"
"1857","true","extensive-intensive","false","16","1000","9","1000","1000000","3929"
"1858","true","extensive-intensive","false","16","1000","9","1000","1000000","3919"
"1860","true","extensive-intensive","false","16","1000","9","1000","1000000","3955"
"1859","true","extensive-intensive","false","16","1000","9","1000","1000000","3769"
"1861","true","extensive-intensive","false","16","1","9","1000","1000000","6485"
"1862","true","extensive-intensive","false","16","1","9","1000","1000000","6917"
"1863","true","extensive-intensive","false","16","1","9","1000","1000000","7187"
"1864","true","extensive-intensive","false","16","1","9","1000","1000000","6243"
"1865","true","extensive-intensive","false","16","1","9","1000","1000000","6698"
"1866","true","extensive-intensive","false","16","1","9","1000","1000000","7083"
"1869","true","extensive-intensive","false","16","1","9","1000","1000000","6784"
"1867","true","extensive-intensive","false","16","1","9","1000","1000000","6497"
"1868","true","extensive-intensive","false","16","1","9","1000","1000000","6291"
"1870","true","extensive-intensive","false","16","1","9","1000","1000000","6992"
"1871","true","extensive-intensive","false","16","1","9","1000","1000000","7099"
"1872","true","extensive-intensive","false","16","1","9","1000","1000000","6897"
"1873","true","extensive-intensive","false","16","1","9","1000","1000000","6516"
"1874","true","extensive-intensive","false","16","1","9","1000","1000000","7665"
"1875","true","extensive-intensive","false","16","1","9","1000","1000000","7425"
"1876","true","extensive-intensive","false","16","1","9","1000","1000000","6987"
"1877","true","extensive-intensive","false","16","1","9","1000","1000000","6809"
"1878","true","extensive-intensive","false","16","1","9","1000","1000000","6539"
"1879","true","extensive-intensive","false","16","1","9","1000","1000000","5842"
"1880","true","extensive-intensive","false","16","1","9","1000","1000000","7175"
"1881","true","extensive-intensive","false","16","1","9","1000","1000000","6934"
"1882","true","extensive-intensive","false","16","1","9","1000","1000000","6843"
"1883","true","extensive-intensive","false","16","1","9","1000","1000000","6380"
"1885","true","extensive-intensive","false","16","1","9","1000","1000000","6897"
"1886","true","extensive-intensive","false","16","1","9","1000","1000000","5895"
"1884","true","extensive-intensive","false","16","1","9","1000","1000000","5941"
"1887","true","extensive-intensive","false","16","1","9","1000","1000000","7163"
"1888","true","extensive-intensive","false","16","1","9","1000","1000000","6757"
"1889","true","extensive-intensive","false","16","1","9","1000","1000000","6827"
"1890","true","extensive-intensive","false","16","1","9","1000","1000000","7385"
"1891","true","extensive-intensive","false","16","1","9","1000","1000000","6588"
"1893","true","extensive-intensive","false","16","1","9","1000","1000000","6878"
"1894","true","extensive-intensive","false","16","1","9","1000","1000000","6975"
"1892","true","extensive-intensive","false","16","1","9","1000","1000000","6955"
"1895","true","extensive-intensive","false","16","1","9","1000","1000000","6967"
"1896","true","extensive-intensive","false","16","1","9","1000","1000000","6763"
"1897","true","extensive-intensive","false","16","1","9","1000","1000000","7284"
"1899","true","extensive-intensive","false","16","1","9","1000","1000000","6179"
"1898","true","extensive-intensive","false","16","1","9","1000","1000000","6758"
"1900","true","extensive-intensive","false","16","1","9","1000","1000000","7190"
"1901","true","extensive-intensive","false","16","1","9","1000","1000000","6410"
"1902","true","extensive-intensive","false","16","1","9","1000","1000000","6652"
"1903","true","extensive-intensive","false","16","1","9","1000","1000000","7350"
"1904","true","extensive-intensive","false","16","1","9","1000","1000000","7099"
"1905","true","extensive-intensive","false","16","1","9","1000","1000000","6552"
"1907","true","extensive-intensive","false","16","1","9","1000","1000000","7104"
"1906","true","extensive-intensive","false","16","1","9","1000","1000000","6117"
"1908","true","extensive-intensive","false","16","1","9","1000","1000000","6146"
"1909","true","extensive-intensive","false","16","1","9","1000","1000000","6201"
"1910","true","extensive-intensive","false","16","1","9","1000","1000000","6756"
"1911","true","extensive-intensive","false","16","1","9","1000","1000000","6669"
"1912","true","extensive-intensive","false","16","1","9","1000","1000000","7436"
"1913","true","extensive-intensive","false","16","1","9","1000","1000000","6060"
"1914","true","extensive-intensive","false","16","1","9","1000","1000000","7556"
"1915","true","extensive-intensive","false","16","1","9","1000","1000000","7119"
"1916","true","extensive-intensive","false","16","1","9","1000","1000000","6261"
"1917","true","extensive-intensive","false","16","1","9","1000","1000000","7035"
"1918","true","extensive-intensive","false","16","1","9","1000","1000000","7381"
"1919","true","extensive-intensive","false","16","1","9","1000","1000000","7589"
"1920","true","extensive-intensive","false","16","1","9","1000","1000000","7289"
"1921","true","extensive-intensive","false","17","1000","9","1000","1000000","7969"
"1922","true","extensive-intensive","false","17","1000","9","1000","1000000","8221"
"1923","true","extensive-intensive","false","17","1000","9","1000","1000000","8063"
"1924","true","extensive-intensive","false","17","1000","9","1000","1000000","8239"
"1925","true","extensive-intensive","false","17","1000","9","1000","1000000","8178"
"1926","true","extensive-intensive","false","17","1000","9","1000","1000000","8082"
"1927","true","extensive-intensive","false","17","1000","9","1000","1000000","8249"
"1928","true","extensive-intensive","false","17","1000","9","1000","1000000","8061"
"1929","true","extensive-intensive","false","17","1000","9","1000","1000000","8131"
"1931","true","extensive-intensive","false","17","1000","9","1000","1000000","7980"
"1930","true","extensive-intensive","false","17","1000","9","1000","1000000","8231"
"1932","true","extensive-intensive","false","17","1000","9","1000","1000000","8081"
"1933","true","extensive-intensive","false","17","1000","9","1000","1000000","7796"
"1934","true","extensive-intensive","false","17","1000","9","1000","1000000","7951"
"1936","true","extensive-intensive","false","17","1000","9","1000","1000000","8108"
"1935","true","extensive-intensive","false","17","1000","9","1000","1000000","8143"
"1937","true","extensive-intensive","false","17","1000","9","1000","1000000","8248"
"1938","true","extensive-intensive","false","17","1000","9","1000","1000000","8116"
"1940","true","extensive-intensive","false","17","1000","9","1000","1000000","8172"
"1939","true","extensive-intensive","false","17","1000","9","1000","1000000","8319"
"1942","true","extensive-intensive","false","17","1000","9","1000","1000000","8012"
"1941","true","extensive-intensive","false","17","1000","9","1000","1000000","7940"
"1943","true","extensive-intensive","false","17","1000","9","1000","1000000","8373"
"1944","true","extensive-intensive","false","17","1000","9","1000","1000000","8116"
"1945","true","extensive-intensive","false","17","1000","9","1000","1000000","8356"
"1946","true","extensive-intensive","false","17","1000","9","1000","1000000","7988"
"1947","true","extensive-intensive","false","17","1000","9","1000","1000000","8292"
"1948","true","extensive-intensive","false","17","1000","9","1000","1000000","8130"
"1949","true","extensive-intensive","false","17","1000","9","1000","1000000","8241"
"1950","true","extensive-intensive","false","17","1000","9","1000","1000000","7901"
"1951","true","extensive-intensive","false","17","1000","9","1000","1000000","8094"
"1952","true","extensive-intensive","false","17","1000","9","1000","1000000","8163"
"1953","true","extensive-intensive","false","17","1000","9","1000","1000000","8207"
"1955","true","extensive-intensive","false","17","1000","9","1000","1000000","8043"
"1954","true","extensive-intensive","false","17","1000","9","1000","1000000","8006"
"1956","true","extensive-intensive","false","17","1000","9","1000","1000000","8102"
"1957","true","extensive-intensive","false","17","1000","9","1000","1000000","8151"
"1958","true","extensive-intensive","false","17","1000","9","1000","1000000","8333"
"1959","true","extensive-intensive","false","17","1000","9","1000","1000000","8317"
"1960","true","extensive-intensive","false","17","1000","9","1000","1000000","8205"
"1962","true","extensive-intensive","false","17","1000","9","1000","1000000","8098"
"1961","true","extensive-intensive","false","17","1000","9","1000","1000000","7943"
"1963","true","extensive-intensive","false","17","1000","9","1000","1000000","8023"
"1964","true","extensive-intensive","false","17","1000","9","1000","1000000","8263"
"1966","true","extensive-intensive","false","17","1000","9","1000","1000000","8126"
"1965","true","extensive-intensive","false","17","1000","9","1000","1000000","8040"
"1967","true","extensive-intensive","false","17","1000","9","1000","1000000","8221"
"1968","true","extensive-intensive","false","17","1000","9","1000","1000000","8150"
"1969","true","extensive-intensive","false","17","1000","9","1000","1000000","8079"
"1970","true","extensive-intensive","false","17","1000","9","1000","1000000","7787"
"1971","true","extensive-intensive","false","17","1000","9","1000","1000000","8344"
"1972","true","extensive-intensive","false","17","1000","9","1000","1000000","8280"
"1973","true","extensive-intensive","false","17","1000","9","1000","1000000","7920"
"1974","true","extensive-intensive","false","17","1000","9","1000","1000000","7986"
"1975","true","extensive-intensive","false","17","1000","9","1000","1000000","7998"
"1976","true","extensive-intensive","false","17","1000","9","1000","1000000","7813"
"1977","true","extensive-intensive","false","17","1000","9","1000","1000000","8181"
"1978","true","extensive-intensive","false","17","1000","9","1000","1000000","8197"
"1979","true","extensive-intensive","false","17","1000","9","1000","1000000","7996"
"1980","true","extensive-intensive","false","17","1000","9","1000","1000000","8014"
"1981","true","extensive-intensive","false","17","1","9","1000","1000000","15242"
"1982","true","extensive-intensive","false","17","1","9","1000","1000000","15211"
"1983","true","extensive-intensive","false","17","1","9","1000","1000000","15373"
"1984","true","extensive-intensive","false","17","1","9","1000","1000000","14776"
"1986","true","extensive-intensive","false","17","1","9","1000","1000000","14720"
"1985","true","extensive-intensive","false","17","1","9","1000","1000000","14597"
"1987","true","extensive-intensive","false","17","1","9","1000","1000000","14917"
"1988","true","extensive-intensive","false","17","1","9","1000","1000000","14924"
"1989","true","extensive-intensive","false","17","1","9","1000","1000000","15174"
"1990","true","extensive-intensive","false","17","1","9","1000","1000000","14996"
"1991","true","extensive-intensive","false","17","1","9","1000","1000000","14338"
"1992","true","extensive-intensive","false","17","1","9","1000","1000000","14947"
"1996","true","extensive-intensive","false","17","1","9","1000","1000000","14630"
"1995","true","extensive-intensive","false","17","1","9","1000","1000000","15109"
"1993","true","extensive-intensive","false","17","1","9","1000","1000000","14144"
"1994","true","extensive-intensive","false","17","1","9","1000","1000000","14827"
"1997","true","extensive-intensive","false","17","1","9","1000","1000000","14886"
"1999","true","extensive-intensive","false","17","1","9","1000","1000000","14163"
"1998","true","extensive-intensive","false","17","1","9","1000","1000000","13848"
"2000","true","extensive-intensive","false","17","1","9","1000","1000000","13463"
"2001","true","extensive-intensive","false","17","1","9","1000","1000000","14785"
"2003","true","extensive-intensive","false","17","1","9","1000","1000000","15048"
"2002","true","extensive-intensive","false","17","1","9","1000","1000000","14574"
"2004","true","extensive-intensive","false","17","1","9","1000","1000000","13619"
"2005","true","extensive-intensive","false","17","1","9","1000","1000000","15221"
"2006","true","extensive-intensive","false","17","1","9","1000","1000000","15107"
"2007","true","extensive-intensive","false","17","1","9","1000","1000000","14929"
"2008","true","extensive-intensive","false","17","1","9","1000","1000000","14757"
"2009","true","extensive-intensive","false","17","1","9","1000","1000000","14351"
"2010","true","extensive-intensive","false","17","1","9","1000","1000000","15099"
"2011","true","extensive-intensive","false","17","1","9","1000","1000000","14646"
"2012","true","extensive-intensive","false","17","1","9","1000","1000000","15388"
"2014","true","extensive-intensive","false","17","1","9","1000","1000000","14371"
"2013","true","extensive-intensive","false","17","1","9","1000","1000000","14386"
"2015","true","extensive-intensive","false","17","1","9","1000","1000000","15002"
"2016","true","extensive-intensive","false","17","1","9","1000","1000000","15066"
"2017","true","extensive-intensive","false","17","1","9","1000","1000000","14002"
"2018","true","extensive-intensive","false","17","1","9","1000","1000000","14229"
"2019","true","extensive-intensive","false","17","1","9","1000","1000000","15003"
"2020","true","extensive-intensive","false","17","1","9","1000","1000000","14471"
"2021","true","extensive-intensive","false","17","1","9","1000","1000000","15133"
"2022","true","extensive-intensive","false","17","1","9","1000","1000000","14852"
"2023","true","extensive-intensive","false","17","1","9","1000","1000000","14643"
"2024","true","extensive-intensive","false","17","1","9","1000","1000000","13992"
"2025","true","extensive-intensive","false","17","1","9","1000","1000000","14886"
"2026","true","extensive-intensive","false","17","1","9","1000","1000000","14481"
"2028","true","extensive-intensive","false","17","1","9","1000","1000000","14392"
"2027","true","extensive-intensive","false","17","1","9","1000","1000000","14138"
"2029","true","extensive-intensive","false","17","1","9","1000","1000000","15728"
"2030","true","extensive-intensive","false","17","1","9","1000","1000000","14482"
"2031","true","extensive-intensive","false","17","1","9","1000","1000000","13582"
"2032","true","extensive-intensive","false","17","1","9","1000","1000000","14516"
"2033","true","extensive-intensive","false","17","1","9","1000","1000000","14036"
"2036","true","extensive-intensive","false","17","1","9","1000","1000000","14423"
"2034","true","extensive-intensive","false","17","1","9","1000","1000000","14456"
"2035","true","extensive-intensive","false","17","1","9","1000","1000000","14965"
"2037","true","extensive-intensive","false","17","1","9","1000","1000000","13719"
"2038","true","extensive-intensive","false","17","1","9","1000","1000000","14235"
"2039","true","extensive-intensive","false","17","1","9","1000","1000000","14601"
"2040","true","extensive-intensive","false","17","1","9","1000","1000000","14864"
"2042","true","extensive-intensive","false","18","1000","9","1000","1000000","12212"
"2044","true","extensive-intensive","false","18","1000","9","1000","1000000","12291"
"2041","true","extensive-intensive","false","18","1000","9","1000","1000000","12101"
"2043","true","extensive-intensive","false","18","1000","9","1000","1000000","12392"
"2045","true","extensive-intensive","false","18","1000","9","1000","1000000","12591"
"2046","true","extensive-intensive","false","18","1000","9","1000","1000000","12193"
"2047","true","extensive-intensive","false","18","1000","9","1000","1000000","12630"
"2048","true","extensive-intensive","false","18","1000","9","1000","1000000","12225"
"2050","true","extensive-intensive","false","18","1000","9","1000","1000000","12295"
"2049","true","extensive-intensive","false","18","1000","9","1000","1000000","12552"
"2052","true","extensive-intensive","false","18","1000","9","1000","1000000","12478"
"2051","true","extensive-intensive","false","18","1000","9","1000","1000000","12313"
"2054","true","extensive-intensive","false","18","1000","9","1000","1000000","12418"
"2053","true","extensive-intensive","false","18","1000","9","1000","1000000","12537"
"2055","true","extensive-intensive","false","18","1000","9","1000","1000000","12460"
"2056","true","extensive-intensive","false","18","1000","9","1000","1000000","12255"
"2057","true","extensive-intensive","false","18","1000","9","1000","1000000","12238"
"2059","true","extensive-intensive","false","18","1000","9","1000","1000000","12266"
"2058","true","extensive-intensive","false","18","1000","9","1000","1000000","12266"
"2060","true","extensive-intensive","false","18","1000","9","1000","1000000","12383"
"2062","true","extensive-intensive","false","18","1000","9","1000","1000000","12239"
"2063","true","extensive-intensive","false","18","1000","9","1000","1000000","12502"
"2061","true","extensive-intensive","false","18","1000","9","1000","1000000","12425"
"2064","true","extensive-intensive","false","18","1000","9","1000","1000000","12234"
"2065","true","extensive-intensive","false","18","1000","9","1000","1000000","12150"
"2068","true","extensive-intensive","false","18","1000","9","1000","1000000","12310"
"2066","true","extensive-intensive","false","18","1000","9","1000","1000000","12405"
"2067","true","extensive-intensive","false","18","1000","9","1000","1000000","12668"
"2069","true","extensive-intensive","false","18","1000","9","1000","1000000","12434"
"2070","true","extensive-intensive","false","18","1000","9","1000","1000000","12463"
"2071","true","extensive-intensive","false","18","1000","9","1000","1000000","12253"
"2072","true","extensive-intensive","false","18","1000","9","1000","1000000","12379"
"2073","true","extensive-intensive","false","18","1000","9","1000","1000000","12406"
"2075","true","extensive-intensive","false","18","1000","9","1000","1000000","12262"
"2074","true","extensive-intensive","false","18","1000","9","1000","1000000","12668"
"2076","true","extensive-intensive","false","18","1000","9","1000","1000000","12426"
"2077","true","extensive-intensive","false","18","1000","9","1000","1000000","12350"
"2078","true","extensive-intensive","false","18","1000","9","1000","1000000","12350"
"2079","true","extensive-intensive","false","18","1000","9","1000","1000000","12357"
"2080","true","extensive-intensive","false","18","1000","9","1000","1000000","12318"
"2081","true","extensive-intensive","false","18","1000","9","1000","1000000","12283"
"2083","true","extensive-intensive","false","18","1000","9","1000","1000000","12341"
"2084","true","extensive-intensive","false","18","1000","9","1000","1000000","12467"
"2082","true","extensive-intensive","false","18","1000","9","1000","1000000","12326"
"2085","true","extensive-intensive","false","18","1000","9","1000","1000000","12458"
"2086","true","extensive-intensive","false","18","1000","9","1000","1000000","12314"
"2087","true","extensive-intensive","false","18","1000","9","1000","1000000","12449"
"2088","true","extensive-intensive","false","18","1000","9","1000","1000000","12041"
"2089","true","extensive-intensive","false","18","1000","9","1000","1000000","12368"
"2092","true","extensive-intensive","false","18","1000","9","1000","1000000","12321"
"2090","true","extensive-intensive","false","18","1000","9","1000","1000000","12233"
"2091","true","extensive-intensive","false","18","1000","9","1000","1000000","12338"
"2093","true","extensive-intensive","false","18","1000","9","1000","1000000","12303"
"2095","true","extensive-intensive","false","18","1000","9","1000","1000000","12025"
"2094","true","extensive-intensive","false","18","1000","9","1000","1000000","12157"
"2096","true","extensive-intensive","false","18","1000","9","1000","1000000","12275"
"2097","true","extensive-intensive","false","18","1000","9","1000","1000000","12236"
"2099","true","extensive-intensive","false","18","1000","9","1000","1000000","12411"
"2098","true","extensive-intensive","false","18","1000","9","1000","1000000","12464"
"2100","true","extensive-intensive","false","18","1000","9","1000","1000000","12310"
"2101","true","extensive-intensive","false","18","1","9","1000","1000000","23195"
"2103","true","extensive-intensive","false","18","1","9","1000","1000000","23815"
"2102","true","extensive-intensive","false","18","1","9","1000","1000000","21205"
"2104","true","extensive-intensive","false","18","1","9","1000","1000000","22801"
"2105","true","extensive-intensive","false","18","1","9","1000","1000000","23145"
"2106","true","extensive-intensive","false","18","1","9","1000","1000000","24111"
"2107","true","extensive-intensive","false","18","1","9","1000","1000000","21721"
"2108","true","extensive-intensive","false","18","1","9","1000","1000000","23139"
"2109","true","extensive-intensive","false","18","1","9","1000","1000000","22612"
"2110","true","extensive-intensive","false","18","1","9","1000","1000000","23134"
"2111","true","extensive-intensive","false","18","1","9","1000","1000000","23190"
"2112","true","extensive-intensive","false","18","1","9","1000","1000000","22473"
"2113","true","extensive-intensive","false","18","1","9","1000","1000000","22471"
"2114","true","extensive-intensive","false","18","1","9","1000","1000000","23288"
"2116","true","extensive-intensive","false","18","1","9","1000","1000000","23140"
"2115","true","extensive-intensive","false","18","1","9","1000","1000000","22968"
"2117","true","extensive-intensive","false","18","1","9","1000","1000000","23058"
"2118","true","extensive-intensive","false","18","1","9","1000","1000000","22582"
"2119","true","extensive-intensive","false","18","1","9","1000","1000000","21819"
"2120","true","extensive-intensive","false","18","1","9","1000","1000000","22147"
"2121","true","extensive-intensive","false","18","1","9","1000","1000000","20609"
"2123","true","extensive-intensive","false","18","1","9","1000","1000000","20637"
"2122","true","extensive-intensive","false","18","1","9","1000","1000000","23338"
"2124","true","extensive-intensive","false","18","1","9","1000","1000000","23209"
"2125","true","extensive-intensive","false","18","1","9","1000","1000000","22949"
"2126","true","extensive-intensive","false","18","1","9","1000","1000000","23287"
"2127","true","extensive-intensive","false","18","1","9","1000","1000000","22601"
"2128","true","extensive-intensive","false","18","1","9","1000","1000000","23321"
"2129","true","extensive-intensive","false","18","1","9","1000","1000000","24748"
"2131","true","extensive-intensive","false","18","1","9","1000","1000000","22729"
"2130","true","extensive-intensive","false","18","1","9","1000","1000000","19883"
"2132","true","extensive-intensive","false","18","1","9","1000","1000000","22874"
"2133","true","extensive-intensive","false","18","1","9","1000","1000000","24174"
"2134","true","extensive-intensive","false","18","1","9","1000","1000000","22282"
"2135","true","extensive-intensive","false","18","1","9","1000","1000000","21144"
"2136","true","extensive-intensive","false","18","1","9","1000","1000000","21264"
"2137","true","extensive-intensive","false","18","1","9","1000","1000000","22747"
"2139","true","extensive-intensive","false","18","1","9","1000","1000000","23100"
"2138","true","extensive-intensive","false","18","1","9","1000","1000000","23331"
"2140","true","extensive-intensive","false","18","1","9","1000","1000000","21570"
"2141","true","extensive-intensive","false","18","1","9","1000","1000000","23083"
"2142","true","extensive-intensive","false","18","1","9","1000","1000000","22080"
"2144","true","extensive-intensive","false","18","1","9","1000","1000000","22470"
"2143","true","extensive-intensive","false","18","1","9","1000","1000000","23412"
"2145","true","extensive-intensive","false","18","1","9","1000","1000000","21587"
"2147","true","extensive-intensive","false","18","1","9","1000","1000000","21951"
"2146","true","extensive-intensive","false","18","1","9","1000","1000000","22494"
"2148","true","extensive-intensive","false","18","1","9","1000","1000000","22428"
"2149","true","extensive-intensive","false","18","1","9","1000","1000000","23549"
"2150","true","extensive-intensive","false","18","1","9","1000","1000000","22786"
"2152","true","extensive-intensive","false","18","1","9","1000","1000000","21894"
"2151","true","extensive-intensive","false","18","1","9","1000","1000000","22219"
"2153","true","extensive-intensive","false","18","1","9","1000","1000000","23034"
"2154","true","extensive-intensive","false","18","1","9","1000","1000000","22503"
"2155","true","extensive-intensive","false","18","1","9","1000","1000000","22355"
"2156","true","extensive-intensive","false","18","1","9","1000","1000000","23694"
"2157","true","extensive-intensive","false","18","1","9","1000","1000000","20661"
"2158","true","extensive-intensive","false","18","1","9","1000","1000000","23857"
"2159","true","extensive-intensive","false","18","1","9","1000","1000000","21975"
"2160","true","extensive-intensive","false","18","1","9","1000","1000000","22722"
"2161","true","extensive-intensive","false","19","1000","9","1000","1000000","16614"
"2162","true","extensive-intensive","false","19","1000","9","1000","1000000","16531"
"2163","true","extensive-intensive","false","19","1000","9","1000","1000000","16813"
"2164","true","extensive-intensive","false","19","1000","9","1000","1000000","16836"
"2165","true","extensive-intensive","false","19","1000","9","1000","1000000","16501"
"2166","true","extensive-intensive","false","19","1000","9","1000","1000000","16760"
"2167","true","extensive-intensive","false","19","1000","9","1000","1000000","16405"
"2168","true","extensive-intensive","false","19","1000","9","1000","1000000","16536"
"2169","true","extensive-intensive","false","19","1000","9","1000","1000000","16772"
"2171","true","extensive-intensive","false","19","1000","9","1000","1000000","16670"
"2170","true","extensive-intensive","false","19","1000","9","1000","1000000","16664"
"2172","true","extensive-intensive","false","19","1000","9","1000","1000000","16415"
"2173","true","extensive-intensive","false","19","1000","9","1000","1000000","16506"
"2174","true","extensive-intensive","false","19","1000","9","1000","1000000","16644"
"2175","true","extensive-intensive","false","19","1000","9","1000","1000000","16344"
"2176","true","extensive-intensive","false","19","1000","9","1000","1000000","16500"
"2177","true","extensive-intensive","false","19","1000","9","1000","1000000","16885"
"2178","true","extensive-intensive","false","19","1000","9","1000","1000000","16292"
"2179","true","extensive-intensive","false","19","1000","9","1000","1000000","16384"
"2181","true","extensive-intensive","false","19","1000","9","1000","1000000","16770"
"2180","true","extensive-intensive","false","19","1000","9","1000","1000000","16683"
"2182","true","extensive-intensive","false","19","1000","9","1000","1000000","16515"
"2183","true","extensive-intensive","false","19","1000","9","1000","1000000","16660"
"2184","true","extensive-intensive","false","19","1000","9","1000","1000000","16327"
"2185","true","extensive-intensive","false","19","1000","9","1000","1000000","16180"
"2186","true","extensive-intensive","false","19","1000","9","1000","1000000","16652"
"2187","true","extensive-intensive","false","19","1000","9","1000","1000000","16508"
"2188","true","extensive-intensive","false","19","1000","9","1000","1000000","16412"
"2189","true","extensive-intensive","false","19","1000","9","1000","1000000","16876"
"2190","true","extensive-intensive","false","19","1000","9","1000","1000000","16768"
"2191","true","extensive-intensive","false","19","1000","9","1000","1000000","16921"
"2192","true","extensive-intensive","false","19","1000","9","1000","1000000","16334"
"2193","true","extensive-intensive","false","19","1000","9","1000","1000000","16518"
"2194","true","extensive-intensive","false","19","1000","9","1000","1000000","16869"
"2195","true","extensive-intensive","false","19","1000","9","1000","1000000","16591"
"2196","true","extensive-intensive","false","19","1000","9","1000","1000000","16733"
"2197","true","extensive-intensive","false","19","1000","9","1000","1000000","16650"
"2199","true","extensive-intensive","false","19","1000","9","1000","1000000","15726"
"2198","true","extensive-intensive","false","19","1000","9","1000","1000000","16449"
"2200","true","extensive-intensive","false","19","1000","9","1000","1000000","16205"
"2201","true","extensive-intensive","false","19","1000","9","1000","1000000","16502"
"2202","true","extensive-intensive","false","19","1000","9","1000","1000000","16756"
"2203","true","extensive-intensive","false","19","1000","9","1000","1000000","16577"
"2204","true","extensive-intensive","false","19","1000","9","1000","1000000","17213"
"2205","true","extensive-intensive","false","19","1000","9","1000","1000000","16739"
"2206","true","extensive-intensive","false","19","1000","9","1000","1000000","16728"
"2207","true","extensive-intensive","false","19","1000","9","1000","1000000","16696"
"2208","true","extensive-intensive","false","19","1000","9","1000","1000000","16632"
"2209","true","extensive-intensive","false","19","1000","9","1000","1000000","16781"
"2210","true","extensive-intensive","false","19","1000","9","1000","1000000","17149"
"2211","true","extensive-intensive","false","19","1000","9","1000","1000000","16641"
"2212","true","extensive-intensive","false","19","1000","9","1000","1000000","16635"
"2213","true","extensive-intensive","false","19","1000","9","1000","1000000","16494"
"2214","true","extensive-intensive","false","19","1000","9","1000","1000000","16407"
"2216","true","extensive-intensive","false","19","1000","9","1000","1000000","16621"
"2215","true","extensive-intensive","false","19","1000","9","1000","1000000","16269"
"2217","true","extensive-intensive","false","19","1000","9","1000","1000000","16491"
"2218","true","extensive-intensive","false","19","1000","9","1000","1000000","16424"
"2219","true","extensive-intensive","false","19","1000","9","1000","1000000","16859"
"2221","true","extensive-intensive","false","19","1","9","1000","1000000","31340"
"2220","true","extensive-intensive","false","19","1000","9","1000","1000000","16480"
"2222","true","extensive-intensive","false","19","1","9","1000","1000000","31847"
"2224","true","extensive-intensive","false","19","1","9","1000","1000000","27874"
"2223","true","extensive-intensive","false","19","1","9","1000","1000000","31627"
"2225","true","extensive-intensive","false","19","1","9","1000","1000000","30461"
"2226","true","extensive-intensive","false","19","1","9","1000","1000000","29996"
"2228","true","extensive-intensive","false","19","1","9","1000","1000000","31493"
"2227","true","extensive-intensive","false","19","1","9","1000","1000000","31693"
"2229","true","extensive-intensive","false","19","1","9","1000","1000000","29492"
"2230","true","extensive-intensive","false","19","1","9","1000","1000000","31678"
"2231","true","extensive-intensive","false","19","1","9","1000","1000000","33112"
"2232","true","extensive-intensive","false","19","1","9","1000","1000000","32645"
"2233","true","extensive-intensive","false","19","1","9","1000","1000000","28902"
"2234","true","extensive-intensive","false","19","1","9","1000","1000000","31176"
"2235","true","extensive-intensive","false","19","1","9","1000","1000000","31440"
"2236","true","extensive-intensive","false","19","1","9","1000","1000000","31744"
"2237","true","extensive-intensive","false","19","1","9","1000","1000000","29810"
"2238","true","extensive-intensive","false","19","1","9","1000","1000000","30020"
"2239","true","extensive-intensive","false","19","1","9","1000","1000000","29839"
"2240","true","extensive-intensive","false","19","1","9","1000","1000000","31607"
"2241","true","extensive-intensive","false","19","1","9","1000","1000000","30995"
"2242","true","extensive-intensive","false","19","1","9","1000","1000000","29901"
"2243","true","extensive-intensive","false","19","1","9","1000","1000000","30605"
"2244","true","extensive-intensive","false","19","1","9","1000","1000000","31131"
"2245","true","extensive-intensive","false","19","1","9","1000","1000000","29742"
"2246","true","extensive-intensive","false","19","1","9","1000","1000000","29408"
"2247","true","extensive-intensive","false","19","1","9","1000","1000000","30242"
"2248","true","extensive-intensive","false","19","1","9","1000","1000000","29973"
"2249","true","extensive-intensive","false","19","1","9","1000","1000000","30594"
"2250","true","extensive-intensive","false","19","1","9","1000","1000000","29992"
"2251","true","extensive-intensive","false","19","1","9","1000","1000000","30652"
"2253","true","extensive-intensive","false","19","1","9","1000","1000000","30651"
"2252","true","extensive-intensive","false","19","1","9","1000","1000000","31139"
"2254","true","extensive-intensive","false","19","1","9","1000","1000000","32686"
"2255","true","extensive-intensive","false","19","1","9","1000","1000000","30151"
"2256","true","extensive-intensive","false","19","1","9","1000","1000000","31471"
"2258","true","extensive-intensive","false","19","1","9","1000","1000000","30797"
"2257","true","extensive-intensive","false","19","1","9","1000","1000000","29823"
"2259","true","extensive-intensive","false","19","1","9","1000","1000000","28614"
"2260","true","extensive-intensive","false","19","1","9","1000","1000000","30029"
"2261","true","extensive-intensive","false","19","1","9","1000","1000000","29481"
"2262","true","extensive-intensive","false","19","1","9","1000","1000000","30900"
"2263","true","extensive-intensive","false","19","1","9","1000","1000000","30318"
"2264","true","extensive-intensive","false","19","1","9","1000","1000000","30077"
"2265","true","extensive-intensive","false","19","1","9","1000","1000000","29864"
"2266","true","extensive-intensive","false","19","1","9","1000","1000000","28461"
"2267","true","extensive-intensive","false","19","1","9","1000","1000000","30431"
"2269","true","extensive-intensive","false","19","1","9","1000","1000000","30383"
"2268","true","extensive-intensive","false","19","1","9","1000","1000000","30719"
"2270","true","extensive-intensive","false","19","1","9","1000","1000000","30616"
"2271","true","extensive-intensive","false","19","1","9","1000","1000000","32711"
"2272","true","extensive-intensive","false","19","1","9","1000","1000000","29916"
"2273","true","extensive-intensive","false","19","1","9","1000","1000000","31557"
"2274","true","extensive-intensive","false","19","1","9","1000","1000000","28191"
"2275","true","extensive-intensive","false","19","1","9","1000","1000000","29517"
"2276","true","extensive-intensive","false","19","1","9","1000","1000000","30570"
"2277","true","extensive-intensive","false","19","1","9","1000","1000000","29950"
"2278","true","extensive-intensive","false","19","1","9","1000","1000000","31240"
"2279","true","extensive-intensive","false","19","1","9","1000","1000000","30185"
"2280","true","extensive-intensive","false","19","1","9","1000","1000000","30334"
"2282","true","extensive-intensive","false","20","1000","9","1000","1000000","20388"
"2281","true","extensive-intensive","false","20","1000","9","1000","1000000","20204"
"2283","true","extensive-intensive","false","20","1000","9","1000","1000000","20144"
"2285","true","extensive-intensive","false","20","1000","9","1000","1000000","20560"
"2284","true","extensive-intensive","false","20","1000","9","1000","1000000","20423"
"2286","true","extensive-intensive","false","20","1000","9","1000","1000000","20733"
"2287","true","extensive-intensive","false","20","1000","9","1000","1000000","20230"
"2288","true","extensive-intensive","false","20","1000","9","1000","1000000","19729"
"2289","true","extensive-intensive","false","20","1000","9","1000","1000000","20483"
"2290","true","extensive-intensive","false","20","1000","9","1000","1000000","20420"
"2291","true","extensive-intensive","false","20","1000","9","1000","1000000","20506"
"2292","true","extensive-intensive","false","20","1000","9","1000","1000000","20785"
"2293","true","extensive-intensive","false","20","1000","9","1000","1000000","20637"
"2294","true","extensive-intensive","false","20","1000","9","1000","1000000","20527"
"2295","true","extensive-intensive","false","20","1000","9","1000","1000000","20441"
"2296","true","extensive-intensive","false","20","1000","9","1000","1000000","20393"
"2297","true","extensive-intensive","false","20","1000","9","1000","1000000","20325"
"2298","true","extensive-intensive","false","20","1000","9","1000","1000000","20857"
"2299","true","extensive-intensive","false","20","1000","9","1000","1000000","20763"
"2301","true","extensive-intensive","false","20","1000","9","1000","1000000","19912"
"2300","true","extensive-intensive","false","20","1000","9","1000","1000000","20464"
"2302","true","extensive-intensive","false","20","1000","9","1000","1000000","20395"
"2303","true","extensive-intensive","false","20","1000","9","1000","1000000","20383"
"2304","true","extensive-intensive","false","20","1000","9","1000","1000000","20764"
"2305","true","extensive-intensive","false","20","1000","9","1000","1000000","20272"
"2306","true","extensive-intensive","false","20","1000","9","1000","1000000","20303"
"2307","true","extensive-intensive","false","20","1000","9","1000","1000000","20540"
"2308","true","extensive-intensive","false","20","1000","9","1000","1000000","20450"
"2309","true","extensive-intensive","false","20","1000","9","1000","1000000","20168"
"2310","true","extensive-intensive","false","20","1000","9","1000","1000000","20238"
"2311","true","extensive-intensive","false","20","1000","9","1000","1000000","20573"
"2312","true","extensive-intensive","false","20","1000","9","1000","1000000","20871"
"2314","true","extensive-intensive","false","20","1000","9","1000","1000000","20169"
"2313","true","extensive-intensive","false","20","1000","9","1000","1000000","20540"
"2315","true","extensive-intensive","false","20","1000","9","1000","1000000","20557"
"2317","true","extensive-intensive","false","20","1000","9","1000","1000000","19926"
"2316","true","extensive-intensive","false","20","1000","9","1000","1000000","20257"
"2318","true","extensive-intensive","false","20","1000","9","1000","1000000","19981"
"2319","true","extensive-intensive","false","20","1000","9","1000","1000000","20278"
"2320","true","extensive-intensive","false","20","1000","9","1000","1000000","20183"
"2321","true","extensive-intensive","false","20","1000","9","1000","1000000","20750"
"2322","true","extensive-intensive","false","20","1000","9","1000","1000000","20658"
"2323","true","extensive-intensive","false","20","1000","9","1000","1000000","20329"
"2324","true","extensive-intensive","false","20","1000","9","1000","1000000","20438"
"2325","true","extensive-intensive","false","20","1000","9","1000","1000000","20326"
"2326","true","extensive-intensive","false","20","1000","9","1000","1000000","20165"
"2327","true","extensive-intensive","false","20","1000","9","1000","1000000","20467"
"2328","true","extensive-intensive","false","20","1000","9","1000","1000000","20748"
"2329","true","extensive-intensive","false","20","1000","9","1000","1000000","20920"
"2330","true","extensive-intensive","false","20","1000","9","1000","1000000","20787"
"2331","true","extensive-intensive","false","20","1000","9","1000","1000000","20766"
"2332","true","extensive-intensive","false","20","1000","9","1000","1000000","20496"
"2333","true","extensive-intensive","false","20","1000","9","1000","1000000","20247"
"2334","true","extensive-intensive","false","20","1000","9","1000","1000000","20462"
"2335","true","extensive-intensive","false","20","1000","9","1000","1000000","20919"
"2337","true","extensive-intensive","false","20","1000","9","1000","1000000","20611"
"2336","true","extensive-intensive","false","20","1000","9","1000","1000000","20445"
"2338","true","extensive-intensive","false","20","1000","9","1000","1000000","20159"
"2341","true","extensive-intensive","false","20","1","9","1000","1000000","37414"
"2340","true","extensive-intensive","false","20","1000","9","1000","1000000","20434"
"2339","true","extensive-intensive","false","20","1000","9","1000","1000000","20360"
"2342","true","extensive-intensive","false","20","1","9","1000","1000000","39424"
"2343","true","extensive-intensive","false","20","1","9","1000","1000000","37910"
"2344","true","extensive-intensive","false","20","1","9","1000","1000000","35884"
"2345","true","extensive-intensive","false","20","1","9","1000","1000000","36400"
"2346","true","extensive-intensive","false","20","1","9","1000","1000000","36266"
"2347","true","extensive-intensive","false","20","1","9","1000","1000000","35982"
"2348","true","extensive-intensive","false","20","1","9","1000","1000000","36466"
"2349","true","extensive-intensive","false","20","1","9","1000","1000000","35932"
"2350","true","extensive-intensive","false","20","1","9","1000","1000000","36914"
"2351","true","extensive-intensive","false","20","1","9","1000","1000000","38473"
"2352","true","extensive-intensive","false","20","1","9","1000","1000000","38269"
"2354","true","extensive-intensive","false","20","1","9","1000","1000000","35654"
"2353","true","extensive-intensive","false","20","1","9","1000","1000000","39481"
"2355","true","extensive-intensive","false","20","1","9","1000","1000000","38432"
"2356","true","extensive-intensive","false","20","1","9","1000","1000000","39302"
"2357","true","extensive-intensive","false","20","1","9","1000","1000000","35563"
"2358","true","extensive-intensive","false","20","1","9","1000","1000000","37819"
"2359","true","extensive-intensive","false","20","1","9","1000","1000000","36927"
"2360","true","extensive-intensive","false","20","1","9","1000","1000000","37792"
"2361","true","extensive-intensive","false","20","1","9","1000","1000000","38239"
"2363","true","extensive-intensive","false","20","1","9","1000","1000000","38846"
"2362","true","extensive-intensive","false","20","1","9","1000","1000000","36259"
"2364","true","extensive-intensive","false","20","1","9","1000","1000000","38210"
"2365","true","extensive-intensive","false","20","1","9","1000","1000000","37899"
"2366","true","extensive-intensive","false","20","1","9","1000","1000000","38475"
"2367","true","extensive-intensive","false","20","1","9","1000","1000000","39309"
"2368","true","extensive-intensive","false","20","1","9","1000","1000000","38518"
"2369","true","extensive-intensive","false","20","1","9","1000","1000000","38422"
"2370","true","extensive-intensive","false","20","1","9","1000","1000000","36529"
"2371","true","extensive-intensive","false","20","1","9","1000","1000000","37306"
"2372","true","extensive-intensive","false","20","1","9","1000","1000000","35758"
"2373","true","extensive-intensive","false","20","1","9","1000","1000000","37862"
"2374","true","extensive-intensive","false","20","1","9","1000","1000000","37933"
"2376","true","extensive-intensive","false","20","1","9","1000","1000000","37656"
"2375","true","extensive-intensive","false","20","1","9","1000","1000000","37208"
"2377","true","extensive-intensive","false","20","1","9","1000","1000000","39437"
"2379","true","extensive-intensive","false","20","1","9","1000","1000000","38881"
"2380","true","extensive-intensive","false","20","1","9","1000","1000000","38746"
"2378","true","extensive-intensive","false","20","1","9","1000","1000000","37112"
"2381","true","extensive-intensive","false","20","1","9","1000","1000000","38288"
"2382","true","extensive-intensive","false","20","1","9","1000","1000000","38657"
"2383","true","extensive-intensive","false","20","1","9","1000","1000000","40051"
"2384","true","extensive-intensive","false","20","1","9","1000","1000000","37645"
"2385","true","extensive-intensive","false","20","1","9","1000","1000000","37585"
"2387","true","extensive-intensive","false","20","1","9","1000","1000000","37443"
"2386","true","extensive-intensive","false","20","1","9","1000","1000000","38761"
"2388","true","extensive-intensive","false","20","1","9","1000","1000000","36305"
"2389","true","extensive-intensive","false","20","1","9","1000","1000000","38368"
"2390","true","extensive-intensive","false","20","1","9","1000","1000000","38553"
"2391","true","extensive-intensive","false","20","1","9","1000","1000000","37102"
"2392","true","extensive-intensive","false","20","1","9","1000","1000000","35900"
"2393","true","extensive-intensive","false","20","1","9","1000","1000000","37873"
"2394","true","extensive-intensive","false","20","1","9","1000","1000000","37349"
"2396","true","extensive-intensive","false","20","1","9","1000","1000000","37206"
"2395","true","extensive-intensive","false","20","1","9","1000","1000000","39057"
"2397","true","extensive-intensive","false","20","1","9","1000","1000000","34521"
"2401","true","extensive-intensive","false","21","1000","9","1000","1000000","1921"
"2402","true","extensive-intensive","false","21","1000","9","1000","1000000","1966"
"2403","true","extensive-intensive","false","21","1000","9","1000","1000000","1869"
"2398","true","extensive-intensive","false","20","1","9","1000","1000000","35686"
"2404","true","extensive-intensive","false","21","1000","9","1000","1000000","1909"
"2405","true","extensive-intensive","false","21","1000","9","1000","1000000","1788"
"2399","true","extensive-intensive","false","20","1","9","1000","1000000","38122"
"2400","true","extensive-intensive","false","20","1","9","1000","1000000","36579"
"2406","true","extensive-intensive","false","21","1000","9","1000","1000000","1909"
"2407","true","extensive-intensive","false","21","1000","9","1000","1000000","1883"
"2408","true","extensive-intensive","false","21","1000","9","1000","1000000","1880"
"2409","true","extensive-intensive","false","21","1000","9","1000","1000000","1871"
"2410","true","extensive-intensive","false","21","1000","9","1000","1000000","1900"
"2411","true","extensive-intensive","false","21","1000","9","1000","1000000","1903"
"2412","true","extensive-intensive","false","21","1000","9","1000","1000000","1899"
"2413","true","extensive-intensive","false","21","1000","9","1000","1000000","1922"
"2414","true","extensive-intensive","false","21","1000","9","1000","1000000","1849"
"2416","true","extensive-intensive","false","21","1000","9","1000","1000000","1853"
"2415","true","extensive-intensive","false","21","1000","9","1000","1000000","1938"
"2417","true","extensive-intensive","false","21","1000","9","1000","1000000","1908"
"2418","true","extensive-intensive","false","21","1000","9","1000","1000000","1961"
"2419","true","extensive-intensive","false","21","1000","9","1000","1000000","1882"
"2420","true","extensive-intensive","false","21","1000","9","1000","1000000","1910"
"2421","true","extensive-intensive","false","21","1000","9","1000","1000000","1930"
"2422","true","extensive-intensive","false","21","1000","9","1000","1000000","1907"
"2423","true","extensive-intensive","false","21","1000","9","1000","1000000","1914"
"2424","true","extensive-intensive","false","21","1000","9","1000","1000000","1944"
"2425","true","extensive-intensive","false","21","1000","9","1000","1000000","1932"
"2426","true","extensive-intensive","false","21","1000","9","1000","1000000","1891"
"2427","true","extensive-intensive","false","21","1000","9","1000","1000000","1950"
"2428","true","extensive-intensive","false","21","1000","9","1000","1000000","1851"
"2430","true","extensive-intensive","false","21","1000","9","1000","1000000","1875"
"2429","true","extensive-intensive","false","21","1000","9","1000","1000000","1933"
"2431","true","extensive-intensive","false","21","1000","9","1000","1000000","1956"
"2432","true","extensive-intensive","false","21","1000","9","1000","1000000","1954"
"2433","true","extensive-intensive","false","21","1000","9","1000","1000000","1928"
"2434","true","extensive-intensive","false","21","1000","9","1000","1000000","1868"
"2435","true","extensive-intensive","false","21","1000","9","1000","1000000","1861"
"2436","true","extensive-intensive","false","21","1000","9","1000","1000000","1914"
"2437","true","extensive-intensive","false","21","1000","9","1000","1000000","1968"
"2438","true","extensive-intensive","false","21","1000","9","1000","1000000","1960"
"2439","true","extensive-intensive","false","21","1000","9","1000","1000000","1863"
"2440","true","extensive-intensive","false","21","1000","9","1000","1000000","1934"
"2442","true","extensive-intensive","false","21","1000","9","1000","1000000","1936"
"2441","true","extensive-intensive","false","21","1000","9","1000","1000000","1900"
"2443","true","extensive-intensive","false","21","1000","9","1000","1000000","1871"
"2444","true","extensive-intensive","false","21","1000","9","1000","1000000","1918"
"2445","true","extensive-intensive","false","21","1000","9","1000","1000000","1919"
"2446","true","extensive-intensive","false","21","1000","9","1000","1000000","1918"
"2447","true","extensive-intensive","false","21","1000","9","1000","1000000","1966"
"2448","true","extensive-intensive","false","21","1000","9","1000","1000000","1905"
"2449","true","extensive-intensive","false","21","1000","9","1000","1000000","1823"
"2450","true","extensive-intensive","false","21","1000","9","1000","1000000","1934"
"2451","true","extensive-intensive","false","21","1000","9","1000","1000000","1922"
"2452","true","extensive-intensive","false","21","1000","9","1000","1000000","1912"
"2453","true","extensive-intensive","false","21","1000","9","1000","1000000","1800"
"2454","true","extensive-intensive","false","21","1000","9","1000","1000000","1930"
"2456","true","extensive-intensive","false","21","1000","9","1000","1000000","1918"
"2455","true","extensive-intensive","false","21","1000","9","1000","1000000","1832"
"2457","true","extensive-intensive","false","21","1000","9","1000","1000000","1914"
"2458","true","extensive-intensive","false","21","1000","9","1000","1000000","1918"
"2459","true","extensive-intensive","false","21","1000","9","1000","1000000","1954"
"2460","true","extensive-intensive","false","21","1000","9","1000","1000000","1958"
"2461","true","extensive-intensive","false","21","1","9","1000","1000000","3303"
"2462","true","extensive-intensive","false","21","1","9","1000","1000000","3354"
"2464","true","extensive-intensive","false","21","1","9","1000","1000000","3314"
"2463","true","extensive-intensive","false","21","1","9","1000","1000000","3238"
"2465","true","extensive-intensive","false","21","1","9","1000","1000000","3376"
"2466","true","extensive-intensive","false","21","1","9","1000","1000000","3315"
"2467","true","extensive-intensive","false","21","1","9","1000","1000000","3053"
"2468","true","extensive-intensive","false","21","1","9","1000","1000000","3344"
"2469","true","extensive-intensive","false","21","1","9","1000","1000000","3403"
"2470","true","extensive-intensive","false","21","1","9","1000","1000000","3276"
"2471","true","extensive-intensive","false","21","1","9","1000","1000000","3321"
"2472","true","extensive-intensive","false","21","1","9","1000","1000000","3379"
"2473","true","extensive-intensive","false","21","1","9","1000","1000000","3237"
"2474","true","extensive-intensive","false","21","1","9","1000","1000000","3340"
"2475","true","extensive-intensive","false","21","1","9","1000","1000000","3304"
"2476","true","extensive-intensive","false","21","1","9","1000","1000000","3311"
"2477","true","extensive-intensive","false","21","1","9","1000","1000000","3290"
"2478","true","extensive-intensive","false","21","1","9","1000","1000000","3363"
"2479","true","extensive-intensive","false","21","1","9","1000","1000000","3216"
"2480","true","extensive-intensive","false","21","1","9","1000","1000000","3265"
"2481","true","extensive-intensive","false","21","1","9","1000","1000000","3412"
"2482","true","extensive-intensive","false","21","1","9","1000","1000000","3131"
"2483","true","extensive-intensive","false","21","1","9","1000","1000000","3338"
"2484","true","extensive-intensive","false","21","1","9","1000","1000000","3472"
"2485","true","extensive-intensive","false","21","1","9","1000","1000000","3392"
"2486","true","extensive-intensive","false","21","1","9","1000","1000000","3259"
"2487","true","extensive-intensive","false","21","1","9","1000","1000000","3333"
"2488","true","extensive-intensive","false","21","1","9","1000","1000000","3309"
"2489","true","extensive-intensive","false","21","1","9","1000","1000000","3374"
"2490","true","extensive-intensive","false","21","1","9","1000","1000000","3433"
"2491","true","extensive-intensive","false","21","1","9","1000","1000000","3204"
"2492","true","extensive-intensive","false","21","1","9","1000","1000000","3328"
"2493","true","extensive-intensive","false","21","1","9","1000","1000000","3496"
"2494","true","extensive-intensive","false","21","1","9","1000","1000000","3384"
"2495","true","extensive-intensive","false","21","1","9","1000","1000000","3224"
"2496","true","extensive-intensive","false","21","1","9","1000","1000000","3185"
"2497","true","extensive-intensive","false","21","1","9","1000","1000000","3451"
"2498","true","extensive-intensive","false","21","1","9","1000","1000000","3300"
"2499","true","extensive-intensive","false","21","1","9","1000","1000000","3386"
"2500","true","extensive-intensive","false","21","1","9","1000","1000000","3224"
"2501","true","extensive-intensive","false","21","1","9","1000","1000000","3324"
"2503","true","extensive-intensive","false","21","1","9","1000","1000000","3230"
"2502","true","extensive-intensive","false","21","1","9","1000","1000000","3360"
"2504","true","extensive-intensive","false","21","1","9","1000","1000000","3091"
"2505","true","extensive-intensive","false","21","1","9","1000","1000000","3250"
"2506","true","extensive-intensive","false","21","1","9","1000","1000000","3373"
"2507","true","extensive-intensive","false","21","1","9","1000","1000000","3414"
"2508","true","extensive-intensive","false","21","1","9","1000","1000000","3380"
"2509","true","extensive-intensive","false","21","1","9","1000","1000000","3281"
"2511","true","extensive-intensive","false","21","1","9","1000","1000000","3340"
"2510","true","extensive-intensive","false","21","1","9","1000","1000000","3175"
"2512","true","extensive-intensive","false","21","1","9","1000","1000000","3233"
"2513","true","extensive-intensive","false","21","1","9","1000","1000000","3422"
"2514","true","extensive-intensive","false","21","1","9","1000","1000000","3300"
"2515","true","extensive-intensive","false","21","1","9","1000","1000000","3286"
"2516","true","extensive-intensive","false","21","1","9","1000","1000000","3253"
"2517","true","extensive-intensive","false","21","1","9","1000","1000000","3406"
"2519","true","extensive-intensive","false","21","1","9","1000","1000000","3297"
"2518","true","extensive-intensive","false","21","1","9","1000","1000000","3132"
"2520","true","extensive-intensive","false","21","1","9","1000","1000000","3342"
"2521","true","extensive-intensive","false","22","1000","9","1000","1000000","3933"
"2522","true","extensive-intensive","false","22","1000","9","1000","1000000","3651"
"2523","true","extensive-intensive","false","22","1000","9","1000","1000000","3696"
"2524","true","extensive-intensive","false","22","1000","9","1000","1000000","3746"
"2525","true","extensive-intensive","false","22","1000","9","1000","1000000","3883"
"2526","true","extensive-intensive","false","22","1000","9","1000","1000000","3766"
"2527","true","extensive-intensive","false","22","1000","9","1000","1000000","3867"
"2528","true","extensive-intensive","false","22","1000","9","1000","1000000","3845"
"2529","true","extensive-intensive","false","22","1000","9","1000","1000000","3768"
"2530","true","extensive-intensive","false","22","1000","9","1000","1000000","3761"
"2531","true","extensive-intensive","false","22","1000","9","1000","1000000","3847"
"2532","true","extensive-intensive","false","22","1000","9","1000","1000000","3797"
"2533","true","extensive-intensive","false","22","1000","9","1000","1000000","3801"
"2534","true","extensive-intensive","false","22","1000","9","1000","1000000","3839"
"2535","true","extensive-intensive","false","22","1000","9","1000","1000000","3764"
"2536","true","extensive-intensive","false","22","1000","9","1000","1000000","3773"
"2537","true","extensive-intensive","false","22","1000","9","1000","1000000","3843"
"2538","true","extensive-intensive","false","22","1000","9","1000","1000000","3847"
"2539","true","extensive-intensive","false","22","1000","9","1000","1000000","3837"
"2540","true","extensive-intensive","false","22","1000","9","1000","1000000","3845"
"2542","true","extensive-intensive","false","22","1000","9","1000","1000000","3766"
"2541","true","extensive-intensive","false","22","1000","9","1000","1000000","3874"
"2543","true","extensive-intensive","false","22","1000","9","1000","1000000","3773"
"2544","true","extensive-intensive","false","22","1000","9","1000","1000000","3860"
"2545","true","extensive-intensive","false","22","1000","9","1000","1000000","3821"
"2546","true","extensive-intensive","false","22","1000","9","1000","1000000","3786"
"2547","true","extensive-intensive","false","22","1000","9","1000","1000000","3741"
"2548","true","extensive-intensive","false","22","1000","9","1000","1000000","3793"
"2549","true","extensive-intensive","false","22","1000","9","1000","1000000","3809"
"2550","true","extensive-intensive","false","22","1000","9","1000","1000000","3853"
"2551","true","extensive-intensive","false","22","1000","9","1000","1000000","3840"
"2552","true","extensive-intensive","false","22","1000","9","1000","1000000","3848"
"2553","true","extensive-intensive","false","22","1000","9","1000","1000000","3792"
"2554","true","extensive-intensive","false","22","1000","9","1000","1000000","3733"
"2555","true","extensive-intensive","false","22","1000","9","1000","1000000","3858"
"2556","true","extensive-intensive","false","22","1000","9","1000","1000000","3808"
"2557","true","extensive-intensive","false","22","1000","9","1000","1000000","3878"
"2558","true","extensive-intensive","false","22","1000","9","1000","1000000","3802"
"2559","true","extensive-intensive","false","22","1000","9","1000","1000000","3700"
"2560","true","extensive-intensive","false","22","1000","9","1000","1000000","3778"
"2561","true","extensive-intensive","false","22","1000","9","1000","1000000","3685"
"2562","true","extensive-intensive","false","22","1000","9","1000","1000000","3831"
"2563","true","extensive-intensive","false","22","1000","9","1000","1000000","3692"
"2564","true","extensive-intensive","false","22","1000","9","1000","1000000","3739"
"2565","true","extensive-intensive","false","22","1000","9","1000","1000000","3780"
"2566","true","extensive-intensive","false","22","1000","9","1000","1000000","3853"
"2567","true","extensive-intensive","false","22","1000","9","1000","1000000","3633"
"2568","true","extensive-intensive","false","22","1000","9","1000","1000000","3786"
"2569","true","extensive-intensive","false","22","1000","9","1000","1000000","3756"
"2570","true","extensive-intensive","false","22","1000","9","1000","1000000","3724"
"2571","true","extensive-intensive","false","22","1000","9","1000","1000000","3792"
"2572","true","extensive-intensive","false","22","1000","9","1000","1000000","3750"
"2573","true","extensive-intensive","false","22","1000","9","1000","1000000","3823"
"2574","true","extensive-intensive","false","22","1000","9","1000","1000000","3845"
"2575","true","extensive-intensive","false","22","1000","9","1000","1000000","3789"
"2576","true","extensive-intensive","false","22","1000","9","1000","1000000","3782"
"2577","true","extensive-intensive","false","22","1000","9","1000","1000000","3763"
"2578","true","extensive-intensive","false","22","1000","9","1000","1000000","3856"
"2579","true","extensive-intensive","false","22","1000","9","1000","1000000","3748"
"2580","true","extensive-intensive","false","22","1000","9","1000","1000000","3775"
"2581","true","extensive-intensive","false","22","1","9","1000","1000000","6398"
"2582","true","extensive-intensive","false","22","1","9","1000","1000000","6423"
"2583","true","extensive-intensive","false","22","1","9","1000","1000000","6557"
"2584","true","extensive-intensive","false","22","1","9","1000","1000000","6396"
"2585","true","extensive-intensive","false","22","1","9","1000","1000000","6424"
"2586","true","extensive-intensive","false","22","1","9","1000","1000000","6515"
"2587","true","extensive-intensive","false","22","1","9","1000","1000000","6733"
"2588","true","extensive-intensive","false","22","1","9","1000","1000000","6528"
"2589","true","extensive-intensive","false","22","1","9","1000","1000000","6617"
"2590","true","extensive-intensive","false","22","1","9","1000","1000000","6579"
"2591","true","extensive-intensive","false","22","1","9","1000","1000000","6673"
"2592","true","extensive-intensive","false","22","1","9","1000","1000000","6656"
"2593","true","extensive-intensive","false","22","1","9","1000","1000000","6626"
"2594","true","extensive-intensive","false","22","1","9","1000","1000000","6581"
"2596","true","extensive-intensive","false","22","1","9","1000","1000000","6638"
"2595","true","extensive-intensive","false","22","1","9","1000","1000000","6536"
"2597","true","extensive-intensive","false","22","1","9","1000","1000000","6347"
"2598","true","extensive-intensive","false","22","1","9","1000","1000000","6521"
"2599","true","extensive-intensive","false","22","1","9","1000","1000000","6531"
"2600","true","extensive-intensive","false","22","1","9","1000","1000000","6713"
"2601","true","extensive-intensive","false","22","1","9","1000","1000000","6457"
"2602","true","extensive-intensive","false","22","1","9","1000","1000000","6446"
"2603","true","extensive-intensive","false","22","1","9","1000","1000000","6818"
"2604","true","extensive-intensive","false","22","1","9","1000","1000000","6500"
"2605","true","extensive-intensive","false","22","1","9","1000","1000000","6665"
"2606","true","extensive-intensive","false","22","1","9","1000","1000000","6510"
"2607","true","extensive-intensive","false","22","1","9","1000","1000000","6551"
"2608","true","extensive-intensive","false","22","1","9","1000","1000000","6675"
"2609","true","extensive-intensive","false","22","1","9","1000","1000000","6603"
"2610","true","extensive-intensive","false","22","1","9","1000","1000000","6503"
"2611","true","extensive-intensive","false","22","1","9","1000","1000000","6512"
"2612","true","extensive-intensive","false","22","1","9","1000","1000000","6588"
"2613","true","extensive-intensive","false","22","1","9","1000","1000000","6592"
"2614","true","extensive-intensive","false","22","1","9","1000","1000000","6573"
"2615","true","extensive-intensive","false","22","1","9","1000","1000000","6706"
"2616","true","extensive-intensive","false","22","1","9","1000","1000000","6236"
"2617","true","extensive-intensive","false","22","1","9","1000","1000000","6432"
"2618","true","extensive-intensive","false","22","1","9","1000","1000000","6707"
"2619","true","extensive-intensive","false","22","1","9","1000","1000000","6640"
"2620","true","extensive-intensive","false","22","1","9","1000","1000000","6455"
"2621","true","extensive-intensive","false","22","1","9","1000","1000000","6468"
"2622","true","extensive-intensive","false","22","1","9","1000","1000000","6522"
"2623","true","extensive-intensive","false","22","1","9","1000","1000000","6451"
"2624","true","extensive-intensive","false","22","1","9","1000","1000000","6332"
"2625","true","extensive-intensive","false","22","1","9","1000","1000000","6664"
"2626","true","extensive-intensive","false","22","1","9","1000","1000000","6353"
"2627","true","extensive-intensive","false","22","1","9","1000","1000000","6374"
"2628","true","extensive-intensive","false","22","1","9","1000","1000000","6339"
"2629","true","extensive-intensive","false","22","1","9","1000","1000000","6453"
"2630","true","extensive-intensive","false","22","1","9","1000","1000000","6612"
"2631","true","extensive-intensive","false","22","1","9","1000","1000000","6535"
"2632","true","extensive-intensive","false","22","1","9","1000","1000000","6378"
"2633","true","extensive-intensive","false","22","1","9","1000","1000000","6728"
"2635","true","extensive-intensive","false","22","1","9","1000","1000000","6506"
"2634","true","extensive-intensive","false","22","1","9","1000","1000000","6312"
"2636","true","extensive-intensive","false","22","1","9","1000","1000000","6609"
"2637","true","extensive-intensive","false","22","1","9","1000","1000000","6543"
"2638","true","extensive-intensive","false","22","1","9","1000","1000000","6586"
"2640","true","extensive-intensive","false","22","1","9","1000","1000000","6621"
"2639","true","extensive-intensive","false","22","1","9","1000","1000000","6553"
"2641","true","extensive-intensive","false","23","1000","9","1000","1000000","7579"
"2642","true","extensive-intensive","false","23","1000","9","1000","1000000","7549"
"2644","true","extensive-intensive","false","23","1000","9","1000","1000000","7453"
"2645","true","extensive-intensive","false","23","1000","9","1000","1000000","7519"
"2643","true","extensive-intensive","false","23","1000","9","1000","1000000","7476"
"2646","true","extensive-intensive","false","23","1000","9","1000","1000000","7472"
"2647","true","extensive-intensive","false","23","1000","9","1000","1000000","7466"
"2648","true","extensive-intensive","false","23","1000","9","1000","1000000","7700"
"2649","true","extensive-intensive","false","23","1000","9","1000","1000000","7590"
"2650","true","extensive-intensive","false","23","1000","9","1000","1000000","7404"
"2651","true","extensive-intensive","false","23","1000","9","1000","1000000","7502"
"2653","true","extensive-intensive","false","23","1000","9","1000","1000000","7536"
"2652","true","extensive-intensive","false","23","1000","9","1000","1000000","7555"
"2654","true","extensive-intensive","false","23","1000","9","1000","1000000","7521"
"2655","true","extensive-intensive","false","23","1000","9","1000","1000000","7534"
"2656","true","extensive-intensive","false","23","1000","9","1000","1000000","7540"
"2657","true","extensive-intensive","false","23","1000","9","1000","1000000","7593"
"2658","true","extensive-intensive","false","23","1000","9","1000","1000000","7435"
"2661","true","extensive-intensive","false","23","1000","9","1000","1000000","7555"
"2659","true","extensive-intensive","false","23","1000","9","1000","1000000","7586"
"2660","true","extensive-intensive","false","23","1000","9","1000","1000000","7387"
"2662","true","extensive-intensive","false","23","1000","9","1000","1000000","7434"
"2663","true","extensive-intensive","false","23","1000","9","1000","1000000","7622"
"2664","true","extensive-intensive","false","23","1000","9","1000","1000000","7485"
"2665","true","extensive-intensive","false","23","1000","9","1000","1000000","7632"
"2666","true","extensive-intensive","false","23","1000","9","1000","1000000","7482"
"2667","true","extensive-intensive","false","23","1000","9","1000","1000000","7401"
"2668","true","extensive-intensive","false","23","1000","9","1000","1000000","7567"
"2669","true","extensive-intensive","false","23","1000","9","1000","1000000","7567"
"2670","true","extensive-intensive","false","23","1000","9","1000","1000000","7633"
"2671","true","extensive-intensive","false","23","1000","9","1000","1000000","7587"
"2672","true","extensive-intensive","false","23","1000","9","1000","1000000","7552"
"2673","true","extensive-intensive","false","23","1000","9","1000","1000000","7589"
"2674","true","extensive-intensive","false","23","1000","9","1000","1000000","7546"
"2675","true","extensive-intensive","false","23","1000","9","1000","1000000","7597"
"2676","true","extensive-intensive","false","23","1000","9","1000","1000000","7512"
"2678","true","extensive-intensive","false","23","1000","9","1000","1000000","7517"
"2677","true","extensive-intensive","false","23","1000","9","1000","1000000","7471"
"2679","true","extensive-intensive","false","23","1000","9","1000","1000000","7572"
"2680","true","extensive-intensive","false","23","1000","9","1000","1000000","7647"
"2681","true","extensive-intensive","false","23","1000","9","1000","1000000","7629"
"2682","true","extensive-intensive","false","23","1000","9","1000","1000000","7557"
"2683","true","extensive-intensive","false","23","1000","9","1000","1000000","7598"
"2684","true","extensive-intensive","false","23","1000","9","1000","1000000","7641"
"2685","true","extensive-intensive","false","23","1000","9","1000","1000000","7569"
"2686","true","extensive-intensive","false","23","1000","9","1000","1000000","7447"
"2687","true","extensive-intensive","false","23","1000","9","1000","1000000","7487"
"2688","true","extensive-intensive","false","23","1000","9","1000","1000000","7470"
"2689","true","extensive-intensive","false","23","1000","9","1000","1000000","7537"
"2691","true","extensive-intensive","false","23","1000","9","1000","1000000","7414"
"2692","true","extensive-intensive","false","23","1000","9","1000","1000000","7494"
"2690","true","extensive-intensive","false","23","1000","9","1000","1000000","7342"
"2693","true","extensive-intensive","false","23","1000","9","1000","1000000","7605"
"2694","true","extensive-intensive","false","23","1000","9","1000","1000000","7403"
"2695","true","extensive-intensive","false","23","1000","9","1000","1000000","7706"
"2696","true","extensive-intensive","false","23","1000","9","1000","1000000","7405"
"2697","true","extensive-intensive","false","23","1000","9","1000","1000000","7544"
"2698","true","extensive-intensive","false","23","1000","9","1000","1000000","7387"
"2699","true","extensive-intensive","false","23","1000","9","1000","1000000","7656"
"2701","true","extensive-intensive","false","23","1","9","1000","1000000","12777"
"2700","true","extensive-intensive","false","23","1000","9","1000","1000000","7469"
"2702","true","extensive-intensive","false","23","1","9","1000","1000000","12852"
"2703","true","extensive-intensive","false","23","1","9","1000","1000000","12902"
"2704","true","extensive-intensive","false","23","1","9","1000","1000000","12743"
"2705","true","extensive-intensive","false","23","1","9","1000","1000000","13071"
"2706","true","extensive-intensive","false","23","1","9","1000","1000000","12998"
"2708","true","extensive-intensive","false","23","1","9","1000","1000000","13020"
"2707","true","extensive-intensive","false","23","1","9","1000","1000000","12885"
"2709","true","extensive-intensive","false","23","1","9","1000","1000000","12460"
"2710","true","extensive-intensive","false","23","1","9","1000","1000000","12708"
"2711","true","extensive-intensive","false","23","1","9","1000","1000000","13048"
"2712","true","extensive-intensive","false","23","1","9","1000","1000000","12529"
"2715","true","extensive-intensive","false","23","1","9","1000","1000000","12767"
"2714","true","extensive-intensive","false","23","1","9","1000","1000000","12998"
"2717","true","extensive-intensive","false","23","1","9","1000","1000000","12843"
"2713","true","extensive-intensive","false","23","1","9","1000","1000000","13327"
"2716","true","extensive-intensive","false","23","1","9","1000","1000000","12893"
"2718","true","extensive-intensive","false","23","1","9","1000","1000000","13019"
"2719","true","extensive-intensive","false","23","1","9","1000","1000000","12987"
"2720","true","extensive-intensive","false","23","1","9","1000","1000000","12809"
"2721","true","extensive-intensive","false","23","1","9","1000","1000000","13077"
"2724","true","extensive-intensive","false","23","1","9","1000","1000000","12927"
"2723","true","extensive-intensive","false","23","1","9","1000","1000000","13143"
"2722","true","extensive-intensive","false","23","1","9","1000","1000000","12930"
"2725","true","extensive-intensive","false","23","1","9","1000","1000000","12942"
"2726","true","extensive-intensive","false","23","1","9","1000","1000000","12940"
"2727","true","extensive-intensive","false","23","1","9","1000","1000000","13075"
"2728","true","extensive-intensive","false","23","1","9","1000","1000000","13096"
"2729","true","extensive-intensive","false","23","1","9","1000","1000000","12760"
"2732","true","extensive-intensive","false","23","1","9","1000","1000000","13134"
"2731","true","extensive-intensive","false","23","1","9","1000","1000000","12723"
"2730","true","extensive-intensive","false","23","1","9","1000","1000000","12928"
"2733","true","extensive-intensive","false","23","1","9","1000","1000000","13015"
"2734","true","extensive-intensive","false","23","1","9","1000","1000000","12626"
"2735","true","extensive-intensive","false","23","1","9","1000","1000000","12779"
"2736","true","extensive-intensive","false","23","1","9","1000","1000000","13003"
"2737","true","extensive-intensive","false","23","1","9","1000","1000000","12908"
"2738","true","extensive-intensive","false","23","1","9","1000","1000000","13067"
"2739","true","extensive-intensive","false","23","1","9","1000","1000000","12757"
"2740","true","extensive-intensive","false","23","1","9","1000","1000000","12744"
"2741","true","extensive-intensive","false","23","1","9","1000","1000000","12895"
"2742","true","extensive-intensive","false","23","1","9","1000","1000000","12787"
"2743","true","extensive-intensive","false","23","1","9","1000","1000000","12596"
"2744","true","extensive-intensive","false","23","1","9","1000","1000000","12864"
"2745","true","extensive-intensive","false","23","1","9","1000","1000000","13035"
"2746","true","extensive-intensive","false","23","1","9","1000","1000000","12997"
"2747","true","extensive-intensive","false","23","1","9","1000","1000000","12853"
"2748","true","extensive-intensive","false","23","1","9","1000","1000000","12939"
"2749","true","extensive-intensive","false","23","1","9","1000","1000000","12931"
"2750","true","extensive-intensive","false","23","1","9","1000","1000000","12977"
"2751","true","extensive-intensive","false","23","1","9","1000","1000000","13219"
"2752","true","extensive-intensive","false","23","1","9","1000","1000000","12932"
"2753","true","extensive-intensive","false","23","1","9","1000","1000000","13108"
"2754","true","extensive-intensive","false","23","1","9","1000","1000000","12619"
"2755","true","extensive-intensive","false","23","1","9","1000","1000000","12620"
"2756","true","extensive-intensive","false","23","1","9","1000","1000000","12812"
"2757","true","extensive-intensive","false","23","1","9","1000","1000000","12969"
"2758","true","extensive-intensive","false","23","1","9","1000","1000000","12802"
"2759","true","extensive-intensive","false","23","1","9","1000","1000000","12730"
"2760","true","extensive-intensive","false","23","1","9","1000","1000000","13002"
"2761","true","extensive-intensive","false","24","1000","9","1000","1000000","10973"
"2762","true","extensive-intensive","false","24","1000","9","1000","1000000","11282"
"2763","true","extensive-intensive","false","24","1000","9","1000","1000000","11354"
"2765","true","extensive-intensive","false","24","1000","9","1000","1000000","11184"
"2764","true","extensive-intensive","false","24","1000","9","1000","1000000","11255"
"2766","true","extensive-intensive","false","24","1000","9","1000","1000000","11147"
"2767","true","extensive-intensive","false","24","1000","9","1000","1000000","11263"
"2768","true","extensive-intensive","false","24","1000","9","1000","1000000","11201"
"2769","true","extensive-intensive","false","24","1000","9","1000","1000000","11233"
"2770","true","extensive-intensive","false","24","1000","9","1000","1000000","11174"
"2771","true","extensive-intensive","false","24","1000","9","1000","1000000","11226"
"2772","true","extensive-intensive","false","24","1000","9","1000","1000000","11144"
"2773","true","extensive-intensive","false","24","1000","9","1000","1000000","11418"
"2774","true","extensive-intensive","false","24","1000","9","1000","1000000","11247"
"2775","true","extensive-intensive","false","24","1000","9","1000","1000000","11206"
"2776","true","extensive-intensive","false","24","1000","9","1000","1000000","11258"
"2777","true","extensive-intensive","false","24","1000","9","1000","1000000","11296"
"2778","true","extensive-intensive","false","24","1000","9","1000","1000000","11094"
"2779","true","extensive-intensive","false","24","1000","9","1000","1000000","11264"
"2780","true","extensive-intensive","false","24","1000","9","1000","1000000","11146"
"2781","true","extensive-intensive","false","24","1000","9","1000","1000000","11257"
"2782","true","extensive-intensive","false","24","1000","9","1000","1000000","11135"
"2783","true","extensive-intensive","false","24","1000","9","1000","1000000","11271"
"2784","true","extensive-intensive","false","24","1000","9","1000","1000000","11218"
"2785","true","extensive-intensive","false","24","1000","9","1000","1000000","11153"
"2786","true","extensive-intensive","false","24","1000","9","1000","1000000","11260"
"2788","true","extensive-intensive","false","24","1000","9","1000","1000000","11174"
"2787","true","extensive-intensive","false","24","1000","9","1000","1000000","11331"
"2789","true","extensive-intensive","false","24","1000","9","1000","1000000","11179"
"2790","true","extensive-intensive","false","24","1000","9","1000","1000000","11192"
"2791","true","extensive-intensive","false","24","1000","9","1000","1000000","11261"
"2792","true","extensive-intensive","false","24","1000","9","1000","1000000","11374"
"2793","true","extensive-intensive","false","24","1000","9","1000","1000000","11034"
"2794","true","extensive-intensive","false","24","1000","9","1000","1000000","11339"
"2795","true","extensive-intensive","false","24","1000","9","1000","1000000","11144"
"2796","true","extensive-intensive","false","24","1000","9","1000","1000000","11168"
"2797","true","extensive-intensive","false","24","1000","9","1000","1000000","11280"
"2798","true","extensive-intensive","false","24","1000","9","1000","1000000","11272"
"2799","true","extensive-intensive","false","24","1000","9","1000","1000000","11119"
"2800","true","extensive-intensive","false","24","1000","9","1000","1000000","11302"
"2801","true","extensive-intensive","false","24","1000","9","1000","1000000","11193"
"2804","true","extensive-intensive","false","24","1000","9","1000","1000000","11195"
"2803","true","extensive-intensive","false","24","1000","9","1000","1000000","11313"
"2802","true","extensive-intensive","false","24","1000","9","1000","1000000","11211"
"2805","true","extensive-intensive","false","24","1000","9","1000","1000000","11181"
"2806","true","extensive-intensive","false","24","1000","9","1000","1000000","11173"
"2807","true","extensive-intensive","false","24","1000","9","1000","1000000","11215"
"2808","true","extensive-intensive","false","24","1000","9","1000","1000000","11168"
"2809","true","extensive-intensive","false","24","1000","9","1000","1000000","11321"
"2812","true","extensive-intensive","false","24","1000","9","1000","1000000","11116"
"2811","true","extensive-intensive","false","24","1000","9","1000","1000000","11213"
"2810","true","extensive-intensive","false","24","1000","9","1000","1000000","11213"
"2813","true","extensive-intensive","false","24","1000","9","1000","1000000","11298"
"2814","true","extensive-intensive","false","24","1000","9","1000","1000000","11290"
"2815","true","extensive-intensive","false","24","1000","9","1000","1000000","11340"
"2816","true","extensive-intensive","false","24","1000","9","1000","1000000","11250"
"2817","true","extensive-intensive","false","24","1000","9","1000","1000000","11334"
"2818","true","extensive-intensive","false","24","1000","9","1000","1000000","11269"
"2819","true","extensive-intensive","false","24","1000","9","1000","1000000","11282"
"2820","true","extensive-intensive","false","24","1000","9","1000","1000000","11205"
"2821","true","extensive-intensive","false","24","1","9","1000","1000000","19090"
"2822","true","extensive-intensive","false","24","1","9","1000","1000000","18847"
"2823","true","extensive-intensive","false","24","1","9","1000","1000000","19069"
"2824","true","extensive-intensive","false","24","1","9","1000","1000000","19599"
"2825","true","extensive-intensive","false","24","1","9","1000","1000000","18871"
"2826","true","extensive-intensive","false","24","1","9","1000","1000000","19513"
"2827","true","extensive-intensive","false","24","1","9","1000","1000000","18811"
"2828","true","extensive-intensive","false","24","1","9","1000","1000000","19236"
"2829","true","extensive-intensive","false","24","1","9","1000","1000000","19245"
"2830","true","extensive-intensive","false","24","1","9","1000","1000000","19404"
"2831","true","extensive-intensive","false","24","1","9","1000","1000000","19117"
"2833","true","extensive-intensive","false","24","1","9","1000","1000000","19360"
"2832","true","extensive-intensive","false","24","1","9","1000","1000000","19445"
"2834","true","extensive-intensive","false","24","1","9","1000","1000000","19171"
"2836","true","extensive-intensive","false","24","1","9","1000","1000000","19074"
"2835","true","extensive-intensive","false","24","1","9","1000","1000000","18722"
"2837","true","extensive-intensive","false","24","1","9","1000","1000000","19325"
"2838","true","extensive-intensive","false","24","1","9","1000","1000000","19022"
"2839","true","extensive-intensive","false","24","1","9","1000","1000000","18754"
"2840","true","extensive-intensive","false","24","1","9","1000","1000000","19324"
"2841","true","extensive-intensive","false","24","1","9","1000","1000000","18708"
"2842","true","extensive-intensive","false","24","1","9","1000","1000000","19169"
"2844","true","extensive-intensive","false","24","1","9","1000","1000000","19262"
"2843","true","extensive-intensive","false","24","1","9","1000","1000000","19112"
"2845","true","extensive-intensive","false","24","1","9","1000","1000000","19427"
"2846","true","extensive-intensive","false","24","1","9","1000","1000000","18767"
"2847","true","extensive-intensive","false","24","1","9","1000","1000000","18827"
"2848","true","extensive-intensive","false","24","1","9","1000","1000000","19014"
"2849","true","extensive-intensive","false","24","1","9","1000","1000000","19029"
"2850","true","extensive-intensive","false","24","1","9","1000","1000000","19187"
"2851","true","extensive-intensive","false","24","1","9","1000","1000000","19267"
"2852","true","extensive-intensive","false","24","1","9","1000","1000000","19257"
"2853","true","extensive-intensive","false","24","1","9","1000","1000000","18785"
"2854","true","extensive-intensive","false","24","1","9","1000","1000000","18561"
"2855","true","extensive-intensive","false","24","1","9","1000","1000000","18965"
"2856","true","extensive-intensive","false","24","1","9","1000","1000000","19449"
"2857","true","extensive-intensive","false","24","1","9","1000","1000000","18660"
"2858","true","extensive-intensive","false","24","1","9","1000","1000000","19192"
"2859","true","extensive-intensive","false","24","1","9","1000","1000000","19510"
"2860","true","extensive-intensive","false","24","1","9","1000","1000000","19398"
"2861","true","extensive-intensive","false","24","1","9","1000","1000000","19268"
"2862","true","extensive-intensive","false","24","1","9","1000","1000000","18846"
"2863","true","extensive-intensive","false","24","1","9","1000","1000000","19204"
"2864","true","extensive-intensive","false","24","1","9","1000","1000000","18912"
"2865","true","extensive-intensive","false","24","1","9","1000","1000000","19268"
"2866","true","extensive-intensive","false","24","1","9","1000","1000000","18863"
"2867","true","extensive-intensive","false","24","1","9","1000","1000000","18816"
"2868","true","extensive-intensive","false","24","1","9","1000","1000000","18834"
"2869","true","extensive-intensive","false","24","1","9","1000","1000000","19453"
"2870","true","extensive-intensive","false","24","1","9","1000","1000000","19132"
"2871","true","extensive-intensive","false","24","1","9","1000","1000000","19198"
"2872","true","extensive-intensive","false","24","1","9","1000","1000000","19318"
"2873","true","extensive-intensive","false","24","1","9","1000","1000000","19216"
"2874","true","extensive-intensive","false","24","1","9","1000","1000000","19189"
"2875","true","extensive-intensive","false","24","1","9","1000","1000000","19293"
"2876","true","extensive-intensive","false","24","1","9","1000","1000000","19359"
"2877","true","extensive-intensive","false","24","1","9","1000","1000000","19066"
"2878","true","extensive-intensive","false","24","1","9","1000","1000000","18942"
"2879","true","extensive-intensive","false","24","1","9","1000","1000000","19468"
"2880","true","extensive-intensive","false","24","1","9","1000","1000000","18631"
"2881","true","extensive-intensive","false","25","1000","9","1000","1000000","15114"
"2882","true","extensive-intensive","false","25","1000","9","1000","1000000","15209"
"2883","true","extensive-intensive","false","25","1000","9","1000","1000000","14972"
"2884","true","extensive-intensive","false","25","1000","9","1000","1000000","14962"
"2885","true","extensive-intensive","false","25","1000","9","1000","1000000","15130"
"2886","true","extensive-intensive","false","25","1000","9","1000","1000000","14982"
"2887","true","extensive-intensive","false","25","1000","9","1000","1000000","14871"
"2888","true","extensive-intensive","false","25","1000","9","1000","1000000","15143"
"2890","true","extensive-intensive","false","25","1000","9","1000","1000000","15021"
"2889","true","extensive-intensive","false","25","1000","9","1000","1000000","14904"
"2891","true","extensive-intensive","false","25","1000","9","1000","1000000","14906"
"2892","true","extensive-intensive","false","25","1000","9","1000","1000000","15178"
"2893","true","extensive-intensive","false","25","1000","9","1000","1000000","14935"
"2894","true","extensive-intensive","false","25","1000","9","1000","1000000","14982"
"2895","true","extensive-intensive","false","25","1000","9","1000","1000000","15069"
"2896","true","extensive-intensive","false","25","1000","9","1000","1000000","14939"
"2897","true","extensive-intensive","false","25","1000","9","1000","1000000","15042"
"2898","true","extensive-intensive","false","25","1000","9","1000","1000000","15066"
"2900","true","extensive-intensive","false","25","1000","9","1000","1000000","15054"
"2899","true","extensive-intensive","false","25","1000","9","1000","1000000","14995"
"2901","true","extensive-intensive","false","25","1000","9","1000","1000000","15119"
"2902","true","extensive-intensive","false","25","1000","9","1000","1000000","15150"
"2903","true","extensive-intensive","false","25","1000","9","1000","1000000","14982"
"2904","true","extensive-intensive","false","25","1000","9","1000","1000000","15162"
"2905","true","extensive-intensive","false","25","1000","9","1000","1000000","14798"
"2906","true","extensive-intensive","false","25","1000","9","1000","1000000","15072"
"2907","true","extensive-intensive","false","25","1000","9","1000","1000000","15144"
"2908","true","extensive-intensive","false","25","1000","9","1000","1000000","15028"
"2909","true","extensive-intensive","false","25","1000","9","1000","1000000","15269"
"2910","true","extensive-intensive","false","25","1000","9","1000","1000000","14990"
"2911","true","extensive-intensive","false","25","1000","9","1000","1000000","15120"
"2912","true","extensive-intensive","false","25","1000","9","1000","1000000","15026"
"2913","true","extensive-intensive","false","25","1000","9","1000","1000000","15075"
"2915","true","extensive-intensive","false","25","1000","9","1000","1000000","15002"
"2916","true","extensive-intensive","false","25","1000","9","1000","1000000","15089"
"2914","true","extensive-intensive","false","25","1000","9","1000","1000000","15014"
"2917","true","extensive-intensive","false","25","1000","9","1000","1000000","15151"
"2918","true","extensive-intensive","false","25","1000","9","1000","1000000","14890"
"2919","true","extensive-intensive","false","25","1000","9","1000","1000000","15065"
"2920","true","extensive-intensive","false","25","1000","9","1000","1000000","15190"
"2921","true","extensive-intensive","false","25","1000","9","1000","1000000","15076"
"2922","true","extensive-intensive","false","25","1000","9","1000","1000000","14935"
"2923","true","extensive-intensive","false","25","1000","9","1000","1000000","15094"
"2924","true","extensive-intensive","false","25","1000","9","1000","1000000","14915"
"2926","true","extensive-intensive","false","25","1000","9","1000","1000000","15091"
"2925","true","extensive-intensive","false","25","1000","9","1000","1000000","14998"
"2927","true","extensive-intensive","false","25","1000","9","1000","1000000","15064"
"2928","true","extensive-intensive","false","25","1000","9","1000","1000000","14870"
"2929","true","extensive-intensive","false","25","1000","9","1000","1000000","15044"
"2930","true","extensive-intensive","false","25","1000","9","1000","1000000","15094"
"2931","true","extensive-intensive","false","25","1000","9","1000","1000000","15007"
"2932","true","extensive-intensive","false","25","1000","9","1000","1000000","15252"
"2934","true","extensive-intensive","false","25","1000","9","1000","1000000","15171"
"2935","true","extensive-intensive","false","25","1000","9","1000","1000000","15036"
"2933","true","extensive-intensive","false","25","1000","9","1000","1000000","14950"
"2936","true","extensive-intensive","false","25","1000","9","1000","1000000","15030"
"2938","true","extensive-intensive","false","25","1000","9","1000","1000000","15087"
"2937","true","extensive-intensive","false","25","1000","9","1000","1000000","15151"
"2939","true","extensive-intensive","false","25","1000","9","1000","1000000","14990"
"2940","true","extensive-intensive","false","25","1000","9","1000","1000000","15107"
"2942","true","extensive-intensive","false","25","1","9","1000","1000000","25334"
"2941","true","extensive-intensive","false","25","1","9","1000","1000000","25916"
"2943","true","extensive-intensive","false","25","1","9","1000","1000000","25946"
"2944","true","extensive-intensive","false","25","1","9","1000","1000000","25586"
"2945","true","extensive-intensive","false","25","1","9","1000","1000000","25458"
"2946","true","extensive-intensive","false","25","1","9","1000","1000000","25589"
"2947","true","extensive-intensive","false","25","1","9","1000","1000000","25465"
"2948","true","extensive-intensive","false","25","1","9","1000","1000000","25774"
"2949","true","extensive-intensive","false","25","1","9","1000","1000000","26089"
"2952","true","extensive-intensive","false","25","1","9","1000","1000000","25886"
"2950","true","extensive-intensive","false","25","1","9","1000","1000000","25815"
"2951","true","extensive-intensive","false","25","1","9","1000","1000000","26037"
"2953","true","extensive-intensive","false","25","1","9","1000","1000000","25846"
"2954","true","extensive-intensive","false","25","1","9","1000","1000000","25379"
"2955","true","extensive-intensive","false","25","1","9","1000","1000000","25730"
"2956","true","extensive-intensive","false","25","1","9","1000","1000000","26051"
"2957","true","extensive-intensive","false","25","1","9","1000","1000000","25649"
"2958","true","extensive-intensive","false","25","1","9","1000","1000000","25672"
"2959","true","extensive-intensive","false","25","1","9","1000","1000000","25856"
"2960","true","extensive-intensive","false","25","1","9","1000","1000000","25933"
"2961","true","extensive-intensive","false","25","1","9","1000","1000000","25684"
"2962","true","extensive-intensive","false","25","1","9","1000","1000000","25585"
"2963","true","extensive-intensive","false","25","1","9","1000","1000000","25671"
"2964","true","extensive-intensive","false","25","1","9","1000","1000000","26032"
"2965","true","extensive-intensive","false","25","1","9","1000","1000000","25619"
"2966","true","extensive-intensive","false","25","1","9","1000","1000000","25691"
"2968","true","extensive-intensive","false","25","1","9","1000","1000000","25993"
"2967","true","extensive-intensive","false","25","1","9","1000","1000000","25590"
"2969","true","extensive-intensive","false","25","1","9","1000","1000000","25952"
"2970","true","extensive-intensive","false","25","1","9","1000","1000000","25195"
"2971","true","extensive-intensive","false","25","1","9","1000","1000000","25727"
"2972","true","extensive-intensive","false","25","1","9","1000","1000000","25290"
"2973","true","extensive-intensive","false","25","1","9","1000","1000000","26026"
"2974","true","extensive-intensive","false","25","1","9","1000","1000000","25753"
"2975","true","extensive-intensive","false","25","1","9","1000","1000000","25603"
"2976","true","extensive-intensive","false","25","1","9","1000","1000000","25547"
"2977","true","extensive-intensive","false","25","1","9","1000","1000000","25815"
"2978","true","extensive-intensive","false","25","1","9","1000","1000000","25848"
"2979","true","extensive-intensive","false","25","1","9","1000","1000000","25804"
"2980","true","extensive-intensive","false","25","1","9","1000","1000000","25785"
"2981","true","extensive-intensive","false","25","1","9","1000","1000000","25255"
"2982","true","extensive-intensive","false","25","1","9","1000","1000000","26328"
"2983","true","extensive-intensive","false","25","1","9","1000","1000000","25928"
"2984","true","extensive-intensive","false","25","1","9","1000","1000000","25524"
"2985","true","extensive-intensive","false","25","1","9","1000","1000000","25361"
"2986","true","extensive-intensive","false","25","1","9","1000","1000000","25847"
"2987","true","extensive-intensive","false","25","1","9","1000","1000000","25510"
"2988","true","extensive-intensive","false","25","1","9","1000","1000000","25218"
"2989","true","extensive-intensive","false","25","1","9","1000","1000000","25537"
"2990","true","extensive-intensive","false","25","1","9","1000","1000000","25486"
"2991","true","extensive-intensive","false","25","1","9","1000","1000000","25583"
"2992","true","extensive-intensive","false","25","1","9","1000","1000000","25856"
"2993","true","extensive-intensive","false","25","1","9","1000","1000000","26271"
"2994","true","extensive-intensive","false","25","1","9","1000","1000000","25250"
"2995","true","extensive-intensive","false","25","1","9","1000","1000000","25489"
"2996","true","extensive-intensive","false","25","1","9","1000","1000000","26071"
"2997","true","extensive-intensive","false","25","1","9","1000","1000000","25704"
"2998","true","extensive-intensive","false","25","1","9","1000","1000000","25281"
"2999","true","extensive-intensive","false","25","1","9","1000","1000000","26169"
"3000","true","extensive-intensive","false","25","1","9","1000","1000000","25685"
"3001","true","extensive-intensive","false","26","1000","9","1000","1000000","18320"
"3002","true","extensive-intensive","false","26","1000","9","1000","1000000","18460"
"3003","true","extensive-intensive","false","26","1000","9","1000","1000000","18243"
"3004","true","extensive-intensive","false","26","1000","9","1000","1000000","18345"
"3005","true","extensive-intensive","false","26","1000","9","1000","1000000","18332"
"3006","true","extensive-intensive","false","26","1000","9","1000","1000000","18438"
"3007","true","extensive-intensive","false","26","1000","9","1000","1000000","18323"
"3008","true","extensive-intensive","false","26","1000","9","1000","1000000","18318"
"3009","true","extensive-intensive","false","26","1000","9","1000","1000000","18405"
"3010","true","extensive-intensive","false","26","1000","9","1000","1000000","18622"
"3011","true","extensive-intensive","false","26","1000","9","1000","1000000","18383"
"3013","true","extensive-intensive","false","26","1000","9","1000","1000000","18315"
"3012","true","extensive-intensive","false","26","1000","9","1000","1000000","18211"
"3014","true","extensive-intensive","false","26","1000","9","1000","1000000","18307"
"3015","true","extensive-intensive","false","26","1000","9","1000","1000000","18188"
"3016","true","extensive-intensive","false","26","1000","9","1000","1000000","18531"
"3017","true","extensive-intensive","false","26","1000","9","1000","1000000","18325"
"3019","true","extensive-intensive","false","26","1000","9","1000","1000000","18267"
"3018","true","extensive-intensive","false","26","1000","9","1000","1000000","18421"
"3020","true","extensive-intensive","false","26","1000","9","1000","1000000","18423"
"3022","true","extensive-intensive","false","26","1000","9","1000","1000000","18334"
"3021","true","extensive-intensive","false","26","1000","9","1000","1000000","18436"
"3023","true","extensive-intensive","false","26","1000","9","1000","1000000","18383"
"3024","true","extensive-intensive","false","26","1000","9","1000","1000000","18464"
"3025","true","extensive-intensive","false","26","1000","9","1000","1000000","18298"
"3026","true","extensive-intensive","false","26","1000","9","1000","1000000","18460"
"3027","true","extensive-intensive","false","26","1000","9","1000","1000000","18445"
"3028","true","extensive-intensive","false","26","1000","9","1000","1000000","18318"
"3029","true","extensive-intensive","false","26","1000","9","1000","1000000","18372"
"3030","true","extensive-intensive","false","26","1000","9","1000","1000000","18466"
"3031","true","extensive-intensive","false","26","1000","9","1000","1000000","18355"
"3032","true","extensive-intensive","false","26","1000","9","1000","1000000","18461"
"3033","true","extensive-intensive","false","26","1000","9","1000","1000000","18187"
"3034","true","extensive-intensive","false","26","1000","9","1000","1000000","18289"
"3035","true","extensive-intensive","false","26","1000","9","1000","1000000","18383"
"3036","true","extensive-intensive","false","26","1000","9","1000","1000000","18435"
"3037","true","extensive-intensive","false","26","1000","9","1000","1000000","18256"
"3038","true","extensive-intensive","false","26","1000","9","1000","1000000","18430"
"3039","true","extensive-intensive","false","26","1000","9","1000","1000000","18464"
"3040","true","extensive-intensive","false","26","1000","9","1000","1000000","18476"
"3041","true","extensive-intensive","false","26","1000","9","1000","1000000","18487"
"3042","true","extensive-intensive","false","26","1000","9","1000","1000000","18251"
"3043","true","extensive-intensive","false","26","1000","9","1000","1000000","18373"
"3044","true","extensive-intensive","false","26","1000","9","1000","1000000","18403"
"3045","true","extensive-intensive","false","26","1000","9","1000","1000000","18326"
"3046","true","extensive-intensive","false","26","1000","9","1000","1000000","18266"
"3047","true","extensive-intensive","false","26","1000","9","1000","1000000","18384"
"3048","true","extensive-intensive","false","26","1000","9","1000","1000000","18517"
"3049","true","extensive-intensive","false","26","1000","9","1000","1000000","18462"
"3050","true","extensive-intensive","false","26","1000","9","1000","1000000","18425"
"3051","true","extensive-intensive","false","26","1000","9","1000","1000000","18298"
"3052","true","extensive-intensive","false","26","1000","9","1000","1000000","18420"
"3053","true","extensive-intensive","false","26","1000","9","1000","1000000","18246"
"3054","true","extensive-intensive","false","26","1000","9","1000","1000000","18297"
"3055","true","extensive-intensive","false","26","1000","9","1000","1000000","18405"
"3056","true","extensive-intensive","false","26","1000","9","1000","1000000","18592"
"3057","true","extensive-intensive","false","26","1000","9","1000","1000000","18361"
"3058","true","extensive-intensive","false","26","1000","9","1000","1000000","18457"
"3059","true","extensive-intensive","false","26","1000","9","1000","1000000","18325"
"3061","true","extensive-intensive","false","26","1","9","1000","1000000","31266"
"3060","true","extensive-intensive","false","26","1000","9","1000","1000000","18203"
"3062","true","extensive-intensive","false","26","1","9","1000","1000000","31313"
"3063","true","extensive-intensive","false","26","1","9","1000","1000000","30799"
"3064","true","extensive-intensive","false","26","1","9","1000","1000000","31626"
"3065","true","extensive-intensive","false","26","1","9","1000","1000000","30361"
"3066","true","extensive-intensive","false","26","1","9","1000","1000000","30904"
"3067","true","extensive-intensive","false","26","1","9","1000","1000000","30842"
"3068","true","extensive-intensive","false","26","1","9","1000","1000000","30592"
"3069","true","extensive-intensive","false","26","1","9","1000","1000000","31404"
"3070","true","extensive-intensive","false","26","1","9","1000","1000000","31732"
"3071","true","extensive-intensive","false","26","1","9","1000","1000000","31027"
"3072","true","extensive-intensive","false","26","1","9","1000","1000000","31214"
"3073","true","extensive-intensive","false","26","1","9","1000","1000000","30751"
"3074","true","extensive-intensive","false","26","1","9","1000","1000000","30903"
"3075","true","extensive-intensive","false","26","1","9","1000","1000000","31563"
"3076","true","extensive-intensive","false","26","1","9","1000","1000000","31423"
"3077","true","extensive-intensive","false","26","1","9","1000","1000000","31242"
"3078","true","extensive-intensive","false","26","1","9","1000","1000000","31012"
"3079","true","extensive-intensive","false","26","1","9","1000","1000000","31199"
"3080","true","extensive-intensive","false","26","1","9","1000","1000000","30996"
"3081","true","extensive-intensive","false","26","1","9","1000","1000000","30554"
"3082","true","extensive-intensive","false","26","1","9","1000","1000000","31044"
"3083","true","extensive-intensive","false","26","1","9","1000","1000000","31268"
"3084","true","extensive-intensive","false","26","1","9","1000","1000000","31336"
"3085","true","extensive-intensive","false","26","1","9","1000","1000000","31024"
"3086","true","extensive-intensive","false","26","1","9","1000","1000000","31472"
"3087","true","extensive-intensive","false","26","1","9","1000","1000000","30982"
"3089","true","extensive-intensive","false","26","1","9","1000","1000000","31553"
"3088","true","extensive-intensive","false","26","1","9","1000","1000000","31645"
"3091","true","extensive-intensive","false","26","1","9","1000","1000000","31341"
"3090","true","extensive-intensive","false","26","1","9","1000","1000000","31051"
"3092","true","extensive-intensive","false","26","1","9","1000","1000000","30948"
"3093","true","extensive-intensive","false","26","1","9","1000","1000000","31492"
"3094","true","extensive-intensive","false","26","1","9","1000","1000000","31183"
"3095","true","extensive-intensive","false","26","1","9","1000","1000000","31136"
"3096","true","extensive-intensive","false","26","1","9","1000","1000000","31660"
"3097","true","extensive-intensive","false","26","1","9","1000","1000000","31267"
"3098","true","extensive-intensive","false","26","1","9","1000","1000000","30723"
"3099","true","extensive-intensive","false","26","1","9","1000","1000000","31060"
"3100","true","extensive-intensive","false","26","1","9","1000","1000000","30971"
"3101","true","extensive-intensive","false","26","1","9","1000","1000000","31462"
"3102","true","extensive-intensive","false","26","1","9","1000","1000000","30651"
"3103","true","extensive-intensive","false","26","1","9","1000","1000000","31290"
"3104","true","extensive-intensive","false","26","1","9","1000","1000000","31464"
"3105","true","extensive-intensive","false","26","1","9","1000","1000000","30911"
"3107","true","extensive-intensive","false","26","1","9","1000","1000000","31573"
"3106","true","extensive-intensive","false","26","1","9","1000","1000000","31442"
"3108","true","extensive-intensive","false","26","1","9","1000","1000000","31017"
"3109","true","extensive-intensive","false","26","1","9","1000","1000000","31394"
"3110","true","extensive-intensive","false","26","1","9","1000","1000000","30881"
"3111","true","extensive-intensive","false","26","1","9","1000","1000000","31100"
"3112","true","extensive-intensive","false","26","1","9","1000","1000000","30835"
"3113","true","extensive-intensive","false","26","1","9","1000","1000000","31307"
"3114","true","extensive-intensive","false","26","1","9","1000","1000000","31187"
"3115","true","extensive-intensive","false","26","1","9","1000","1000000","31200"
"3116","true","extensive-intensive","false","26","1","9","1000","1000000","31664"
"3117","true","extensive-intensive","false","26","1","9","1000","1000000","31450"
"3118","true","extensive-intensive","false","26","1","9","1000","1000000","31205"
"3119","true","extensive-intensive","false","26","1","9","1000","1000000","31403"
"3120","true","extensive-intensive","false","26","1","9","1000","1000000","30557"
