"BehaviorSpace results (NetLogo 7.0.4)","Table version 2.0"
"plaice-search-model.nlogox"
"extensive-only"
"10/01/2026 05:06:52:842 -0700"
"min-pxcor","max-pxcor","min-pycor","max-pycor"
"0","71","0","71"
"[run number]","use-scenario?","search-tactic","pen-down?","scenario","regeneration-time","response-radius","[step]","ticks","sum [prey-captured] of predators"
"5","true","extensive-only","false","1","1000","9","1000","1000000","15702"
"8","true","extensive-only","false","1","1000","9","1000","1000000","14218"
"3","true","extensive-only","false","1","1000","9","1000","1000000","15337"
"4","true","extensive-only","false","1","1000","9","1000","1000000","14972"
"6","true","extensive-only","false","1","1000","9","1000","1000000","14948"
"1","true","extensive-only","false","1","1000","9","1000","1000000","14963"
"2","true","extensive-only","false","1","1000","9","1000","1000000","14654"
"7","true","extensive-only","false","1","1000","9","1000","1000000","14546"
"9","true","extensive-only","false","1","1000","9","1000","1000000","14929"
"11","true","extensive-only","false","1","1000","9","1000","1000000","15105"
"10","true","extensive-only","false","1","1000","9","1000","1000000","15043"
"16","true","extensive-only","false","1","1000","9","1000","1000000","14896"
"13","true","extensive-only","false","1","1000","9","1000","1000000","15402"
"14","true","extensive-only","false","1","1000","9","1000","1000000","15238"
"15","true","extensive-only","false","1","1000","9","1000","1000000","14987"
"12","true","extensive-only","false","1","1000","9","1000","1000000","15308"
"18","true","extensive-only","false","1","1000","9","1000","1000000","15274"
"17","true","extensive-only","false","1","1000","9","1000","1000000","14860"
"19","true","extensive-only","false","1","1000","9","1000","1000000","14995"
"21","true","extensive-only","false","1","1000","9","1000","1000000","15116"
"22","true","extensive-only","false","1","1000","9","1000","1000000","14897"
"20","true","extensive-only","false","1","1000","9","1000","1000000","15302"
"24","true","extensive-only","false","1","1000","9","1000","1000000","15437"
"23","true","extensive-only","false","1","1000","9","1000","1000000","15428"
"25","true","extensive-only","false","1","1000","9","1000","1000000","14998"
"26","true","extensive-only","false","1","1000","9","1000","1000000","15087"
"27","true","extensive-only","false","1","1000","9","1000","1000000","15542"
"28","true","extensive-only","false","1","1000","9","1000","1000000","14992"
"30","true","extensive-only","false","1","1000","9","1000","1000000","15347"
"29","true","extensive-only","false","1","1000","9","1000","1000000","14759"
"31","true","extensive-only","false","1","1000","9","1000","1000000","14866"
"32","true","extensive-only","false","1","1000","9","1000","1000000","15182"
"33","true","extensive-only","false","1","1000","9","1000","1000000","14479"
"34","true","extensive-only","false","1","1000","9","1000","1000000","15137"
"35","true","extensive-only","false","1","1000","9","1000","1000000","14904"
"38","true","extensive-only","false","1","1000","9","1000","1000000","15063"
"36","true","extensive-only","false","1","1000","9","1000","1000000","15428"
"37","true","extensive-only","false","1","1000","9","1000","1000000","15278"
"39","true","extensive-only","false","1","1000","9","1000","1000000","14983"
"40","true","extensive-only","false","1","1000","9","1000","1000000","15245"
"42","true","extensive-only","false","1","1000","9","1000","1000000","14985"
"41","true","extensive-only","false","1","1000","9","1000","1000000","15330"
"43","true","extensive-only","false","1","1000","9","1000","1000000","14673"
"45","true","extensive-only","false","1","1000","9","1000","1000000","14986"
"44","true","extensive-only","false","1","1000","9","1000","1000000","15294"
"46","true","extensive-only","false","1","1000","9","1000","1000000","14959"
"47","true","extensive-only","false","1","1000","9","1000","1000000","15113"
"48","true","extensive-only","false","1","1000","9","1000","1000000","14951"
"50","true","extensive-only","false","1","1000","9","1000","1000000","15355"
"49","true","extensive-only","false","1","1000","9","1000","1000000","15059"
"51","true","extensive-only","false","1","1000","9","1000","1000000","15207"
"53","true","extensive-only","false","1","1000","9","1000","1000000","15000"
"54","true","extensive-only","false","1","1000","9","1000","1000000","15005"
"52","true","extensive-only","false","1","1000","9","1000","1000000","14905"
"55","true","extensive-only","false","1","1000","9","1000","1000000","15423"
"56","true","extensive-only","false","1","1000","9","1000","1000000","15393"
"62","true","extensive-only","false","1","1","9","1000","1000000","18591"
"61","true","extensive-only","false","1","1","9","1000","1000000","18443"
"57","true","extensive-only","false","1","1000","9","1000","1000000","14888"
"58","true","extensive-only","false","1","1000","9","1000","1000000","14356"
"63","true","extensive-only","false","1","1","9","1000","1000000","19587"
"59","true","extensive-only","false","1","1000","9","1000","1000000","14821"
"60","true","extensive-only","false","1","1000","9","1000","1000000","14774"
"64","true","extensive-only","false","1","1","9","1000","1000000","19753"
"65","true","extensive-only","false","1","1","9","1000","1000000","18803"
"67","true","extensive-only","false","1","1","9","1000","1000000","19348"
"66","true","extensive-only","false","1","1","9","1000","1000000","20335"
"68","true","extensive-only","false","1","1","9","1000","1000000","19701"
"69","true","extensive-only","false","1","1","9","1000","1000000","19273"
"70","true","extensive-only","false","1","1","9","1000","1000000","18806"
"71","true","extensive-only","false","1","1","9","1000","1000000","18210"
"72","true","extensive-only","false","1","1","9","1000","1000000","19610"
"73","true","extensive-only","false","1","1","9","1000","1000000","18951"
"74","true","extensive-only","false","1","1","9","1000","1000000","19520"
"75","true","extensive-only","false","1","1","9","1000","1000000","19067"
"76","true","extensive-only","false","1","1","9","1000","1000000","18182"
"77","true","extensive-only","false","1","1","9","1000","1000000","19214"
"78","true","extensive-only","false","1","1","9","1000","1000000","19619"
"79","true","extensive-only","false","1","1","9","1000","1000000","19543"
"80","true","extensive-only","false","1","1","9","1000","1000000","19436"
"81","true","extensive-only","false","1","1","9","1000","1000000","19684"
"82","true","extensive-only","false","1","1","9","1000","1000000","19120"
"85","true","extensive-only","false","1","1","9","1000","1000000","19068"
"83","true","extensive-only","false","1","1","9","1000","1000000","19129"
"84","true","extensive-only","false","1","1","9","1000","1000000","18551"
"86","true","extensive-only","false","1","1","9","1000","1000000","18745"
"87","true","extensive-only","false","1","1","9","1000","1000000","16801"
"88","true","extensive-only","false","1","1","9","1000","1000000","19451"
"90","true","extensive-only","false","1","1","9","1000","1000000","19354"
"89","true","extensive-only","false","1","1","9","1000","1000000","19498"
"91","true","extensive-only","false","1","1","9","1000","1000000","18320"
"93","true","extensive-only","false","1","1","9","1000","1000000","19352"
"92","true","extensive-only","false","1","1","9","1000","1000000","19355"
"94","true","extensive-only","false","1","1","9","1000","1000000","19493"
"95","true","extensive-only","false","1","1","9","1000","1000000","18497"
"96","true","extensive-only","false","1","1","9","1000","1000000","19219"
"97","true","extensive-only","false","1","1","9","1000","1000000","19279"
"98","true","extensive-only","false","1","1","9","1000","1000000","18853"
"100","true","extensive-only","false","1","1","9","1000","1000000","18763"
"99","true","extensive-only","false","1","1","9","1000","1000000","19667"
"101","true","extensive-only","false","1","1","9","1000","1000000","19536"
"102","true","extensive-only","false","1","1","9","1000","1000000","18831"
"103","true","extensive-only","false","1","1","9","1000","1000000","19324"
"104","true","extensive-only","false","1","1","9","1000","1000000","19192"
"105","true","extensive-only","false","1","1","9","1000","1000000","19670"
"106","true","extensive-only","false","1","1","9","1000","1000000","19489"
"107","true","extensive-only","false","1","1","9","1000","1000000","19324"
"108","true","extensive-only","false","1","1","9","1000","1000000","19881"
"109","true","extensive-only","false","1","1","9","1000","1000000","18439"
"110","true","extensive-only","false","1","1","9","1000","1000000","19997"
"111","true","extensive-only","false","1","1","9","1000","1000000","19048"
"112","true","extensive-only","false","1","1","9","1000","1000000","19039"
"113","true","extensive-only","false","1","1","9","1000","1000000","20141"
"114","true","extensive-only","false","1","1","9","1000","1000000","19053"
"115","true","extensive-only","false","1","1","9","1000","1000000","19778"
"116","true","extensive-only","false","1","1","9","1000","1000000","18796"
"117","true","extensive-only","false","1","1","9","1000","1000000","19270"
"118","true","extensive-only","false","1","1","9","1000","1000000","19685"
"119","true","extensive-only","false","1","1","9","1000","1000000","20065"
"120","true","extensive-only","false","1","1","9","1000","1000000","19426"
"121","true","extensive-only","false","2","1000","9","1000","1000000","17744"
"122","true","extensive-only","false","2","1000","9","1000","1000000","17234"
"123","true","extensive-only","false","2","1000","9","1000","1000000","16869"
"124","true","extensive-only","false","2","1000","9","1000","1000000","17495"
"125","true","extensive-only","false","2","1000","9","1000","1000000","17274"
"126","true","extensive-only","false","2","1000","9","1000","1000000","17174"
"127","true","extensive-only","false","2","1000","9","1000","1000000","16846"
"128","true","extensive-only","false","2","1000","9","1000","1000000","18005"
"129","true","extensive-only","false","2","1000","9","1000","1000000","17262"
"130","true","extensive-only","false","2","1000","9","1000","1000000","17150"
"131","true","extensive-only","false","2","1000","9","1000","1000000","17078"
"133","true","extensive-only","false","2","1000","9","1000","1000000","17037"
"132","true","extensive-only","false","2","1000","9","1000","1000000","17214"
"134","true","extensive-only","false","2","1000","9","1000","1000000","17337"
"135","true","extensive-only","false","2","1000","9","1000","1000000","17471"
"136","true","extensive-only","false","2","1000","9","1000","1000000","17397"
"137","true","extensive-only","false","2","1000","9","1000","1000000","17244"
"138","true","extensive-only","false","2","1000","9","1000","1000000","17237"
"139","true","extensive-only","false","2","1000","9","1000","1000000","16772"
"140","true","extensive-only","false","2","1000","9","1000","1000000","17053"
"141","true","extensive-only","false","2","1000","9","1000","1000000","17230"
"142","true","extensive-only","false","2","1000","9","1000","1000000","16952"
"143","true","extensive-only","false","2","1000","9","1000","1000000","17115"
"144","true","extensive-only","false","2","1000","9","1000","1000000","17209"
"145","true","extensive-only","false","2","1000","9","1000","1000000","17181"
"146","true","extensive-only","false","2","1000","9","1000","1000000","17126"
"147","true","extensive-only","false","2","1000","9","1000","1000000","17195"
"148","true","extensive-only","false","2","1000","9","1000","1000000","16570"
"150","true","extensive-only","false","2","1000","9","1000","1000000","17096"
"149","true","extensive-only","false","2","1000","9","1000","1000000","17104"
"151","true","extensive-only","false","2","1000","9","1000","1000000","17477"
"152","true","extensive-only","false","2","1000","9","1000","1000000","17144"
"153","true","extensive-only","false","2","1000","9","1000","1000000","17085"
"154","true","extensive-only","false","2","1000","9","1000","1000000","17295"
"155","true","extensive-only","false","2","1000","9","1000","1000000","17649"
"156","true","extensive-only","false","2","1000","9","1000","1000000","17418"
"157","true","extensive-only","false","2","1000","9","1000","1000000","17450"
"158","true","extensive-only","false","2","1000","9","1000","1000000","17032"
"159","true","extensive-only","false","2","1000","9","1000","1000000","17289"
"160","true","extensive-only","false","2","1000","9","1000","1000000","17424"
"161","true","extensive-only","false","2","1000","9","1000","1000000","16860"
"162","true","extensive-only","false","2","1000","9","1000","1000000","17616"
"163","true","extensive-only","false","2","1000","9","1000","1000000","17320"
"164","true","extensive-only","false","2","1000","9","1000","1000000","16883"
"165","true","extensive-only","false","2","1000","9","1000","1000000","17094"
"166","true","extensive-only","false","2","1000","9","1000","1000000","17311"
"167","true","extensive-only","false","2","1000","9","1000","1000000","17227"
"168","true","extensive-only","false","2","1000","9","1000","1000000","16897"
"169","true","extensive-only","false","2","1000","9","1000","1000000","17285"
"170","true","extensive-only","false","2","1000","9","1000","1000000","17057"
"171","true","extensive-only","false","2","1000","9","1000","1000000","17104"
"172","true","extensive-only","false","2","1000","9","1000","1000000","16893"
"173","true","extensive-only","false","2","1000","9","1000","1000000","17426"
"174","true","extensive-only","false","2","1000","9","1000","1000000","17402"
"175","true","extensive-only","false","2","1000","9","1000","1000000","16975"
"176","true","extensive-only","false","2","1000","9","1000","1000000","16921"
"177","true","extensive-only","false","2","1000","9","1000","1000000","17594"
"178","true","extensive-only","false","2","1000","9","1000","1000000","16605"
"182","true","extensive-only","false","2","1","9","1000","1000000","24766"
"181","true","extensive-only","false","2","1","9","1000","1000000","24669"
"183","true","extensive-only","false","2","1","9","1000","1000000","23973"
"180","true","extensive-only","false","2","1000","9","1000","1000000","17520"
"179","true","extensive-only","false","2","1000","9","1000","1000000","17205"
"184","true","extensive-only","false","2","1","9","1000","1000000","25670"
"185","true","extensive-only","false","2","1","9","1000","1000000","24355"
"186","true","extensive-only","false","2","1","9","1000","1000000","25748"
"187","true","extensive-only","false","2","1","9","1000","1000000","25710"
"191","true","extensive-only","false","2","1","9","1000","1000000","24385"
"188","true","extensive-only","false","2","1","9","1000","1000000","26042"
"189","true","extensive-only","false","2","1","9","1000","1000000","24003"
"190","true","extensive-only","false","2","1","9","1000","1000000","23777"
"192","true","extensive-only","false","2","1","9","1000","1000000","25431"
"193","true","extensive-only","false","2","1","9","1000","1000000","24842"
"194","true","extensive-only","false","2","1","9","1000","1000000","25986"
"195","true","extensive-only","false","2","1","9","1000","1000000","25815"
"196","true","extensive-only","false","2","1","9","1000","1000000","25228"
"197","true","extensive-only","false","2","1","9","1000","1000000","25710"
"198","true","extensive-only","false","2","1","9","1000","1000000","25627"
"199","true","extensive-only","false","2","1","9","1000","1000000","24040"
"200","true","extensive-only","false","2","1","9","1000","1000000","24238"
"201","true","extensive-only","false","2","1","9","1000","1000000","26540"
"202","true","extensive-only","false","2","1","9","1000","1000000","24940"
"203","true","extensive-only","false","2","1","9","1000","1000000","24446"
"204","true","extensive-only","false","2","1","9","1000","1000000","25154"
"205","true","extensive-only","false","2","1","9","1000","1000000","25309"
"206","true","extensive-only","false","2","1","9","1000","1000000","25433"
"207","true","extensive-only","false","2","1","9","1000","1000000","25162"
"208","true","extensive-only","false","2","1","9","1000","1000000","25503"
"209","true","extensive-only","false","2","1","9","1000","1000000","26269"
"210","true","extensive-only","false","2","1","9","1000","1000000","24753"
"211","true","extensive-only","false","2","1","9","1000","1000000","25577"
"213","true","extensive-only","false","2","1","9","1000","1000000","25103"
"212","true","extensive-only","false","2","1","9","1000","1000000","24456"
"214","true","extensive-only","false","2","1","9","1000","1000000","26613"
"215","true","extensive-only","false","2","1","9","1000","1000000","26169"
"216","true","extensive-only","false","2","1","9","1000","1000000","25620"
"217","true","extensive-only","false","2","1","9","1000","1000000","24916"
"218","true","extensive-only","false","2","1","9","1000","1000000","25949"
"219","true","extensive-only","false","2","1","9","1000","1000000","24669"
"221","true","extensive-only","false","2","1","9","1000","1000000","25481"
"222","true","extensive-only","false","2","1","9","1000","1000000","25223"
"220","true","extensive-only","false","2","1","9","1000","1000000","25027"
"223","true","extensive-only","false","2","1","9","1000","1000000","26100"
"224","true","extensive-only","false","2","1","9","1000","1000000","24508"
"225","true","extensive-only","false","2","1","9","1000","1000000","25440"
"226","true","extensive-only","false","2","1","9","1000","1000000","24942"
"227","true","extensive-only","false","2","1","9","1000","1000000","24788"
"228","true","extensive-only","false","2","1","9","1000","1000000","23904"
"229","true","extensive-only","false","2","1","9","1000","1000000","25565"
"230","true","extensive-only","false","2","1","9","1000","1000000","26002"
"231","true","extensive-only","false","2","1","9","1000","1000000","23384"
"233","true","extensive-only","false","2","1","9","1000","1000000","23544"
"232","true","extensive-only","false","2","1","9","1000","1000000","24368"
"234","true","extensive-only","false","2","1","9","1000","1000000","25011"
"235","true","extensive-only","false","2","1","9","1000","1000000","24356"
"236","true","extensive-only","false","2","1","9","1000","1000000","22922"
"237","true","extensive-only","false","2","1","9","1000","1000000","25471"
"238","true","extensive-only","false","2","1","9","1000","1000000","24344"
"239","true","extensive-only","false","2","1","9","1000","1000000","24589"
"240","true","extensive-only","false","2","1","9","1000","1000000","25019"
"241","true","extensive-only","false","3","1000","9","1000","1000000","18474"
"242","true","extensive-only","false","3","1000","9","1000","1000000","18469"
"243","true","extensive-only","false","3","1000","9","1000","1000000","18813"
"244","true","extensive-only","false","3","1000","9","1000","1000000","18714"
"246","true","extensive-only","false","3","1000","9","1000","1000000","18612"
"247","true","extensive-only","false","3","1000","9","1000","1000000","18641"
"245","true","extensive-only","false","3","1000","9","1000","1000000","18502"
"248","true","extensive-only","false","3","1000","9","1000","1000000","18764"
"249","true","extensive-only","false","3","1000","9","1000","1000000","18480"
"250","true","extensive-only","false","3","1000","9","1000","1000000","18754"
"251","true","extensive-only","false","3","1000","9","1000","1000000","18525"
"252","true","extensive-only","false","3","1000","9","1000","1000000","18491"
"253","true","extensive-only","false","3","1000","9","1000","1000000","18472"
"254","true","extensive-only","false","3","1000","9","1000","1000000","18658"
"255","true","extensive-only","false","3","1000","9","1000","1000000","18671"
"256","true","extensive-only","false","3","1000","9","1000","1000000","18323"
"257","true","extensive-only","false","3","1000","9","1000","1000000","18896"
"258","true","extensive-only","false","3","1000","9","1000","1000000","18686"
"259","true","extensive-only","false","3","1000","9","1000","1000000","18545"
"260","true","extensive-only","false","3","1000","9","1000","1000000","18824"
"261","true","extensive-only","false","3","1000","9","1000","1000000","18690"
"262","true","extensive-only","false","3","1000","9","1000","1000000","18612"
"263","true","extensive-only","false","3","1000","9","1000","1000000","18830"
"264","true","extensive-only","false","3","1000","9","1000","1000000","18795"
"266","true","extensive-only","false","3","1000","9","1000","1000000","18693"
"265","true","extensive-only","false","3","1000","9","1000","1000000","18474"
"267","true","extensive-only","false","3","1000","9","1000","1000000","18471"
"268","true","extensive-only","false","3","1000","9","1000","1000000","18542"
"270","true","extensive-only","false","3","1000","9","1000","1000000","18518"
"271","true","extensive-only","false","3","1000","9","1000","1000000","18801"
"269","true","extensive-only","false","3","1000","9","1000","1000000","18596"
"272","true","extensive-only","false","3","1000","9","1000","1000000","18501"
"273","true","extensive-only","false","3","1000","9","1000","1000000","18514"
"274","true","extensive-only","false","3","1000","9","1000","1000000","18751"
"275","true","extensive-only","false","3","1000","9","1000","1000000","18688"
"276","true","extensive-only","false","3","1000","9","1000","1000000","18392"
"277","true","extensive-only","false","3","1000","9","1000","1000000","18847"
"279","true","extensive-only","false","3","1000","9","1000","1000000","18511"
"278","true","extensive-only","false","3","1000","9","1000","1000000","18678"
"280","true","extensive-only","false","3","1000","9","1000","1000000","18499"
"281","true","extensive-only","false","3","1000","9","1000","1000000","18642"
"283","true","extensive-only","false","3","1000","9","1000","1000000","18571"
"282","true","extensive-only","false","3","1000","9","1000","1000000","18467"
"284","true","extensive-only","false","3","1000","9","1000","1000000","18759"
"286","true","extensive-only","false","3","1000","9","1000","1000000","18454"
"285","true","extensive-only","false","3","1000","9","1000","1000000","18684"
"287","true","extensive-only","false","3","1000","9","1000","1000000","18575"
"288","true","extensive-only","false","3","1000","9","1000","1000000","18614"
"289","true","extensive-only","false","3","1000","9","1000","1000000","18494"
"290","true","extensive-only","false","3","1000","9","1000","1000000","18553"
"291","true","extensive-only","false","3","1000","9","1000","1000000","18738"
"292","true","extensive-only","false","3","1000","9","1000","1000000","18744"
"294","true","extensive-only","false","3","1000","9","1000","1000000","18477"
"293","true","extensive-only","false","3","1000","9","1000","1000000","18648"
"295","true","extensive-only","false","3","1000","9","1000","1000000","18658"
"296","true","extensive-only","false","3","1000","9","1000","1000000","18672"
"297","true","extensive-only","false","3","1000","9","1000","1000000","18647"
"303","true","extensive-only","false","3","1","9","1000","1000000","28899"
"302","true","extensive-only","false","3","1","9","1000","1000000","29583"
"301","true","extensive-only","false","3","1","9","1000","1000000","28919"
"298","true","extensive-only","false","3","1000","9","1000","1000000","18794"
"300","true","extensive-only","false","3","1000","9","1000","1000000","18628"
"299","true","extensive-only","false","3","1000","9","1000","1000000","18437"
"304","true","extensive-only","false","3","1","9","1000","1000000","30221"
"305","true","extensive-only","false","3","1","9","1000","1000000","29369"
"306","true","extensive-only","false","3","1","9","1000","1000000","29708"
"307","true","extensive-only","false","3","1","9","1000","1000000","29565"
"308","true","extensive-only","false","3","1","9","1000","1000000","30812"
"309","true","extensive-only","false","3","1","9","1000","1000000","29660"
"310","true","extensive-only","false","3","1","9","1000","1000000","30176"
"311","true","extensive-only","false","3","1","9","1000","1000000","29857"
"312","true","extensive-only","false","3","1","9","1000","1000000","30059"
"313","true","extensive-only","false","3","1","9","1000","1000000","30383"
"314","true","extensive-only","false","3","1","9","1000","1000000","29845"
"315","true","extensive-only","false","3","1","9","1000","1000000","29916"
"316","true","extensive-only","false","3","1","9","1000","1000000","28818"
"318","true","extensive-only","false","3","1","9","1000","1000000","29913"
"317","true","extensive-only","false","3","1","9","1000","1000000","30851"
"319","true","extensive-only","false","3","1","9","1000","1000000","29688"
"320","true","extensive-only","false","3","1","9","1000","1000000","30095"
"321","true","extensive-only","false","3","1","9","1000","1000000","30287"
"322","true","extensive-only","false","3","1","9","1000","1000000","30612"
"323","true","extensive-only","false","3","1","9","1000","1000000","28957"
"324","true","extensive-only","false","3","1","9","1000","1000000","30832"
"325","true","extensive-only","false","3","1","9","1000","1000000","29492"
"326","true","extensive-only","false","3","1","9","1000","1000000","30130"
"327","true","extensive-only","false","3","1","9","1000","1000000","29918"
"328","true","extensive-only","false","3","1","9","1000","1000000","29916"
"329","true","extensive-only","false","3","1","9","1000","1000000","30253"
"330","true","extensive-only","false","3","1","9","1000","1000000","28889"
"331","true","extensive-only","false","3","1","9","1000","1000000","29658"
"332","true","extensive-only","false","3","1","9","1000","1000000","28964"
"334","true","extensive-only","false","3","1","9","1000","1000000","30372"
"333","true","extensive-only","false","3","1","9","1000","1000000","29808"
"335","true","extensive-only","false","3","1","9","1000","1000000","30503"
"336","true","extensive-only","false","3","1","9","1000","1000000","29465"
"337","true","extensive-only","false","3","1","9","1000","1000000","29787"
"338","true","extensive-only","false","3","1","9","1000","1000000","29580"
"339","true","extensive-only","false","3","1","9","1000","1000000","29989"
"341","true","extensive-only","false","3","1","9","1000","1000000","30073"
"342","true","extensive-only","false","3","1","9","1000","1000000","30252"
"340","true","extensive-only","false","3","1","9","1000","1000000","29038"
"343","true","extensive-only","false","3","1","9","1000","1000000","30207"
"344","true","extensive-only","false","3","1","9","1000","1000000","30625"
"345","true","extensive-only","false","3","1","9","1000","1000000","30153"
"346","true","extensive-only","false","3","1","9","1000","1000000","29840"
"347","true","extensive-only","false","3","1","9","1000","1000000","30558"
"348","true","extensive-only","false","3","1","9","1000","1000000","29531"
"349","true","extensive-only","false","3","1","9","1000","1000000","30429"
"350","true","extensive-only","false","3","1","9","1000","1000000","29906"
"352","true","extensive-only","false","3","1","9","1000","1000000","30024"
"351","true","extensive-only","false","3","1","9","1000","1000000","29488"
"353","true","extensive-only","false","3","1","9","1000","1000000","30339"
"354","true","extensive-only","false","3","1","9","1000","1000000","30522"
"355","true","extensive-only","false","3","1","9","1000","1000000","30274"
"356","true","extensive-only","false","3","1","9","1000","1000000","30220"
"357","true","extensive-only","false","3","1","9","1000","1000000","29625"
"358","true","extensive-only","false","3","1","9","1000","1000000","29583"
"359","true","extensive-only","false","3","1","9","1000","1000000","29876"
"360","true","extensive-only","false","3","1","9","1000","1000000","29317"
"361","true","extensive-only","false","4","1000","9","1000","1000000","18942"
"362","true","extensive-only","false","4","1000","9","1000","1000000","18922"
"363","true","extensive-only","false","4","1000","9","1000","1000000","19105"
"364","true","extensive-only","false","4","1000","9","1000","1000000","18978"
"365","true","extensive-only","false","4","1000","9","1000","1000000","19007"
"366","true","extensive-only","false","4","1000","9","1000","1000000","18975"
"367","true","extensive-only","false","4","1000","9","1000","1000000","18879"
"368","true","extensive-only","false","4","1000","9","1000","1000000","19118"
"369","true","extensive-only","false","4","1000","9","1000","1000000","19134"
"370","true","extensive-only","false","4","1000","9","1000","1000000","18950"
"371","true","extensive-only","false","4","1000","9","1000","1000000","18788"
"372","true","extensive-only","false","4","1000","9","1000","1000000","18848"
"373","true","extensive-only","false","4","1000","9","1000","1000000","18857"
"374","true","extensive-only","false","4","1000","9","1000","1000000","19012"
"375","true","extensive-only","false","4","1000","9","1000","1000000","18840"
"376","true","extensive-only","false","4","1000","9","1000","1000000","18983"
"377","true","extensive-only","false","4","1000","9","1000","1000000","18876"
"378","true","extensive-only","false","4","1000","9","1000","1000000","18768"
"379","true","extensive-only","false","4","1000","9","1000","1000000","19041"
"381","true","extensive-only","false","4","1000","9","1000","1000000","18795"
"380","true","extensive-only","false","4","1000","9","1000","1000000","18993"
"382","true","extensive-only","false","4","1000","9","1000","1000000","19007"
"383","true","extensive-only","false","4","1000","9","1000","1000000","18984"
"384","true","extensive-only","false","4","1000","9","1000","1000000","19210"
"385","true","extensive-only","false","4","1000","9","1000","1000000","18902"
"387","true","extensive-only","false","4","1000","9","1000","1000000","19023"
"386","true","extensive-only","false","4","1000","9","1000","1000000","19069"
"388","true","extensive-only","false","4","1000","9","1000","1000000","18944"
"389","true","extensive-only","false","4","1000","9","1000","1000000","19015"
"391","true","extensive-only","false","4","1000","9","1000","1000000","18874"
"390","true","extensive-only","false","4","1000","9","1000","1000000","18961"
"392","true","extensive-only","false","4","1000","9","1000","1000000","18974"
"393","true","extensive-only","false","4","1000","9","1000","1000000","18882"
"394","true","extensive-only","false","4","1000","9","1000","1000000","18918"
"395","true","extensive-only","false","4","1000","9","1000","1000000","18975"
"397","true","extensive-only","false","4","1000","9","1000","1000000","18947"
"396","true","extensive-only","false","4","1000","9","1000","1000000","19020"
"398","true","extensive-only","false","4","1000","9","1000","1000000","18894"
"399","true","extensive-only","false","4","1000","9","1000","1000000","18869"
"400","true","extensive-only","false","4","1000","9","1000","1000000","18900"
"401","true","extensive-only","false","4","1000","9","1000","1000000","18973"
"402","true","extensive-only","false","4","1000","9","1000","1000000","18903"
"403","true","extensive-only","false","4","1000","9","1000","1000000","18904"
"405","true","extensive-only","false","4","1000","9","1000","1000000","18928"
"404","true","extensive-only","false","4","1000","9","1000","1000000","18870"
"406","true","extensive-only","false","4","1000","9","1000","1000000","18887"
"407","true","extensive-only","false","4","1000","9","1000","1000000","19046"
"408","true","extensive-only","false","4","1000","9","1000","1000000","19159"
"409","true","extensive-only","false","4","1000","9","1000","1000000","19009"
"410","true","extensive-only","false","4","1000","9","1000","1000000","18951"
"411","true","extensive-only","false","4","1000","9","1000","1000000","19046"
"412","true","extensive-only","false","4","1000","9","1000","1000000","19146"
"414","true","extensive-only","false","4","1000","9","1000","1000000","18879"
"413","true","extensive-only","false","4","1000","9","1000","1000000","18861"
"415","true","extensive-only","false","4","1000","9","1000","1000000","18893"
"416","true","extensive-only","false","4","1000","9","1000","1000000","18909"
"417","true","extensive-only","false","4","1000","9","1000","1000000","18970"
"421","true","extensive-only","false","4","1","9","1000","1000000","31732"
"422","true","extensive-only","false","4","1","9","1000","1000000","31143"
"418","true","extensive-only","false","4","1000","9","1000","1000000","18961"
"423","true","extensive-only","false","4","1","9","1000","1000000","31469"
"419","true","extensive-only","false","4","1000","9","1000","1000000","19023"
"420","true","extensive-only","false","4","1000","9","1000","1000000","18958"
"424","true","extensive-only","false","4","1","9","1000","1000000","31709"
"425","true","extensive-only","false","4","1","9","1000","1000000","31688"
"426","true","extensive-only","false","4","1","9","1000","1000000","31433"
"427","true","extensive-only","false","4","1","9","1000","1000000","31497"
"428","true","extensive-only","false","4","1","9","1000","1000000","31195"
"429","true","extensive-only","false","4","1","9","1000","1000000","31263"
"430","true","extensive-only","false","4","1","9","1000","1000000","31695"
"431","true","extensive-only","false","4","1","9","1000","1000000","31274"
"432","true","extensive-only","false","4","1","9","1000","1000000","31322"
"433","true","extensive-only","false","4","1","9","1000","1000000","31119"
"434","true","extensive-only","false","4","1","9","1000","1000000","31226"
"435","true","extensive-only","false","4","1","9","1000","1000000","31276"
"436","true","extensive-only","false","4","1","9","1000","1000000","31378"
"439","true","extensive-only","false","4","1","9","1000","1000000","31555"
"437","true","extensive-only","false","4","1","9","1000","1000000","31548"
"438","true","extensive-only","false","4","1","9","1000","1000000","31394"
"440","true","extensive-only","false","4","1","9","1000","1000000","31912"
"441","true","extensive-only","false","4","1","9","1000","1000000","31399"
"442","true","extensive-only","false","4","1","9","1000","1000000","31291"
"443","true","extensive-only","false","4","1","9","1000","1000000","31160"
"444","true","extensive-only","false","4","1","9","1000","1000000","31498"
"445","true","extensive-only","false","4","1","9","1000","1000000","31579"
"446","true","extensive-only","false","4","1","9","1000","1000000","31461"
"447","true","extensive-only","false","4","1","9","1000","1000000","31352"
"448","true","extensive-only","false","4","1","9","1000","1000000","31582"
"449","true","extensive-only","false","4","1","9","1000","1000000","31269"
"450","true","extensive-only","false","4","1","9","1000","1000000","31661"
"452","true","extensive-only","false","4","1","9","1000","1000000","31195"
"451","true","extensive-only","false","4","1","9","1000","1000000","31512"
"453","true","extensive-only","false","4","1","9","1000","1000000","31357"
"454","true","extensive-only","false","4","1","9","1000","1000000","31258"
"455","true","extensive-only","false","4","1","9","1000","1000000","31246"
"456","true","extensive-only","false","4","1","9","1000","1000000","31357"
"458","true","extensive-only","false","4","1","9","1000","1000000","31230"
"457","true","extensive-only","false","4","1","9","1000","1000000","31377"
"460","true","extensive-only","false","4","1","9","1000","1000000","31562"
"459","true","extensive-only","false","4","1","9","1000","1000000","31525"
"461","true","extensive-only","false","4","1","9","1000","1000000","30888"
"462","true","extensive-only","false","4","1","9","1000","1000000","31392"
"463","true","extensive-only","false","4","1","9","1000","1000000","31744"
"464","true","extensive-only","false","4","1","9","1000","1000000","31261"
"465","true","extensive-only","false","4","1","9","1000","1000000","31085"
"466","true","extensive-only","false","4","1","9","1000","1000000","31521"
"467","true","extensive-only","false","4","1","9","1000","1000000","31274"
"468","true","extensive-only","false","4","1","9","1000","1000000","31665"
"469","true","extensive-only","false","4","1","9","1000","1000000","31154"
"471","true","extensive-only","false","4","1","9","1000","1000000","31783"
"470","true","extensive-only","false","4","1","9","1000","1000000","31305"
"472","true","extensive-only","false","4","1","9","1000","1000000","31689"
"473","true","extensive-only","false","4","1","9","1000","1000000","31405"
"474","true","extensive-only","false","4","1","9","1000","1000000","31426"
"475","true","extensive-only","false","4","1","9","1000","1000000","31281"
"476","true","extensive-only","false","4","1","9","1000","1000000","31588"
"477","true","extensive-only","false","4","1","9","1000","1000000","31270"
"478","true","extensive-only","false","4","1","9","1000","1000000","31247"
"479","true","extensive-only","false","4","1","9","1000","1000000","31458"
"480","true","extensive-only","false","4","1","9","1000","1000000","31399"
"481","true","extensive-only","false","5","1000","9","1000","1000000","18790"
"482","true","extensive-only","false","5","1000","9","1000","1000000","18830"
"483","true","extensive-only","false","5","1000","9","1000","1000000","18856"
"484","true","extensive-only","false","5","1000","9","1000","1000000","18929"
"485","true","extensive-only","false","5","1000","9","1000","1000000","18871"
"486","true","extensive-only","false","5","1000","9","1000","1000000","18939"
"487","true","extensive-only","false","5","1000","9","1000","1000000","19027"
"488","true","extensive-only","false","5","1000","9","1000","1000000","18907"
"489","true","extensive-only","false","5","1000","9","1000","1000000","18966"
"490","true","extensive-only","false","5","1000","9","1000","1000000","18928"
"491","true","extensive-only","false","5","1000","9","1000","1000000","18892"
"492","true","extensive-only","false","5","1000","9","1000","1000000","18858"
"493","true","extensive-only","false","5","1000","9","1000","1000000","18961"
"494","true","extensive-only","false","5","1000","9","1000","1000000","19110"
"495","true","extensive-only","false","5","1000","9","1000","1000000","18809"
"496","true","extensive-only","false","5","1000","9","1000","1000000","18994"
"497","true","extensive-only","false","5","1000","9","1000","1000000","18987"
"498","true","extensive-only","false","5","1000","9","1000","1000000","18830"
"499","true","extensive-only","false","5","1000","9","1000","1000000","18794"
"500","true","extensive-only","false","5","1000","9","1000","1000000","18943"
"501","true","extensive-only","false","5","1000","9","1000","1000000","18836"
"502","true","extensive-only","false","5","1000","9","1000","1000000","18958"
"503","true","extensive-only","false","5","1000","9","1000","1000000","18950"
"504","true","extensive-only","false","5","1000","9","1000","1000000","18761"
"505","true","extensive-only","false","5","1000","9","1000","1000000","18856"
"506","true","extensive-only","false","5","1000","9","1000","1000000","18816"
"508","true","extensive-only","false","5","1000","9","1000","1000000","18896"
"507","true","extensive-only","false","5","1000","9","1000","1000000","18944"
"509","true","extensive-only","false","5","1000","9","1000","1000000","18919"
"510","true","extensive-only","false","5","1000","9","1000","1000000","18925"
"511","true","extensive-only","false","5","1000","9","1000","1000000","19013"
"513","true","extensive-only","false","5","1000","9","1000","1000000","18850"
"512","true","extensive-only","false","5","1000","9","1000","1000000","18970"
"514","true","extensive-only","false","5","1000","9","1000","1000000","18800"
"515","true","extensive-only","false","5","1000","9","1000","1000000","19016"
"516","true","extensive-only","false","5","1000","9","1000","1000000","19007"
"517","true","extensive-only","false","5","1000","9","1000","1000000","18978"
"518","true","extensive-only","false","5","1000","9","1000","1000000","18906"
"519","true","extensive-only","false","5","1000","9","1000","1000000","19066"
"520","true","extensive-only","false","5","1000","9","1000","1000000","18939"
"521","true","extensive-only","false","5","1000","9","1000","1000000","18981"
"522","true","extensive-only","false","5","1000","9","1000","1000000","18974"
"523","true","extensive-only","false","5","1000","9","1000","1000000","18922"
"524","true","extensive-only","false","5","1000","9","1000","1000000","19054"
"525","true","extensive-only","false","5","1000","9","1000","1000000","18903"
"526","true","extensive-only","false","5","1000","9","1000","1000000","19036"
"527","true","extensive-only","false","5","1000","9","1000","1000000","19009"
"528","true","extensive-only","false","5","1000","9","1000","1000000","18960"
"530","true","extensive-only","false","5","1000","9","1000","1000000","18872"
"529","true","extensive-only","false","5","1000","9","1000","1000000","18928"
"531","true","extensive-only","false","5","1000","9","1000","1000000","18890"
"533","true","extensive-only","false","5","1000","9","1000","1000000","18951"
"532","true","extensive-only","false","5","1000","9","1000","1000000","18820"
"534","true","extensive-only","false","5","1000","9","1000","1000000","18946"
"535","true","extensive-only","false","5","1000","9","1000","1000000","18901"
"536","true","extensive-only","false","5","1000","9","1000","1000000","18938"
"541","true","extensive-only","false","5","1","9","1000","1000000","31323"
"537","true","extensive-only","false","5","1000","9","1000","1000000","18909"
"538","true","extensive-only","false","5","1000","9","1000","1000000","19010"
"542","true","extensive-only","false","5","1","9","1000","1000000","31337"
"539","true","extensive-only","false","5","1000","9","1000","1000000","19018"
"543","true","extensive-only","false","5","1","9","1000","1000000","31235"
"540","true","extensive-only","false","5","1000","9","1000","1000000","19004"
"544","true","extensive-only","false","5","1","9","1000","1000000","31331"
"545","true","extensive-only","false","5","1","9","1000","1000000","31430"
"546","true","extensive-only","false","5","1","9","1000","1000000","31461"
"547","true","extensive-only","false","5","1","9","1000","1000000","31346"
"548","true","extensive-only","false","5","1","9","1000","1000000","31310"
"549","true","extensive-only","false","5","1","9","1000","1000000","31249"
"550","true","extensive-only","false","5","1","9","1000","1000000","31118"
"551","true","extensive-only","false","5","1","9","1000","1000000","31372"
"552","true","extensive-only","false","5","1","9","1000","1000000","31722"
"553","true","extensive-only","false","5","1","9","1000","1000000","31116"
"554","true","extensive-only","false","5","1","9","1000","1000000","31639"
"556","true","extensive-only","false","5","1","9","1000","1000000","31137"
"557","true","extensive-only","false","5","1","9","1000","1000000","31312"
"555","true","extensive-only","false","5","1","9","1000","1000000","31593"
"558","true","extensive-only","false","5","1","9","1000","1000000","31209"
"559","true","extensive-only","false","5","1","9","1000","1000000","31403"
"560","true","extensive-only","false","5","1","9","1000","1000000","31291"
"561","true","extensive-only","false","5","1","9","1000","1000000","31304"
"562","true","extensive-only","false","5","1","9","1000","1000000","30985"
"563","true","extensive-only","false","5","1","9","1000","1000000","31328"
"564","true","extensive-only","false","5","1","9","1000","1000000","31243"
"565","true","extensive-only","false","5","1","9","1000","1000000","31464"
"567","true","extensive-only","false","5","1","9","1000","1000000","31283"
"566","true","extensive-only","false","5","1","9","1000","1000000","31664"
"568","true","extensive-only","false","5","1","9","1000","1000000","31354"
"569","true","extensive-only","false","5","1","9","1000","1000000","31556"
"570","true","extensive-only","false","5","1","9","1000","1000000","31286"
"571","true","extensive-only","false","5","1","9","1000","1000000","31336"
"572","true","extensive-only","false","5","1","9","1000","1000000","31075"
"574","true","extensive-only","false","5","1","9","1000","1000000","31367"
"573","true","extensive-only","false","5","1","9","1000","1000000","31468"
"575","true","extensive-only","false","5","1","9","1000","1000000","31605"
"576","true","extensive-only","false","5","1","9","1000","1000000","31569"
"577","true","extensive-only","false","5","1","9","1000","1000000","31645"
"578","true","extensive-only","false","5","1","9","1000","1000000","31433"
"579","true","extensive-only","false","5","1","9","1000","1000000","31546"
"580","true","extensive-only","false","5","1","9","1000","1000000","31160"
"581","true","extensive-only","false","5","1","9","1000","1000000","31666"
"583","true","extensive-only","false","5","1","9","1000","1000000","31527"
"582","true","extensive-only","false","5","1","9","1000","1000000","31322"
"584","true","extensive-only","false","5","1","9","1000","1000000","31666"
"585","true","extensive-only","false","5","1","9","1000","1000000","31363"
"586","true","extensive-only","false","5","1","9","1000","1000000","31562"
"587","true","extensive-only","false","5","1","9","1000","1000000","31269"
"588","true","extensive-only","false","5","1","9","1000","1000000","31505"
"589","true","extensive-only","false","5","1","9","1000","1000000","31467"
"590","true","extensive-only","false","5","1","9","1000","1000000","31361"
"591","true","extensive-only","false","5","1","9","1000","1000000","31541"
"592","true","extensive-only","false","5","1","9","1000","1000000","31196"
"593","true","extensive-only","false","5","1","9","1000","1000000","31082"
"594","true","extensive-only","false","5","1","9","1000","1000000","31506"
"595","true","extensive-only","false","5","1","9","1000","1000000","30885"
"596","true","extensive-only","false","5","1","9","1000","1000000","31102"
"597","true","extensive-only","false","5","1","9","1000","1000000","31186"
"598","true","extensive-only","false","5","1","9","1000","1000000","31683"
"599","true","extensive-only","false","5","1","9","1000","1000000","31593"
"600","true","extensive-only","false","5","1","9","1000","1000000","31582"
"601","true","extensive-only","false","6","1000","9","1000","1000000","19002"
"602","true","extensive-only","false","6","1000","9","1000","1000000","18890"
"603","true","extensive-only","false","6","1000","9","1000","1000000","18894"
"605","true","extensive-only","false","6","1000","9","1000","1000000","18922"
"604","true","extensive-only","false","6","1000","9","1000","1000000","18804"
"606","true","extensive-only","false","6","1000","9","1000","1000000","19105"
"607","true","extensive-only","false","6","1000","9","1000","1000000","18933"
"608","true","extensive-only","false","6","1000","9","1000","1000000","18831"
"609","true","extensive-only","false","6","1000","9","1000","1000000","18982"
"610","true","extensive-only","false","6","1000","9","1000","1000000","18843"
"611","true","extensive-only","false","6","1000","9","1000","1000000","19040"
"612","true","extensive-only","false","6","1000","9","1000","1000000","18815"
"613","true","extensive-only","false","6","1000","9","1000","1000000","18973"
"614","true","extensive-only","false","6","1000","9","1000","1000000","18978"
"615","true","extensive-only","false","6","1000","9","1000","1000000","18879"
"616","true","extensive-only","false","6","1000","9","1000","1000000","18871"
"617","true","extensive-only","false","6","1000","9","1000","1000000","18869"
"618","true","extensive-only","false","6","1000","9","1000","1000000","19023"
"619","true","extensive-only","false","6","1000","9","1000","1000000","18923"
"620","true","extensive-only","false","6","1000","9","1000","1000000","19024"
"621","true","extensive-only","false","6","1000","9","1000","1000000","18926"
"622","true","extensive-only","false","6","1000","9","1000","1000000","18794"
"623","true","extensive-only","false","6","1000","9","1000","1000000","18936"
"624","true","extensive-only","false","6","1000","9","1000","1000000","19069"
"625","true","extensive-only","false","6","1000","9","1000","1000000","18964"
"626","true","extensive-only","false","6","1000","9","1000","1000000","19011"
"627","true","extensive-only","false","6","1000","9","1000","1000000","18863"
"628","true","extensive-only","false","6","1000","9","1000","1000000","18864"
"629","true","extensive-only","false","6","1000","9","1000","1000000","18889"
"630","true","extensive-only","false","6","1000","9","1000","1000000","19004"
"631","true","extensive-only","false","6","1000","9","1000","1000000","18753"
"632","true","extensive-only","false","6","1000","9","1000","1000000","18986"
"633","true","extensive-only","false","6","1000","9","1000","1000000","19050"
"634","true","extensive-only","false","6","1000","9","1000","1000000","19016"
"635","true","extensive-only","false","6","1000","9","1000","1000000","18842"
"636","true","extensive-only","false","6","1000","9","1000","1000000","18940"
"637","true","extensive-only","false","6","1000","9","1000","1000000","18932"
"638","true","extensive-only","false","6","1000","9","1000","1000000","19013"
"639","true","extensive-only","false","6","1000","9","1000","1000000","19147"
"640","true","extensive-only","false","6","1000","9","1000","1000000","18886"
"641","true","extensive-only","false","6","1000","9","1000","1000000","18967"
"642","true","extensive-only","false","6","1000","9","1000","1000000","18779"
"643","true","extensive-only","false","6","1000","9","1000","1000000","18904"
"644","true","extensive-only","false","6","1000","9","1000","1000000","18776"
"645","true","extensive-only","false","6","1000","9","1000","1000000","19021"
"646","true","extensive-only","false","6","1000","9","1000","1000000","18926"
"647","true","extensive-only","false","6","1000","9","1000","1000000","18900"
"648","true","extensive-only","false","6","1000","9","1000","1000000","19017"
"649","true","extensive-only","false","6","1000","9","1000","1000000","18790"
"650","true","extensive-only","false","6","1000","9","1000","1000000","18926"
"651","true","extensive-only","false","6","1000","9","1000","1000000","18975"
"652","true","extensive-only","false","6","1000","9","1000","1000000","18849"
"653","true","extensive-only","false","6","1000","9","1000","1000000","18899"
"654","true","extensive-only","false","6","1000","9","1000","1000000","18826"
"655","true","extensive-only","false","6","1000","9","1000","1000000","18949"
"656","true","extensive-only","false","6","1000","9","1000","1000000","18972"
"658","true","extensive-only","false","6","1000","9","1000","1000000","18898"
"657","true","extensive-only","false","6","1000","9","1000","1000000","18914"
"661","true","extensive-only","false","6","1","9","1000","1000000","31367"
"659","true","extensive-only","false","6","1000","9","1000","1000000","18966"
"660","true","extensive-only","false","6","1000","9","1000","1000000","18792"
"662","true","extensive-only","false","6","1","9","1000","1000000","31161"
"663","true","extensive-only","false","6","1","9","1000","1000000","31328"
"664","true","extensive-only","false","6","1","9","1000","1000000","31754"
"666","true","extensive-only","false","6","1","9","1000","1000000","31198"
"665","true","extensive-only","false","6","1","9","1000","1000000","31750"
"667","true","extensive-only","false","6","1","9","1000","1000000","31119"
"668","true","extensive-only","false","6","1","9","1000","1000000","31783"
"669","true","extensive-only","false","6","1","9","1000","1000000","31851"
"670","true","extensive-only","false","6","1","9","1000","1000000","31371"
"672","true","extensive-only","false","6","1","9","1000","1000000","31621"
"671","true","extensive-only","false","6","1","9","1000","1000000","31692"
"674","true","extensive-only","false","6","1","9","1000","1000000","31137"
"673","true","extensive-only","false","6","1","9","1000","1000000","31293"
"676","true","extensive-only","false","6","1","9","1000","1000000","31149"
"675","true","extensive-only","false","6","1","9","1000","1000000","31273"
"677","true","extensive-only","false","6","1","9","1000","1000000","31491"
"678","true","extensive-only","false","6","1","9","1000","1000000","31541"
"679","true","extensive-only","false","6","1","9","1000","1000000","31246"
"680","true","extensive-only","false","6","1","9","1000","1000000","31049"
"681","true","extensive-only","false","6","1","9","1000","1000000","31344"
"682","true","extensive-only","false","6","1","9","1000","1000000","31630"
"684","true","extensive-only","false","6","1","9","1000","1000000","31395"
"683","true","extensive-only","false","6","1","9","1000","1000000","31223"
"685","true","extensive-only","false","6","1","9","1000","1000000","31755"
"686","true","extensive-only","false","6","1","9","1000","1000000","31684"
"687","true","extensive-only","false","6","1","9","1000","1000000","31420"
"688","true","extensive-only","false","6","1","9","1000","1000000","31308"
"689","true","extensive-only","false","6","1","9","1000","1000000","31248"
"690","true","extensive-only","false","6","1","9","1000","1000000","31386"
"691","true","extensive-only","false","6","1","9","1000","1000000","31496"
"693","true","extensive-only","false","6","1","9","1000","1000000","31390"
"692","true","extensive-only","false","6","1","9","1000","1000000","31213"
"694","true","extensive-only","false","6","1","9","1000","1000000","31627"
"695","true","extensive-only","false","6","1","9","1000","1000000","31280"
"696","true","extensive-only","false","6","1","9","1000","1000000","31468"
"697","true","extensive-only","false","6","1","9","1000","1000000","31502"
"698","true","extensive-only","false","6","1","9","1000","1000000","31487"
"699","true","extensive-only","false","6","1","9","1000","1000000","31425"
"700","true","extensive-only","false","6","1","9","1000","1000000","31305"
"701","true","extensive-only","false","6","1","9","1000","1000000","31313"
"702","true","extensive-only","false","6","1","9","1000","1000000","31308"
"703","true","extensive-only","false","6","1","9","1000","1000000","31538"
"704","true","extensive-only","false","6","1","9","1000","1000000","31770"
"705","true","extensive-only","false","6","1","9","1000","1000000","31735"
"706","true","extensive-only","false","6","1","9","1000","1000000","31655"
"708","true","extensive-only","false","6","1","9","1000","1000000","31591"
"707","true","extensive-only","false","6","1","9","1000","1000000","31533"
"709","true","extensive-only","false","6","1","9","1000","1000000","31178"
"710","true","extensive-only","false","6","1","9","1000","1000000","31441"
"711","true","extensive-only","false","6","1","9","1000","1000000","31398"
"712","true","extensive-only","false","6","1","9","1000","1000000","31668"
"713","true","extensive-only","false","6","1","9","1000","1000000","31342"
"715","true","extensive-only","false","6","1","9","1000","1000000","31040"
"714","true","extensive-only","false","6","1","9","1000","1000000","31465"
"716","true","extensive-only","false","6","1","9","1000","1000000","31189"
"717","true","extensive-only","false","6","1","9","1000","1000000","31363"
"718","true","extensive-only","false","6","1","9","1000","1000000","31212"
"719","true","extensive-only","false","6","1","9","1000","1000000","31506"
"720","true","extensive-only","false","6","1","9","1000","1000000","31645"
"721","true","extensive-only","false","7","1000","9","1000","1000000","18857"
"722","true","extensive-only","false","7","1000","9","1000","1000000","19014"
"724","true","extensive-only","false","7","1000","9","1000","1000000","18817"
"723","true","extensive-only","false","7","1000","9","1000","1000000","18877"
"725","true","extensive-only","false","7","1000","9","1000","1000000","18903"
"726","true","extensive-only","false","7","1000","9","1000","1000000","18929"
"727","true","extensive-only","false","7","1000","9","1000","1000000","18951"
"728","true","extensive-only","false","7","1000","9","1000","1000000","18902"
"729","true","extensive-only","false","7","1000","9","1000","1000000","18984"
"730","true","extensive-only","false","7","1000","9","1000","1000000","18608"
"732","true","extensive-only","false","7","1000","9","1000","1000000","18926"
"731","true","extensive-only","false","7","1000","9","1000","1000000","19034"
"733","true","extensive-only","false","7","1000","9","1000","1000000","18833"
"734","true","extensive-only","false","7","1000","9","1000","1000000","18846"
"735","true","extensive-only","false","7","1000","9","1000","1000000","18957"
"736","true","extensive-only","false","7","1000","9","1000","1000000","18812"
"737","true","extensive-only","false","7","1000","9","1000","1000000","18898"
"738","true","extensive-only","false","7","1000","9","1000","1000000","18982"
"739","true","extensive-only","false","7","1000","9","1000","1000000","18914"
"740","true","extensive-only","false","7","1000","9","1000","1000000","18855"
"741","true","extensive-only","false","7","1000","9","1000","1000000","18801"
"742","true","extensive-only","false","7","1000","9","1000","1000000","18839"
"743","true","extensive-only","false","7","1000","9","1000","1000000","18790"
"744","true","extensive-only","false","7","1000","9","1000","1000000","18844"
"745","true","extensive-only","false","7","1000","9","1000","1000000","18858"
"746","true","extensive-only","false","7","1000","9","1000","1000000","18955"
"748","true","extensive-only","false","7","1000","9","1000","1000000","18920"
"747","true","extensive-only","false","7","1000","9","1000","1000000","18815"
"749","true","extensive-only","false","7","1000","9","1000","1000000","18826"
"750","true","extensive-only","false","7","1000","9","1000","1000000","18888"
"751","true","extensive-only","false","7","1000","9","1000","1000000","19012"
"752","true","extensive-only","false","7","1000","9","1000","1000000","18778"
"754","true","extensive-only","false","7","1000","9","1000","1000000","18954"
"753","true","extensive-only","false","7","1000","9","1000","1000000","18962"
"755","true","extensive-only","false","7","1000","9","1000","1000000","18905"
"756","true","extensive-only","false","7","1000","9","1000","1000000","18755"
"757","true","extensive-only","false","7","1000","9","1000","1000000","18832"
"758","true","extensive-only","false","7","1000","9","1000","1000000","18962"
"759","true","extensive-only","false","7","1000","9","1000","1000000","18919"
"760","true","extensive-only","false","7","1000","9","1000","1000000","18923"
"761","true","extensive-only","false","7","1000","9","1000","1000000","18905"
"762","true","extensive-only","false","7","1000","9","1000","1000000","18953"
"763","true","extensive-only","false","7","1000","9","1000","1000000","18879"
"764","true","extensive-only","false","7","1000","9","1000","1000000","18824"
"765","true","extensive-only","false","7","1000","9","1000","1000000","18976"
"766","true","extensive-only","false","7","1000","9","1000","1000000","18762"
"767","true","extensive-only","false","7","1000","9","1000","1000000","18906"
"768","true","extensive-only","false","7","1000","9","1000","1000000","18889"
"769","true","extensive-only","false","7","1000","9","1000","1000000","18905"
"770","true","extensive-only","false","7","1000","9","1000","1000000","18974"
"771","true","extensive-only","false","7","1000","9","1000","1000000","18832"
"772","true","extensive-only","false","7","1000","9","1000","1000000","18853"
"773","true","extensive-only","false","7","1000","9","1000","1000000","18850"
"775","true","extensive-only","false","7","1000","9","1000","1000000","18991"
"774","true","extensive-only","false","7","1000","9","1000","1000000","18683"
"776","true","extensive-only","false","7","1000","9","1000","1000000","18968"
"781","true","extensive-only","false","7","1","9","1000","1000000","31472"
"777","true","extensive-only","false","7","1000","9","1000","1000000","19018"
"779","true","extensive-only","false","7","1000","9","1000","1000000","18876"
"778","true","extensive-only","false","7","1000","9","1000","1000000","18918"
"782","true","extensive-only","false","7","1","9","1000","1000000","31600"
"783","true","extensive-only","false","7","1","9","1000","1000000","31644"
"780","true","extensive-only","false","7","1000","9","1000","1000000","18823"
"784","true","extensive-only","false","7","1","9","1000","1000000","31098"
"786","true","extensive-only","false","7","1","9","1000","1000000","31634"
"785","true","extensive-only","false","7","1","9","1000","1000000","31681"
"788","true","extensive-only","false","7","1","9","1000","1000000","31582"
"789","true","extensive-only","false","7","1","9","1000","1000000","30979"
"787","true","extensive-only","false","7","1","9","1000","1000000","31375"
"790","true","extensive-only","false","7","1","9","1000","1000000","31373"
"791","true","extensive-only","false","7","1","9","1000","1000000","31383"
"792","true","extensive-only","false","7","1","9","1000","1000000","31523"
"794","true","extensive-only","false","7","1","9","1000","1000000","31582"
"793","true","extensive-only","false","7","1","9","1000","1000000","31602"
"796","true","extensive-only","false","7","1","9","1000","1000000","31543"
"795","true","extensive-only","false","7","1","9","1000","1000000","31285"
"797","true","extensive-only","false","7","1","9","1000","1000000","31580"
"799","true","extensive-only","false","7","1","9","1000","1000000","31522"
"798","true","extensive-only","false","7","1","9","1000","1000000","31612"
"800","true","extensive-only","false","7","1","9","1000","1000000","31428"
"801","true","extensive-only","false","7","1","9","1000","1000000","31517"
"802","true","extensive-only","false","7","1","9","1000","1000000","31581"
"803","true","extensive-only","false","7","1","9","1000","1000000","31481"
"804","true","extensive-only","false","7","1","9","1000","1000000","31116"
"805","true","extensive-only","false","7","1","9","1000","1000000","31442"
"806","true","extensive-only","false","7","1","9","1000","1000000","31456"
"807","true","extensive-only","false","7","1","9","1000","1000000","31296"
"808","true","extensive-only","false","7","1","9","1000","1000000","31342"
"809","true","extensive-only","false","7","1","9","1000","1000000","31361"
"810","true","extensive-only","false","7","1","9","1000","1000000","31634"
"811","true","extensive-only","false","7","1","9","1000","1000000","31124"
"812","true","extensive-only","false","7","1","9","1000","1000000","31596"
"813","true","extensive-only","false","7","1","9","1000","1000000","31250"
"814","true","extensive-only","false","7","1","9","1000","1000000","31364"
"815","true","extensive-only","false","7","1","9","1000","1000000","31653"
"816","true","extensive-only","false","7","1","9","1000","1000000","31534"
"817","true","extensive-only","false","7","1","9","1000","1000000","31715"
"818","true","extensive-only","false","7","1","9","1000","1000000","31632"
"819","true","extensive-only","false","7","1","9","1000","1000000","31252"
"820","true","extensive-only","false","7","1","9","1000","1000000","31518"
"821","true","extensive-only","false","7","1","9","1000","1000000","31462"
"822","true","extensive-only","false","7","1","9","1000","1000000","31681"
"823","true","extensive-only","false","7","1","9","1000","1000000","31353"
"824","true","extensive-only","false","7","1","9","1000","1000000","31365"
"827","true","extensive-only","false","7","1","9","1000","1000000","31291"
"826","true","extensive-only","false","7","1","9","1000","1000000","31141"
"825","true","extensive-only","false","7","1","9","1000","1000000","31288"
"828","true","extensive-only","false","7","1","9","1000","1000000","31152"
"830","true","extensive-only","false","7","1","9","1000","1000000","31286"
"829","true","extensive-only","false","7","1","9","1000","1000000","31104"
"831","true","extensive-only","false","7","1","9","1000","1000000","31312"
"832","true","extensive-only","false","7","1","9","1000","1000000","30957"
"833","true","extensive-only","false","7","1","9","1000","1000000","31439"
"834","true","extensive-only","false","7","1","9","1000","1000000","31342"
"835","true","extensive-only","false","7","1","9","1000","1000000","31542"
"836","true","extensive-only","false","7","1","9","1000","1000000","31433"
"837","true","extensive-only","false","7","1","9","1000","1000000","31584"
"838","true","extensive-only","false","7","1","9","1000","1000000","31805"
"839","true","extensive-only","false","7","1","9","1000","1000000","31477"
"840","true","extensive-only","false","7","1","9","1000","1000000","31487"
"841","true","extensive-only","false","8","1000","9","1000","1000000","18885"
"842","true","extensive-only","false","8","1000","9","1000","1000000","18791"
"843","true","extensive-only","false","8","1000","9","1000","1000000","18476"
"844","true","extensive-only","false","8","1000","9","1000","1000000","18825"
"845","true","extensive-only","false","8","1000","9","1000","1000000","18705"
"846","true","extensive-only","false","8","1000","9","1000","1000000","18551"
"847","true","extensive-only","false","8","1000","9","1000","1000000","18505"
"848","true","extensive-only","false","8","1000","9","1000","1000000","18649"
"852","true","extensive-only","false","8","1000","9","1000","1000000","18483"
"850","true","extensive-only","false","8","1000","9","1000","1000000","18814"
"849","true","extensive-only","false","8","1000","9","1000","1000000","18504"
"851","true","extensive-only","false","8","1000","9","1000","1000000","18581"
"853","true","extensive-only","false","8","1000","9","1000","1000000","18506"
"854","true","extensive-only","false","8","1000","9","1000","1000000","18682"
"855","true","extensive-only","false","8","1000","9","1000","1000000","18536"
"856","true","extensive-only","false","8","1000","9","1000","1000000","18822"
"857","true","extensive-only","false","8","1000","9","1000","1000000","18666"
"859","true","extensive-only","false","8","1000","9","1000","1000000","18661"
"860","true","extensive-only","false","8","1000","9","1000","1000000","18659"
"858","true","extensive-only","false","8","1000","9","1000","1000000","18601"
"862","true","extensive-only","false","8","1000","9","1000","1000000","18779"
"861","true","extensive-only","false","8","1000","9","1000","1000000","18585"
"863","true","extensive-only","false","8","1000","9","1000","1000000","18746"
"864","true","extensive-only","false","8","1000","9","1000","1000000","18744"
"866","true","extensive-only","false","8","1000","9","1000","1000000","18519"
"868","true","extensive-only","false","8","1000","9","1000","1000000","18470"
"865","true","extensive-only","false","8","1000","9","1000","1000000","18622"
"867","true","extensive-only","false","8","1000","9","1000","1000000","18559"
"869","true","extensive-only","false","8","1000","9","1000","1000000","18568"
"870","true","extensive-only","false","8","1000","9","1000","1000000","18755"
"871","true","extensive-only","false","8","1000","9","1000","1000000","18619"
"872","true","extensive-only","false","8","1000","9","1000","1000000","18447"
"873","true","extensive-only","false","8","1000","9","1000","1000000","18710"
"874","true","extensive-only","false","8","1000","9","1000","1000000","18649"
"875","true","extensive-only","false","8","1000","9","1000","1000000","18521"
"876","true","extensive-only","false","8","1000","9","1000","1000000","18620"
"877","true","extensive-only","false","8","1000","9","1000","1000000","18751"
"878","true","extensive-only","false","8","1000","9","1000","1000000","18563"
"879","true","extensive-only","false","8","1000","9","1000","1000000","18553"
"881","true","extensive-only","false","8","1000","9","1000","1000000","18736"
"880","true","extensive-only","false","8","1000","9","1000","1000000","18803"
"883","true","extensive-only","false","8","1000","9","1000","1000000","18388"
"882","true","extensive-only","false","8","1000","9","1000","1000000","18786"
"884","true","extensive-only","false","8","1000","9","1000","1000000","18708"
"885","true","extensive-only","false","8","1000","9","1000","1000000","18595"
"886","true","extensive-only","false","8","1000","9","1000","1000000","18428"
"887","true","extensive-only","false","8","1000","9","1000","1000000","18719"
"888","true","extensive-only","false","8","1000","9","1000","1000000","18709"
"890","true","extensive-only","false","8","1000","9","1000","1000000","18693"
"891","true","extensive-only","false","8","1000","9","1000","1000000","18633"
"889","true","extensive-only","false","8","1000","9","1000","1000000","18536"
"892","true","extensive-only","false","8","1000","9","1000","1000000","18737"
"893","true","extensive-only","false","8","1000","9","1000","1000000","18607"
"894","true","extensive-only","false","8","1000","9","1000","1000000","18340"
"895","true","extensive-only","false","8","1000","9","1000","1000000","18575"
"901","true","extensive-only","false","8","1","9","1000","1000000","31021"
"896","true","extensive-only","false","8","1000","9","1000","1000000","18755"
"902","true","extensive-only","false","8","1","9","1000","1000000","30852"
"903","true","extensive-only","false","8","1","9","1000","1000000","30862"
"897","true","extensive-only","false","8","1000","9","1000","1000000","18553"
"898","true","extensive-only","false","8","1000","9","1000","1000000","18592"
"900","true","extensive-only","false","8","1000","9","1000","1000000","18661"
"899","true","extensive-only","false","8","1000","9","1000","1000000","18686"
"904","true","extensive-only","false","8","1","9","1000","1000000","30740"
"905","true","extensive-only","false","8","1","9","1000","1000000","31248"
"906","true","extensive-only","false","8","1","9","1000","1000000","30382"
"908","true","extensive-only","false","8","1","9","1000","1000000","31110"
"907","true","extensive-only","false","8","1","9","1000","1000000","30769"
"909","true","extensive-only","false","8","1","9","1000","1000000","31291"
"910","true","extensive-only","false","8","1","9","1000","1000000","31720"
"911","true","extensive-only","false","8","1","9","1000","1000000","30803"
"913","true","extensive-only","false","8","1","9","1000","1000000","30889"
"912","true","extensive-only","false","8","1","9","1000","1000000","30658"
"914","true","extensive-only","false","8","1","9","1000","1000000","31082"
"915","true","extensive-only","false","8","1","9","1000","1000000","30803"
"916","true","extensive-only","false","8","1","9","1000","1000000","30550"
"918","true","extensive-only","false","8","1","9","1000","1000000","31070"
"917","true","extensive-only","false","8","1","9","1000","1000000","30574"
"919","true","extensive-only","false","8","1","9","1000","1000000","30681"
"920","true","extensive-only","false","8","1","9","1000","1000000","30492"
"921","true","extensive-only","false","8","1","9","1000","1000000","30773"
"923","true","extensive-only","false","8","1","9","1000","1000000","30386"
"922","true","extensive-only","false","8","1","9","1000","1000000","30649"
"925","true","extensive-only","false","8","1","9","1000","1000000","31100"
"924","true","extensive-only","false","8","1","9","1000","1000000","31045"
"926","true","extensive-only","false","8","1","9","1000","1000000","31324"
"927","true","extensive-only","false","8","1","9","1000","1000000","31019"
"928","true","extensive-only","false","8","1","9","1000","1000000","31011"
"929","true","extensive-only","false","8","1","9","1000","1000000","30740"
"930","true","extensive-only","false","8","1","9","1000","1000000","30576"
"931","true","extensive-only","false","8","1","9","1000","1000000","30511"
"932","true","extensive-only","false","8","1","9","1000","1000000","30633"
"934","true","extensive-only","false","8","1","9","1000","1000000","31061"
"933","true","extensive-only","false","8","1","9","1000","1000000","30831"
"935","true","extensive-only","false","8","1","9","1000","1000000","30902"
"936","true","extensive-only","false","8","1","9","1000","1000000","30464"
"937","true","extensive-only","false","8","1","9","1000","1000000","30540"
"939","true","extensive-only","false","8","1","9","1000","1000000","31334"
"938","true","extensive-only","false","8","1","9","1000","1000000","30509"
"940","true","extensive-only","false","8","1","9","1000","1000000","30492"
"941","true","extensive-only","false","8","1","9","1000","1000000","31076"
"942","true","extensive-only","false","8","1","9","1000","1000000","30987"
"943","true","extensive-only","false","8","1","9","1000","1000000","30658"
"944","true","extensive-only","false","8","1","9","1000","1000000","31289"
"945","true","extensive-only","false","8","1","9","1000","1000000","31295"
"946","true","extensive-only","false","8","1","9","1000","1000000","30411"
"947","true","extensive-only","false","8","1","9","1000","1000000","31065"
"948","true","extensive-only","false","8","1","9","1000","1000000","30721"
"949","true","extensive-only","false","8","1","9","1000","1000000","30655"
"950","true","extensive-only","false","8","1","9","1000","1000000","30414"
"951","true","extensive-only","false","8","1","9","1000","1000000","30934"
"952","true","extensive-only","false","8","1","9","1000","1000000","30801"
"953","true","extensive-only","false","8","1","9","1000","1000000","30915"
"954","true","extensive-only","false","8","1","9","1000","1000000","31093"
"955","true","extensive-only","false","8","1","9","1000","1000000","30862"
"956","true","extensive-only","false","8","1","9","1000","1000000","31046"
"957","true","extensive-only","false","8","1","9","1000","1000000","30739"
"958","true","extensive-only","false","8","1","9","1000","1000000","30790"
"959","true","extensive-only","false","8","1","9","1000","1000000","31008"
"961","true","extensive-only","false","9","1000","9","1000","1000000","1891"
"962","true","extensive-only","false","9","1000","9","1000","1000000","1984"
"963","true","extensive-only","false","9","1000","9","1000","1000000","1977"
"964","true","extensive-only","false","9","1000","9","1000","1000000","1940"
"965","true","extensive-only","false","9","1000","9","1000","1000000","1929"
"966","true","extensive-only","false","9","1000","9","1000","1000000","1919"
"967","true","extensive-only","false","9","1000","9","1000","1000000","1937"
"960","true","extensive-only","false","8","1","9","1000","1000000","31190"
"968","true","extensive-only","false","9","1000","9","1000","1000000","1900"
"969","true","extensive-only","false","9","1000","9","1000","1000000","1972"
"970","true","extensive-only","false","9","1000","9","1000","1000000","1949"
"971","true","extensive-only","false","9","1000","9","1000","1000000","1944"
"973","true","extensive-only","false","9","1000","9","1000","1000000","1904"
"972","true","extensive-only","false","9","1000","9","1000","1000000","1953"
"974","true","extensive-only","false","9","1000","9","1000","1000000","1889"
"975","true","extensive-only","false","9","1000","9","1000","1000000","1909"
"976","true","extensive-only","false","9","1000","9","1000","1000000","1932"
"977","true","extensive-only","false","9","1000","9","1000","1000000","1960"
"978","true","extensive-only","false","9","1000","9","1000","1000000","1910"
"979","true","extensive-only","false","9","1000","9","1000","1000000","1975"
"980","true","extensive-only","false","9","1000","9","1000","1000000","1929"
"981","true","extensive-only","false","9","1000","9","1000","1000000","1945"
"982","true","extensive-only","false","9","1000","9","1000","1000000","1964"
"983","true","extensive-only","false","9","1000","9","1000","1000000","1952"
"984","true","extensive-only","false","9","1000","9","1000","1000000","1960"
"985","true","extensive-only","false","9","1000","9","1000","1000000","1997"
"986","true","extensive-only","false","9","1000","9","1000","1000000","1957"
"987","true","extensive-only","false","9","1000","9","1000","1000000","1924"
"988","true","extensive-only","false","9","1000","9","1000","1000000","1929"
"989","true","extensive-only","false","9","1000","9","1000","1000000","1929"
"990","true","extensive-only","false","9","1000","9","1000","1000000","1978"
"991","true","extensive-only","false","9","1000","9","1000","1000000","1977"
"992","true","extensive-only","false","9","1000","9","1000","1000000","1937"
"993","true","extensive-only","false","9","1000","9","1000","1000000","1958"
"994","true","extensive-only","false","9","1000","9","1000","1000000","1939"
"995","true","extensive-only","false","9","1000","9","1000","1000000","1925"
"996","true","extensive-only","false","9","1000","9","1000","1000000","1919"
"997","true","extensive-only","false","9","1000","9","1000","1000000","1951"
"998","true","extensive-only","false","9","1000","9","1000","1000000","1959"
"999","true","extensive-only","false","9","1000","9","1000","1000000","1898"
"1000","true","extensive-only","false","9","1000","9","1000","1000000","1915"
"1001","true","extensive-only","false","9","1000","9","1000","1000000","1957"
"1002","true","extensive-only","false","9","1000","9","1000","1000000","1937"
"1003","true","extensive-only","false","9","1000","9","1000","1000000","1931"
"1004","true","extensive-only","false","9","1000","9","1000","1000000","1938"
"1005","true","extensive-only","false","9","1000","9","1000","1000000","1944"
"1006","true","extensive-only","false","9","1000","9","1000","1000000","1913"
"1007","true","extensive-only","false","9","1000","9","1000","1000000","1944"
"1008","true","extensive-only","false","9","1000","9","1000","1000000","1951"
"1009","true","extensive-only","false","9","1000","9","1000","1000000","1967"
"1010","true","extensive-only","false","9","1000","9","1000","1000000","1929"
"1011","true","extensive-only","false","9","1000","9","1000","1000000","1949"
"1012","true","extensive-only","false","9","1000","9","1000","1000000","1932"
"1013","true","extensive-only","false","9","1000","9","1000","1000000","1970"
"1015","true","extensive-only","false","9","1000","9","1000","1000000","1896"
"1014","true","extensive-only","false","9","1000","9","1000","1000000","1922"
"1016","true","extensive-only","false","9","1000","9","1000","1000000","1940"
"1017","true","extensive-only","false","9","1000","9","1000","1000000","1942"
"1018","true","extensive-only","false","9","1000","9","1000","1000000","1943"
"1019","true","extensive-only","false","9","1000","9","1000","1000000","1941"
"1020","true","extensive-only","false","9","1000","9","1000","1000000","1926"
"1021","true","extensive-only","false","9","1","9","1000","1000000","3183"
"1022","true","extensive-only","false","9","1","9","1000","1000000","3226"
"1023","true","extensive-only","false","9","1","9","1000","1000000","3281"
"1024","true","extensive-only","false","9","1","9","1000","1000000","3244"
"1025","true","extensive-only","false","9","1","9","1000","1000000","3182"
"1026","true","extensive-only","false","9","1","9","1000","1000000","3147"
"1027","true","extensive-only","false","9","1","9","1000","1000000","3238"
"1028","true","extensive-only","false","9","1","9","1000","1000000","3103"
"1029","true","extensive-only","false","9","1","9","1000","1000000","3143"
"1030","true","extensive-only","false","9","1","9","1000","1000000","3165"
"1031","true","extensive-only","false","9","1","9","1000","1000000","3265"
"1032","true","extensive-only","false","9","1","9","1000","1000000","3113"
"1033","true","extensive-only","false","9","1","9","1000","1000000","3197"
"1034","true","extensive-only","false","9","1","9","1000","1000000","3229"
"1035","true","extensive-only","false","9","1","9","1000","1000000","3229"
"1036","true","extensive-only","false","9","1","9","1000","1000000","3205"
"1037","true","extensive-only","false","9","1","9","1000","1000000","3196"
"1038","true","extensive-only","false","9","1","9","1000","1000000","3169"
"1039","true","extensive-only","false","9","1","9","1000","1000000","3184"
"1040","true","extensive-only","false","9","1","9","1000","1000000","3228"
"1041","true","extensive-only","false","9","1","9","1000","1000000","3174"
"1042","true","extensive-only","false","9","1","9","1000","1000000","3227"
"1043","true","extensive-only","false","9","1","9","1000","1000000","3146"
"1044","true","extensive-only","false","9","1","9","1000","1000000","3119"
"1045","true","extensive-only","false","9","1","9","1000","1000000","3134"
"1046","true","extensive-only","false","9","1","9","1000","1000000","3189"
"1047","true","extensive-only","false","9","1","9","1000","1000000","3280"
"1048","true","extensive-only","false","9","1","9","1000","1000000","3167"
"1049","true","extensive-only","false","9","1","9","1000","1000000","3230"
"1050","true","extensive-only","false","9","1","9","1000","1000000","3179"
"1052","true","extensive-only","false","9","1","9","1000","1000000","3160"
"1051","true","extensive-only","false","9","1","9","1000","1000000","3143"
"1053","true","extensive-only","false","9","1","9","1000","1000000","3096"
"1054","true","extensive-only","false","9","1","9","1000","1000000","3252"
"1055","true","extensive-only","false","9","1","9","1000","1000000","3160"
"1056","true","extensive-only","false","9","1","9","1000","1000000","3122"
"1057","true","extensive-only","false","9","1","9","1000","1000000","3167"
"1058","true","extensive-only","false","9","1","9","1000","1000000","3144"
"1059","true","extensive-only","false","9","1","9","1000","1000000","3219"
"1060","true","extensive-only","false","9","1","9","1000","1000000","3159"
"1061","true","extensive-only","false","9","1","9","1000","1000000","3276"
"1062","true","extensive-only","false","9","1","9","1000","1000000","3132"
"1063","true","extensive-only","false","9","1","9","1000","1000000","3278"
"1064","true","extensive-only","false","9","1","9","1000","1000000","3329"
"1066","true","extensive-only","false","9","1","9","1000","1000000","3251"
"1065","true","extensive-only","false","9","1","9","1000","1000000","3177"
"1067","true","extensive-only","false","9","1","9","1000","1000000","3295"
"1068","true","extensive-only","false","9","1","9","1000","1000000","3214"
"1069","true","extensive-only","false","9","1","9","1000","1000000","3235"
"1070","true","extensive-only","false","9","1","9","1000","1000000","3206"
"1071","true","extensive-only","false","9","1","9","1000","1000000","3235"
"1072","true","extensive-only","false","9","1","9","1000","1000000","3236"
"1073","true","extensive-only","false","9","1","9","1000","1000000","3309"
"1074","true","extensive-only","false","9","1","9","1000","1000000","3178"
"1075","true","extensive-only","false","9","1","9","1000","1000000","3116"
"1076","true","extensive-only","false","9","1","9","1000","1000000","3193"
"1077","true","extensive-only","false","9","1","9","1000","1000000","3184"
"1078","true","extensive-only","false","9","1","9","1000","1000000","3207"
"1079","true","extensive-only","false","9","1","9","1000","1000000","3184"
"1080","true","extensive-only","false","9","1","9","1000","1000000","3239"
"1081","true","extensive-only","false","10","1000","9","1000","1000000","3883"
"1082","true","extensive-only","false","10","1000","9","1000","1000000","3883"
"1083","true","extensive-only","false","10","1000","9","1000","1000000","3834"
"1084","true","extensive-only","false","10","1000","9","1000","1000000","3867"
"1085","true","extensive-only","false","10","1000","9","1000","1000000","3861"
"1086","true","extensive-only","false","10","1000","9","1000","1000000","3824"
"1087","true","extensive-only","false","10","1000","9","1000","1000000","3843"
"1088","true","extensive-only","false","10","1000","9","1000","1000000","3931"
"1089","true","extensive-only","false","10","1000","9","1000","1000000","3839"
"1090","true","extensive-only","false","10","1000","9","1000","1000000","3844"
"1091","true","extensive-only","false","10","1000","9","1000","1000000","3918"
"1092","true","extensive-only","false","10","1000","9","1000","1000000","3843"
"1093","true","extensive-only","false","10","1000","9","1000","1000000","3843"
"1094","true","extensive-only","false","10","1000","9","1000","1000000","3838"
"1095","true","extensive-only","false","10","1000","9","1000","1000000","3855"
"1096","true","extensive-only","false","10","1000","9","1000","1000000","3868"
"1097","true","extensive-only","false","10","1000","9","1000","1000000","3893"
"1098","true","extensive-only","false","10","1000","9","1000","1000000","3896"
"1099","true","extensive-only","false","10","1000","9","1000","1000000","3802"
"1100","true","extensive-only","false","10","1000","9","1000","1000000","3818"
"1101","true","extensive-only","false","10","1000","9","1000","1000000","3835"
"1102","true","extensive-only","false","10","1000","9","1000","1000000","3906"
"1104","true","extensive-only","false","10","1000","9","1000","1000000","3855"
"1103","true","extensive-only","false","10","1000","9","1000","1000000","3853"
"1105","true","extensive-only","false","10","1000","9","1000","1000000","3927"
"1106","true","extensive-only","false","10","1000","9","1000","1000000","3868"
"1107","true","extensive-only","false","10","1000","9","1000","1000000","3901"
"1108","true","extensive-only","false","10","1000","9","1000","1000000","3864"
"1109","true","extensive-only","false","10","1000","9","1000","1000000","3854"
"1110","true","extensive-only","false","10","1000","9","1000","1000000","3899"
"1111","true","extensive-only","false","10","1000","9","1000","1000000","3893"
"1112","true","extensive-only","false","10","1000","9","1000","1000000","3845"
"1113","true","extensive-only","false","10","1000","9","1000","1000000","3821"
"1114","true","extensive-only","false","10","1000","9","1000","1000000","3830"
"1115","true","extensive-only","false","10","1000","9","1000","1000000","3852"
"1116","true","extensive-only","false","10","1000","9","1000","1000000","3846"
"1117","true","extensive-only","false","10","1000","9","1000","1000000","3888"
"1118","true","extensive-only","false","10","1000","9","1000","1000000","3879"
"1119","true","extensive-only","false","10","1000","9","1000","1000000","3783"
"1120","true","extensive-only","false","10","1000","9","1000","1000000","3885"
"1121","true","extensive-only","false","10","1000","9","1000","1000000","3810"
"1122","true","extensive-only","false","10","1000","9","1000","1000000","3886"
"1123","true","extensive-only","false","10","1000","9","1000","1000000","3891"
"1124","true","extensive-only","false","10","1000","9","1000","1000000","3786"
"1125","true","extensive-only","false","10","1000","9","1000","1000000","3781"
"1126","true","extensive-only","false","10","1000","9","1000","1000000","3881"
"1128","true","extensive-only","false","10","1000","9","1000","1000000","3914"
"1127","true","extensive-only","false","10","1000","9","1000","1000000","3928"
"1129","true","extensive-only","false","10","1000","9","1000","1000000","3863"
"1131","true","extensive-only","false","10","1000","9","1000","1000000","3904"
"1130","true","extensive-only","false","10","1000","9","1000","1000000","3880"
"1132","true","extensive-only","false","10","1000","9","1000","1000000","3935"
"1133","true","extensive-only","false","10","1000","9","1000","1000000","3885"
"1134","true","extensive-only","false","10","1000","9","1000","1000000","3888"
"1136","true","extensive-only","false","10","1000","9","1000","1000000","3945"
"1135","true","extensive-only","false","10","1000","9","1000","1000000","3838"
"1137","true","extensive-only","false","10","1000","9","1000","1000000","3848"
"1138","true","extensive-only","false","10","1000","9","1000","1000000","3883"
"1139","true","extensive-only","false","10","1000","9","1000","1000000","3841"
"1140","true","extensive-only","false","10","1000","9","1000","1000000","3840"
"1141","true","extensive-only","false","10","1","9","1000","1000000","6477"
"1142","true","extensive-only","false","10","1","9","1000","1000000","6413"
"1143","true","extensive-only","false","10","1","9","1000","1000000","6415"
"1144","true","extensive-only","false","10","1","9","1000","1000000","6315"
"1145","true","extensive-only","false","10","1","9","1000","1000000","6460"
"1146","true","extensive-only","false","10","1","9","1000","1000000","6407"
"1147","true","extensive-only","false","10","1","9","1000","1000000","6333"
"1148","true","extensive-only","false","10","1","9","1000","1000000","6507"
"1149","true","extensive-only","false","10","1","9","1000","1000000","6322"
"1150","true","extensive-only","false","10","1","9","1000","1000000","6494"
"1151","true","extensive-only","false","10","1","9","1000","1000000","6388"
"1152","true","extensive-only","false","10","1","9","1000","1000000","6403"
"1154","true","extensive-only","false","10","1","9","1000","1000000","6563"
"1153","true","extensive-only","false","10","1","9","1000","1000000","6449"
"1155","true","extensive-only","false","10","1","9","1000","1000000","6494"
"1157","true","extensive-only","false","10","1","9","1000","1000000","6337"
"1156","true","extensive-only","false","10","1","9","1000","1000000","6465"
"1158","true","extensive-only","false","10","1","9","1000","1000000","6401"
"1159","true","extensive-only","false","10","1","9","1000","1000000","6405"
"1160","true","extensive-only","false","10","1","9","1000","1000000","6224"
"1161","true","extensive-only","false","10","1","9","1000","1000000","6299"
"1162","true","extensive-only","false","10","1","9","1000","1000000","6389"
"1163","true","extensive-only","false","10","1","9","1000","1000000","6428"
"1164","true","extensive-only","false","10","1","9","1000","1000000","6382"
"1166","true","extensive-only","false","10","1","9","1000","1000000","6344"
"1165","true","extensive-only","false","10","1","9","1000","1000000","6428"
"1167","true","extensive-only","false","10","1","9","1000","1000000","6278"
"1168","true","extensive-only","false","10","1","9","1000","1000000","6548"
"1169","true","extensive-only","false","10","1","9","1000","1000000","6454"
"1170","true","extensive-only","false","10","1","9","1000","1000000","6450"
"1171","true","extensive-only","false","10","1","9","1000","1000000","6362"
"1173","true","extensive-only","false","10","1","9","1000","1000000","6501"
"1174","true","extensive-only","false","10","1","9","1000","1000000","6462"
"1172","true","extensive-only","false","10","1","9","1000","1000000","6393"
"1175","true","extensive-only","false","10","1","9","1000","1000000","6428"
"1176","true","extensive-only","false","10","1","9","1000","1000000","6462"
"1177","true","extensive-only","false","10","1","9","1000","1000000","6486"
"1178","true","extensive-only","false","10","1","9","1000","1000000","6411"
"1179","true","extensive-only","false","10","1","9","1000","1000000","6387"
"1180","true","extensive-only","false","10","1","9","1000","1000000","6459"
"1181","true","extensive-only","false","10","1","9","1000","1000000","6433"
"1182","true","extensive-only","false","10","1","9","1000","1000000","6401"
"1183","true","extensive-only","false","10","1","9","1000","1000000","6371"
"1184","true","extensive-only","false","10","1","9","1000","1000000","6395"
"1185","true","extensive-only","false","10","1","9","1000","1000000","6517"
"1186","true","extensive-only","false","10","1","9","1000","1000000","6392"
"1187","true","extensive-only","false","10","1","9","1000","1000000","6381"
"1188","true","extensive-only","false","10","1","9","1000","1000000","6365"
"1189","true","extensive-only","false","10","1","9","1000","1000000","6548"
"1190","true","extensive-only","false","10","1","9","1000","1000000","6371"
"1191","true","extensive-only","false","10","1","9","1000","1000000","6443"
"1192","true","extensive-only","false","10","1","9","1000","1000000","6430"
"1193","true","extensive-only","false","10","1","9","1000","1000000","6463"
"1194","true","extensive-only","false","10","1","9","1000","1000000","6481"
"1195","true","extensive-only","false","10","1","9","1000","1000000","6547"
"1196","true","extensive-only","false","10","1","9","1000","1000000","6351"
"1197","true","extensive-only","false","10","1","9","1000","1000000","6488"
"1198","true","extensive-only","false","10","1","9","1000","1000000","6403"
"1199","true","extensive-only","false","10","1","9","1000","1000000","6442"
"1200","true","extensive-only","false","10","1","9","1000","1000000","6519"
"1201","true","extensive-only","false","11","1000","9","1000","1000000","7751"
"1202","true","extensive-only","false","11","1000","9","1000","1000000","7778"
"1203","true","extensive-only","false","11","1000","9","1000","1000000","7719"
"1204","true","extensive-only","false","11","1000","9","1000","1000000","7725"
"1205","true","extensive-only","false","11","1000","9","1000","1000000","7771"
"1207","true","extensive-only","false","11","1000","9","1000","1000000","7719"
"1206","true","extensive-only","false","11","1000","9","1000","1000000","7775"
"1208","true","extensive-only","false","11","1000","9","1000","1000000","7637"
"1209","true","extensive-only","false","11","1000","9","1000","1000000","7821"
"1210","true","extensive-only","false","11","1000","9","1000","1000000","7751"
"1211","true","extensive-only","false","11","1000","9","1000","1000000","7758"
"1212","true","extensive-only","false","11","1000","9","1000","1000000","7860"
"1213","true","extensive-only","false","11","1000","9","1000","1000000","7751"
"1214","true","extensive-only","false","11","1000","9","1000","1000000","7807"
"1215","true","extensive-only","false","11","1000","9","1000","1000000","7696"
"1216","true","extensive-only","false","11","1000","9","1000","1000000","7765"
"1217","true","extensive-only","false","11","1000","9","1000","1000000","7749"
"1218","true","extensive-only","false","11","1000","9","1000","1000000","7815"
"1219","true","extensive-only","false","11","1000","9","1000","1000000","7629"
"1220","true","extensive-only","false","11","1000","9","1000","1000000","7671"
"1221","true","extensive-only","false","11","1000","9","1000","1000000","7765"
"1222","true","extensive-only","false","11","1000","9","1000","1000000","7812"
"1223","true","extensive-only","false","11","1000","9","1000","1000000","7818"
"1224","true","extensive-only","false","11","1000","9","1000","1000000","7843"
"1225","true","extensive-only","false","11","1000","9","1000","1000000","7713"
"1226","true","extensive-only","false","11","1000","9","1000","1000000","7759"
"1227","true","extensive-only","false","11","1000","9","1000","1000000","7748"
"1228","true","extensive-only","false","11","1000","9","1000","1000000","7759"
"1229","true","extensive-only","false","11","1000","9","1000","1000000","7780"
"1230","true","extensive-only","false","11","1000","9","1000","1000000","7658"
"1231","true","extensive-only","false","11","1000","9","1000","1000000","7831"
"1232","true","extensive-only","false","11","1000","9","1000","1000000","7709"
"1233","true","extensive-only","false","11","1000","9","1000","1000000","7742"
"1234","true","extensive-only","false","11","1000","9","1000","1000000","7722"
"1235","true","extensive-only","false","11","1000","9","1000","1000000","7873"
"1236","true","extensive-only","false","11","1000","9","1000","1000000","7705"
"1238","true","extensive-only","false","11","1000","9","1000","1000000","7740"
"1237","true","extensive-only","false","11","1000","9","1000","1000000","7617"
"1239","true","extensive-only","false","11","1000","9","1000","1000000","7746"
"1240","true","extensive-only","false","11","1000","9","1000","1000000","7709"
"1241","true","extensive-only","false","11","1000","9","1000","1000000","7741"
"1242","true","extensive-only","false","11","1000","9","1000","1000000","7673"
"1243","true","extensive-only","false","11","1000","9","1000","1000000","7841"
"1244","true","extensive-only","false","11","1000","9","1000","1000000","7820"
"1245","true","extensive-only","false","11","1000","9","1000","1000000","7680"
"1246","true","extensive-only","false","11","1000","9","1000","1000000","7628"
"1247","true","extensive-only","false","11","1000","9","1000","1000000","7640"
"1248","true","extensive-only","false","11","1000","9","1000","1000000","7720"
"1249","true","extensive-only","false","11","1000","9","1000","1000000","7732"
"1250","true","extensive-only","false","11","1000","9","1000","1000000","7722"
"1251","true","extensive-only","false","11","1000","9","1000","1000000","7794"
"1252","true","extensive-only","false","11","1000","9","1000","1000000","7739"
"1253","true","extensive-only","false","11","1000","9","1000","1000000","7865"
"1254","true","extensive-only","false","11","1000","9","1000","1000000","7845"
"1255","true","extensive-only","false","11","1000","9","1000","1000000","7643"
"1256","true","extensive-only","false","11","1000","9","1000","1000000","7788"
"1257","true","extensive-only","false","11","1000","9","1000","1000000","7721"
"1258","true","extensive-only","false","11","1000","9","1000","1000000","7745"
"1259","true","extensive-only","false","11","1000","9","1000","1000000","7840"
"1260","true","extensive-only","false","11","1000","9","1000","1000000","7761"
"1261","true","extensive-only","false","11","1","9","1000","1000000","12848"
"1262","true","extensive-only","false","11","1","9","1000","1000000","12780"
"1263","true","extensive-only","false","11","1","9","1000","1000000","12667"
"1264","true","extensive-only","false","11","1","9","1000","1000000","12801"
"1265","true","extensive-only","false","11","1","9","1000","1000000","12823"
"1266","true","extensive-only","false","11","1","9","1000","1000000","13012"
"1267","true","extensive-only","false","11","1","9","1000","1000000","12922"
"1268","true","extensive-only","false","11","1","9","1000","1000000","12783"
"1269","true","extensive-only","false","11","1","9","1000","1000000","12766"
"1270","true","extensive-only","false","11","1","9","1000","1000000","12704"
"1271","true","extensive-only","false","11","1","9","1000","1000000","13056"
"1273","true","extensive-only","false","11","1","9","1000","1000000","12977"
"1272","true","extensive-only","false","11","1","9","1000","1000000","12794"
"1275","true","extensive-only","false","11","1","9","1000","1000000","12742"
"1274","true","extensive-only","false","11","1","9","1000","1000000","12838"
"1276","true","extensive-only","false","11","1","9","1000","1000000","12761"
"1277","true","extensive-only","false","11","1","9","1000","1000000","12949"
"1278","true","extensive-only","false","11","1","9","1000","1000000","12932"
"1279","true","extensive-only","false","11","1","9","1000","1000000","12849"
"1280","true","extensive-only","false","11","1","9","1000","1000000","12842"
"1281","true","extensive-only","false","11","1","9","1000","1000000","12677"
"1282","true","extensive-only","false","11","1","9","1000","1000000","12770"
"1283","true","extensive-only","false","11","1","9","1000","1000000","12864"
"1284","true","extensive-only","false","11","1","9","1000","1000000","13099"
"1285","true","extensive-only","false","11","1","9","1000","1000000","13027"
"1286","true","extensive-only","false","11","1","9","1000","1000000","12709"
"1287","true","extensive-only","false","11","1","9","1000","1000000","12959"
"1288","true","extensive-only","false","11","1","9","1000","1000000","12899"
"1289","true","extensive-only","false","11","1","9","1000","1000000","12737"
"1290","true","extensive-only","false","11","1","9","1000","1000000","12757"
"1291","true","extensive-only","false","11","1","9","1000","1000000","13023"
"1292","true","extensive-only","false","11","1","9","1000","1000000","12922"
"1293","true","extensive-only","false","11","1","9","1000","1000000","12772"
"1294","true","extensive-only","false","11","1","9","1000","1000000","13139"
"1295","true","extensive-only","false","11","1","9","1000","1000000","13023"
"1296","true","extensive-only","false","11","1","9","1000","1000000","12759"
"1297","true","extensive-only","false","11","1","9","1000","1000000","12713"
"1298","true","extensive-only","false","11","1","9","1000","1000000","12779"
"1299","true","extensive-only","false","11","1","9","1000","1000000","12824"
"1300","true","extensive-only","false","11","1","9","1000","1000000","12627"
"1301","true","extensive-only","false","11","1","9","1000","1000000","12908"
"1302","true","extensive-only","false","11","1","9","1000","1000000","12836"
"1303","true","extensive-only","false","11","1","9","1000","1000000","12705"
"1304","true","extensive-only","false","11","1","9","1000","1000000","12861"
"1305","true","extensive-only","false","11","1","9","1000","1000000","12626"
"1306","true","extensive-only","false","11","1","9","1000","1000000","12965"
"1307","true","extensive-only","false","11","1","9","1000","1000000","13055"
"1308","true","extensive-only","false","11","1","9","1000","1000000","12742"
"1309","true","extensive-only","false","11","1","9","1000","1000000","12905"
"1310","true","extensive-only","false","11","1","9","1000","1000000","12644"
"1311","true","extensive-only","false","11","1","9","1000","1000000","12896"
"1312","true","extensive-only","false","11","1","9","1000","1000000","12876"
"1313","true","extensive-only","false","11","1","9","1000","1000000","12808"
"1314","true","extensive-only","false","11","1","9","1000","1000000","12826"
"1315","true","extensive-only","false","11","1","9","1000","1000000","12830"
"1316","true","extensive-only","false","11","1","9","1000","1000000","12766"
"1317","true","extensive-only","false","11","1","9","1000","1000000","12605"
"1318","true","extensive-only","false","11","1","9","1000","1000000","12773"
"1319","true","extensive-only","false","11","1","9","1000","1000000","12931"
"1320","true","extensive-only","false","11","1","9","1000","1000000","12702"
"1321","true","extensive-only","false","12","1000","9","1000","1000000","11672"
"1322","true","extensive-only","false","12","1000","9","1000","1000000","11592"
"1323","true","extensive-only","false","12","1000","9","1000","1000000","11390"
"1324","true","extensive-only","false","12","1000","9","1000","1000000","11647"
"1325","true","extensive-only","false","12","1000","9","1000","1000000","11470"
"1326","true","extensive-only","false","12","1000","9","1000","1000000","11568"
"1327","true","extensive-only","false","12","1000","9","1000","1000000","11667"
"1328","true","extensive-only","false","12","1000","9","1000","1000000","11557"
"1330","true","extensive-only","false","12","1000","9","1000","1000000","11504"
"1329","true","extensive-only","false","12","1000","9","1000","1000000","11641"
"1331","true","extensive-only","false","12","1000","9","1000","1000000","11679"
"1332","true","extensive-only","false","12","1000","9","1000","1000000","11669"
"1333","true","extensive-only","false","12","1000","9","1000","1000000","11482"
"1334","true","extensive-only","false","12","1000","9","1000","1000000","11601"
"1335","true","extensive-only","false","12","1000","9","1000","1000000","11561"
"1336","true","extensive-only","false","12","1000","9","1000","1000000","11538"
"1337","true","extensive-only","false","12","1000","9","1000","1000000","11672"
"1339","true","extensive-only","false","12","1000","9","1000","1000000","11627"
"1338","true","extensive-only","false","12","1000","9","1000","1000000","11709"
"1340","true","extensive-only","false","12","1000","9","1000","1000000","11535"
"1341","true","extensive-only","false","12","1000","9","1000","1000000","11517"
"1342","true","extensive-only","false","12","1000","9","1000","1000000","11547"
"1343","true","extensive-only","false","12","1000","9","1000","1000000","11528"
"1344","true","extensive-only","false","12","1000","9","1000","1000000","11555"
"1345","true","extensive-only","false","12","1000","9","1000","1000000","11582"
"1346","true","extensive-only","false","12","1000","9","1000","1000000","11614"
"1347","true","extensive-only","false","12","1000","9","1000","1000000","11627"
"1348","true","extensive-only","false","12","1000","9","1000","1000000","11714"
"1349","true","extensive-only","false","12","1000","9","1000","1000000","11559"
"1350","true","extensive-only","false","12","1000","9","1000","1000000","11602"
"1351","true","extensive-only","false","12","1000","9","1000","1000000","11588"
"1352","true","extensive-only","false","12","1000","9","1000","1000000","11656"
"1353","true","extensive-only","false","12","1000","9","1000","1000000","11558"
"1354","true","extensive-only","false","12","1000","9","1000","1000000","11737"
"1355","true","extensive-only","false","12","1000","9","1000","1000000","11628"
"1356","true","extensive-only","false","12","1000","9","1000","1000000","11596"
"1357","true","extensive-only","false","12","1000","9","1000","1000000","11517"
"1358","true","extensive-only","false","12","1000","9","1000","1000000","11702"
"1359","true","extensive-only","false","12","1000","9","1000","1000000","11534"
"1360","true","extensive-only","false","12","1000","9","1000","1000000","11652"
"1361","true","extensive-only","false","12","1000","9","1000","1000000","11725"
"1362","true","extensive-only","false","12","1000","9","1000","1000000","11639"
"1364","true","extensive-only","false","12","1000","9","1000","1000000","11575"
"1363","true","extensive-only","false","12","1000","9","1000","1000000","11659"
"1365","true","extensive-only","false","12","1000","9","1000","1000000","11667"
"1366","true","extensive-only","false","12","1000","9","1000","1000000","11674"
"1367","true","extensive-only","false","12","1000","9","1000","1000000","11665"
"1368","true","extensive-only","false","12","1000","9","1000","1000000","11534"
"1370","true","extensive-only","false","12","1000","9","1000","1000000","11598"
"1369","true","extensive-only","false","12","1000","9","1000","1000000","11576"
"1371","true","extensive-only","false","12","1000","9","1000","1000000","11639"
"1372","true","extensive-only","false","12","1000","9","1000","1000000","11653"
"1373","true","extensive-only","false","12","1000","9","1000","1000000","11644"
"1374","true","extensive-only","false","12","1000","9","1000","1000000","11676"
"1375","true","extensive-only","false","12","1000","9","1000","1000000","11702"
"1376","true","extensive-only","false","12","1000","9","1000","1000000","11664"
"1378","true","extensive-only","false","12","1000","9","1000","1000000","11553"
"1377","true","extensive-only","false","12","1000","9","1000","1000000","11567"
"1381","true","extensive-only","false","12","1","9","1000","1000000","19182"
"1379","true","extensive-only","false","12","1000","9","1000","1000000","11636"
"1380","true","extensive-only","false","12","1000","9","1000","1000000","11615"
"1382","true","extensive-only","false","12","1","9","1000","1000000","19390"
"1383","true","extensive-only","false","12","1","9","1000","1000000","19051"
"1384","true","extensive-only","false","12","1","9","1000","1000000","19187"
"1385","true","extensive-only","false","12","1","9","1000","1000000","19049"
"1386","true","extensive-only","false","12","1","9","1000","1000000","19457"
"1387","true","extensive-only","false","12","1","9","1000","1000000","19384"
"1388","true","extensive-only","false","12","1","9","1000","1000000","19340"
"1389","true","extensive-only","false","12","1","9","1000","1000000","19199"
"1390","true","extensive-only","false","12","1","9","1000","1000000","19514"
"1391","true","extensive-only","false","12","1","9","1000","1000000","19275"
"1392","true","extensive-only","false","12","1","9","1000","1000000","19236"
"1393","true","extensive-only","false","12","1","9","1000","1000000","19281"
"1395","true","extensive-only","false","12","1","9","1000","1000000","18916"
"1394","true","extensive-only","false","12","1","9","1000","1000000","19560"
"1396","true","extensive-only","false","12","1","9","1000","1000000","19122"
"1397","true","extensive-only","false","12","1","9","1000","1000000","19293"
"1398","true","extensive-only","false","12","1","9","1000","1000000","19087"
"1400","true","extensive-only","false","12","1","9","1000","1000000","19232"
"1399","true","extensive-only","false","12","1","9","1000","1000000","19324"
"1401","true","extensive-only","false","12","1","9","1000","1000000","19002"
"1402","true","extensive-only","false","12","1","9","1000","1000000","19394"
"1403","true","extensive-only","false","12","1","9","1000","1000000","19052"
"1404","true","extensive-only","false","12","1","9","1000","1000000","19359"
"1405","true","extensive-only","false","12","1","9","1000","1000000","19202"
"1406","true","extensive-only","false","12","1","9","1000","1000000","19289"
"1407","true","extensive-only","false","12","1","9","1000","1000000","19115"
"1408","true","extensive-only","false","12","1","9","1000","1000000","19217"
"1409","true","extensive-only","false","12","1","9","1000","1000000","19021"
"1410","true","extensive-only","false","12","1","9","1000","1000000","19110"
"1411","true","extensive-only","false","12","1","9","1000","1000000","19330"
"1412","true","extensive-only","false","12","1","9","1000","1000000","19366"
"1413","true","extensive-only","false","12","1","9","1000","1000000","19173"
"1414","true","extensive-only","false","12","1","9","1000","1000000","19423"
"1415","true","extensive-only","false","12","1","9","1000","1000000","19233"
"1416","true","extensive-only","false","12","1","9","1000","1000000","19473"
"1417","true","extensive-only","false","12","1","9","1000","1000000","19080"
"1418","true","extensive-only","false","12","1","9","1000","1000000","19168"
"1420","true","extensive-only","false","12","1","9","1000","1000000","19086"
"1419","true","extensive-only","false","12","1","9","1000","1000000","19316"
"1422","true","extensive-only","false","12","1","9","1000","1000000","19455"
"1421","true","extensive-only","false","12","1","9","1000","1000000","19250"
"1423","true","extensive-only","false","12","1","9","1000","1000000","19399"
"1424","true","extensive-only","false","12","1","9","1000","1000000","19056"
"1425","true","extensive-only","false","12","1","9","1000","1000000","18892"
"1426","true","extensive-only","false","12","1","9","1000","1000000","19315"
"1428","true","extensive-only","false","12","1","9","1000","1000000","19006"
"1427","true","extensive-only","false","12","1","9","1000","1000000","19082"
"1429","true","extensive-only","false","12","1","9","1000","1000000","19195"
"1430","true","extensive-only","false","12","1","9","1000","1000000","18929"
"1431","true","extensive-only","false","12","1","9","1000","1000000","18893"
"1432","true","extensive-only","false","12","1","9","1000","1000000","19328"
"1434","true","extensive-only","false","12","1","9","1000","1000000","19078"
"1433","true","extensive-only","false","12","1","9","1000","1000000","19374"
"1435","true","extensive-only","false","12","1","9","1000","1000000","19191"
"1436","true","extensive-only","false","12","1","9","1000","1000000","19511"
"1437","true","extensive-only","false","12","1","9","1000","1000000","19219"
"1438","true","extensive-only","false","12","1","9","1000","1000000","19313"
"1439","true","extensive-only","false","12","1","9","1000","1000000","19396"
"1440","true","extensive-only","false","12","1","9","1000","1000000","19097"
"1442","true","extensive-only","false","13","1000","9","1000","1000000","15236"
"1441","true","extensive-only","false","13","1000","9","1000","1000000","15396"
"1444","true","extensive-only","false","13","1000","9","1000","1000000","15157"
"1443","true","extensive-only","false","13","1000","9","1000","1000000","15286"
"1445","true","extensive-only","false","13","1000","9","1000","1000000","15328"
"1447","true","extensive-only","false","13","1000","9","1000","1000000","15392"
"1446","true","extensive-only","false","13","1000","9","1000","1000000","15391"
"1448","true","extensive-only","false","13","1000","9","1000","1000000","15181"
"1450","true","extensive-only","false","13","1000","9","1000","1000000","15263"
"1449","true","extensive-only","false","13","1000","9","1000","1000000","15337"
"1452","true","extensive-only","false","13","1000","9","1000","1000000","15166"
"1451","true","extensive-only","false","13","1000","9","1000","1000000","15277"
"1453","true","extensive-only","false","13","1000","9","1000","1000000","15391"
"1454","true","extensive-only","false","13","1000","9","1000","1000000","15139"
"1455","true","extensive-only","false","13","1000","9","1000","1000000","15140"
"1456","true","extensive-only","false","13","1000","9","1000","1000000","15427"
"1457","true","extensive-only","false","13","1000","9","1000","1000000","15230"
"1458","true","extensive-only","false","13","1000","9","1000","1000000","15113"
"1460","true","extensive-only","false","13","1000","9","1000","1000000","15249"
"1459","true","extensive-only","false","13","1000","9","1000","1000000","15210"
"1461","true","extensive-only","false","13","1000","9","1000","1000000","15454"
"1462","true","extensive-only","false","13","1000","9","1000","1000000","15111"
"1463","true","extensive-only","false","13","1000","9","1000","1000000","15254"
"1464","true","extensive-only","false","13","1000","9","1000","1000000","15145"
"1465","true","extensive-only","false","13","1000","9","1000","1000000","15145"
"1466","true","extensive-only","false","13","1000","9","1000","1000000","15210"
"1467","true","extensive-only","false","13","1000","9","1000","1000000","15373"
"1468","true","extensive-only","false","13","1000","9","1000","1000000","15319"
"1469","true","extensive-only","false","13","1000","9","1000","1000000","15308"
"1470","true","extensive-only","false","13","1000","9","1000","1000000","15396"
"1471","true","extensive-only","false","13","1000","9","1000","1000000","15241"
"1472","true","extensive-only","false","13","1000","9","1000","1000000","15421"
"1473","true","extensive-only","false","13","1000","9","1000","1000000","15189"
"1474","true","extensive-only","false","13","1000","9","1000","1000000","15145"
"1476","true","extensive-only","false","13","1000","9","1000","1000000","15287"
"1475","true","extensive-only","false","13","1000","9","1000","1000000","15202"
"1477","true","extensive-only","false","13","1000","9","1000","1000000","15177"
"1478","true","extensive-only","false","13","1000","9","1000","1000000","15401"
"1479","true","extensive-only","false","13","1000","9","1000","1000000","15198"
"1480","true","extensive-only","false","13","1000","9","1000","1000000","15049"
"1481","true","extensive-only","false","13","1000","9","1000","1000000","15494"
"1482","true","extensive-only","false","13","1000","9","1000","1000000","15296"
"1483","true","extensive-only","false","13","1000","9","1000","1000000","15270"
"1484","true","extensive-only","false","13","1000","9","1000","1000000","15308"
"1485","true","extensive-only","false","13","1000","9","1000","1000000","15274"
"1486","true","extensive-only","false","13","1000","9","1000","1000000","15163"
"1487","true","extensive-only","false","13","1000","9","1000","1000000","15294"
"1488","true","extensive-only","false","13","1000","9","1000","1000000","15172"
"1489","true","extensive-only","false","13","1000","9","1000","1000000","15135"
"1490","true","extensive-only","false","13","1000","9","1000","1000000","15044"
"1492","true","extensive-only","false","13","1000","9","1000","1000000","15274"
"1491","true","extensive-only","false","13","1000","9","1000","1000000","15322"
"1493","true","extensive-only","false","13","1000","9","1000","1000000","15214"
"1494","true","extensive-only","false","13","1000","9","1000","1000000","15282"
"1495","true","extensive-only","false","13","1000","9","1000","1000000","15254"
"1496","true","extensive-only","false","13","1000","9","1000","1000000","15221"
"1497","true","extensive-only","false","13","1000","9","1000","1000000","15106"
"1498","true","extensive-only","false","13","1000","9","1000","1000000","15183"
"1499","true","extensive-only","false","13","1000","9","1000","1000000","15284"
"1500","true","extensive-only","false","13","1000","9","1000","1000000","15324"
"1501","true","extensive-only","false","13","1","9","1000","1000000","24896"
"1502","true","extensive-only","false","13","1","9","1000","1000000","24752"
"1503","true","extensive-only","false","13","1","9","1000","1000000","24557"
"1504","true","extensive-only","false","13","1","9","1000","1000000","24849"
"1505","true","extensive-only","false","13","1","9","1000","1000000","25178"
"1506","true","extensive-only","false","13","1","9","1000","1000000","24686"
"1507","true","extensive-only","false","13","1","9","1000","1000000","24592"
"1508","true","extensive-only","false","13","1","9","1000","1000000","24697"
"1509","true","extensive-only","false","13","1","9","1000","1000000","23675"
"1510","true","extensive-only","false","13","1","9","1000","1000000","24732"
"1511","true","extensive-only","false","13","1","9","1000","1000000","25034"
"1512","true","extensive-only","false","13","1","9","1000","1000000","25332"
"1513","true","extensive-only","false","13","1","9","1000","1000000","24791"
"1514","true","extensive-only","false","13","1","9","1000","1000000","24854"
"1515","true","extensive-only","false","13","1","9","1000","1000000","25028"
"1516","true","extensive-only","false","13","1","9","1000","1000000","25030"
"1517","true","extensive-only","false","13","1","9","1000","1000000","24844"
"1518","true","extensive-only","false","13","1","9","1000","1000000","25218"
"1520","true","extensive-only","false","13","1","9","1000","1000000","24968"
"1519","true","extensive-only","false","13","1","9","1000","1000000","24238"
"1521","true","extensive-only","false","13","1","9","1000","1000000","25172"
"1522","true","extensive-only","false","13","1","9","1000","1000000","24524"
"1523","true","extensive-only","false","13","1","9","1000","1000000","24441"
"1524","true","extensive-only","false","13","1","9","1000","1000000","24564"
"1525","true","extensive-only","false","13","1","9","1000","1000000","24872"
"1526","true","extensive-only","false","13","1","9","1000","1000000","24595"
"1527","true","extensive-only","false","13","1","9","1000","1000000","24563"
"1528","true","extensive-only","false","13","1","9","1000","1000000","25193"
"1529","true","extensive-only","false","13","1","9","1000","1000000","24966"
"1530","true","extensive-only","false","13","1","9","1000","1000000","24598"
"1531","true","extensive-only","false","13","1","9","1000","1000000","24640"
"1532","true","extensive-only","false","13","1","9","1000","1000000","24546"
"1533","true","extensive-only","false","13","1","9","1000","1000000","24510"
"1534","true","extensive-only","false","13","1","9","1000","1000000","25377"
"1535","true","extensive-only","false","13","1","9","1000","1000000","24846"
"1536","true","extensive-only","false","13","1","9","1000","1000000","24867"
"1537","true","extensive-only","false","13","1","9","1000","1000000","25034"
"1538","true","extensive-only","false","13","1","9","1000","1000000","24399"
"1539","true","extensive-only","false","13","1","9","1000","1000000","24859"
"1540","true","extensive-only","false","13","1","9","1000","1000000","24826"
"1541","true","extensive-only","false","13","1","9","1000","1000000","24903"
"1542","true","extensive-only","false","13","1","9","1000","1000000","24513"
"1543","true","extensive-only","false","13","1","9","1000","1000000","24464"
"1544","true","extensive-only","false","13","1","9","1000","1000000","24809"
"1545","true","extensive-only","false","13","1","9","1000","1000000","24689"
"1546","true","extensive-only","false","13","1","9","1000","1000000","24360"
"1547","true","extensive-only","false","13","1","9","1000","1000000","24345"
"1548","true","extensive-only","false","13","1","9","1000","1000000","24406"
"1549","true","extensive-only","false","13","1","9","1000","1000000","24632"
"1550","true","extensive-only","false","13","1","9","1000","1000000","25166"
"1551","true","extensive-only","false","13","1","9","1000","1000000","24318"
"1552","true","extensive-only","false","13","1","9","1000","1000000","25028"
"1553","true","extensive-only","false","13","1","9","1000","1000000","24320"
"1554","true","extensive-only","false","13","1","9","1000","1000000","24149"
"1555","true","extensive-only","false","13","1","9","1000","1000000","24720"
"1556","true","extensive-only","false","13","1","9","1000","1000000","23858"
"1558","true","extensive-only","false","13","1","9","1000","1000000","25166"
"1557","true","extensive-only","false","13","1","9","1000","1000000","24445"
"1559","true","extensive-only","false","13","1","9","1000","1000000","24397"
"1560","true","extensive-only","false","13","1","9","1000","1000000","24619"
"1561","true","extensive-only","false","14","1000","9","1000","1000000","18602"
"1562","true","extensive-only","false","14","1000","9","1000","1000000","18483"
"1563","true","extensive-only","false","14","1000","9","1000","1000000","18718"
"1564","true","extensive-only","false","14","1000","9","1000","1000000","18652"
"1565","true","extensive-only","false","14","1000","9","1000","1000000","18674"
"1566","true","extensive-only","false","14","1000","9","1000","1000000","18656"
"1567","true","extensive-only","false","14","1000","9","1000","1000000","18823"
"1568","true","extensive-only","false","14","1000","9","1000","1000000","18838"
"1569","true","extensive-only","false","14","1000","9","1000","1000000","18654"
"1570","true","extensive-only","false","14","1000","9","1000","1000000","18411"
"1571","true","extensive-only","false","14","1000","9","1000","1000000","18732"
"1572","true","extensive-only","false","14","1000","9","1000","1000000","18498"
"1573","true","extensive-only","false","14","1000","9","1000","1000000","18605"
"1574","true","extensive-only","false","14","1000","9","1000","1000000","18739"
"1575","true","extensive-only","false","14","1000","9","1000","1000000","18690"
"1576","true","extensive-only","false","14","1000","9","1000","1000000","18622"
"1577","true","extensive-only","false","14","1000","9","1000","1000000","18762"
"1578","true","extensive-only","false","14","1000","9","1000","1000000","18867"
"1579","true","extensive-only","false","14","1000","9","1000","1000000","18652"
"1580","true","extensive-only","false","14","1000","9","1000","1000000","18636"
"1581","true","extensive-only","false","14","1000","9","1000","1000000","18798"
"1582","true","extensive-only","false","14","1000","9","1000","1000000","18514"
"1583","true","extensive-only","false","14","1000","9","1000","1000000","18447"
"1584","true","extensive-only","false","14","1000","9","1000","1000000","18572"
"1585","true","extensive-only","false","14","1000","9","1000","1000000","18528"
"1586","true","extensive-only","false","14","1000","9","1000","1000000","18644"
"1587","true","extensive-only","false","14","1000","9","1000","1000000","18862"
"1588","true","extensive-only","false","14","1000","9","1000","1000000","18585"
"1589","true","extensive-only","false","14","1000","9","1000","1000000","18507"
"1590","true","extensive-only","false","14","1000","9","1000","1000000","18543"
"1591","true","extensive-only","false","14","1000","9","1000","1000000","18481"
"1592","true","extensive-only","false","14","1000","9","1000","1000000","18819"
"1593","true","extensive-only","false","14","1000","9","1000","1000000","18576"
"1594","true","extensive-only","false","14","1000","9","1000","1000000","18397"
"1595","true","extensive-only","false","14","1000","9","1000","1000000","18778"
"1596","true","extensive-only","false","14","1000","9","1000","1000000","18620"
"1597","true","extensive-only","false","14","1000","9","1000","1000000","18505"
"1598","true","extensive-only","false","14","1000","9","1000","1000000","18680"
"1599","true","extensive-only","false","14","1000","9","1000","1000000","18631"
"1600","true","extensive-only","false","14","1000","9","1000","1000000","18562"
"1601","true","extensive-only","false","14","1000","9","1000","1000000","18305"
"1602","true","extensive-only","false","14","1000","9","1000","1000000","18720"
"1603","true","extensive-only","false","14","1000","9","1000","1000000","18777"
"1604","true","extensive-only","false","14","1000","9","1000","1000000","18552"
"1605","true","extensive-only","false","14","1000","9","1000","1000000","18621"
"1606","true","extensive-only","false","14","1000","9","1000","1000000","18538"
"1607","true","extensive-only","false","14","1000","9","1000","1000000","18737"
"1608","true","extensive-only","false","14","1000","9","1000","1000000","18487"
"1609","true","extensive-only","false","14","1000","9","1000","1000000","18511"
"1611","true","extensive-only","false","14","1000","9","1000","1000000","18706"
"1610","true","extensive-only","false","14","1000","9","1000","1000000","18653"
"1612","true","extensive-only","false","14","1000","9","1000","1000000","18433"
"1613","true","extensive-only","false","14","1000","9","1000","1000000","18648"
"1614","true","extensive-only","false","14","1000","9","1000","1000000","18699"
"1615","true","extensive-only","false","14","1000","9","1000","1000000","18662"
"1617","true","extensive-only","false","14","1000","9","1000","1000000","18484"
"1616","true","extensive-only","false","14","1000","9","1000","1000000","18811"
"1618","true","extensive-only","false","14","1000","9","1000","1000000","18631"
"1619","true","extensive-only","false","14","1000","9","1000","1000000","18428"
"1621","true","extensive-only","false","14","1","9","1000","1000000","29729"
"1620","true","extensive-only","false","14","1000","9","1000","1000000","18454"
"1622","true","extensive-only","false","14","1","9","1000","1000000","30443"
"1623","true","extensive-only","false","14","1","9","1000","1000000","29304"
"1624","true","extensive-only","false","14","1","9","1000","1000000","29954"
"1626","true","extensive-only","false","14","1","9","1000","1000000","29439"
"1627","true","extensive-only","false","14","1","9","1000","1000000","29817"
"1625","true","extensive-only","false","14","1","9","1000","1000000","30016"
"1628","true","extensive-only","false","14","1","9","1000","1000000","30366"
"1629","true","extensive-only","false","14","1","9","1000","1000000","29867"
"1630","true","extensive-only","false","14","1","9","1000","1000000","30952"
"1631","true","extensive-only","false","14","1","9","1000","1000000","30016"
"1632","true","extensive-only","false","14","1","9","1000","1000000","29411"
"1633","true","extensive-only","false","14","1","9","1000","1000000","30673"
"1634","true","extensive-only","false","14","1","9","1000","1000000","29596"
"1635","true","extensive-only","false","14","1","9","1000","1000000","29845"
"1636","true","extensive-only","false","14","1","9","1000","1000000","29795"
"1637","true","extensive-only","false","14","1","9","1000","1000000","29699"
"1638","true","extensive-only","false","14","1","9","1000","1000000","29202"
"1639","true","extensive-only","false","14","1","9","1000","1000000","30131"
"1640","true","extensive-only","false","14","1","9","1000","1000000","29934"
"1641","true","extensive-only","false","14","1","9","1000","1000000","30072"
"1642","true","extensive-only","false","14","1","9","1000","1000000","30295"
"1643","true","extensive-only","false","14","1","9","1000","1000000","30089"
"1645","true","extensive-only","false","14","1","9","1000","1000000","29757"
"1644","true","extensive-only","false","14","1","9","1000","1000000","29492"
"1646","true","extensive-only","false","14","1","9","1000","1000000","30140"
"1647","true","extensive-only","false","14","1","9","1000","1000000","29900"
"1648","true","extensive-only","false","14","1","9","1000","1000000","29329"
"1649","true","extensive-only","false","14","1","9","1000","1000000","29971"
"1650","true","extensive-only","false","14","1","9","1000","1000000","30228"
"1651","true","extensive-only","false","14","1","9","1000","1000000","30277"
"1652","true","extensive-only","false","14","1","9","1000","1000000","29519"
"1653","true","extensive-only","false","14","1","9","1000","1000000","28867"
"1654","true","extensive-only","false","14","1","9","1000","1000000","30452"
"1655","true","extensive-only","false","14","1","9","1000","1000000","29476"
"1657","true","extensive-only","false","14","1","9","1000","1000000","29116"
"1656","true","extensive-only","false","14","1","9","1000","1000000","29847"
"1658","true","extensive-only","false","14","1","9","1000","1000000","29798"
"1659","true","extensive-only","false","14","1","9","1000","1000000","29665"
"1661","true","extensive-only","false","14","1","9","1000","1000000","29900"
"1660","true","extensive-only","false","14","1","9","1000","1000000","28743"
"1662","true","extensive-only","false","14","1","9","1000","1000000","29991"
"1663","true","extensive-only","false","14","1","9","1000","1000000","30054"
"1664","true","extensive-only","false","14","1","9","1000","1000000","29938"
"1666","true","extensive-only","false","14","1","9","1000","1000000","28945"
"1665","true","extensive-only","false","14","1","9","1000","1000000","30126"
"1667","true","extensive-only","false","14","1","9","1000","1000000","29648"
"1668","true","extensive-only","false","14","1","9","1000","1000000","29403"
"1669","true","extensive-only","false","14","1","9","1000","1000000","30478"
"1670","true","extensive-only","false","14","1","9","1000","1000000","29740"
"1671","true","extensive-only","false","14","1","9","1000","1000000","29850"
"1672","true","extensive-only","false","14","1","9","1000","1000000","29747"
"1674","true","extensive-only","false","14","1","9","1000","1000000","29874"
"1673","true","extensive-only","false","14","1","9","1000","1000000","29465"
"1677","true","extensive-only","false","14","1","9","1000","1000000","29384"
"1676","true","extensive-only","false","14","1","9","1000","1000000","29240"
"1675","true","extensive-only","false","14","1","9","1000","1000000","29870"
"1678","true","extensive-only","false","14","1","9","1000","1000000","30083"
"1681","true","extensive-only","false","15","1000","9","1000","1000000","1896"
"1682","true","extensive-only","false","15","1000","9","1000","1000000","1853"
"1679","true","extensive-only","false","14","1","9","1000","1000000","30472"
"1683","true","extensive-only","false","15","1000","9","1000","1000000","1901"
"1685","true","extensive-only","false","15","1000","9","1000","1000000","1830"
"1684","true","extensive-only","false","15","1000","9","1000","1000000","1833"
"1686","true","extensive-only","false","15","1000","9","1000","1000000","1923"
"1680","true","extensive-only","false","14","1","9","1000","1000000","29697"
"1687","true","extensive-only","false","15","1000","9","1000","1000000","1850"
"1688","true","extensive-only","false","15","1000","9","1000","1000000","1818"
"1689","true","extensive-only","false","15","1000","9","1000","1000000","1888"
"1690","true","extensive-only","false","15","1000","9","1000","1000000","1908"
"1691","true","extensive-only","false","15","1000","9","1000","1000000","1892"
"1692","true","extensive-only","false","15","1000","9","1000","1000000","1837"
"1693","true","extensive-only","false","15","1000","9","1000","1000000","1850"
"1694","true","extensive-only","false","15","1000","9","1000","1000000","1863"
"1695","true","extensive-only","false","15","1000","9","1000","1000000","1707"
"1696","true","extensive-only","false","15","1000","9","1000","1000000","1829"
"1697","true","extensive-only","false","15","1000","9","1000","1000000","1860"
"1698","true","extensive-only","false","15","1000","9","1000","1000000","1897"
"1699","true","extensive-only","false","15","1000","9","1000","1000000","1824"
"1700","true","extensive-only","false","15","1000","9","1000","1000000","1941"
"1701","true","extensive-only","false","15","1000","9","1000","1000000","1848"
"1702","true","extensive-only","false","15","1000","9","1000","1000000","1815"
"1703","true","extensive-only","false","15","1000","9","1000","1000000","1750"
"1704","true","extensive-only","false","15","1000","9","1000","1000000","1963"
"1705","true","extensive-only","false","15","1000","9","1000","1000000","1876"
"1706","true","extensive-only","false","15","1000","9","1000","1000000","1843"
"1708","true","extensive-only","false","15","1000","9","1000","1000000","1699"
"1707","true","extensive-only","false","15","1000","9","1000","1000000","1861"
"1709","true","extensive-only","false","15","1000","9","1000","1000000","1733"
"1710","true","extensive-only","false","15","1000","9","1000","1000000","1805"
"1711","true","extensive-only","false","15","1000","9","1000","1000000","1810"
"1712","true","extensive-only","false","15","1000","9","1000","1000000","1859"
"1713","true","extensive-only","false","15","1000","9","1000","1000000","1869"
"1714","true","extensive-only","false","15","1000","9","1000","1000000","1789"
"1715","true","extensive-only","false","15","1000","9","1000","1000000","1844"
"1716","true","extensive-only","false","15","1000","9","1000","1000000","1800"
"1717","true","extensive-only","false","15","1000","9","1000","1000000","1869"
"1718","true","extensive-only","false","15","1000","9","1000","1000000","1935"
"1719","true","extensive-only","false","15","1000","9","1000","1000000","1951"
"1720","true","extensive-only","false","15","1000","9","1000","1000000","1861"
"1721","true","extensive-only","false","15","1000","9","1000","1000000","1818"
"1723","true","extensive-only","false","15","1000","9","1000","1000000","1928"
"1722","true","extensive-only","false","15","1000","9","1000","1000000","1850"
"1724","true","extensive-only","false","15","1000","9","1000","1000000","1929"
"1725","true","extensive-only","false","15","1000","9","1000","1000000","1867"
"1726","true","extensive-only","false","15","1000","9","1000","1000000","1923"
"1727","true","extensive-only","false","15","1000","9","1000","1000000","1830"
"1728","true","extensive-only","false","15","1000","9","1000","1000000","1906"
"1729","true","extensive-only","false","15","1000","9","1000","1000000","1815"
"1730","true","extensive-only","false","15","1000","9","1000","1000000","1975"
"1731","true","extensive-only","false","15","1000","9","1000","1000000","1723"
"1732","true","extensive-only","false","15","1000","9","1000","1000000","1900"
"1733","true","extensive-only","false","15","1000","9","1000","1000000","1786"
"1734","true","extensive-only","false","15","1000","9","1000","1000000","1967"
"1735","true","extensive-only","false","15","1000","9","1000","1000000","1896"
"1736","true","extensive-only","false","15","1000","9","1000","1000000","1779"
"1737","true","extensive-only","false","15","1000","9","1000","1000000","1908"
"1739","true","extensive-only","false","15","1000","9","1000","1000000","1861"
"1738","true","extensive-only","false","15","1000","9","1000","1000000","1903"
"1740","true","extensive-only","false","15","1000","9","1000","1000000","1956"
"1741","true","extensive-only","false","15","1","9","1000","1000000","2555"
"1742","true","extensive-only","false","15","1","9","1000","1000000","3165"
"1743","true","extensive-only","false","15","1","9","1000","1000000","2948"
"1744","true","extensive-only","false","15","1","9","1000","1000000","2747"
"1745","true","extensive-only","false","15","1","9","1000","1000000","3163"
"1746","true","extensive-only","false","15","1","9","1000","1000000","2945"
"1747","true","extensive-only","false","15","1","9","1000","1000000","2942"
"1748","true","extensive-only","false","15","1","9","1000","1000000","3023"
"1749","true","extensive-only","false","15","1","9","1000","1000000","3026"
"1751","true","extensive-only","false","15","1","9","1000","1000000","2929"
"1750","true","extensive-only","false","15","1","9","1000","1000000","2656"
"1752","true","extensive-only","false","15","1","9","1000","1000000","3239"
"1753","true","extensive-only","false","15","1","9","1000","1000000","3036"
"1754","true","extensive-only","false","15","1","9","1000","1000000","2834"
"1755","true","extensive-only","false","15","1","9","1000","1000000","2891"
"1756","true","extensive-only","false","15","1","9","1000","1000000","3098"
"1757","true","extensive-only","false","15","1","9","1000","1000000","2735"
"1759","true","extensive-only","false","15","1","9","1000","1000000","2678"
"1758","true","extensive-only","false","15","1","9","1000","1000000","3171"
"1760","true","extensive-only","false","15","1","9","1000","1000000","2763"
"1761","true","extensive-only","false","15","1","9","1000","1000000","3290"
"1763","true","extensive-only","false","15","1","9","1000","1000000","2928"
"1762","true","extensive-only","false","15","1","9","1000","1000000","3103"
"1764","true","extensive-only","false","15","1","9","1000","1000000","2918"
"1765","true","extensive-only","false","15","1","9","1000","1000000","3039"
"1766","true","extensive-only","false","15","1","9","1000","1000000","3326"
"1767","true","extensive-only","false","15","1","9","1000","1000000","2696"
"1768","true","extensive-only","false","15","1","9","1000","1000000","2872"
"1769","true","extensive-only","false","15","1","9","1000","1000000","2829"
"1770","true","extensive-only","false","15","1","9","1000","1000000","3020"
"1771","true","extensive-only","false","15","1","9","1000","1000000","3030"
"1772","true","extensive-only","false","15","1","9","1000","1000000","3167"
"1774","true","extensive-only","false","15","1","9","1000","1000000","3003"
"1773","true","extensive-only","false","15","1","9","1000","1000000","3102"
"1775","true","extensive-only","false","15","1","9","1000","1000000","2785"
"1776","true","extensive-only","false","15","1","9","1000","1000000","3186"
"1777","true","extensive-only","false","15","1","9","1000","1000000","2891"
"1778","true","extensive-only","false","15","1","9","1000","1000000","2453"
"1779","true","extensive-only","false","15","1","9","1000","1000000","3146"
"1780","true","extensive-only","false","15","1","9","1000","1000000","2658"
"1781","true","extensive-only","false","15","1","9","1000","1000000","2857"
"1782","true","extensive-only","false","15","1","9","1000","1000000","2831"
"1783","true","extensive-only","false","15","1","9","1000","1000000","2704"
"1784","true","extensive-only","false","15","1","9","1000","1000000","2670"
"1785","true","extensive-only","false","15","1","9","1000","1000000","3050"
"1786","true","extensive-only","false","15","1","9","1000","1000000","2951"
"1787","true","extensive-only","false","15","1","9","1000","1000000","2952"
"1788","true","extensive-only","false","15","1","9","1000","1000000","2806"
"1789","true","extensive-only","false","15","1","9","1000","1000000","2777"
"1790","true","extensive-only","false","15","1","9","1000","1000000","3189"
"1791","true","extensive-only","false","15","1","9","1000","1000000","2828"
"1792","true","extensive-only","false","15","1","9","1000","1000000","3177"
"1793","true","extensive-only","false","15","1","9","1000","1000000","3012"
"1794","true","extensive-only","false","15","1","9","1000","1000000","2723"
"1795","true","extensive-only","false","15","1","9","1000","1000000","2874"
"1796","true","extensive-only","false","15","1","9","1000","1000000","3059"
"1797","true","extensive-only","false","15","1","9","1000","1000000","2889"
"1798","true","extensive-only","false","15","1","9","1000","1000000","3020"
"1799","true","extensive-only","false","15","1","9","1000","1000000","2937"
"1800","true","extensive-only","false","15","1","9","1000","1000000","3062"
"1801","true","extensive-only","false","16","1000","9","1000","1000000","3601"
"1802","true","extensive-only","false","16","1000","9","1000","1000000","3611"
"1803","true","extensive-only","false","16","1000","9","1000","1000000","3540"
"1805","true","extensive-only","false","16","1000","9","1000","1000000","3612"
"1804","true","extensive-only","false","16","1000","9","1000","1000000","3713"
"1806","true","extensive-only","false","16","1000","9","1000","1000000","3713"
"1807","true","extensive-only","false","16","1000","9","1000","1000000","3598"
"1808","true","extensive-only","false","16","1000","9","1000","1000000","3750"
"1809","true","extensive-only","false","16","1000","9","1000","1000000","3648"
"1810","true","extensive-only","false","16","1000","9","1000","1000000","3355"
"1811","true","extensive-only","false","16","1000","9","1000","1000000","3623"
"1812","true","extensive-only","false","16","1000","9","1000","1000000","3741"
"1813","true","extensive-only","false","16","1000","9","1000","1000000","3862"
"1814","true","extensive-only","false","16","1000","9","1000","1000000","3612"
"1815","true","extensive-only","false","16","1000","9","1000","1000000","3709"
"1816","true","extensive-only","false","16","1000","9","1000","1000000","3623"
"1817","true","extensive-only","false","16","1000","9","1000","1000000","3820"
"1818","true","extensive-only","false","16","1000","9","1000","1000000","3819"
"1819","true","extensive-only","false","16","1000","9","1000","1000000","3582"
"1820","true","extensive-only","false","16","1000","9","1000","1000000","3793"
"1821","true","extensive-only","false","16","1000","9","1000","1000000","3637"
"1822","true","extensive-only","false","16","1000","9","1000","1000000","3683"
"1823","true","extensive-only","false","16","1000","9","1000","1000000","3886"
"1824","true","extensive-only","false","16","1000","9","1000","1000000","3801"
"1825","true","extensive-only","false","16","1000","9","1000","1000000","3655"
"1826","true","extensive-only","false","16","1000","9","1000","1000000","3651"
"1827","true","extensive-only","false","16","1000","9","1000","1000000","3568"
"1828","true","extensive-only","false","16","1000","9","1000","1000000","3480"
"1829","true","extensive-only","false","16","1000","9","1000","1000000","3655"
"1830","true","extensive-only","false","16","1000","9","1000","1000000","3637"
"1831","true","extensive-only","false","16","1000","9","1000","1000000","3671"
"1832","true","extensive-only","false","16","1000","9","1000","1000000","3773"
"1833","true","extensive-only","false","16","1000","9","1000","1000000","3772"
"1834","true","extensive-only","false","16","1000","9","1000","1000000","3770"
"1835","true","extensive-only","false","16","1000","9","1000","1000000","3686"
"1836","true","extensive-only","false","16","1000","9","1000","1000000","3484"
"1837","true","extensive-only","false","16","1000","9","1000","1000000","3812"
"1838","true","extensive-only","false","16","1000","9","1000","1000000","3654"
"1839","true","extensive-only","false","16","1000","9","1000","1000000","3752"
"1840","true","extensive-only","false","16","1000","9","1000","1000000","3557"
"1841","true","extensive-only","false","16","1000","9","1000","1000000","3778"
"1842","true","extensive-only","false","16","1000","9","1000","1000000","3717"
"1843","true","extensive-only","false","16","1000","9","1000","1000000","3769"
"1844","true","extensive-only","false","16","1000","9","1000","1000000","3646"
"1845","true","extensive-only","false","16","1000","9","1000","1000000","3803"
"1846","true","extensive-only","false","16","1000","9","1000","1000000","3640"
"1847","true","extensive-only","false","16","1000","9","1000","1000000","3580"
"1848","true","extensive-only","false","16","1000","9","1000","1000000","3743"
"1849","true","extensive-only","false","16","1000","9","1000","1000000","3748"
"1850","true","extensive-only","false","16","1000","9","1000","1000000","3856"
"1851","true","extensive-only","false","16","1000","9","1000","1000000","3933"
"1852","true","extensive-only","false","16","1000","9","1000","1000000","3699"
"1853","true","extensive-only","false","16","1000","9","1000","1000000","3814"
"1854","true","extensive-only","false","16","1000","9","1000","1000000","3786"
"1855","true","extensive-only","false","16","1000","9","1000","1000000","3692"
"1856","true","extensive-only","false","16","1000","9","1000","1000000","3579"
"1857","true","extensive-only","false","16","1000","9","1000","1000000","3830"
"1858","true","extensive-only","false","16","1000","9","1000","1000000","3548"
"1859","true","extensive-only","false","16","1000","9","1000","1000000","3660"
"1860","true","extensive-only","false","16","1000","9","1000","1000000","3571"
"1861","true","extensive-only","false","16","1","9","1000","1000000","6244"
"1862","true","extensive-only","false","16","1","9","1000","1000000","5853"
"1863","true","extensive-only","false","16","1","9","1000","1000000","5981"
"1864","true","extensive-only","false","16","1","9","1000","1000000","5588"
"1865","true","extensive-only","false","16","1","9","1000","1000000","5770"
"1866","true","extensive-only","false","16","1","9","1000","1000000","5839"
"1868","true","extensive-only","false","16","1","9","1000","1000000","5676"
"1867","true","extensive-only","false","16","1","9","1000","1000000","6008"
"1870","true","extensive-only","false","16","1","9","1000","1000000","5756"
"1869","true","extensive-only","false","16","1","9","1000","1000000","5904"
"1871","true","extensive-only","false","16","1","9","1000","1000000","5404"
"1872","true","extensive-only","false","16","1","9","1000","1000000","5817"
"1873","true","extensive-only","false","16","1","9","1000","1000000","5715"
"1874","true","extensive-only","false","16","1","9","1000","1000000","5467"
"1875","true","extensive-only","false","16","1","9","1000","1000000","5379"
"1876","true","extensive-only","false","16","1","9","1000","1000000","6045"
"1877","true","extensive-only","false","16","1","9","1000","1000000","5757"
"1878","true","extensive-only","false","16","1","9","1000","1000000","5419"
"1879","true","extensive-only","false","16","1","9","1000","1000000","6035"
"1880","true","extensive-only","false","16","1","9","1000","1000000","5799"
"1881","true","extensive-only","false","16","1","9","1000","1000000","5237"
"1882","true","extensive-only","false","16","1","9","1000","1000000","6176"
"1883","true","extensive-only","false","16","1","9","1000","1000000","5754"
"1884","true","extensive-only","false","16","1","9","1000","1000000","5470"
"1885","true","extensive-only","false","16","1","9","1000","1000000","5880"
"1887","true","extensive-only","false","16","1","9","1000","1000000","6092"
"1886","true","extensive-only","false","16","1","9","1000","1000000","5940"
"1888","true","extensive-only","false","16","1","9","1000","1000000","5983"
"1889","true","extensive-only","false","16","1","9","1000","1000000","5751"
"1890","true","extensive-only","false","16","1","9","1000","1000000","5931"
"1891","true","extensive-only","false","16","1","9","1000","1000000","5852"
"1892","true","extensive-only","false","16","1","9","1000","1000000","4985"
"1893","true","extensive-only","false","16","1","9","1000","1000000","5867"
"1894","true","extensive-only","false","16","1","9","1000","1000000","5437"
"1895","true","extensive-only","false","16","1","9","1000","1000000","5159"
"1896","true","extensive-only","false","16","1","9","1000","1000000","5081"
"1897","true","extensive-only","false","16","1","9","1000","1000000","5581"
"1898","true","extensive-only","false","16","1","9","1000","1000000","5607"
"1899","true","extensive-only","false","16","1","9","1000","1000000","5778"
"1900","true","extensive-only","false","16","1","9","1000","1000000","5374"
"1901","true","extensive-only","false","16","1","9","1000","1000000","5361"
"1902","true","extensive-only","false","16","1","9","1000","1000000","5719"
"1904","true","extensive-only","false","16","1","9","1000","1000000","5559"
"1903","true","extensive-only","false","16","1","9","1000","1000000","6295"
"1905","true","extensive-only","false","16","1","9","1000","1000000","5370"
"1906","true","extensive-only","false","16","1","9","1000","1000000","5665"
"1907","true","extensive-only","false","16","1","9","1000","1000000","5736"
"1908","true","extensive-only","false","16","1","9","1000","1000000","5848"
"1909","true","extensive-only","false","16","1","9","1000","1000000","5227"
"1910","true","extensive-only","false","16","1","9","1000","1000000","5073"
"1911","true","extensive-only","false","16","1","9","1000","1000000","5855"
"1912","true","extensive-only","false","16","1","9","1000","1000000","5515"
"1913","true","extensive-only","false","16","1","9","1000","1000000","4965"
"1914","true","extensive-only","false","16","1","9","1000","1000000","5987"
"1915","true","extensive-only","false","16","1","9","1000","1000000","4590"
"1916","true","extensive-only","false","16","1","9","1000","1000000","6125"
"1918","true","extensive-only","false","16","1","9","1000","1000000","5677"
"1917","true","extensive-only","false","16","1","9","1000","1000000","5321"
"1919","true","extensive-only","false","16","1","9","1000","1000000","6184"
"1920","true","extensive-only","false","16","1","9","1000","1000000","5739"
"1922","true","extensive-only","false","17","1000","9","1000","1000000","7273"
"1921","true","extensive-only","false","17","1000","9","1000","1000000","7286"
"1923","true","extensive-only","false","17","1000","9","1000","1000000","6741"
"1924","true","extensive-only","false","17","1000","9","1000","1000000","7224"
"1925","true","extensive-only","false","17","1000","9","1000","1000000","7349"
"1926","true","extensive-only","false","17","1000","9","1000","1000000","7439"
"1927","true","extensive-only","false","17","1000","9","1000","1000000","7442"
"1928","true","extensive-only","false","17","1000","9","1000","1000000","7299"
"1929","true","extensive-only","false","17","1000","9","1000","1000000","7436"
"1930","true","extensive-only","false","17","1000","9","1000","1000000","7476"
"1931","true","extensive-only","false","17","1000","9","1000","1000000","7466"
"1932","true","extensive-only","false","17","1000","9","1000","1000000","7437"
"1933","true","extensive-only","false","17","1000","9","1000","1000000","7442"
"1934","true","extensive-only","false","17","1000","9","1000","1000000","7567"
"1935","true","extensive-only","false","17","1000","9","1000","1000000","7494"
"1936","true","extensive-only","false","17","1000","9","1000","1000000","7258"
"1937","true","extensive-only","false","17","1000","9","1000","1000000","7281"
"1938","true","extensive-only","false","17","1000","9","1000","1000000","7380"
"1939","true","extensive-only","false","17","1000","9","1000","1000000","7445"
"1940","true","extensive-only","false","17","1000","9","1000","1000000","7360"
"1941","true","extensive-only","false","17","1000","9","1000","1000000","7402"
"1942","true","extensive-only","false","17","1000","9","1000","1000000","7435"
"1943","true","extensive-only","false","17","1000","9","1000","1000000","7511"
"1944","true","extensive-only","false","17","1000","9","1000","1000000","7328"
"1945","true","extensive-only","false","17","1000","9","1000","1000000","7276"
"1947","true","extensive-only","false","17","1000","9","1000","1000000","7452"
"1946","true","extensive-only","false","17","1000","9","1000","1000000","7443"
"1948","true","extensive-only","false","17","1000","9","1000","1000000","7469"
"1949","true","extensive-only","false","17","1000","9","1000","1000000","7447"
"1950","true","extensive-only","false","17","1000","9","1000","1000000","7298"
"1951","true","extensive-only","false","17","1000","9","1000","1000000","7426"
"1952","true","extensive-only","false","17","1000","9","1000","1000000","7218"
"1953","true","extensive-only","false","17","1000","9","1000","1000000","7625"
"1954","true","extensive-only","false","17","1000","9","1000","1000000","7338"
"1955","true","extensive-only","false","17","1000","9","1000","1000000","7518"
"1956","true","extensive-only","false","17","1000","9","1000","1000000","7597"
"1957","true","extensive-only","false","17","1000","9","1000","1000000","7446"
"1959","true","extensive-only","false","17","1000","9","1000","1000000","7333"
"1958","true","extensive-only","false","17","1000","9","1000","1000000","7455"
"1960","true","extensive-only","false","17","1000","9","1000","1000000","7235"
"1961","true","extensive-only","false","17","1000","9","1000","1000000","7377"
"1962","true","extensive-only","false","17","1000","9","1000","1000000","7317"
"1963","true","extensive-only","false","17","1000","9","1000","1000000","7373"
"1964","true","extensive-only","false","17","1000","9","1000","1000000","7461"
"1965","true","extensive-only","false","17","1000","9","1000","1000000","7518"
"1966","true","extensive-only","false","17","1000","9","1000","1000000","7546"
"1967","true","extensive-only","false","17","1000","9","1000","1000000","7116"
"1968","true","extensive-only","false","17","1000","9","1000","1000000","7194"
"1969","true","extensive-only","false","17","1000","9","1000","1000000","7203"
"1970","true","extensive-only","false","17","1000","9","1000","1000000","7500"
"1972","true","extensive-only","false","17","1000","9","1000","1000000","7563"
"1971","true","extensive-only","false","17","1000","9","1000","1000000","7136"
"1973","true","extensive-only","false","17","1000","9","1000","1000000","7350"
"1974","true","extensive-only","false","17","1000","9","1000","1000000","7320"
"1975","true","extensive-only","false","17","1000","9","1000","1000000","7406"
"1976","true","extensive-only","false","17","1000","9","1000","1000000","7378"
"1977","true","extensive-only","false","17","1000","9","1000","1000000","7454"
"1981","true","extensive-only","false","17","1","9","1000","1000000","11631"
"1978","true","extensive-only","false","17","1000","9","1000","1000000","7392"
"1982","true","extensive-only","false","17","1","9","1000","1000000","10773"
"1979","true","extensive-only","false","17","1000","9","1000","1000000","7394"
"1983","true","extensive-only","false","17","1","9","1000","1000000","10450"
"1980","true","extensive-only","false","17","1000","9","1000","1000000","7540"
"1984","true","extensive-only","false","17","1","9","1000","1000000","10832"
"1985","true","extensive-only","false","17","1","9","1000","1000000","11518"
"1986","true","extensive-only","false","17","1","9","1000","1000000","11774"
"1987","true","extensive-only","false","17","1","9","1000","1000000","10458"
"1988","true","extensive-only","false","17","1","9","1000","1000000","11244"
"1989","true","extensive-only","false","17","1","9","1000","1000000","11379"
"1990","true","extensive-only","false","17","1","9","1000","1000000","10462"
"1991","true","extensive-only","false","17","1","9","1000","1000000","11914"
"1992","true","extensive-only","false","17","1","9","1000","1000000","12113"
"1993","true","extensive-only","false","17","1","9","1000","1000000","11473"
"1994","true","extensive-only","false","17","1","9","1000","1000000","11496"
"1995","true","extensive-only","false","17","1","9","1000","1000000","11436"
"1996","true","extensive-only","false","17","1","9","1000","1000000","11279"
"1998","true","extensive-only","false","17","1","9","1000","1000000","11645"
"1997","true","extensive-only","false","17","1","9","1000","1000000","11315"
"1999","true","extensive-only","false","17","1","9","1000","1000000","11788"
"2000","true","extensive-only","false","17","1","9","1000","1000000","11580"
"2001","true","extensive-only","false","17","1","9","1000","1000000","11551"
"2002","true","extensive-only","false","17","1","9","1000","1000000","11320"
"2003","true","extensive-only","false","17","1","9","1000","1000000","12060"
"2004","true","extensive-only","false","17","1","9","1000","1000000","10969"
"2005","true","extensive-only","false","17","1","9","1000","1000000","11672"
"2006","true","extensive-only","false","17","1","9","1000","1000000","11641"
"2007","true","extensive-only","false","17","1","9","1000","1000000","11860"
"2008","true","extensive-only","false","17","1","9","1000","1000000","10816"
"2009","true","extensive-only","false","17","1","9","1000","1000000","11109"
"2010","true","extensive-only","false","17","1","9","1000","1000000","11143"
"2011","true","extensive-only","false","17","1","9","1000","1000000","11791"
"2012","true","extensive-only","false","17","1","9","1000","1000000","11433"
"2013","true","extensive-only","false","17","1","9","1000","1000000","11683"
"2014","true","extensive-only","false","17","1","9","1000","1000000","11023"
"2015","true","extensive-only","false","17","1","9","1000","1000000","10922"
"2016","true","extensive-only","false","17","1","9","1000","1000000","11807"
"2017","true","extensive-only","false","17","1","9","1000","1000000","11069"
"2018","true","extensive-only","false","17","1","9","1000","1000000","11087"
"2019","true","extensive-only","false","17","1","9","1000","1000000","11580"
"2020","true","extensive-only","false","17","1","9","1000","1000000","11474"
"2021","true","extensive-only","false","17","1","9","1000","1000000","11361"
"2022","true","extensive-only","false","17","1","9","1000","1000000","11654"
"2023","true","extensive-only","false","17","1","9","1000","1000000","11563"
"2024","true","extensive-only","false","17","1","9","1000","1000000","11299"
"2025","true","extensive-only","false","17","1","9","1000","1000000","11469"
"2026","true","extensive-only","false","17","1","9","1000","1000000","11613"
"2027","true","extensive-only","false","17","1","9","1000","1000000","11019"
"2028","true","extensive-only","false","17","1","9","1000","1000000","11416"
"2030","true","extensive-only","false","17","1","9","1000","1000000","11352"
"2029","true","extensive-only","false","17","1","9","1000","1000000","11986"
"2031","true","extensive-only","false","17","1","9","1000","1000000","11566"
"2032","true","extensive-only","false","17","1","9","1000","1000000","11012"
"2033","true","extensive-only","false","17","1","9","1000","1000000","11287"
"2034","true","extensive-only","false","17","1","9","1000","1000000","11439"
"2035","true","extensive-only","false","17","1","9","1000","1000000","11058"
"2036","true","extensive-only","false","17","1","9","1000","1000000","11275"
"2038","true","extensive-only","false","17","1","9","1000","1000000","11186"
"2037","true","extensive-only","false","17","1","9","1000","1000000","11545"
"2039","true","extensive-only","false","17","1","9","1000","1000000","11324"
"2040","true","extensive-only","false","17","1","9","1000","1000000","11519"
"2041","true","extensive-only","false","18","1000","9","1000","1000000","11061"
"2043","true","extensive-only","false","18","1000","9","1000","1000000","10858"
"2042","true","extensive-only","false","18","1000","9","1000","1000000","10937"
"2044","true","extensive-only","false","18","1000","9","1000","1000000","11257"
"2045","true","extensive-only","false","18","1000","9","1000","1000000","11140"
"2046","true","extensive-only","false","18","1000","9","1000","1000000","11101"
"2047","true","extensive-only","false","18","1000","9","1000","1000000","11322"
"2048","true","extensive-only","false","18","1000","9","1000","1000000","11159"
"2049","true","extensive-only","false","18","1000","9","1000","1000000","10614"
"2050","true","extensive-only","false","18","1000","9","1000","1000000","10645"
"2051","true","extensive-only","false","18","1000","9","1000","1000000","10984"
"2052","true","extensive-only","false","18","1000","9","1000","1000000","10906"
"2053","true","extensive-only","false","18","1000","9","1000","1000000","11068"
"2054","true","extensive-only","false","18","1000","9","1000","1000000","10911"
"2055","true","extensive-only","false","18","1000","9","1000","1000000","10840"
"2056","true","extensive-only","false","18","1000","9","1000","1000000","11139"
"2057","true","extensive-only","false","18","1000","9","1000","1000000","11271"
"2059","true","extensive-only","false","18","1000","9","1000","1000000","10834"
"2058","true","extensive-only","false","18","1000","9","1000","1000000","10954"
"2060","true","extensive-only","false","18","1000","9","1000","1000000","10997"
"2061","true","extensive-only","false","18","1000","9","1000","1000000","10975"
"2062","true","extensive-only","false","18","1000","9","1000","1000000","11077"
"2063","true","extensive-only","false","18","1000","9","1000","1000000","11072"
"2064","true","extensive-only","false","18","1000","9","1000","1000000","10973"
"2065","true","extensive-only","false","18","1000","9","1000","1000000","11379"
"2066","true","extensive-only","false","18","1000","9","1000","1000000","10993"
"2067","true","extensive-only","false","18","1000","9","1000","1000000","10991"
"2068","true","extensive-only","false","18","1000","9","1000","1000000","11142"
"2069","true","extensive-only","false","18","1000","9","1000","1000000","10970"
"2070","true","extensive-only","false","18","1000","9","1000","1000000","11248"
"2071","true","extensive-only","false","18","1000","9","1000","1000000","10759"
"2072","true","extensive-only","false","18","1000","9","1000","1000000","11046"
"2073","true","extensive-only","false","18","1000","9","1000","1000000","10903"
"2074","true","extensive-only","false","18","1000","9","1000","1000000","10906"
"2075","true","extensive-only","false","18","1000","9","1000","1000000","10704"
"2076","true","extensive-only","false","18","1000","9","1000","1000000","11121"
"2077","true","extensive-only","false","18","1000","9","1000","1000000","10766"
"2078","true","extensive-only","false","18","1000","9","1000","1000000","10862"
"2079","true","extensive-only","false","18","1000","9","1000","1000000","11097"
"2080","true","extensive-only","false","18","1000","9","1000","1000000","11040"
"2081","true","extensive-only","false","18","1000","9","1000","1000000","10978"
"2082","true","extensive-only","false","18","1000","9","1000","1000000","10919"
"2083","true","extensive-only","false","18","1000","9","1000","1000000","11055"
"2084","true","extensive-only","false","18","1000","9","1000","1000000","11063"
"2085","true","extensive-only","false","18","1000","9","1000","1000000","11115"
"2086","true","extensive-only","false","18","1000","9","1000","1000000","11164"
"2087","true","extensive-only","false","18","1000","9","1000","1000000","11274"
"2088","true","extensive-only","false","18","1000","9","1000","1000000","10843"
"2089","true","extensive-only","false","18","1000","9","1000","1000000","11363"
"2090","true","extensive-only","false","18","1000","9","1000","1000000","11064"
"2092","true","extensive-only","false","18","1000","9","1000","1000000","10854"
"2091","true","extensive-only","false","18","1000","9","1000","1000000","11172"
"2093","true","extensive-only","false","18","1000","9","1000","1000000","10381"
"2094","true","extensive-only","false","18","1000","9","1000","1000000","10632"
"2095","true","extensive-only","false","18","1000","9","1000","1000000","10930"
"2096","true","extensive-only","false","18","1000","9","1000","1000000","10893"
"2097","true","extensive-only","false","18","1000","9","1000","1000000","11150"
"2098","true","extensive-only","false","18","1000","9","1000","1000000","10974"
"2100","true","extensive-only","false","18","1000","9","1000","1000000","11031"
"2099","true","extensive-only","false","18","1000","9","1000","1000000","10983"
"2101","true","extensive-only","false","18","1","9","1000","1000000","17373"
"2102","true","extensive-only","false","18","1","9","1000","1000000","17476"
"2103","true","extensive-only","false","18","1","9","1000","1000000","16887"
"2104","true","extensive-only","false","18","1","9","1000","1000000","17005"
"2105","true","extensive-only","false","18","1","9","1000","1000000","16278"
"2106","true","extensive-only","false","18","1","9","1000","1000000","17185"
"2107","true","extensive-only","false","18","1","9","1000","1000000","16721"
"2108","true","extensive-only","false","18","1","9","1000","1000000","17632"
"2109","true","extensive-only","false","18","1","9","1000","1000000","17112"
"2110","true","extensive-only","false","18","1","9","1000","1000000","16526"
"2111","true","extensive-only","false","18","1","9","1000","1000000","17491"
"2112","true","extensive-only","false","18","1","9","1000","1000000","16339"
"2113","true","extensive-only","false","18","1","9","1000","1000000","17333"
"2114","true","extensive-only","false","18","1","9","1000","1000000","16334"
"2115","true","extensive-only","false","18","1","9","1000","1000000","17267"
"2116","true","extensive-only","false","18","1","9","1000","1000000","16770"
"2117","true","extensive-only","false","18","1","9","1000","1000000","17739"
"2118","true","extensive-only","false","18","1","9","1000","1000000","17419"
"2119","true","extensive-only","false","18","1","9","1000","1000000","17396"
"2120","true","extensive-only","false","18","1","9","1000","1000000","17037"
"2121","true","extensive-only","false","18","1","9","1000","1000000","17255"
"2122","true","extensive-only","false","18","1","9","1000","1000000","16435"
"2124","true","extensive-only","false","18","1","9","1000","1000000","16748"
"2123","true","extensive-only","false","18","1","9","1000","1000000","17338"
"2125","true","extensive-only","false","18","1","9","1000","1000000","17181"
"2126","true","extensive-only","false","18","1","9","1000","1000000","17149"
"2127","true","extensive-only","false","18","1","9","1000","1000000","16478"
"2128","true","extensive-only","false","18","1","9","1000","1000000","16593"
"2129","true","extensive-only","false","18","1","9","1000","1000000","17063"
"2130","true","extensive-only","false","18","1","9","1000","1000000","17185"
"2131","true","extensive-only","false","18","1","9","1000","1000000","17535"
"2132","true","extensive-only","false","18","1","9","1000","1000000","16517"
"2133","true","extensive-only","false","18","1","9","1000","1000000","17990"
"2134","true","extensive-only","false","18","1","9","1000","1000000","16136"
"2135","true","extensive-only","false","18","1","9","1000","1000000","16631"
"2136","true","extensive-only","false","18","1","9","1000","1000000","16949"
"2137","true","extensive-only","false","18","1","9","1000","1000000","17297"
"2138","true","extensive-only","false","18","1","9","1000","1000000","17439"
"2139","true","extensive-only","false","18","1","9","1000","1000000","18199"
"2140","true","extensive-only","false","18","1","9","1000","1000000","16916"
"2141","true","extensive-only","false","18","1","9","1000","1000000","17655"
"2142","true","extensive-only","false","18","1","9","1000","1000000","16582"
"2143","true","extensive-only","false","18","1","9","1000","1000000","17212"
"2144","true","extensive-only","false","18","1","9","1000","1000000","16427"
"2145","true","extensive-only","false","18","1","9","1000","1000000","17930"
"2146","true","extensive-only","false","18","1","9","1000","1000000","17227"
"2147","true","extensive-only","false","18","1","9","1000","1000000","16760"
"2148","true","extensive-only","false","18","1","9","1000","1000000","18068"
"2149","true","extensive-only","false","18","1","9","1000","1000000","17017"
"2150","true","extensive-only","false","18","1","9","1000","1000000","16441"
"2151","true","extensive-only","false","18","1","9","1000","1000000","16360"
"2153","true","extensive-only","false","18","1","9","1000","1000000","16121"
"2152","true","extensive-only","false","18","1","9","1000","1000000","17137"
"2154","true","extensive-only","false","18","1","9","1000","1000000","16717"
"2155","true","extensive-only","false","18","1","9","1000","1000000","17106"
"2156","true","extensive-only","false","18","1","9","1000","1000000","16805"
"2157","true","extensive-only","false","18","1","9","1000","1000000","15945"
"2158","true","extensive-only","false","18","1","9","1000","1000000","17544"
"2159","true","extensive-only","false","18","1","9","1000","1000000","16702"
"2160","true","extensive-only","false","18","1","9","1000","1000000","16905"
"2161","true","extensive-only","false","19","1000","9","1000","1000000","14497"
"2162","true","extensive-only","false","19","1000","9","1000","1000000","14494"
"2163","true","extensive-only","false","19","1000","9","1000","1000000","14677"
"2164","true","extensive-only","false","19","1000","9","1000","1000000","14612"
"2165","true","extensive-only","false","19","1000","9","1000","1000000","14759"
"2166","true","extensive-only","false","19","1000","9","1000","1000000","14742"
"2167","true","extensive-only","false","19","1000","9","1000","1000000","14683"
"2168","true","extensive-only","false","19","1000","9","1000","1000000","14192"
"2169","true","extensive-only","false","19","1000","9","1000","1000000","14783"
"2170","true","extensive-only","false","19","1000","9","1000","1000000","14318"
"2171","true","extensive-only","false","19","1000","9","1000","1000000","14860"
"2172","true","extensive-only","false","19","1000","9","1000","1000000","14722"
"2173","true","extensive-only","false","19","1000","9","1000","1000000","14639"
"2174","true","extensive-only","false","19","1000","9","1000","1000000","14775"
"2175","true","extensive-only","false","19","1000","9","1000","1000000","14882"
"2176","true","extensive-only","false","19","1000","9","1000","1000000","14545"
"2178","true","extensive-only","false","19","1000","9","1000","1000000","14759"
"2177","true","extensive-only","false","19","1000","9","1000","1000000","14679"
"2179","true","extensive-only","false","19","1000","9","1000","1000000","15136"
"2180","true","extensive-only","false","19","1000","9","1000","1000000","14415"
"2182","true","extensive-only","false","19","1000","9","1000","1000000","14609"
"2181","true","extensive-only","false","19","1000","9","1000","1000000","14393"
"2183","true","extensive-only","false","19","1000","9","1000","1000000","14521"
"2184","true","extensive-only","false","19","1000","9","1000","1000000","14897"
"2185","true","extensive-only","false","19","1000","9","1000","1000000","14674"
"2186","true","extensive-only","false","19","1000","9","1000","1000000","15051"
"2187","true","extensive-only","false","19","1000","9","1000","1000000","14723"
"2188","true","extensive-only","false","19","1000","9","1000","1000000","14637"
"2189","true","extensive-only","false","19","1000","9","1000","1000000","14382"
"2190","true","extensive-only","false","19","1000","9","1000","1000000","14541"
"2191","true","extensive-only","false","19","1000","9","1000","1000000","14844"
"2192","true","extensive-only","false","19","1000","9","1000","1000000","14698"
"2193","true","extensive-only","false","19","1000","9","1000","1000000","14621"
"2194","true","extensive-only","false","19","1000","9","1000","1000000","14799"
"2195","true","extensive-only","false","19","1000","9","1000","1000000","14863"
"2196","true","extensive-only","false","19","1000","9","1000","1000000","14514"
"2197","true","extensive-only","false","19","1000","9","1000","1000000","14852"
"2198","true","extensive-only","false","19","1000","9","1000","1000000","14943"
"2199","true","extensive-only","false","19","1000","9","1000","1000000","14519"
"2200","true","extensive-only","false","19","1000","9","1000","1000000","14643"
"2201","true","extensive-only","false","19","1000","9","1000","1000000","14477"
"2204","true","extensive-only","false","19","1000","9","1000","1000000","14485"
"2203","true","extensive-only","false","19","1000","9","1000","1000000","14869"
"2202","true","extensive-only","false","19","1000","9","1000","1000000","14705"
"2205","true","extensive-only","false","19","1000","9","1000","1000000","14597"
"2206","true","extensive-only","false","19","1000","9","1000","1000000","14583"
"2207","true","extensive-only","false","19","1000","9","1000","1000000","14499"
"2208","true","extensive-only","false","19","1000","9","1000","1000000","14471"
"2209","true","extensive-only","false","19","1000","9","1000","1000000","14540"
"2210","true","extensive-only","false","19","1000","9","1000","1000000","14498"
"2211","true","extensive-only","false","19","1000","9","1000","1000000","14483"
"2212","true","extensive-only","false","19","1000","9","1000","1000000","14591"
"2214","true","extensive-only","false","19","1000","9","1000","1000000","14712"
"2213","true","extensive-only","false","19","1000","9","1000","1000000","14524"
"2215","true","extensive-only","false","19","1000","9","1000","1000000","14578"
"2216","true","extensive-only","false","19","1000","9","1000","1000000","14769"
"2217","true","extensive-only","false","19","1000","9","1000","1000000","14994"
"2218","true","extensive-only","false","19","1000","9","1000","1000000","15066"
"2219","true","extensive-only","false","19","1000","9","1000","1000000","14966"
"2221","true","extensive-only","false","19","1","9","1000","1000000","22931"
"2222","true","extensive-only","false","19","1","9","1000","1000000","21580"
"2220","true","extensive-only","false","19","1000","9","1000","1000000","14443"
"2223","true","extensive-only","false","19","1","9","1000","1000000","22620"
"2224","true","extensive-only","false","19","1","9","1000","1000000","22663"
"2225","true","extensive-only","false","19","1","9","1000","1000000","21758"
"2226","true","extensive-only","false","19","1","9","1000","1000000","22050"
"2227","true","extensive-only","false","19","1","9","1000","1000000","23135"
"2228","true","extensive-only","false","19","1","9","1000","1000000","22834"
"2229","true","extensive-only","false","19","1","9","1000","1000000","24126"
"2230","true","extensive-only","false","19","1","9","1000","1000000","22413"
"2231","true","extensive-only","false","19","1","9","1000","1000000","23597"
"2232","true","extensive-only","false","19","1","9","1000","1000000","24336"
"2233","true","extensive-only","false","19","1","9","1000","1000000","22505"
"2234","true","extensive-only","false","19","1","9","1000","1000000","22321"
"2235","true","extensive-only","false","19","1","9","1000","1000000","21789"
"2236","true","extensive-only","false","19","1","9","1000","1000000","22811"
"2237","true","extensive-only","false","19","1","9","1000","1000000","22088"
"2238","true","extensive-only","false","19","1","9","1000","1000000","22785"
"2239","true","extensive-only","false","19","1","9","1000","1000000","22203"
"2240","true","extensive-only","false","19","1","9","1000","1000000","22328"
"2241","true","extensive-only","false","19","1","9","1000","1000000","23278"
"2242","true","extensive-only","false","19","1","9","1000","1000000","23305"
"2243","true","extensive-only","false","19","1","9","1000","1000000","23341"
"2244","true","extensive-only","false","19","1","9","1000","1000000","22456"
"2245","true","extensive-only","false","19","1","9","1000","1000000","22202"
"2246","true","extensive-only","false","19","1","9","1000","1000000","22163"
"2247","true","extensive-only","false","19","1","9","1000","1000000","22909"
"2248","true","extensive-only","false","19","1","9","1000","1000000","22632"
"2249","true","extensive-only","false","19","1","9","1000","1000000","21790"
"2250","true","extensive-only","false","19","1","9","1000","1000000","22564"
"2251","true","extensive-only","false","19","1","9","1000","1000000","23744"
"2252","true","extensive-only","false","19","1","9","1000","1000000","22296"
"2253","true","extensive-only","false","19","1","9","1000","1000000","22059"
"2254","true","extensive-only","false","19","1","9","1000","1000000","22429"
"2255","true","extensive-only","false","19","1","9","1000","1000000","22570"
"2256","true","extensive-only","false","19","1","9","1000","1000000","22060"
"2257","true","extensive-only","false","19","1","9","1000","1000000","23610"
"2258","true","extensive-only","false","19","1","9","1000","1000000","23070"
"2259","true","extensive-only","false","19","1","9","1000","1000000","22989"
"2260","true","extensive-only","false","19","1","9","1000","1000000","23236"
"2261","true","extensive-only","false","19","1","9","1000","1000000","21807"
"2262","true","extensive-only","false","19","1","9","1000","1000000","21257"
"2263","true","extensive-only","false","19","1","9","1000","1000000","21971"
"2264","true","extensive-only","false","19","1","9","1000","1000000","22531"
"2265","true","extensive-only","false","19","1","9","1000","1000000","22867"
"2266","true","extensive-only","false","19","1","9","1000","1000000","23233"
"2267","true","extensive-only","false","19","1","9","1000","1000000","22916"
"2268","true","extensive-only","false","19","1","9","1000","1000000","22298"
"2269","true","extensive-only","false","19","1","9","1000","1000000","22135"
"2270","true","extensive-only","false","19","1","9","1000","1000000","23081"
"2271","true","extensive-only","false","19","1","9","1000","1000000","22875"
"2272","true","extensive-only","false","19","1","9","1000","1000000","20694"
"2274","true","extensive-only","false","19","1","9","1000","1000000","21033"
"2273","true","extensive-only","false","19","1","9","1000","1000000","23240"
"2275","true","extensive-only","false","19","1","9","1000","1000000","22429"
"2277","true","extensive-only","false","19","1","9","1000","1000000","21449"
"2276","true","extensive-only","false","19","1","9","1000","1000000","21520"
"2278","true","extensive-only","false","19","1","9","1000","1000000","22883"
"2279","true","extensive-only","false","19","1","9","1000","1000000","22853"
"2280","true","extensive-only","false","19","1","9","1000","1000000","22090"
"2281","true","extensive-only","false","20","1000","9","1000","1000000","18219"
"2282","true","extensive-only","false","20","1000","9","1000","1000000","17812"
"2283","true","extensive-only","false","20","1000","9","1000","1000000","18174"
"2284","true","extensive-only","false","20","1000","9","1000","1000000","17987"
"2285","true","extensive-only","false","20","1000","9","1000","1000000","18024"
"2286","true","extensive-only","false","20","1000","9","1000","1000000","17971"
"2287","true","extensive-only","false","20","1000","9","1000","1000000","17913"
"2288","true","extensive-only","false","20","1000","9","1000","1000000","17970"
"2289","true","extensive-only","false","20","1000","9","1000","1000000","17775"
"2290","true","extensive-only","false","20","1000","9","1000","1000000","17934"
"2291","true","extensive-only","false","20","1000","9","1000","1000000","17753"
"2293","true","extensive-only","false","20","1000","9","1000","1000000","17713"
"2292","true","extensive-only","false","20","1000","9","1000","1000000","18449"
"2294","true","extensive-only","false","20","1000","9","1000","1000000","18257"
"2295","true","extensive-only","false","20","1000","9","1000","1000000","17775"
"2296","true","extensive-only","false","20","1000","9","1000","1000000","17726"
"2297","true","extensive-only","false","20","1000","9","1000","1000000","17793"
"2298","true","extensive-only","false","20","1000","9","1000","1000000","17838"
"2299","true","extensive-only","false","20","1000","9","1000","1000000","17894"
"2300","true","extensive-only","false","20","1000","9","1000","1000000","17959"
"2301","true","extensive-only","false","20","1000","9","1000","1000000","18115"
"2302","true","extensive-only","false","20","1000","9","1000","1000000","17604"
"2304","true","extensive-only","false","20","1000","9","1000","1000000","18016"
"2303","true","extensive-only","false","20","1000","9","1000","1000000","17853"
"2305","true","extensive-only","false","20","1000","9","1000","1000000","17894"
"2306","true","extensive-only","false","20","1000","9","1000","1000000","17759"
"2307","true","extensive-only","false","20","1000","9","1000","1000000","17817"
"2308","true","extensive-only","false","20","1000","9","1000","1000000","18313"
"2309","true","extensive-only","false","20","1000","9","1000","1000000","18355"
"2311","true","extensive-only","false","20","1000","9","1000","1000000","18149"
"2312","true","extensive-only","false","20","1000","9","1000","1000000","17621"
"2310","true","extensive-only","false","20","1000","9","1000","1000000","18027"
"2313","true","extensive-only","false","20","1000","9","1000","1000000","17802"
"2314","true","extensive-only","false","20","1000","9","1000","1000000","17755"
"2315","true","extensive-only","false","20","1000","9","1000","1000000","17867"
"2316","true","extensive-only","false","20","1000","9","1000","1000000","17762"
"2317","true","extensive-only","false","20","1000","9","1000","1000000","18167"
"2318","true","extensive-only","false","20","1000","9","1000","1000000","18423"
"2319","true","extensive-only","false","20","1000","9","1000","1000000","17904"
"2320","true","extensive-only","false","20","1000","9","1000","1000000","17956"
"2321","true","extensive-only","false","20","1000","9","1000","1000000","18042"
"2322","true","extensive-only","false","20","1000","9","1000","1000000","17959"
"2323","true","extensive-only","false","20","1000","9","1000","1000000","18343"
"2324","true","extensive-only","false","20","1000","9","1000","1000000","17888"
"2325","true","extensive-only","false","20","1000","9","1000","1000000","17529"
"2326","true","extensive-only","false","20","1000","9","1000","1000000","17818"
"2327","true","extensive-only","false","20","1000","9","1000","1000000","17941"
"2328","true","extensive-only","false","20","1000","9","1000","1000000","17943"
"2329","true","extensive-only","false","20","1000","9","1000","1000000","17832"
"2330","true","extensive-only","false","20","1000","9","1000","1000000","17801"
"2331","true","extensive-only","false","20","1000","9","1000","1000000","18032"
"2332","true","extensive-only","false","20","1000","9","1000","1000000","17775"
"2333","true","extensive-only","false","20","1000","9","1000","1000000","18035"
"2334","true","extensive-only","false","20","1000","9","1000","1000000","17924"
"2335","true","extensive-only","false","20","1000","9","1000","1000000","17943"
"2336","true","extensive-only","false","20","1000","9","1000","1000000","17831"
"2337","true","extensive-only","false","20","1000","9","1000","1000000","17860"
"2338","true","extensive-only","false","20","1000","9","1000","1000000","18090"
"2339","true","extensive-only","false","20","1000","9","1000","1000000","17767"
"2341","true","extensive-only","false","20","1","9","1000","1000000","26824"
"2340","true","extensive-only","false","20","1000","9","1000","1000000","18236"
"2342","true","extensive-only","false","20","1","9","1000","1000000","28085"
"2343","true","extensive-only","false","20","1","9","1000","1000000","27335"
"2344","true","extensive-only","false","20","1","9","1000","1000000","26631"
"2345","true","extensive-only","false","20","1","9","1000","1000000","26696"
"2346","true","extensive-only","false","20","1","9","1000","1000000","27828"
"2347","true","extensive-only","false","20","1","9","1000","1000000","28284"
"2348","true","extensive-only","false","20","1","9","1000","1000000","26292"
"2349","true","extensive-only","false","20","1","9","1000","1000000","26965"
"2350","true","extensive-only","false","20","1","9","1000","1000000","26366"
"2351","true","extensive-only","false","20","1","9","1000","1000000","28041"
"2352","true","extensive-only","false","20","1","9","1000","1000000","28136"
"2353","true","extensive-only","false","20","1","9","1000","1000000","28540"
"2354","true","extensive-only","false","20","1","9","1000","1000000","28108"
"2356","true","extensive-only","false","20","1","9","1000","1000000","28478"
"2355","true","extensive-only","false","20","1","9","1000","1000000","27331"
"2357","true","extensive-only","false","20","1","9","1000","1000000","26985"
"2358","true","extensive-only","false","20","1","9","1000","1000000","27337"
"2359","true","extensive-only","false","20","1","9","1000","1000000","27358"
"2360","true","extensive-only","false","20","1","9","1000","1000000","28306"
"2361","true","extensive-only","false","20","1","9","1000","1000000","27203"
"2362","true","extensive-only","false","20","1","9","1000","1000000","27352"
"2364","true","extensive-only","false","20","1","9","1000","1000000","26266"
"2363","true","extensive-only","false","20","1","9","1000","1000000","27247"
"2365","true","extensive-only","false","20","1","9","1000","1000000","28617"
"2367","true","extensive-only","false","20","1","9","1000","1000000","27835"
"2366","true","extensive-only","false","20","1","9","1000","1000000","27634"
"2368","true","extensive-only","false","20","1","9","1000","1000000","27433"
"2369","true","extensive-only","false","20","1","9","1000","1000000","27209"
"2372","true","extensive-only","false","20","1","9","1000","1000000","27670"
"2370","true","extensive-only","false","20","1","9","1000","1000000","28355"
"2371","true","extensive-only","false","20","1","9","1000","1000000","27206"
"2373","true","extensive-only","false","20","1","9","1000","1000000","28947"
"2374","true","extensive-only","false","20","1","9","1000","1000000","28773"
"2375","true","extensive-only","false","20","1","9","1000","1000000","29024"
"2376","true","extensive-only","false","20","1","9","1000","1000000","26695"
"2377","true","extensive-only","false","20","1","9","1000","1000000","27837"
"2378","true","extensive-only","false","20","1","9","1000","1000000","28312"
"2379","true","extensive-only","false","20","1","9","1000","1000000","26796"
"2380","true","extensive-only","false","20","1","9","1000","1000000","26892"
"2381","true","extensive-only","false","20","1","9","1000","1000000","28144"
"2382","true","extensive-only","false","20","1","9","1000","1000000","27601"
"2383","true","extensive-only","false","20","1","9","1000","1000000","27417"
"2384","true","extensive-only","false","20","1","9","1000","1000000","28172"
"2385","true","extensive-only","false","20","1","9","1000","1000000","27423"
"2386","true","extensive-only","false","20","1","9","1000","1000000","26583"
"2387","true","extensive-only","false","20","1","9","1000","1000000","27365"
"2388","true","extensive-only","false","20","1","9","1000","1000000","27304"
"2389","true","extensive-only","false","20","1","9","1000","1000000","27791"
"2390","true","extensive-only","false","20","1","9","1000","1000000","26841"
"2391","true","extensive-only","false","20","1","9","1000","1000000","28345"
"2393","true","extensive-only","false","20","1","9","1000","1000000","29145"
"2392","true","extensive-only","false","20","1","9","1000","1000000","28407"
"2394","true","extensive-only","false","20","1","9","1000","1000000","28095"
"2395","true","extensive-only","false","20","1","9","1000","1000000","26809"
"2396","true","extensive-only","false","20","1","9","1000","1000000","27804"
"2397","true","extensive-only","false","20","1","9","1000","1000000","27158"
"2401","true","extensive-only","false","21","1000","9","1000","1000000","1872"
"2398","true","extensive-only","false","20","1","9","1000","1000000","27868"
"2402","true","extensive-only","false","21","1000","9","1000","1000000","1858"
"2399","true","extensive-only","false","20","1","9","1000","1000000","27422"
"2403","true","extensive-only","false","21","1000","9","1000","1000000","1905"
"2404","true","extensive-only","false","21","1000","9","1000","1000000","1902"
"2405","true","extensive-only","false","21","1000","9","1000","1000000","1919"
"2400","true","extensive-only","false","20","1","9","1000","1000000","27400"
"2406","true","extensive-only","false","21","1000","9","1000","1000000","1880"
"2407","true","extensive-only","false","21","1000","9","1000","1000000","1901"
"2408","true","extensive-only","false","21","1000","9","1000","1000000","1937"
"2409","true","extensive-only","false","21","1000","9","1000","1000000","1890"
"2410","true","extensive-only","false","21","1000","9","1000","1000000","1887"
"2411","true","extensive-only","false","21","1000","9","1000","1000000","1955"
"2412","true","extensive-only","false","21","1000","9","1000","1000000","1976"
"2413","true","extensive-only","false","21","1000","9","1000","1000000","1893"
"2414","true","extensive-only","false","21","1000","9","1000","1000000","1918"
"2415","true","extensive-only","false","21","1000","9","1000","1000000","1932"
"2417","true","extensive-only","false","21","1000","9","1000","1000000","1863"
"2416","true","extensive-only","false","21","1000","9","1000","1000000","1874"
"2418","true","extensive-only","false","21","1000","9","1000","1000000","1878"
"2419","true","extensive-only","false","21","1000","9","1000","1000000","1890"
"2420","true","extensive-only","false","21","1000","9","1000","1000000","1928"
"2421","true","extensive-only","false","21","1000","9","1000","1000000","1927"
"2422","true","extensive-only","false","21","1000","9","1000","1000000","1928"
"2423","true","extensive-only","false","21","1000","9","1000","1000000","1926"
"2424","true","extensive-only","false","21","1000","9","1000","1000000","1906"
"2425","true","extensive-only","false","21","1000","9","1000","1000000","1924"
"2426","true","extensive-only","false","21","1000","9","1000","1000000","1903"
"2427","true","extensive-only","false","21","1000","9","1000","1000000","1921"
"2428","true","extensive-only","false","21","1000","9","1000","1000000","1890"
"2429","true","extensive-only","false","21","1000","9","1000","1000000","1930"
"2430","true","extensive-only","false","21","1000","9","1000","1000000","1945"
"2431","true","extensive-only","false","21","1000","9","1000","1000000","1944"
"2432","true","extensive-only","false","21","1000","9","1000","1000000","1933"
"2433","true","extensive-only","false","21","1000","9","1000","1000000","1867"
"2434","true","extensive-only","false","21","1000","9","1000","1000000","1947"
"2435","true","extensive-only","false","21","1000","9","1000","1000000","1927"
"2436","true","extensive-only","false","21","1000","9","1000","1000000","1875"
"2437","true","extensive-only","false","21","1000","9","1000","1000000","1875"
"2438","true","extensive-only","false","21","1000","9","1000","1000000","1971"
"2439","true","extensive-only","false","21","1000","9","1000","1000000","1969"
"2440","true","extensive-only","false","21","1000","9","1000","1000000","1852"
"2441","true","extensive-only","false","21","1000","9","1000","1000000","1933"
"2442","true","extensive-only","false","21","1000","9","1000","1000000","1930"
"2443","true","extensive-only","false","21","1000","9","1000","1000000","1954"
"2444","true","extensive-only","false","21","1000","9","1000","1000000","1889"
"2445","true","extensive-only","false","21","1000","9","1000","1000000","1910"
"2446","true","extensive-only","false","21","1000","9","1000","1000000","1775"
"2447","true","extensive-only","false","21","1000","9","1000","1000000","1937"
"2448","true","extensive-only","false","21","1000","9","1000","1000000","1933"
"2449","true","extensive-only","false","21","1000","9","1000","1000000","1910"
"2450","true","extensive-only","false","21","1000","9","1000","1000000","1942"
"2451","true","extensive-only","false","21","1000","9","1000","1000000","1909"
"2452","true","extensive-only","false","21","1000","9","1000","1000000","1837"
"2453","true","extensive-only","false","21","1000","9","1000","1000000","1959"
"2454","true","extensive-only","false","21","1000","9","1000","1000000","1944"
"2455","true","extensive-only","false","21","1000","9","1000","1000000","1908"
"2456","true","extensive-only","false","21","1000","9","1000","1000000","1866"
"2457","true","extensive-only","false","21","1000","9","1000","1000000","1913"
"2458","true","extensive-only","false","21","1000","9","1000","1000000","1907"
"2459","true","extensive-only","false","21","1000","9","1000","1000000","1878"
"2461","true","extensive-only","false","21","1","9","1000","1000000","3071"
"2460","true","extensive-only","false","21","1000","9","1000","1000000","1922"
"2462","true","extensive-only","false","21","1","9","1000","1000000","3295"
"2464","true","extensive-only","false","21","1","9","1000","1000000","3208"
"2463","true","extensive-only","false","21","1","9","1000","1000000","3172"
"2465","true","extensive-only","false","21","1","9","1000","1000000","2948"
"2466","true","extensive-only","false","21","1","9","1000","1000000","3066"
"2467","true","extensive-only","false","21","1","9","1000","1000000","3259"
"2468","true","extensive-only","false","21","1","9","1000","1000000","3210"
"2469","true","extensive-only","false","21","1","9","1000","1000000","3125"
"2470","true","extensive-only","false","21","1","9","1000","1000000","3239"
"2471","true","extensive-only","false","21","1","9","1000","1000000","3265"
"2472","true","extensive-only","false","21","1","9","1000","1000000","3113"
"2473","true","extensive-only","false","21","1","9","1000","1000000","3181"
"2474","true","extensive-only","false","21","1","9","1000","1000000","3153"
"2475","true","extensive-only","false","21","1","9","1000","1000000","3089"
"2476","true","extensive-only","false","21","1","9","1000","1000000","3198"
"2477","true","extensive-only","false","21","1","9","1000","1000000","3042"
"2478","true","extensive-only","false","21","1","9","1000","1000000","3266"
"2479","true","extensive-only","false","21","1","9","1000","1000000","3100"
"2480","true","extensive-only","false","21","1","9","1000","1000000","3164"
"2481","true","extensive-only","false","21","1","9","1000","1000000","3200"
"2482","true","extensive-only","false","21","1","9","1000","1000000","3231"
"2483","true","extensive-only","false","21","1","9","1000","1000000","3242"
"2484","true","extensive-only","false","21","1","9","1000","1000000","3039"
"2485","true","extensive-only","false","21","1","9","1000","1000000","3182"
"2486","true","extensive-only","false","21","1","9","1000","1000000","3127"
"2487","true","extensive-only","false","21","1","9","1000","1000000","3211"
"2488","true","extensive-only","false","21","1","9","1000","1000000","3233"
"2489","true","extensive-only","false","21","1","9","1000","1000000","3186"
"2490","true","extensive-only","false","21","1","9","1000","1000000","3161"
"2491","true","extensive-only","false","21","1","9","1000","1000000","3236"
"2492","true","extensive-only","false","21","1","9","1000","1000000","3198"
"2493","true","extensive-only","false","21","1","9","1000","1000000","3161"
"2494","true","extensive-only","false","21","1","9","1000","1000000","3089"
"2495","true","extensive-only","false","21","1","9","1000","1000000","3162"
"2496","true","extensive-only","false","21","1","9","1000","1000000","2843"
"2497","true","extensive-only","false","21","1","9","1000","1000000","3184"
"2498","true","extensive-only","false","21","1","9","1000","1000000","3052"
"2499","true","extensive-only","false","21","1","9","1000","1000000","3217"
"2500","true","extensive-only","false","21","1","9","1000","1000000","3092"
"2501","true","extensive-only","false","21","1","9","1000","1000000","2824"
"2502","true","extensive-only","false","21","1","9","1000","1000000","3230"
"2503","true","extensive-only","false","21","1","9","1000","1000000","3232"
"2504","true","extensive-only","false","21","1","9","1000","1000000","3064"
"2505","true","extensive-only","false","21","1","9","1000","1000000","3287"
"2506","true","extensive-only","false","21","1","9","1000","1000000","3046"
"2507","true","extensive-only","false","21","1","9","1000","1000000","3118"
"2508","true","extensive-only","false","21","1","9","1000","1000000","3240"
"2509","true","extensive-only","false","21","1","9","1000","1000000","3162"
"2510","true","extensive-only","false","21","1","9","1000","1000000","3250"
"2511","true","extensive-only","false","21","1","9","1000","1000000","3236"
"2512","true","extensive-only","false","21","1","9","1000","1000000","3323"
"2513","true","extensive-only","false","21","1","9","1000","1000000","3012"
"2514","true","extensive-only","false","21","1","9","1000","1000000","3059"
"2515","true","extensive-only","false","21","1","9","1000","1000000","3151"
"2516","true","extensive-only","false","21","1","9","1000","1000000","3254"
"2517","true","extensive-only","false","21","1","9","1000","1000000","3150"
"2519","true","extensive-only","false","21","1","9","1000","1000000","3300"
"2518","true","extensive-only","false","21","1","9","1000","1000000","3068"
"2520","true","extensive-only","false","21","1","9","1000","1000000","3018"
"2521","true","extensive-only","false","22","1000","9","1000","1000000","3743"
"2522","true","extensive-only","false","22","1000","9","1000","1000000","3724"
"2523","true","extensive-only","false","22","1000","9","1000","1000000","3774"
"2524","true","extensive-only","false","22","1000","9","1000","1000000","3769"
"2525","true","extensive-only","false","22","1000","9","1000","1000000","3823"
"2526","true","extensive-only","false","22","1000","9","1000","1000000","3773"
"2527","true","extensive-only","false","22","1000","9","1000","1000000","3698"
"2528","true","extensive-only","false","22","1000","9","1000","1000000","3689"
"2529","true","extensive-only","false","22","1000","9","1000","1000000","3852"
"2530","true","extensive-only","false","22","1000","9","1000","1000000","3827"
"2531","true","extensive-only","false","22","1000","9","1000","1000000","3752"
"2532","true","extensive-only","false","22","1000","9","1000","1000000","3806"
"2533","true","extensive-only","false","22","1000","9","1000","1000000","3829"
"2534","true","extensive-only","false","22","1000","9","1000","1000000","3877"
"2535","true","extensive-only","false","22","1000","9","1000","1000000","3799"
"2536","true","extensive-only","false","22","1000","9","1000","1000000","3848"
"2537","true","extensive-only","false","22","1000","9","1000","1000000","3862"
"2538","true","extensive-only","false","22","1000","9","1000","1000000","3767"
"2539","true","extensive-only","false","22","1000","9","1000","1000000","3646"
"2540","true","extensive-only","false","22","1000","9","1000","1000000","3855"
"2541","true","extensive-only","false","22","1000","9","1000","1000000","3749"
"2542","true","extensive-only","false","22","1000","9","1000","1000000","3709"
"2543","true","extensive-only","false","22","1000","9","1000","1000000","3791"
"2544","true","extensive-only","false","22","1000","9","1000","1000000","3816"
"2545","true","extensive-only","false","22","1000","9","1000","1000000","3772"
"2546","true","extensive-only","false","22","1000","9","1000","1000000","3832"
"2547","true","extensive-only","false","22","1000","9","1000","1000000","3814"
"2548","true","extensive-only","false","22","1000","9","1000","1000000","3786"
"2549","true","extensive-only","false","22","1000","9","1000","1000000","3842"
"2550","true","extensive-only","false","22","1000","9","1000","1000000","3834"
"2551","true","extensive-only","false","22","1000","9","1000","1000000","3839"
"2552","true","extensive-only","false","22","1000","9","1000","1000000","3825"
"2553","true","extensive-only","false","22","1000","9","1000","1000000","3725"
"2554","true","extensive-only","false","22","1000","9","1000","1000000","3764"
"2555","true","extensive-only","false","22","1000","9","1000","1000000","3695"
"2556","true","extensive-only","false","22","1000","9","1000","1000000","3889"
"2557","true","extensive-only","false","22","1000","9","1000","1000000","3710"
"2558","true","extensive-only","false","22","1000","9","1000","1000000","3768"
"2559","true","extensive-only","false","22","1000","9","1000","1000000","3844"
"2560","true","extensive-only","false","22","1000","9","1000","1000000","3858"
"2561","true","extensive-only","false","22","1000","9","1000","1000000","3757"
"2562","true","extensive-only","false","22","1000","9","1000","1000000","3877"
"2563","true","extensive-only","false","22","1000","9","1000","1000000","3886"
"2564","true","extensive-only","false","22","1000","9","1000","1000000","3822"
"2565","true","extensive-only","false","22","1000","9","1000","1000000","3869"
"2566","true","extensive-only","false","22","1000","9","1000","1000000","3810"
"2567","true","extensive-only","false","22","1000","9","1000","1000000","3906"
"2568","true","extensive-only","false","22","1000","9","1000","1000000","3841"
"2569","true","extensive-only","false","22","1000","9","1000","1000000","3843"
"2570","true","extensive-only","false","22","1000","9","1000","1000000","3799"
"2571","true","extensive-only","false","22","1000","9","1000","1000000","3868"
"2572","true","extensive-only","false","22","1000","9","1000","1000000","3831"
"2573","true","extensive-only","false","22","1000","9","1000","1000000","3848"
"2574","true","extensive-only","false","22","1000","9","1000","1000000","3774"
"2575","true","extensive-only","false","22","1000","9","1000","1000000","3859"
"2576","true","extensive-only","false","22","1000","9","1000","1000000","3853"
"2577","true","extensive-only","false","22","1000","9","1000","1000000","3766"
"2578","true","extensive-only","false","22","1000","9","1000","1000000","3878"
"2579","true","extensive-only","false","22","1000","9","1000","1000000","3804"
"2580","true","extensive-only","false","22","1000","9","1000","1000000","3764"
"2581","true","extensive-only","false","22","1","9","1000","1000000","6237"
"2582","true","extensive-only","false","22","1","9","1000","1000000","6373"
"2583","true","extensive-only","false","22","1","9","1000","1000000","6445"
"2584","true","extensive-only","false","22","1","9","1000","1000000","6338"
"2585","true","extensive-only","false","22","1","9","1000","1000000","6062"
"2586","true","extensive-only","false","22","1","9","1000","1000000","6473"
"2588","true","extensive-only","false","22","1","9","1000","1000000","6096"
"2587","true","extensive-only","false","22","1","9","1000","1000000","6385"
"2589","true","extensive-only","false","22","1","9","1000","1000000","6193"
"2590","true","extensive-only","false","22","1","9","1000","1000000","6396"
"2591","true","extensive-only","false","22","1","9","1000","1000000","6383"
"2592","true","extensive-only","false","22","1","9","1000","1000000","5848"
"2593","true","extensive-only","false","22","1","9","1000","1000000","6165"
"2594","true","extensive-only","false","22","1","9","1000","1000000","5998"
"2595","true","extensive-only","false","22","1","9","1000","1000000","6343"
"2596","true","extensive-only","false","22","1","9","1000","1000000","6344"
"2597","true","extensive-only","false","22","1","9","1000","1000000","6400"
"2598","true","extensive-only","false","22","1","9","1000","1000000","6372"
"2599","true","extensive-only","false","22","1","9","1000","1000000","6315"
"2600","true","extensive-only","false","22","1","9","1000","1000000","6425"
"2601","true","extensive-only","false","22","1","9","1000","1000000","6531"
"2602","true","extensive-only","false","22","1","9","1000","1000000","6185"
"2603","true","extensive-only","false","22","1","9","1000","1000000","6420"
"2604","true","extensive-only","false","22","1","9","1000","1000000","6324"
"2605","true","extensive-only","false","22","1","9","1000","1000000","6618"
"2606","true","extensive-only","false","22","1","9","1000","1000000","6407"
"2607","true","extensive-only","false","22","1","9","1000","1000000","6289"
"2609","true","extensive-only","false","22","1","9","1000","1000000","6326"
"2608","true","extensive-only","false","22","1","9","1000","1000000","6489"
"2610","true","extensive-only","false","22","1","9","1000","1000000","6451"
"2611","true","extensive-only","false","22","1","9","1000","1000000","6292"
"2612","true","extensive-only","false","22","1","9","1000","1000000","6207"
"2614","true","extensive-only","false","22","1","9","1000","1000000","6343"
"2613","true","extensive-only","false","22","1","9","1000","1000000","6207"
"2615","true","extensive-only","false","22","1","9","1000","1000000","6360"
"2616","true","extensive-only","false","22","1","9","1000","1000000","6365"
"2617","true","extensive-only","false","22","1","9","1000","1000000","6218"
"2618","true","extensive-only","false","22","1","9","1000","1000000","6201"
"2619","true","extensive-only","false","22","1","9","1000","1000000","6344"
"2620","true","extensive-only","false","22","1","9","1000","1000000","6368"
"2621","true","extensive-only","false","22","1","9","1000","1000000","6490"
"2622","true","extensive-only","false","22","1","9","1000","1000000","6227"
"2623","true","extensive-only","false","22","1","9","1000","1000000","6189"
"2624","true","extensive-only","false","22","1","9","1000","1000000","6278"
"2626","true","extensive-only","false","22","1","9","1000","1000000","6194"
"2625","true","extensive-only","false","22","1","9","1000","1000000","6298"
"2627","true","extensive-only","false","22","1","9","1000","1000000","6416"
"2628","true","extensive-only","false","22","1","9","1000","1000000","6372"
"2629","true","extensive-only","false","22","1","9","1000","1000000","6322"
"2630","true","extensive-only","false","22","1","9","1000","1000000","6437"
"2631","true","extensive-only","false","22","1","9","1000","1000000","6256"
"2633","true","extensive-only","false","22","1","9","1000","1000000","6189"
"2632","true","extensive-only","false","22","1","9","1000","1000000","6309"
"2634","true","extensive-only","false","22","1","9","1000","1000000","6442"
"2635","true","extensive-only","false","22","1","9","1000","1000000","6455"
"2636","true","extensive-only","false","22","1","9","1000","1000000","6255"
"2637","true","extensive-only","false","22","1","9","1000","1000000","6413"
"2638","true","extensive-only","false","22","1","9","1000","1000000","6352"
"2639","true","extensive-only","false","22","1","9","1000","1000000","6151"
"2640","true","extensive-only","false","22","1","9","1000","1000000","6306"
"2642","true","extensive-only","false","23","1000","9","1000","1000000","7717"
"2641","true","extensive-only","false","23","1000","9","1000","1000000","7647"
"2643","true","extensive-only","false","23","1000","9","1000","1000000","7507"
"2644","true","extensive-only","false","23","1000","9","1000","1000000","7652"
"2645","true","extensive-only","false","23","1000","9","1000","1000000","7515"
"2646","true","extensive-only","false","23","1000","9","1000","1000000","7728"
"2647","true","extensive-only","false","23","1000","9","1000","1000000","7550"
"2648","true","extensive-only","false","23","1000","9","1000","1000000","7542"
"2649","true","extensive-only","false","23","1000","9","1000","1000000","7593"
"2650","true","extensive-only","false","23","1000","9","1000","1000000","7650"
"2651","true","extensive-only","false","23","1000","9","1000","1000000","7616"
"2652","true","extensive-only","false","23","1000","9","1000","1000000","7579"
"2653","true","extensive-only","false","23","1000","9","1000","1000000","7671"
"2654","true","extensive-only","false","23","1000","9","1000","1000000","7731"
"2656","true","extensive-only","false","23","1000","9","1000","1000000","7575"
"2655","true","extensive-only","false","23","1000","9","1000","1000000","7713"
"2657","true","extensive-only","false","23","1000","9","1000","1000000","7551"
"2658","true","extensive-only","false","23","1000","9","1000","1000000","7597"
"2659","true","extensive-only","false","23","1000","9","1000","1000000","7675"
"2660","true","extensive-only","false","23","1000","9","1000","1000000","7626"
"2661","true","extensive-only","false","23","1000","9","1000","1000000","7472"
"2662","true","extensive-only","false","23","1000","9","1000","1000000","7612"
"2663","true","extensive-only","false","23","1000","9","1000","1000000","7622"
"2664","true","extensive-only","false","23","1000","9","1000","1000000","7715"
"2666","true","extensive-only","false","23","1000","9","1000","1000000","7541"
"2665","true","extensive-only","false","23","1000","9","1000","1000000","7711"
"2667","true","extensive-only","false","23","1000","9","1000","1000000","7567"
"2668","true","extensive-only","false","23","1000","9","1000","1000000","7563"
"2669","true","extensive-only","false","23","1000","9","1000","1000000","7688"
"2670","true","extensive-only","false","23","1000","9","1000","1000000","7593"
"2671","true","extensive-only","false","23","1000","9","1000","1000000","7701"
"2672","true","extensive-only","false","23","1000","9","1000","1000000","7685"
"2673","true","extensive-only","false","23","1000","9","1000","1000000","7811"
"2674","true","extensive-only","false","23","1000","9","1000","1000000","7598"
"2675","true","extensive-only","false","23","1000","9","1000","1000000","7699"
"2676","true","extensive-only","false","23","1000","9","1000","1000000","7709"
"2677","true","extensive-only","false","23","1000","9","1000","1000000","7556"
"2678","true","extensive-only","false","23","1000","9","1000","1000000","7572"
"2679","true","extensive-only","false","23","1000","9","1000","1000000","7428"
"2680","true","extensive-only","false","23","1000","9","1000","1000000","7735"
"2681","true","extensive-only","false","23","1000","9","1000","1000000","7636"
"2682","true","extensive-only","false","23","1000","9","1000","1000000","7740"
"2683","true","extensive-only","false","23","1000","9","1000","1000000","7615"
"2684","true","extensive-only","false","23","1000","9","1000","1000000","7669"
"2685","true","extensive-only","false","23","1000","9","1000","1000000","7626"
"2686","true","extensive-only","false","23","1000","9","1000","1000000","7613"
"2687","true","extensive-only","false","23","1000","9","1000","1000000","7487"
"2688","true","extensive-only","false","23","1000","9","1000","1000000","7614"
"2689","true","extensive-only","false","23","1000","9","1000","1000000","7675"
"2690","true","extensive-only","false","23","1000","9","1000","1000000","7625"
"2691","true","extensive-only","false","23","1000","9","1000","1000000","7626"
"2692","true","extensive-only","false","23","1000","9","1000","1000000","7585"
"2693","true","extensive-only","false","23","1000","9","1000","1000000","7539"
"2694","true","extensive-only","false","23","1000","9","1000","1000000","7558"
"2695","true","extensive-only","false","23","1000","9","1000","1000000","7528"
"2696","true","extensive-only","false","23","1000","9","1000","1000000","7616"
"2697","true","extensive-only","false","23","1000","9","1000","1000000","7608"
"2698","true","extensive-only","false","23","1000","9","1000","1000000","7632"
"2699","true","extensive-only","false","23","1000","9","1000","1000000","7582"
"2701","true","extensive-only","false","23","1","9","1000","1000000","12473"
"2700","true","extensive-only","false","23","1000","9","1000","1000000","7748"
"2702","true","extensive-only","false","23","1","9","1000","1000000","12723"
"2703","true","extensive-only","false","23","1","9","1000","1000000","12720"
"2704","true","extensive-only","false","23","1","9","1000","1000000","12379"
"2705","true","extensive-only","false","23","1","9","1000","1000000","12716"
"2707","true","extensive-only","false","23","1","9","1000","1000000","12699"
"2706","true","extensive-only","false","23","1","9","1000","1000000","12710"
"2708","true","extensive-only","false","23","1","9","1000","1000000","12299"
"2709","true","extensive-only","false","23","1","9","1000","1000000","12566"
"2710","true","extensive-only","false","23","1","9","1000","1000000","12685"
"2711","true","extensive-only","false","23","1","9","1000","1000000","12656"
"2712","true","extensive-only","false","23","1","9","1000","1000000","12874"
"2713","true","extensive-only","false","23","1","9","1000","1000000","12577"
"2714","true","extensive-only","false","23","1","9","1000","1000000","12814"
"2715","true","extensive-only","false","23","1","9","1000","1000000","12691"
"2716","true","extensive-only","false","23","1","9","1000","1000000","12653"
"2717","true","extensive-only","false","23","1","9","1000","1000000","12816"
"2718","true","extensive-only","false","23","1","9","1000","1000000","12625"
"2719","true","extensive-only","false","23","1","9","1000","1000000","12525"
"2720","true","extensive-only","false","23","1","9","1000","1000000","12371"
"2721","true","extensive-only","false","23","1","9","1000","1000000","12675"
"2722","true","extensive-only","false","23","1","9","1000","1000000","12317"
"2725","true","extensive-only","false","23","1","9","1000","1000000","12774"
"2723","true","extensive-only","false","23","1","9","1000","1000000","12602"
"2724","true","extensive-only","false","23","1","9","1000","1000000","12541"
"2726","true","extensive-only","false","23","1","9","1000","1000000","12664"
"2727","true","extensive-only","false","23","1","9","1000","1000000","12676"
"2728","true","extensive-only","false","23","1","9","1000","1000000","12914"
"2729","true","extensive-only","false","23","1","9","1000","1000000","12613"
"2730","true","extensive-only","false","23","1","9","1000","1000000","12662"
"2731","true","extensive-only","false","23","1","9","1000","1000000","12873"
"2733","true","extensive-only","false","23","1","9","1000","1000000","12755"
"2732","true","extensive-only","false","23","1","9","1000","1000000","12759"
"2734","true","extensive-only","false","23","1","9","1000","1000000","12275"
"2735","true","extensive-only","false","23","1","9","1000","1000000","12485"
"2736","true","extensive-only","false","23","1","9","1000","1000000","12833"
"2737","true","extensive-only","false","23","1","9","1000","1000000","12628"
"2738","true","extensive-only","false","23","1","9","1000","1000000","12343"
"2739","true","extensive-only","false","23","1","9","1000","1000000","12535"
"2741","true","extensive-only","false","23","1","9","1000","1000000","12666"
"2740","true","extensive-only","false","23","1","9","1000","1000000","12638"
"2742","true","extensive-only","false","23","1","9","1000","1000000","12201"
"2743","true","extensive-only","false","23","1","9","1000","1000000","12547"
"2744","true","extensive-only","false","23","1","9","1000","1000000","12430"
"2745","true","extensive-only","false","23","1","9","1000","1000000","12772"
"2746","true","extensive-only","false","23","1","9","1000","1000000","12881"
"2747","true","extensive-only","false","23","1","9","1000","1000000","12606"
"2749","true","extensive-only","false","23","1","9","1000","1000000","12685"
"2748","true","extensive-only","false","23","1","9","1000","1000000","12695"
"2750","true","extensive-only","false","23","1","9","1000","1000000","12661"
"2751","true","extensive-only","false","23","1","9","1000","1000000","12565"
"2753","true","extensive-only","false","23","1","9","1000","1000000","12729"
"2752","true","extensive-only","false","23","1","9","1000","1000000","12637"
"2754","true","extensive-only","false","23","1","9","1000","1000000","12767"
"2755","true","extensive-only","false","23","1","9","1000","1000000","12573"
"2756","true","extensive-only","false","23","1","9","1000","1000000","12703"
"2757","true","extensive-only","false","23","1","9","1000","1000000","12691"
"2758","true","extensive-only","false","23","1","9","1000","1000000","12404"
"2759","true","extensive-only","false","23","1","9","1000","1000000","12637"
"2760","true","extensive-only","false","23","1","9","1000","1000000","12589"
"2762","true","extensive-only","false","24","1000","9","1000","1000000","11520"
"2761","true","extensive-only","false","24","1000","9","1000","1000000","11300"
"2763","true","extensive-only","false","24","1000","9","1000","1000000","11376"
"2764","true","extensive-only","false","24","1000","9","1000","1000000","11400"
"2765","true","extensive-only","false","24","1000","9","1000","1000000","11382"
"2766","true","extensive-only","false","24","1000","9","1000","1000000","11371"
"2767","true","extensive-only","false","24","1000","9","1000","1000000","11333"
"2768","true","extensive-only","false","24","1000","9","1000","1000000","11375"
"2769","true","extensive-only","false","24","1000","9","1000","1000000","11425"
"2770","true","extensive-only","false","24","1000","9","1000","1000000","11532"
"2771","true","extensive-only","false","24","1000","9","1000","1000000","11369"
"2772","true","extensive-only","false","24","1000","9","1000","1000000","11440"
"2773","true","extensive-only","false","24","1000","9","1000","1000000","11243"
"2775","true","extensive-only","false","24","1000","9","1000","1000000","11545"
"2774","true","extensive-only","false","24","1000","9","1000","1000000","11659"
"2776","true","extensive-only","false","24","1000","9","1000","1000000","11291"
"2777","true","extensive-only","false","24","1000","9","1000","1000000","11256"
"2778","true","extensive-only","false","24","1000","9","1000","1000000","11285"
"2779","true","extensive-only","false","24","1000","9","1000","1000000","11486"
"2780","true","extensive-only","false","24","1000","9","1000","1000000","11236"
"2781","true","extensive-only","false","24","1000","9","1000","1000000","11384"
"2782","true","extensive-only","false","24","1000","9","1000","1000000","11221"
"2783","true","extensive-only","false","24","1000","9","1000","1000000","11525"
"2784","true","extensive-only","false","24","1000","9","1000","1000000","11341"
"2785","true","extensive-only","false","24","1000","9","1000","1000000","11199"
"2786","true","extensive-only","false","24","1000","9","1000","1000000","11325"
"2787","true","extensive-only","false","24","1000","9","1000","1000000","11252"
"2788","true","extensive-only","false","24","1000","9","1000","1000000","11231"
"2790","true","extensive-only","false","24","1000","9","1000","1000000","11262"
"2789","true","extensive-only","false","24","1000","9","1000","1000000","11274"
"2791","true","extensive-only","false","24","1000","9","1000","1000000","11360"
"2792","true","extensive-only","false","24","1000","9","1000","1000000","11305"
"2793","true","extensive-only","false","24","1000","9","1000","1000000","11235"
"2794","true","extensive-only","false","24","1000","9","1000","1000000","11266"
"2795","true","extensive-only","false","24","1000","9","1000","1000000","11448"
"2796","true","extensive-only","false","24","1000","9","1000","1000000","11433"
"2797","true","extensive-only","false","24","1000","9","1000","1000000","11233"
"2799","true","extensive-only","false","24","1000","9","1000","1000000","11402"
"2798","true","extensive-only","false","24","1000","9","1000","1000000","11541"
"2800","true","extensive-only","false","24","1000","9","1000","1000000","11464"
"2801","true","extensive-only","false","24","1000","9","1000","1000000","11385"
"2802","true","extensive-only","false","24","1000","9","1000","1000000","11425"
"2803","true","extensive-only","false","24","1000","9","1000","1000000","11394"
"2804","true","extensive-only","false","24","1000","9","1000","1000000","11232"
"2805","true","extensive-only","false","24","1000","9","1000","1000000","11489"
"2807","true","extensive-only","false","24","1000","9","1000","1000000","11308"
"2806","true","extensive-only","false","24","1000","9","1000","1000000","11498"
"2808","true","extensive-only","false","24","1000","9","1000","1000000","11261"
"2809","true","extensive-only","false","24","1000","9","1000","1000000","11240"
"2812","true","extensive-only","false","24","1000","9","1000","1000000","11464"
"2811","true","extensive-only","false","24","1000","9","1000","1000000","11226"
"2810","true","extensive-only","false","24","1000","9","1000","1000000","11353"
"2813","true","extensive-only","false","24","1000","9","1000","1000000","11102"
"2815","true","extensive-only","false","24","1000","9","1000","1000000","11235"
"2814","true","extensive-only","false","24","1000","9","1000","1000000","11415"
"2816","true","extensive-only","false","24","1000","9","1000","1000000","11305"
"2817","true","extensive-only","false","24","1000","9","1000","1000000","11257"
"2819","true","extensive-only","false","24","1000","9","1000","1000000","11301"
"2821","true","extensive-only","false","24","1","9","1000","1000000","18913"
"2818","true","extensive-only","false","24","1000","9","1000","1000000","11165"
"2820","true","extensive-only","false","24","1000","9","1000","1000000","11274"
"2823","true","extensive-only","false","24","1","9","1000","1000000","18792"
"2822","true","extensive-only","false","24","1","9","1000","1000000","18704"
"2824","true","extensive-only","false","24","1","9","1000","1000000","18828"
"2825","true","extensive-only","false","24","1","9","1000","1000000","18499"
"2827","true","extensive-only","false","24","1","9","1000","1000000","18370"
"2826","true","extensive-only","false","24","1","9","1000","1000000","18685"
"2828","true","extensive-only","false","24","1","9","1000","1000000","18805"
"2829","true","extensive-only","false","24","1","9","1000","1000000","18734"
"2831","true","extensive-only","false","24","1","9","1000","1000000","18913"
"2830","true","extensive-only","false","24","1","9","1000","1000000","18376"
"2832","true","extensive-only","false","24","1","9","1000","1000000","19213"
"2833","true","extensive-only","false","24","1","9","1000","1000000","18590"
"2834","true","extensive-only","false","24","1","9","1000","1000000","18913"
"2836","true","extensive-only","false","24","1","9","1000","1000000","18460"
"2835","true","extensive-only","false","24","1","9","1000","1000000","18363"
"2837","true","extensive-only","false","24","1","9","1000","1000000","19165"
"2838","true","extensive-only","false","24","1","9","1000","1000000","18988"
"2839","true","extensive-only","false","24","1","9","1000","1000000","18969"
"2840","true","extensive-only","false","24","1","9","1000","1000000","19187"
"2841","true","extensive-only","false","24","1","9","1000","1000000","18729"
"2842","true","extensive-only","false","24","1","9","1000","1000000","19221"
"2843","true","extensive-only","false","24","1","9","1000","1000000","18736"
"2844","true","extensive-only","false","24","1","9","1000","1000000","18793"
"2846","true","extensive-only","false","24","1","9","1000","1000000","18854"
"2845","true","extensive-only","false","24","1","9","1000","1000000","19130"
"2847","true","extensive-only","false","24","1","9","1000","1000000","18532"
"2848","true","extensive-only","false","24","1","9","1000","1000000","18765"
"2849","true","extensive-only","false","24","1","9","1000","1000000","18882"
"2850","true","extensive-only","false","24","1","9","1000","1000000","18570"
"2852","true","extensive-only","false","24","1","9","1000","1000000","19127"
"2851","true","extensive-only","false","24","1","9","1000","1000000","18658"
"2853","true","extensive-only","false","24","1","9","1000","1000000","18756"
"2854","true","extensive-only","false","24","1","9","1000","1000000","18860"
"2855","true","extensive-only","false","24","1","9","1000","1000000","19352"
"2856","true","extensive-only","false","24","1","9","1000","1000000","19029"
"2857","true","extensive-only","false","24","1","9","1000","1000000","18845"
"2858","true","extensive-only","false","24","1","9","1000","1000000","18984"
"2859","true","extensive-only","false","24","1","9","1000","1000000","19100"
"2860","true","extensive-only","false","24","1","9","1000","1000000","18559"
"2861","true","extensive-only","false","24","1","9","1000","1000000","18320"
"2862","true","extensive-only","false","24","1","9","1000","1000000","18685"
"2863","true","extensive-only","false","24","1","9","1000","1000000","18672"
"2864","true","extensive-only","false","24","1","9","1000","1000000","19145"
"2865","true","extensive-only","false","24","1","9","1000","1000000","18695"
"2867","true","extensive-only","false","24","1","9","1000","1000000","18939"
"2866","true","extensive-only","false","24","1","9","1000","1000000","18968"
"2869","true","extensive-only","false","24","1","9","1000","1000000","18869"
"2868","true","extensive-only","false","24","1","9","1000","1000000","18889"
"2871","true","extensive-only","false","24","1","9","1000","1000000","18677"
"2870","true","extensive-only","false","24","1","9","1000","1000000","18709"
"2872","true","extensive-only","false","24","1","9","1000","1000000","19140"
"2873","true","extensive-only","false","24","1","9","1000","1000000","18492"
"2874","true","extensive-only","false","24","1","9","1000","1000000","18968"
"2875","true","extensive-only","false","24","1","9","1000","1000000","18598"
"2876","true","extensive-only","false","24","1","9","1000","1000000","19329"
"2878","true","extensive-only","false","24","1","9","1000","1000000","18534"
"2877","true","extensive-only","false","24","1","9","1000","1000000","18980"
"2879","true","extensive-only","false","24","1","9","1000","1000000","18830"
"2880","true","extensive-only","false","24","1","9","1000","1000000","18498"
"2881","true","extensive-only","false","25","1000","9","1000","1000000","15128"
"2882","true","extensive-only","false","25","1000","9","1000","1000000","15186"
"2883","true","extensive-only","false","25","1000","9","1000","1000000","15140"
"2884","true","extensive-only","false","25","1000","9","1000","1000000","15221"
"2886","true","extensive-only","false","25","1000","9","1000","1000000","15098"
"2885","true","extensive-only","false","25","1000","9","1000","1000000","15072"
"2887","true","extensive-only","false","25","1000","9","1000","1000000","15112"
"2888","true","extensive-only","false","25","1000","9","1000","1000000","15237"
"2889","true","extensive-only","false","25","1000","9","1000","1000000","15231"
"2890","true","extensive-only","false","25","1000","9","1000","1000000","15266"
"2891","true","extensive-only","false","25","1000","9","1000","1000000","14981"
"2892","true","extensive-only","false","25","1000","9","1000","1000000","15242"
"2893","true","extensive-only","false","25","1000","9","1000","1000000","15166"
"2894","true","extensive-only","false","25","1000","9","1000","1000000","15197"
"2895","true","extensive-only","false","25","1000","9","1000","1000000","15180"
"2896","true","extensive-only","false","25","1000","9","1000","1000000","15095"
"2897","true","extensive-only","false","25","1000","9","1000","1000000","15025"
"2899","true","extensive-only","false","25","1000","9","1000","1000000","14929"
"2898","true","extensive-only","false","25","1000","9","1000","1000000","15222"
"2900","true","extensive-only","false","25","1000","9","1000","1000000","15276"
"2901","true","extensive-only","false","25","1000","9","1000","1000000","15239"
"2902","true","extensive-only","false","25","1000","9","1000","1000000","15104"
"2903","true","extensive-only","false","25","1000","9","1000","1000000","15320"
"2904","true","extensive-only","false","25","1000","9","1000","1000000","15339"
"2905","true","extensive-only","false","25","1000","9","1000","1000000","15258"
"2906","true","extensive-only","false","25","1000","9","1000","1000000","15083"
"2907","true","extensive-only","false","25","1000","9","1000","1000000","15233"
"2908","true","extensive-only","false","25","1000","9","1000","1000000","15304"
"2909","true","extensive-only","false","25","1000","9","1000","1000000","15245"
"2910","true","extensive-only","false","25","1000","9","1000","1000000","15311"
"2911","true","extensive-only","false","25","1000","9","1000","1000000","15083"
"2912","true","extensive-only","false","25","1000","9","1000","1000000","15079"
"2913","true","extensive-only","false","25","1000","9","1000","1000000","15313"
"2914","true","extensive-only","false","25","1000","9","1000","1000000","15441"
"2915","true","extensive-only","false","25","1000","9","1000","1000000","15155"
"2916","true","extensive-only","false","25","1000","9","1000","1000000","15281"
"2917","true","extensive-only","false","25","1000","9","1000","1000000","15203"
"2918","true","extensive-only","false","25","1000","9","1000","1000000","15367"
"2920","true","extensive-only","false","25","1000","9","1000","1000000","15120"
"2919","true","extensive-only","false","25","1000","9","1000","1000000","15058"
"2921","true","extensive-only","false","25","1000","9","1000","1000000","15180"
"2922","true","extensive-only","false","25","1000","9","1000","1000000","15309"
"2923","true","extensive-only","false","25","1000","9","1000","1000000","15380"
"2924","true","extensive-only","false","25","1000","9","1000","1000000","15195"
"2925","true","extensive-only","false","25","1000","9","1000","1000000","15171"
"2926","true","extensive-only","false","25","1000","9","1000","1000000","15131"
"2927","true","extensive-only","false","25","1000","9","1000","1000000","15377"
"2928","true","extensive-only","false","25","1000","9","1000","1000000","15226"
"2929","true","extensive-only","false","25","1000","9","1000","1000000","15225"
"2930","true","extensive-only","false","25","1000","9","1000","1000000","15280"
"2931","true","extensive-only","false","25","1000","9","1000","1000000","15181"
"2932","true","extensive-only","false","25","1000","9","1000","1000000","15109"
"2933","true","extensive-only","false","25","1000","9","1000","1000000","15245"
"2934","true","extensive-only","false","25","1000","9","1000","1000000","15154"
"2935","true","extensive-only","false","25","1000","9","1000","1000000","15320"
"2936","true","extensive-only","false","25","1000","9","1000","1000000","15203"
"2937","true","extensive-only","false","25","1000","9","1000","1000000","15131"
"2938","true","extensive-only","false","25","1000","9","1000","1000000","15182"
"2939","true","extensive-only","false","25","1000","9","1000","1000000","15375"
"2940","true","extensive-only","false","25","1000","9","1000","1000000","15199"
"2941","true","extensive-only","false","25","1","9","1000","1000000","25345"
"2942","true","extensive-only","false","25","1","9","1000","1000000","25200"
"2943","true","extensive-only","false","25","1","9","1000","1000000","25247"
"2944","true","extensive-only","false","25","1","9","1000","1000000","25361"
"2945","true","extensive-only","false","25","1","9","1000","1000000","25315"
"2946","true","extensive-only","false","25","1","9","1000","1000000","25202"
"2947","true","extensive-only","false","25","1","9","1000","1000000","25341"
"2948","true","extensive-only","false","25","1","9","1000","1000000","25021"
"2949","true","extensive-only","false","25","1","9","1000","1000000","25156"
"2950","true","extensive-only","false","25","1","9","1000","1000000","25111"
"2951","true","extensive-only","false","25","1","9","1000","1000000","25583"
"2952","true","extensive-only","false","25","1","9","1000","1000000","25761"
"2953","true","extensive-only","false","25","1","9","1000","1000000","25758"
"2954","true","extensive-only","false","25","1","9","1000","1000000","25742"
"2956","true","extensive-only","false","25","1","9","1000","1000000","25430"
"2955","true","extensive-only","false","25","1","9","1000","1000000","24903"
"2957","true","extensive-only","false","25","1","9","1000","1000000","25621"
"2958","true","extensive-only","false","25","1","9","1000","1000000","25409"
"2959","true","extensive-only","false","25","1","9","1000","1000000","25626"
"2961","true","extensive-only","false","25","1","9","1000","1000000","25328"
"2960","true","extensive-only","false","25","1","9","1000","1000000","25309"
"2962","true","extensive-only","false","25","1","9","1000","1000000","25197"
"2964","true","extensive-only","false","25","1","9","1000","1000000","25596"
"2963","true","extensive-only","false","25","1","9","1000","1000000","24991"
"2965","true","extensive-only","false","25","1","9","1000","1000000","25130"
"2966","true","extensive-only","false","25","1","9","1000","1000000","25518"
"2967","true","extensive-only","false","25","1","9","1000","1000000","24835"
"2968","true","extensive-only","false","25","1","9","1000","1000000","25471"
"2969","true","extensive-only","false","25","1","9","1000","1000000","25377"
"2970","true","extensive-only","false","25","1","9","1000","1000000","24774"
"2971","true","extensive-only","false","25","1","9","1000","1000000","25272"
"2972","true","extensive-only","false","25","1","9","1000","1000000","25395"
"2973","true","extensive-only","false","25","1","9","1000","1000000","25047"
"2974","true","extensive-only","false","25","1","9","1000","1000000","24768"
"2975","true","extensive-only","false","25","1","9","1000","1000000","25321"
"2976","true","extensive-only","false","25","1","9","1000","1000000","25129"
"2977","true","extensive-only","false","25","1","9","1000","1000000","25383"
"2979","true","extensive-only","false","25","1","9","1000","1000000","25305"
"2978","true","extensive-only","false","25","1","9","1000","1000000","25143"
"2980","true","extensive-only","false","25","1","9","1000","1000000","25575"
"2981","true","extensive-only","false","25","1","9","1000","1000000","25419"
"2982","true","extensive-only","false","25","1","9","1000","1000000","25406"
"2983","true","extensive-only","false","25","1","9","1000","1000000","24887"
"2984","true","extensive-only","false","25","1","9","1000","1000000","25025"
"2985","true","extensive-only","false","25","1","9","1000","1000000","25238"
"2987","true","extensive-only","false","25","1","9","1000","1000000","25267"
"2986","true","extensive-only","false","25","1","9","1000","1000000","25636"
"2988","true","extensive-only","false","25","1","9","1000","1000000","25485"
"2991","true","extensive-only","false","25","1","9","1000","1000000","25291"
"2990","true","extensive-only","false","25","1","9","1000","1000000","25005"
"2992","true","extensive-only","false","25","1","9","1000","1000000","25327"
"2989","true","extensive-only","false","25","1","9","1000","1000000","25549"
"2993","true","extensive-only","false","25","1","9","1000","1000000","25511"
"2994","true","extensive-only","false","25","1","9","1000","1000000","25131"
"2995","true","extensive-only","false","25","1","9","1000","1000000","25326"
"2996","true","extensive-only","false","25","1","9","1000","1000000","25455"
"2999","true","extensive-only","false","25","1","9","1000","1000000","25246"
"2998","true","extensive-only","false","25","1","9","1000","1000000","25022"
"2997","true","extensive-only","false","25","1","9","1000","1000000","25661"
"3000","true","extensive-only","false","25","1","9","1000","1000000","24929"
"3001","true","extensive-only","false","26","1000","9","1000","1000000","18460"
"3002","true","extensive-only","false","26","1000","9","1000","1000000","18712"
"3004","true","extensive-only","false","26","1000","9","1000","1000000","18494"
"3003","true","extensive-only","false","26","1000","9","1000","1000000","18540"
"3005","true","extensive-only","false","26","1000","9","1000","1000000","18713"
"3007","true","extensive-only","false","26","1000","9","1000","1000000","18557"
"3006","true","extensive-only","false","26","1000","9","1000","1000000","18481"
"3008","true","extensive-only","false","26","1000","9","1000","1000000","18555"
"3009","true","extensive-only","false","26","1000","9","1000","1000000","18640"
"3010","true","extensive-only","false","26","1000","9","1000","1000000","18439"
"3011","true","extensive-only","false","26","1000","9","1000","1000000","18578"
"3012","true","extensive-only","false","26","1000","9","1000","1000000","18664"
"3013","true","extensive-only","false","26","1000","9","1000","1000000","18748"
"3015","true","extensive-only","false","26","1000","9","1000","1000000","18641"
"3014","true","extensive-only","false","26","1000","9","1000","1000000","18781"
"3016","true","extensive-only","false","26","1000","9","1000","1000000","18750"
"3017","true","extensive-only","false","26","1000","9","1000","1000000","18700"
"3018","true","extensive-only","false","26","1000","9","1000","1000000","18579"
"3019","true","extensive-only","false","26","1000","9","1000","1000000","18647"
"3020","true","extensive-only","false","26","1000","9","1000","1000000","18642"
"3021","true","extensive-only","false","26","1000","9","1000","1000000","18771"
"3022","true","extensive-only","false","26","1000","9","1000","1000000","18635"
"3024","true","extensive-only","false","26","1000","9","1000","1000000","18777"
"3023","true","extensive-only","false","26","1000","9","1000","1000000","18641"
"3025","true","extensive-only","false","26","1000","9","1000","1000000","18777"
"3026","true","extensive-only","false","26","1000","9","1000","1000000","18535"
"3027","true","extensive-only","false","26","1000","9","1000","1000000","18785"
"3028","true","extensive-only","false","26","1000","9","1000","1000000","18641"
"3029","true","extensive-only","false","26","1000","9","1000","1000000","18473"
"3030","true","extensive-only","false","26","1000","9","1000","1000000","18740"
"3031","true","extensive-only","false","26","1000","9","1000","1000000","18603"
"3032","true","extensive-only","false","26","1000","9","1000","1000000","18590"
"3033","true","extensive-only","false","26","1000","9","1000","1000000","18547"
"3034","true","extensive-only","false","26","1000","9","1000","1000000","18644"
"3036","true","extensive-only","false","26","1000","9","1000","1000000","18607"
"3035","true","extensive-only","false","26","1000","9","1000","1000000","18476"
"3037","true","extensive-only","false","26","1000","9","1000","1000000","18517"
"3038","true","extensive-only","false","26","1000","9","1000","1000000","18730"
"3039","true","extensive-only","false","26","1000","9","1000","1000000","18570"
"3040","true","extensive-only","false","26","1000","9","1000","1000000","18555"
"3041","true","extensive-only","false","26","1000","9","1000","1000000","18620"
"3042","true","extensive-only","false","26","1000","9","1000","1000000","18621"
"3043","true","extensive-only","false","26","1000","9","1000","1000000","18582"
"3044","true","extensive-only","false","26","1000","9","1000","1000000","18745"
"3045","true","extensive-only","false","26","1000","9","1000","1000000","18451"
"3046","true","extensive-only","false","26","1000","9","1000","1000000","18548"
"3048","true","extensive-only","false","26","1000","9","1000","1000000","18584"
"3047","true","extensive-only","false","26","1000","9","1000","1000000","18516"
"3049","true","extensive-only","false","26","1000","9","1000","1000000","18589"
"3050","true","extensive-only","false","26","1000","9","1000","1000000","18673"
"3051","true","extensive-only","false","26","1000","9","1000","1000000","18392"
"3052","true","extensive-only","false","26","1000","9","1000","1000000","18609"
"3053","true","extensive-only","false","26","1000","9","1000","1000000","18911"
"3054","true","extensive-only","false","26","1000","9","1000","1000000","18515"
"3055","true","extensive-only","false","26","1000","9","1000","1000000","18348"
"3056","true","extensive-only","false","26","1000","9","1000","1000000","18587"
"3057","true","extensive-only","false","26","1000","9","1000","1000000","18534"
"3058","true","extensive-only","false","26","1000","9","1000","1000000","18523"
"3061","true","extensive-only","false","26","1","9","1000","1000000","30840"
"3059","true","extensive-only","false","26","1000","9","1000","1000000","18672"
"3060","true","extensive-only","false","26","1000","9","1000","1000000","18600"
"3062","true","extensive-only","false","26","1","9","1000","1000000","31024"
"3063","true","extensive-only","false","26","1","9","1000","1000000","30924"
"3064","true","extensive-only","false","26","1","9","1000","1000000","30845"
"3065","true","extensive-only","false","26","1","9","1000","1000000","31056"
"3067","true","extensive-only","false","26","1","9","1000","1000000","31057"
"3066","true","extensive-only","false","26","1","9","1000","1000000","30900"
"3068","true","extensive-only","false","26","1","9","1000","1000000","30901"
"3069","true","extensive-only","false","26","1","9","1000","1000000","30592"
"3070","true","extensive-only","false","26","1","9","1000","1000000","31483"
"3071","true","extensive-only","false","26","1","9","1000","1000000","30903"
"3072","true","extensive-only","false","26","1","9","1000","1000000","30864"
"3074","true","extensive-only","false","26","1","9","1000","1000000","31319"
"3073","true","extensive-only","false","26","1","9","1000","1000000","30775"
"3075","true","extensive-only","false","26","1","9","1000","1000000","31322"
"3076","true","extensive-only","false","26","1","9","1000","1000000","31089"
"3077","true","extensive-only","false","26","1","9","1000","1000000","30125"
"3078","true","extensive-only","false","26","1","9","1000","1000000","31008"
"3079","true","extensive-only","false","26","1","9","1000","1000000","30734"
"3080","true","extensive-only","false","26","1","9","1000","1000000","30816"
"3081","true","extensive-only","false","26","1","9","1000","1000000","30773"
"3083","true","extensive-only","false","26","1","9","1000","1000000","31023"
"3082","true","extensive-only","false","26","1","9","1000","1000000","31069"
"3084","true","extensive-only","false","26","1","9","1000","1000000","30787"
"3085","true","extensive-only","false","26","1","9","1000","1000000","30616"
"3087","true","extensive-only","false","26","1","9","1000","1000000","30697"
"3086","true","extensive-only","false","26","1","9","1000","1000000","30834"
"3088","true","extensive-only","false","26","1","9","1000","1000000","31307"
"3089","true","extensive-only","false","26","1","9","1000","1000000","30566"
"3090","true","extensive-only","false","26","1","9","1000","1000000","30948"
"3091","true","extensive-only","false","26","1","9","1000","1000000","30701"
"3092","true","extensive-only","false","26","1","9","1000","1000000","30949"
"3094","true","extensive-only","false","26","1","9","1000","1000000","30653"
"3093","true","extensive-only","false","26","1","9","1000","1000000","31370"
"3095","true","extensive-only","false","26","1","9","1000","1000000","30940"
"3096","true","extensive-only","false","26","1","9","1000","1000000","31267"
"3097","true","extensive-only","false","26","1","9","1000","1000000","30729"
"3098","true","extensive-only","false","26","1","9","1000","1000000","31114"
"3099","true","extensive-only","false","26","1","9","1000","1000000","31241"
"3100","true","extensive-only","false","26","1","9","1000","1000000","30127"
"3101","true","extensive-only","false","26","1","9","1000","1000000","30895"
"3103","true","extensive-only","false","26","1","9","1000","1000000","30742"
"3102","true","extensive-only","false","26","1","9","1000","1000000","30953"
"3104","true","extensive-only","false","26","1","9","1000","1000000","31148"
"3105","true","extensive-only","false","26","1","9","1000","1000000","30988"
"3106","true","extensive-only","false","26","1","9","1000","1000000","30981"
"3107","true","extensive-only","false","26","1","9","1000","1000000","31027"
"3108","true","extensive-only","false","26","1","9","1000","1000000","30756"
"3109","true","extensive-only","false","26","1","9","1000","1000000","30756"
"3110","true","extensive-only","false","26","1","9","1000","1000000","31166"
"3111","true","extensive-only","false","26","1","9","1000","1000000","30269"
"3112","true","extensive-only","false","26","1","9","1000","1000000","30842"
"3113","true","extensive-only","false","26","1","9","1000","1000000","30746"
"3114","true","extensive-only","false","26","1","9","1000","1000000","30183"
"3117","true","extensive-only","false","26","1","9","1000","1000000","30395"
"3116","true","extensive-only","false","26","1","9","1000","1000000","31217"
"3115","true","extensive-only","false","26","1","9","1000","1000000","30823"
"3118","true","extensive-only","false","26","1","9","1000","1000000","30963"
"3119","true","extensive-only","false","26","1","9","1000","1000000","30961"
"3120","true","extensive-only","false","26","1","9","1000","1000000","31210"
