"BehaviorSpace results (NetLogo 7.0.4)","Table version 2.0"
"plaice-search-model.nlogox"
"extensive-only-no-spacing"
"10/01/2026 13:26:08:597 -0700"
"min-pxcor","max-pxcor","min-pycor","max-pycor"
"0","71","0","71"
"[run number]","use-scenario?","search-tactic","pen-down?","enforce-spacing?","scenario","regeneration-time","response-radius","[step]","ticks","sum [prey-captured] of predators"
"2","true","extensive-only","false","false","3","1000","9","1000","1000000","17604"
"4","true","extensive-only","false","false","3","1000","9","1000","1000000","18149"
"8","true","extensive-only","false","false","3","1000","9","1000","1000000","18131"
"3","true","extensive-only","false","false","3","1000","9","1000","1000000","18169"
"7","true","extensive-only","false","false","3","1000","9","1000","1000000","17898"
"5","true","extensive-only","false","false","3","1000","9","1000","1000000","17789"
"1","true","extensive-only","false","false","3","1000","9","1000","1000000","18191"
"6","true","extensive-only","false","false","3","1000","9","1000","1000000","18102"
"10","true","extensive-only","false","false","3","1000","9","1000","1000000","18050"
"13","true","extensive-only","false","false","3","1000","9","1000","1000000","18005"
"9","true","extensive-only","false","false","3","1000","9","1000","1000000","17663"
"14","true","extensive-only","false","false","3","1000","9","1000","1000000","17518"
"15","true","extensive-only","false","false","3","1000","9","1000","1000000","17569"
"12","true","extensive-only","false","false","3","1000","9","1000","1000000","17849"
"11","true","extensive-only","false","false","3","1000","9","1000","1000000","17687"
"16","true","extensive-only","false","false","3","1000","9","1000","1000000","17859"
"19","true","extensive-only","false","false","3","1000","9","1000","1000000","17954"
"18","true","extensive-only","false","false","3","1000","9","1000","1000000","17678"
"17","true","extensive-only","false","false","3","1000","9","1000","1000000","18088"
"22","true","extensive-only","false","false","3","1000","9","1000","1000000","17554"
"20","true","extensive-only","false","false","3","1000","9","1000","1000000","18372"
"21","true","extensive-only","false","false","3","1000","9","1000","1000000","18163"
"23","true","extensive-only","false","false","3","1000","9","1000","1000000","17966"
"24","true","extensive-only","false","false","3","1000","9","1000","1000000","18017"
"26","true","extensive-only","false","false","3","1000","9","1000","1000000","17978"
"25","true","extensive-only","false","false","3","1000","9","1000","1000000","17860"
"27","true","extensive-only","false","false","3","1000","9","1000","1000000","18008"
"28","true","extensive-only","false","false","3","1000","9","1000","1000000","17986"
"29","true","extensive-only","false","false","3","1000","9","1000","1000000","18470"
"30","true","extensive-only","false","false","3","1000","9","1000","1000000","17957"
"31","true","extensive-only","false","false","3","1000","9","1000","1000000","17848"
"32","true","extensive-only","false","false","3","1000","9","1000","1000000","18014"
"33","true","extensive-only","false","false","3","1000","9","1000","1000000","17971"
"35","true","extensive-only","false","false","3","1000","9","1000","1000000","17820"
"34","true","extensive-only","false","false","3","1000","9","1000","1000000","18017"
"36","true","extensive-only","false","false","3","1000","9","1000","1000000","17996"
"37","true","extensive-only","false","false","3","1000","9","1000","1000000","18143"
"39","true","extensive-only","false","false","3","1000","9","1000","1000000","18021"
"38","true","extensive-only","false","false","3","1000","9","1000","1000000","17807"
"40","true","extensive-only","false","false","3","1000","9","1000","1000000","17665"
"42","true","extensive-only","false","false","3","1000","9","1000","1000000","17691"
"41","true","extensive-only","false","false","3","1000","9","1000","1000000","17965"
"44","true","extensive-only","false","false","3","1000","9","1000","1000000","18135"
"43","true","extensive-only","false","false","3","1000","9","1000","1000000","18038"
"45","true","extensive-only","false","false","3","1000","9","1000","1000000","17664"
"46","true","extensive-only","false","false","3","1000","9","1000","1000000","17955"
"47","true","extensive-only","false","false","3","1000","9","1000","1000000","18308"
"48","true","extensive-only","false","false","3","1000","9","1000","1000000","17667"
"49","true","extensive-only","false","false","3","1000","9","1000","1000000","17747"
"51","true","extensive-only","false","false","3","1000","9","1000","1000000","17871"
"50","true","extensive-only","false","false","3","1000","9","1000","1000000","17925"
"52","true","extensive-only","false","false","3","1000","9","1000","1000000","17772"
"53","true","extensive-only","false","false","3","1000","9","1000","1000000","17739"
"54","true","extensive-only","false","false","3","1000","9","1000","1000000","17955"
"55","true","extensive-only","false","false","3","1000","9","1000","1000000","18142"
"56","true","extensive-only","false","false","3","1000","9","1000","1000000","18020"
"61","true","extensive-only","false","false","3","1","9","1000","1000000","28796"
"57","true","extensive-only","false","false","3","1000","9","1000","1000000","17567"
"62","true","extensive-only","false","false","3","1","9","1000","1000000","27082"
"58","true","extensive-only","false","false","3","1000","9","1000","1000000","17576"
"60","true","extensive-only","false","false","3","1000","9","1000","1000000","17796"
"59","true","extensive-only","false","false","3","1000","9","1000","1000000","17356"
"63","true","extensive-only","false","false","3","1","9","1000","1000000","28556"
"64","true","extensive-only","false","false","3","1","9","1000","1000000","26993"
"65","true","extensive-only","false","false","3","1","9","1000","1000000","28015"
"66","true","extensive-only","false","false","3","1","9","1000","1000000","28116"
"67","true","extensive-only","false","false","3","1","9","1000","1000000","28553"
"68","true","extensive-only","false","false","3","1","9","1000","1000000","28166"
"70","true","extensive-only","false","false","3","1","9","1000","1000000","28058"
"71","true","extensive-only","false","false","3","1","9","1000","1000000","27793"
"69","true","extensive-only","false","false","3","1","9","1000","1000000","26891"
"72","true","extensive-only","false","false","3","1","9","1000","1000000","27083"
"73","true","extensive-only","false","false","3","1","9","1000","1000000","27726"
"74","true","extensive-only","false","false","3","1","9","1000","1000000","28937"
"75","true","extensive-only","false","false","3","1","9","1000","1000000","27725"
"79","true","extensive-only","false","false","3","1","9","1000","1000000","27764"
"76","true","extensive-only","false","false","3","1","9","1000","1000000","26481"
"77","true","extensive-only","false","false","3","1","9","1000","1000000","26175"
"78","true","extensive-only","false","false","3","1","9","1000","1000000","27313"
"80","true","extensive-only","false","false","3","1","9","1000","1000000","28508"
"82","true","extensive-only","false","false","3","1","9","1000","1000000","27889"
"81","true","extensive-only","false","false","3","1","9","1000","1000000","27013"
"84","true","extensive-only","false","false","3","1","9","1000","1000000","27727"
"86","true","extensive-only","false","false","3","1","9","1000","1000000","27079"
"83","true","extensive-only","false","false","3","1","9","1000","1000000","27564"
"85","true","extensive-only","false","false","3","1","9","1000","1000000","26965"
"87","true","extensive-only","false","false","3","1","9","1000","1000000","26984"
"88","true","extensive-only","false","false","3","1","9","1000","1000000","28255"
"90","true","extensive-only","false","false","3","1","9","1000","1000000","27406"
"89","true","extensive-only","false","false","3","1","9","1000","1000000","27334"
"93","true","extensive-only","false","false","3","1","9","1000","1000000","29246"
"92","true","extensive-only","false","false","3","1","9","1000","1000000","28024"
"91","true","extensive-only","false","false","3","1","9","1000","1000000","28084"
"94","true","extensive-only","false","false","3","1","9","1000","1000000","27574"
"95","true","extensive-only","false","false","3","1","9","1000","1000000","28364"
"96","true","extensive-only","false","false","3","1","9","1000","1000000","27694"
"97","true","extensive-only","false","false","3","1","9","1000","1000000","28000"
"98","true","extensive-only","false","false","3","1","9","1000","1000000","27242"
"101","true","extensive-only","false","false","3","1","9","1000","1000000","28306"
"100","true","extensive-only","false","false","3","1","9","1000","1000000","26729"
"99","true","extensive-only","false","false","3","1","9","1000","1000000","27191"
"102","true","extensive-only","false","false","3","1","9","1000","1000000","27911"
"103","true","extensive-only","false","false","3","1","9","1000","1000000","26013"
"104","true","extensive-only","false","false","3","1","9","1000","1000000","27251"
"106","true","extensive-only","false","false","3","1","9","1000","1000000","28041"
"108","true","extensive-only","false","false","3","1","9","1000","1000000","28988"
"105","true","extensive-only","false","false","3","1","9","1000","1000000","27862"
"107","true","extensive-only","false","false","3","1","9","1000","1000000","28000"
"109","true","extensive-only","false","false","3","1","9","1000","1000000","27700"
"110","true","extensive-only","false","false","3","1","9","1000","1000000","28438"
"111","true","extensive-only","false","false","3","1","9","1000","1000000","26559"
"112","true","extensive-only","false","false","3","1","9","1000","1000000","26495"
"113","true","extensive-only","false","false","3","1","9","1000","1000000","26581"
"114","true","extensive-only","false","false","3","1","9","1000","1000000","27598"
"115","true","extensive-only","false","false","3","1","9","1000","1000000","28035"
"116","true","extensive-only","false","false","3","1","9","1000","1000000","27080"
"117","true","extensive-only","false","false","3","1","9","1000","1000000","27579"
"118","true","extensive-only","false","false","3","1","9","1000","1000000","27392"
"119","true","extensive-only","false","false","3","1","9","1000","1000000","26746"
"120","true","extensive-only","false","false","3","1","9","1000","1000000","28176"
"121","true","extensive-only","false","false","4","1000","9","1000","1000000","18566"
"122","true","extensive-only","false","false","4","1000","9","1000","1000000","18671"
"124","true","extensive-only","false","false","4","1000","9","1000","1000000","18481"
"125","true","extensive-only","false","false","4","1000","9","1000","1000000","18381"
"123","true","extensive-only","false","false","4","1000","9","1000","1000000","18452"
"127","true","extensive-only","false","false","4","1000","9","1000","1000000","18469"
"126","true","extensive-only","false","false","4","1000","9","1000","1000000","18670"
"128","true","extensive-only","false","false","4","1000","9","1000","1000000","18297"
"130","true","extensive-only","false","false","4","1000","9","1000","1000000","18410"
"129","true","extensive-only","false","false","4","1000","9","1000","1000000","18468"
"131","true","extensive-only","false","false","4","1000","9","1000","1000000","18313"
"133","true","extensive-only","false","false","4","1000","9","1000","1000000","18426"
"132","true","extensive-only","false","false","4","1000","9","1000","1000000","18338"
"134","true","extensive-only","false","false","4","1000","9","1000","1000000","18640"
"135","true","extensive-only","false","false","4","1000","9","1000","1000000","18546"
"136","true","extensive-only","false","false","4","1000","9","1000","1000000","18558"
"137","true","extensive-only","false","false","4","1000","9","1000","1000000","18528"
"138","true","extensive-only","false","false","4","1000","9","1000","1000000","18336"
"140","true","extensive-only","false","false","4","1000","9","1000","1000000","18702"
"139","true","extensive-only","false","false","4","1000","9","1000","1000000","18385"
"141","true","extensive-only","false","false","4","1000","9","1000","1000000","18465"
"142","true","extensive-only","false","false","4","1000","9","1000","1000000","18375"
"143","true","extensive-only","false","false","4","1000","9","1000","1000000","18593"
"144","true","extensive-only","false","false","4","1000","9","1000","1000000","18291"
"145","true","extensive-only","false","false","4","1000","9","1000","1000000","18350"
"146","true","extensive-only","false","false","4","1000","9","1000","1000000","18228"
"147","true","extensive-only","false","false","4","1000","9","1000","1000000","18619"
"148","true","extensive-only","false","false","4","1000","9","1000","1000000","18695"
"149","true","extensive-only","false","false","4","1000","9","1000","1000000","18344"
"151","true","extensive-only","false","false","4","1000","9","1000","1000000","18497"
"150","true","extensive-only","false","false","4","1000","9","1000","1000000","18730"
"152","true","extensive-only","false","false","4","1000","9","1000","1000000","18474"
"153","true","extensive-only","false","false","4","1000","9","1000","1000000","18444"
"154","true","extensive-only","false","false","4","1000","9","1000","1000000","18307"
"155","true","extensive-only","false","false","4","1000","9","1000","1000000","18076"
"156","true","extensive-only","false","false","4","1000","9","1000","1000000","18175"
"157","true","extensive-only","false","false","4","1000","9","1000","1000000","18498"
"158","true","extensive-only","false","false","4","1000","9","1000","1000000","18647"
"159","true","extensive-only","false","false","4","1000","9","1000","1000000","18637"
"160","true","extensive-only","false","false","4","1000","9","1000","1000000","18191"
"161","true","extensive-only","false","false","4","1000","9","1000","1000000","18423"
"162","true","extensive-only","false","false","4","1000","9","1000","1000000","18365"
"164","true","extensive-only","false","false","4","1000","9","1000","1000000","18441"
"163","true","extensive-only","false","false","4","1000","9","1000","1000000","18420"
"165","true","extensive-only","false","false","4","1000","9","1000","1000000","18657"
"166","true","extensive-only","false","false","4","1000","9","1000","1000000","18542"
"167","true","extensive-only","false","false","4","1000","9","1000","1000000","18417"
"168","true","extensive-only","false","false","4","1000","9","1000","1000000","18358"
"169","true","extensive-only","false","false","4","1000","9","1000","1000000","18626"
"170","true","extensive-only","false","false","4","1000","9","1000","1000000","18640"
"172","true","extensive-only","false","false","4","1000","9","1000","1000000","18432"
"171","true","extensive-only","false","false","4","1000","9","1000","1000000","18477"
"173","true","extensive-only","false","false","4","1000","9","1000","1000000","18400"
"174","true","extensive-only","false","false","4","1000","9","1000","1000000","18378"
"175","true","extensive-only","false","false","4","1000","9","1000","1000000","18743"
"176","true","extensive-only","false","false","4","1000","9","1000","1000000","18511"
"177","true","extensive-only","false","false","4","1000","9","1000","1000000","18334"
"181","true","extensive-only","false","false","4","1","9","1000","1000000","29608"
"182","true","extensive-only","false","false","4","1","9","1000","1000000","29530"
"178","true","extensive-only","false","false","4","1000","9","1000","1000000","18530"
"179","true","extensive-only","false","false","4","1000","9","1000","1000000","18774"
"183","true","extensive-only","false","false","4","1","9","1000","1000000","29253"
"180","true","extensive-only","false","false","4","1000","9","1000","1000000","18619"
"184","true","extensive-only","false","false","4","1","9","1000","1000000","30096"
"185","true","extensive-only","false","false","4","1","9","1000","1000000","30422"
"186","true","extensive-only","false","false","4","1","9","1000","1000000","29996"
"187","true","extensive-only","false","false","4","1","9","1000","1000000","28952"
"189","true","extensive-only","false","false","4","1","9","1000","1000000","29581"
"188","true","extensive-only","false","false","4","1","9","1000","1000000","29309"
"191","true","extensive-only","false","false","4","1","9","1000","1000000","28986"
"190","true","extensive-only","false","false","4","1","9","1000","1000000","29398"
"192","true","extensive-only","false","false","4","1","9","1000","1000000","30030"
"193","true","extensive-only","false","false","4","1","9","1000","1000000","29138"
"194","true","extensive-only","false","false","4","1","9","1000","1000000","29305"
"195","true","extensive-only","false","false","4","1","9","1000","1000000","29345"
"197","true","extensive-only","false","false","4","1","9","1000","1000000","29345"
"198","true","extensive-only","false","false","4","1","9","1000","1000000","29679"
"196","true","extensive-only","false","false","4","1","9","1000","1000000","29444"
"199","true","extensive-only","false","false","4","1","9","1000","1000000","29260"
"200","true","extensive-only","false","false","4","1","9","1000","1000000","29825"
"201","true","extensive-only","false","false","4","1","9","1000","1000000","29899"
"203","true","extensive-only","false","false","4","1","9","1000","1000000","30891"
"202","true","extensive-only","false","false","4","1","9","1000","1000000","30054"
"204","true","extensive-only","false","false","4","1","9","1000","1000000","28869"
"206","true","extensive-only","false","false","4","1","9","1000","1000000","29940"
"205","true","extensive-only","false","false","4","1","9","1000","1000000","29476"
"207","true","extensive-only","false","false","4","1","9","1000","1000000","30344"
"208","true","extensive-only","false","false","4","1","9","1000","1000000","30495"
"209","true","extensive-only","false","false","4","1","9","1000","1000000","28917"
"210","true","extensive-only","false","false","4","1","9","1000","1000000","29564"
"212","true","extensive-only","false","false","4","1","9","1000","1000000","29051"
"211","true","extensive-only","false","false","4","1","9","1000","1000000","30537"
"213","true","extensive-only","false","false","4","1","9","1000","1000000","29796"
"214","true","extensive-only","false","false","4","1","9","1000","1000000","28926"
"215","true","extensive-only","false","false","4","1","9","1000","1000000","29112"
"216","true","extensive-only","false","false","4","1","9","1000","1000000","29437"
"217","true","extensive-only","false","false","4","1","9","1000","1000000","28501"
"219","true","extensive-only","false","false","4","1","9","1000","1000000","28831"
"218","true","extensive-only","false","false","4","1","9","1000","1000000","30237"
"221","true","extensive-only","false","false","4","1","9","1000","1000000","29349"
"220","true","extensive-only","false","false","4","1","9","1000","1000000","28609"
"222","true","extensive-only","false","false","4","1","9","1000","1000000","28908"
"223","true","extensive-only","false","false","4","1","9","1000","1000000","29136"
"224","true","extensive-only","false","false","4","1","9","1000","1000000","31006"
"225","true","extensive-only","false","false","4","1","9","1000","1000000","29975"
"226","true","extensive-only","false","false","4","1","9","1000","1000000","30462"
"227","true","extensive-only","false","false","4","1","9","1000","1000000","29781"
"229","true","extensive-only","false","false","4","1","9","1000","1000000","29584"
"228","true","extensive-only","false","false","4","1","9","1000","1000000","28983"
"230","true","extensive-only","false","false","4","1","9","1000","1000000","28535"
"231","true","extensive-only","false","false","4","1","9","1000","1000000","29824"
"232","true","extensive-only","false","false","4","1","9","1000","1000000","29435"
"233","true","extensive-only","false","false","4","1","9","1000","1000000","29388"
"234","true","extensive-only","false","false","4","1","9","1000","1000000","28856"
"235","true","extensive-only","false","false","4","1","9","1000","1000000","29865"
"236","true","extensive-only","false","false","4","1","9","1000","1000000","29825"
"238","true","extensive-only","false","false","4","1","9","1000","1000000","28887"
"237","true","extensive-only","false","false","4","1","9","1000","1000000","30185"
"239","true","extensive-only","false","false","4","1","9","1000","1000000","31093"
"240","true","extensive-only","false","false","4","1","9","1000","1000000","30118"
"241","true","extensive-only","false","false","5","1000","9","1000","1000000","18759"
"242","true","extensive-only","false","false","5","1000","9","1000","1000000","18773"
"243","true","extensive-only","false","false","5","1000","9","1000","1000000","18589"
"245","true","extensive-only","false","false","5","1000","9","1000","1000000","18761"
"244","true","extensive-only","false","false","5","1000","9","1000","1000000","18689"
"246","true","extensive-only","false","false","5","1000","9","1000","1000000","18595"
"247","true","extensive-only","false","false","5","1000","9","1000","1000000","18818"
"248","true","extensive-only","false","false","5","1000","9","1000","1000000","18559"
"249","true","extensive-only","false","false","5","1000","9","1000","1000000","18879"
"250","true","extensive-only","false","false","5","1000","9","1000","1000000","18757"
"251","true","extensive-only","false","false","5","1000","9","1000","1000000","18889"
"253","true","extensive-only","false","false","5","1000","9","1000","1000000","18558"
"252","true","extensive-only","false","false","5","1000","9","1000","1000000","18496"
"254","true","extensive-only","false","false","5","1000","9","1000","1000000","18916"
"255","true","extensive-only","false","false","5","1000","9","1000","1000000","18548"
"256","true","extensive-only","false","false","5","1000","9","1000","1000000","18621"
"257","true","extensive-only","false","false","5","1000","9","1000","1000000","18849"
"258","true","extensive-only","false","false","5","1000","9","1000","1000000","18654"
"259","true","extensive-only","false","false","5","1000","9","1000","1000000","18632"
"260","true","extensive-only","false","false","5","1000","9","1000","1000000","18703"
"262","true","extensive-only","false","false","5","1000","9","1000","1000000","18658"
"261","true","extensive-only","false","false","5","1000","9","1000","1000000","18628"
"263","true","extensive-only","false","false","5","1000","9","1000","1000000","18638"
"264","true","extensive-only","false","false","5","1000","9","1000","1000000","18696"
"265","true","extensive-only","false","false","5","1000","9","1000","1000000","18855"
"266","true","extensive-only","false","false","5","1000","9","1000","1000000","18604"
"267","true","extensive-only","false","false","5","1000","9","1000","1000000","18764"
"268","true","extensive-only","false","false","5","1000","9","1000","1000000","18790"
"269","true","extensive-only","false","false","5","1000","9","1000","1000000","18799"
"270","true","extensive-only","false","false","5","1000","9","1000","1000000","18431"
"271","true","extensive-only","false","false","5","1000","9","1000","1000000","18634"
"272","true","extensive-only","false","false","5","1000","9","1000","1000000","19013"
"273","true","extensive-only","false","false","5","1000","9","1000","1000000","18481"
"274","true","extensive-only","false","false","5","1000","9","1000","1000000","18487"
"275","true","extensive-only","false","false","5","1000","9","1000","1000000","18543"
"277","true","extensive-only","false","false","5","1000","9","1000","1000000","18858"
"276","true","extensive-only","false","false","5","1000","9","1000","1000000","18886"
"278","true","extensive-only","false","false","5","1000","9","1000","1000000","18698"
"279","true","extensive-only","false","false","5","1000","9","1000","1000000","18779"
"280","true","extensive-only","false","false","5","1000","9","1000","1000000","18812"
"281","true","extensive-only","false","false","5","1000","9","1000","1000000","18584"
"282","true","extensive-only","false","false","5","1000","9","1000","1000000","18774"
"283","true","extensive-only","false","false","5","1000","9","1000","1000000","18804"
"284","true","extensive-only","false","false","5","1000","9","1000","1000000","18567"
"286","true","extensive-only","false","false","5","1000","9","1000","1000000","18848"
"285","true","extensive-only","false","false","5","1000","9","1000","1000000","18656"
"287","true","extensive-only","false","false","5","1000","9","1000","1000000","18619"
"288","true","extensive-only","false","false","5","1000","9","1000","1000000","18757"
"289","true","extensive-only","false","false","5","1000","9","1000","1000000","18811"
"290","true","extensive-only","false","false","5","1000","9","1000","1000000","18625"
"291","true","extensive-only","false","false","5","1000","9","1000","1000000","18895"
"292","true","extensive-only","false","false","5","1000","9","1000","1000000","18960"
"293","true","extensive-only","false","false","5","1000","9","1000","1000000","18620"
"294","true","extensive-only","false","false","5","1000","9","1000","1000000","18558"
"295","true","extensive-only","false","false","5","1000","9","1000","1000000","18808"
"296","true","extensive-only","false","false","5","1000","9","1000","1000000","18613"
"297","true","extensive-only","false","false","5","1000","9","1000","1000000","18673"
"298","true","extensive-only","false","false","5","1000","9","1000","1000000","18853"
"301","true","extensive-only","false","false","5","1","9","1000","1000000","30421"
"302","true","extensive-only","false","false","5","1","9","1000","1000000","30836"
"299","true","extensive-only","false","false","5","1000","9","1000","1000000","18914"
"303","true","extensive-only","false","false","5","1","9","1000","1000000","31450"
"300","true","extensive-only","false","false","5","1000","9","1000","1000000","18840"
"304","true","extensive-only","false","false","5","1","9","1000","1000000","30219"
"305","true","extensive-only","false","false","5","1","9","1000","1000000","30156"
"306","true","extensive-only","false","false","5","1","9","1000","1000000","30762"
"307","true","extensive-only","false","false","5","1","9","1000","1000000","31374"
"308","true","extensive-only","false","false","5","1","9","1000","1000000","31173"
"309","true","extensive-only","false","false","5","1","9","1000","1000000","30592"
"311","true","extensive-only","false","false","5","1","9","1000","1000000","30871"
"310","true","extensive-only","false","false","5","1","9","1000","1000000","30191"
"312","true","extensive-only","false","false","5","1","9","1000","1000000","31612"
"313","true","extensive-only","false","false","5","1","9","1000","1000000","30666"
"314","true","extensive-only","false","false","5","1","9","1000","1000000","30554"
"315","true","extensive-only","false","false","5","1","9","1000","1000000","29936"
"316","true","extensive-only","false","false","5","1","9","1000","1000000","30363"
"317","true","extensive-only","false","false","5","1","9","1000","1000000","29605"
"318","true","extensive-only","false","false","5","1","9","1000","1000000","29549"
"319","true","extensive-only","false","false","5","1","9","1000","1000000","31280"
"320","true","extensive-only","false","false","5","1","9","1000","1000000","29953"
"321","true","extensive-only","false","false","5","1","9","1000","1000000","30085"
"322","true","extensive-only","false","false","5","1","9","1000","1000000","31166"
"323","true","extensive-only","false","false","5","1","9","1000","1000000","30273"
"324","true","extensive-only","false","false","5","1","9","1000","1000000","31047"
"325","true","extensive-only","false","false","5","1","9","1000","1000000","30459"
"326","true","extensive-only","false","false","5","1","9","1000","1000000","30414"
"327","true","extensive-only","false","false","5","1","9","1000","1000000","29797"
"329","true","extensive-only","false","false","5","1","9","1000","1000000","30112"
"328","true","extensive-only","false","false","5","1","9","1000","1000000","30915"
"330","true","extensive-only","false","false","5","1","9","1000","1000000","29917"
"331","true","extensive-only","false","false","5","1","9","1000","1000000","30673"
"332","true","extensive-only","false","false","5","1","9","1000","1000000","29550"
"333","true","extensive-only","false","false","5","1","9","1000","1000000","31049"
"334","true","extensive-only","false","false","5","1","9","1000","1000000","29567"
"335","true","extensive-only","false","false","5","1","9","1000","1000000","29477"
"336","true","extensive-only","false","false","5","1","9","1000","1000000","30885"
"337","true","extensive-only","false","false","5","1","9","1000","1000000","29514"
"338","true","extensive-only","false","false","5","1","9","1000","1000000","30502"
"339","true","extensive-only","false","false","5","1","9","1000","1000000","30891"
"340","true","extensive-only","false","false","5","1","9","1000","1000000","30569"
"342","true","extensive-only","false","false","5","1","9","1000","1000000","30398"
"341","true","extensive-only","false","false","5","1","9","1000","1000000","29471"
"343","true","extensive-only","false","false","5","1","9","1000","1000000","30028"
"344","true","extensive-only","false","false","5","1","9","1000","1000000","30497"
"345","true","extensive-only","false","false","5","1","9","1000","1000000","30299"
"346","true","extensive-only","false","false","5","1","9","1000","1000000","30173"
"347","true","extensive-only","false","false","5","1","9","1000","1000000","30478"
"348","true","extensive-only","false","false","5","1","9","1000","1000000","29987"
"350","true","extensive-only","false","false","5","1","9","1000","1000000","30247"
"349","true","extensive-only","false","false","5","1","9","1000","1000000","30098"
"351","true","extensive-only","false","false","5","1","9","1000","1000000","30621"
"352","true","extensive-only","false","false","5","1","9","1000","1000000","30715"
"353","true","extensive-only","false","false","5","1","9","1000","1000000","30567"
"354","true","extensive-only","false","false","5","1","9","1000","1000000","29383"
"355","true","extensive-only","false","false","5","1","9","1000","1000000","29637"
"356","true","extensive-only","false","false","5","1","9","1000","1000000","30205"
"357","true","extensive-only","false","false","5","1","9","1000","1000000","30567"
"358","true","extensive-only","false","false","5","1","9","1000","1000000","30579"
"359","true","extensive-only","false","false","5","1","9","1000","1000000","30493"
"360","true","extensive-only","false","false","5","1","9","1000","1000000","29634"
"361","true","extensive-only","false","false","6","1000","9","1000","1000000","18606"
"362","true","extensive-only","false","false","6","1000","9","1000","1000000","18917"
"363","true","extensive-only","false","false","6","1000","9","1000","1000000","18589"
"364","true","extensive-only","false","false","6","1000","9","1000","1000000","18535"
"366","true","extensive-only","false","false","6","1000","9","1000","1000000","18792"
"365","true","extensive-only","false","false","6","1000","9","1000","1000000","18598"
"367","true","extensive-only","false","false","6","1000","9","1000","1000000","18939"
"368","true","extensive-only","false","false","6","1000","9","1000","1000000","19039"
"369","true","extensive-only","false","false","6","1000","9","1000","1000000","18755"
"370","true","extensive-only","false","false","6","1000","9","1000","1000000","18819"
"371","true","extensive-only","false","false","6","1000","9","1000","1000000","18644"
"372","true","extensive-only","false","false","6","1000","9","1000","1000000","18796"
"373","true","extensive-only","false","false","6","1000","9","1000","1000000","18745"
"374","true","extensive-only","false","false","6","1000","9","1000","1000000","18740"
"375","true","extensive-only","false","false","6","1000","9","1000","1000000","18828"
"376","true","extensive-only","false","false","6","1000","9","1000","1000000","18752"
"378","true","extensive-only","false","false","6","1000","9","1000","1000000","18759"
"377","true","extensive-only","false","false","6","1000","9","1000","1000000","18804"
"379","true","extensive-only","false","false","6","1000","9","1000","1000000","18691"
"381","true","extensive-only","false","false","6","1000","9","1000","1000000","18694"
"380","true","extensive-only","false","false","6","1000","9","1000","1000000","18575"
"382","true","extensive-only","false","false","6","1000","9","1000","1000000","18702"
"383","true","extensive-only","false","false","6","1000","9","1000","1000000","18813"
"384","true","extensive-only","false","false","6","1000","9","1000","1000000","18662"
"385","true","extensive-only","false","false","6","1000","9","1000","1000000","18648"
"386","true","extensive-only","false","false","6","1000","9","1000","1000000","18720"
"387","true","extensive-only","false","false","6","1000","9","1000","1000000","18639"
"388","true","extensive-only","false","false","6","1000","9","1000","1000000","18668"
"389","true","extensive-only","false","false","6","1000","9","1000","1000000","18819"
"390","true","extensive-only","false","false","6","1000","9","1000","1000000","18736"
"391","true","extensive-only","false","false","6","1000","9","1000","1000000","18710"
"392","true","extensive-only","false","false","6","1000","9","1000","1000000","18695"
"393","true","extensive-only","false","false","6","1000","9","1000","1000000","18879"
"394","true","extensive-only","false","false","6","1000","9","1000","1000000","18877"
"395","true","extensive-only","false","false","6","1000","9","1000","1000000","18704"
"397","true","extensive-only","false","false","6","1000","9","1000","1000000","18732"
"396","true","extensive-only","false","false","6","1000","9","1000","1000000","18585"
"398","true","extensive-only","false","false","6","1000","9","1000","1000000","18816"
"399","true","extensive-only","false","false","6","1000","9","1000","1000000","18788"
"400","true","extensive-only","false","false","6","1000","9","1000","1000000","18863"
"401","true","extensive-only","false","false","6","1000","9","1000","1000000","18804"
"402","true","extensive-only","false","false","6","1000","9","1000","1000000","18602"
"403","true","extensive-only","false","false","6","1000","9","1000","1000000","18588"
"405","true","extensive-only","false","false","6","1000","9","1000","1000000","18657"
"404","true","extensive-only","false","false","6","1000","9","1000","1000000","18619"
"406","true","extensive-only","false","false","6","1000","9","1000","1000000","18822"
"407","true","extensive-only","false","false","6","1000","9","1000","1000000","18732"
"408","true","extensive-only","false","false","6","1000","9","1000","1000000","18751"
"409","true","extensive-only","false","false","6","1000","9","1000","1000000","18850"
"410","true","extensive-only","false","false","6","1000","9","1000","1000000","18957"
"411","true","extensive-only","false","false","6","1000","9","1000","1000000","18746"
"412","true","extensive-only","false","false","6","1000","9","1000","1000000","18686"
"413","true","extensive-only","false","false","6","1000","9","1000","1000000","18847"
"414","true","extensive-only","false","false","6","1000","9","1000","1000000","18892"
"415","true","extensive-only","false","false","6","1000","9","1000","1000000","18531"
"416","true","extensive-only","false","false","6","1000","9","1000","1000000","18875"
"417","true","extensive-only","false","false","6","1000","9","1000","1000000","18699"
"422","true","extensive-only","false","false","6","1","9","1000","1000000","31071"
"421","true","extensive-only","false","false","6","1","9","1000","1000000","30938"
"419","true","extensive-only","false","false","6","1000","9","1000","1000000","18515"
"418","true","extensive-only","false","false","6","1000","9","1000","1000000","18505"
"420","true","extensive-only","false","false","6","1000","9","1000","1000000","18533"
"423","true","extensive-only","false","false","6","1","9","1000","1000000","31209"
"424","true","extensive-only","false","false","6","1","9","1000","1000000","31161"
"425","true","extensive-only","false","false","6","1","9","1000","1000000","31193"
"426","true","extensive-only","false","false","6","1","9","1000","1000000","30826"
"427","true","extensive-only","false","false","6","1","9","1000","1000000","30020"
"428","true","extensive-only","false","false","6","1","9","1000","1000000","30509"
"429","true","extensive-only","false","false","6","1","9","1000","1000000","29636"
"430","true","extensive-only","false","false","6","1","9","1000","1000000","30368"
"431","true","extensive-only","false","false","6","1","9","1000","1000000","30336"
"432","true","extensive-only","false","false","6","1","9","1000","1000000","30664"
"433","true","extensive-only","false","false","6","1","9","1000","1000000","30194"
"434","true","extensive-only","false","false","6","1","9","1000","1000000","30726"
"435","true","extensive-only","false","false","6","1","9","1000","1000000","30455"
"436","true","extensive-only","false","false","6","1","9","1000","1000000","31304"
"437","true","extensive-only","false","false","6","1","9","1000","1000000","30509"
"438","true","extensive-only","false","false","6","1","9","1000","1000000","30930"
"439","true","extensive-only","false","false","6","1","9","1000","1000000","31086"
"440","true","extensive-only","false","false","6","1","9","1000","1000000","30853"
"441","true","extensive-only","false","false","6","1","9","1000","1000000","31084"
"442","true","extensive-only","false","false","6","1","9","1000","1000000","31081"
"444","true","extensive-only","false","false","6","1","9","1000","1000000","30493"
"443","true","extensive-only","false","false","6","1","9","1000","1000000","31311"
"445","true","extensive-only","false","false","6","1","9","1000","1000000","30549"
"446","true","extensive-only","false","false","6","1","9","1000","1000000","31452"
"447","true","extensive-only","false","false","6","1","9","1000","1000000","29528"
"448","true","extensive-only","false","false","6","1","9","1000","1000000","31600"
"449","true","extensive-only","false","false","6","1","9","1000","1000000","30895"
"450","true","extensive-only","false","false","6","1","9","1000","1000000","31517"
"451","true","extensive-only","false","false","6","1","9","1000","1000000","30846"
"452","true","extensive-only","false","false","6","1","9","1000","1000000","30887"
"453","true","extensive-only","false","false","6","1","9","1000","1000000","30088"
"454","true","extensive-only","false","false","6","1","9","1000","1000000","30687"
"456","true","extensive-only","false","false","6","1","9","1000","1000000","30933"
"455","true","extensive-only","false","false","6","1","9","1000","1000000","30845"
"457","true","extensive-only","false","false","6","1","9","1000","1000000","30323"
"459","true","extensive-only","false","false","6","1","9","1000","1000000","30422"
"458","true","extensive-only","false","false","6","1","9","1000","1000000","30339"
"460","true","extensive-only","false","false","6","1","9","1000","1000000","31138"
"461","true","extensive-only","false","false","6","1","9","1000","1000000","30360"
"462","true","extensive-only","false","false","6","1","9","1000","1000000","30872"
"463","true","extensive-only","false","false","6","1","9","1000","1000000","30363"
"464","true","extensive-only","false","false","6","1","9","1000","1000000","30260"
"465","true","extensive-only","false","false","6","1","9","1000","1000000","31367"
"466","true","extensive-only","false","false","6","1","9","1000","1000000","31266"
"467","true","extensive-only","false","false","6","1","9","1000","1000000","30326"
"468","true","extensive-only","false","false","6","1","9","1000","1000000","30434"
"469","true","extensive-only","false","false","6","1","9","1000","1000000","30417"
"470","true","extensive-only","false","false","6","1","9","1000","1000000","30675"
"471","true","extensive-only","false","false","6","1","9","1000","1000000","31000"
"472","true","extensive-only","false","false","6","1","9","1000","1000000","30276"
"473","true","extensive-only","false","false","6","1","9","1000","1000000","30566"
"474","true","extensive-only","false","false","6","1","9","1000","1000000","30635"
"475","true","extensive-only","false","false","6","1","9","1000","1000000","30270"
"476","true","extensive-only","false","false","6","1","9","1000","1000000","31172"
"478","true","extensive-only","false","false","6","1","9","1000","1000000","30843"
"479","true","extensive-only","false","false","6","1","9","1000","1000000","30830"
"477","true","extensive-only","false","false","6","1","9","1000","1000000","30999"
"480","true","extensive-only","false","false","6","1","9","1000","1000000","31369"
"481","true","extensive-only","false","false","7","1000","9","1000","1000000","18652"
"482","true","extensive-only","false","false","7","1000","9","1000","1000000","18659"
"484","true","extensive-only","false","false","7","1000","9","1000","1000000","18695"
"483","true","extensive-only","false","false","7","1000","9","1000","1000000","18774"
"485","true","extensive-only","false","false","7","1000","9","1000","1000000","18606"
"486","true","extensive-only","false","false","7","1000","9","1000","1000000","18880"
"487","true","extensive-only","false","false","7","1000","9","1000","1000000","18717"
"488","true","extensive-only","false","false","7","1000","9","1000","1000000","18762"
"489","true","extensive-only","false","false","7","1000","9","1000","1000000","18701"
"490","true","extensive-only","false","false","7","1000","9","1000","1000000","18981"
"492","true","extensive-only","false","false","7","1000","9","1000","1000000","18816"
"491","true","extensive-only","false","false","7","1000","9","1000","1000000","18850"
"494","true","extensive-only","false","false","7","1000","9","1000","1000000","18765"
"493","true","extensive-only","false","false","7","1000","9","1000","1000000","18884"
"495","true","extensive-only","false","false","7","1000","9","1000","1000000","18787"
"496","true","extensive-only","false","false","7","1000","9","1000","1000000","18655"
"497","true","extensive-only","false","false","7","1000","9","1000","1000000","18749"
"498","true","extensive-only","false","false","7","1000","9","1000","1000000","18825"
"500","true","extensive-only","false","false","7","1000","9","1000","1000000","18794"
"499","true","extensive-only","false","false","7","1000","9","1000","1000000","18872"
"501","true","extensive-only","false","false","7","1000","9","1000","1000000","18914"
"502","true","extensive-only","false","false","7","1000","9","1000","1000000","18806"
"503","true","extensive-only","false","false","7","1000","9","1000","1000000","19021"
"504","true","extensive-only","false","false","7","1000","9","1000","1000000","18706"
"505","true","extensive-only","false","false","7","1000","9","1000","1000000","18867"
"506","true","extensive-only","false","false","7","1000","9","1000","1000000","18737"
"507","true","extensive-only","false","false","7","1000","9","1000","1000000","18846"
"508","true","extensive-only","false","false","7","1000","9","1000","1000000","18794"
"509","true","extensive-only","false","false","7","1000","9","1000","1000000","18795"
"510","true","extensive-only","false","false","7","1000","9","1000","1000000","18654"
"511","true","extensive-only","false","false","7","1000","9","1000","1000000","18569"
"512","true","extensive-only","false","false","7","1000","9","1000","1000000","18568"
"513","true","extensive-only","false","false","7","1000","9","1000","1000000","18854"
"514","true","extensive-only","false","false","7","1000","9","1000","1000000","18712"
"515","true","extensive-only","false","false","7","1000","9","1000","1000000","18746"
"516","true","extensive-only","false","false","7","1000","9","1000","1000000","18790"
"517","true","extensive-only","false","false","7","1000","9","1000","1000000","18653"
"518","true","extensive-only","false","false","7","1000","9","1000","1000000","19001"
"520","true","extensive-only","false","false","7","1000","9","1000","1000000","18600"
"519","true","extensive-only","false","false","7","1000","9","1000","1000000","18848"
"521","true","extensive-only","false","false","7","1000","9","1000","1000000","18694"
"522","true","extensive-only","false","false","7","1000","9","1000","1000000","18776"
"524","true","extensive-only","false","false","7","1000","9","1000","1000000","18673"
"523","true","extensive-only","false","false","7","1000","9","1000","1000000","18557"
"525","true","extensive-only","false","false","7","1000","9","1000","1000000","18719"
"526","true","extensive-only","false","false","7","1000","9","1000","1000000","18848"
"528","true","extensive-only","false","false","7","1000","9","1000","1000000","18695"
"527","true","extensive-only","false","false","7","1000","9","1000","1000000","18668"
"529","true","extensive-only","false","false","7","1000","9","1000","1000000","18824"
"530","true","extensive-only","false","false","7","1000","9","1000","1000000","18642"
"532","true","extensive-only","false","false","7","1000","9","1000","1000000","18726"
"531","true","extensive-only","false","false","7","1000","9","1000","1000000","18688"
"533","true","extensive-only","false","false","7","1000","9","1000","1000000","18690"
"534","true","extensive-only","false","false","7","1000","9","1000","1000000","18590"
"535","true","extensive-only","false","false","7","1000","9","1000","1000000","18865"
"536","true","extensive-only","false","false","7","1000","9","1000","1000000","18527"
"537","true","extensive-only","false","false","7","1000","9","1000","1000000","18570"
"538","true","extensive-only","false","false","7","1000","9","1000","1000000","18787"
"541","true","extensive-only","false","false","7","1","9","1000","1000000","30623"
"542","true","extensive-only","false","false","7","1","9","1000","1000000","30620"
"540","true","extensive-only","false","false","7","1000","9","1000","1000000","18883"
"544","true","extensive-only","false","false","7","1","9","1000","1000000","30903"
"539","true","extensive-only","false","false","7","1000","9","1000","1000000","18789"
"543","true","extensive-only","false","false","7","1","9","1000","1000000","31339"
"545","true","extensive-only","false","false","7","1","9","1000","1000000","30848"
"547","true","extensive-only","false","false","7","1","9","1000","1000000","31060"
"546","true","extensive-only","false","false","7","1","9","1000","1000000","30599"
"548","true","extensive-only","false","false","7","1","9","1000","1000000","31395"
"549","true","extensive-only","false","false","7","1","9","1000","1000000","30962"
"551","true","extensive-only","false","false","7","1","9","1000","1000000","31449"
"550","true","extensive-only","false","false","7","1","9","1000","1000000","30707"
"552","true","extensive-only","false","false","7","1","9","1000","1000000","30884"
"553","true","extensive-only","false","false","7","1","9","1000","1000000","31078"
"554","true","extensive-only","false","false","7","1","9","1000","1000000","30697"
"555","true","extensive-only","false","false","7","1","9","1000","1000000","31534"
"556","true","extensive-only","false","false","7","1","9","1000","1000000","31447"
"557","true","extensive-only","false","false","7","1","9","1000","1000000","30826"
"558","true","extensive-only","false","false","7","1","9","1000","1000000","30917"
"559","true","extensive-only","false","false","7","1","9","1000","1000000","31210"
"560","true","extensive-only","false","false","7","1","9","1000","1000000","30924"
"561","true","extensive-only","false","false","7","1","9","1000","1000000","31003"
"562","true","extensive-only","false","false","7","1","9","1000","1000000","31549"
"563","true","extensive-only","false","false","7","1","9","1000","1000000","30668"
"565","true","extensive-only","false","false","7","1","9","1000","1000000","30438"
"564","true","extensive-only","false","false","7","1","9","1000","1000000","30501"
"566","true","extensive-only","false","false","7","1","9","1000","1000000","31323"
"567","true","extensive-only","false","false","7","1","9","1000","1000000","30250"
"568","true","extensive-only","false","false","7","1","9","1000","1000000","30779"
"569","true","extensive-only","false","false","7","1","9","1000","1000000","30819"
"570","true","extensive-only","false","false","7","1","9","1000","1000000","30892"
"571","true","extensive-only","false","false","7","1","9","1000","1000000","30815"
"572","true","extensive-only","false","false","7","1","9","1000","1000000","30992"
"573","true","extensive-only","false","false","7","1","9","1000","1000000","30541"
"574","true","extensive-only","false","false","7","1","9","1000","1000000","31221"
"575","true","extensive-only","false","false","7","1","9","1000","1000000","30818"
"576","true","extensive-only","false","false","7","1","9","1000","1000000","31326"
"577","true","extensive-only","false","false","7","1","9","1000","1000000","31264"
"578","true","extensive-only","false","false","7","1","9","1000","1000000","30319"
"579","true","extensive-only","false","false","7","1","9","1000","1000000","30797"
"580","true","extensive-only","false","false","7","1","9","1000","1000000","30881"
"581","true","extensive-only","false","false","7","1","9","1000","1000000","31244"
"582","true","extensive-only","false","false","7","1","9","1000","1000000","31149"
"583","true","extensive-only","false","false","7","1","9","1000","1000000","31217"
"584","true","extensive-only","false","false","7","1","9","1000","1000000","30726"
"585","true","extensive-only","false","false","7","1","9","1000","1000000","30864"
"586","true","extensive-only","false","false","7","1","9","1000","1000000","30884"
"587","true","extensive-only","false","false","7","1","9","1000","1000000","31246"
"588","true","extensive-only","false","false","7","1","9","1000","1000000","31525"
"589","true","extensive-only","false","false","7","1","9","1000","1000000","30702"
"590","true","extensive-only","false","false","7","1","9","1000","1000000","30618"
"591","true","extensive-only","false","false","7","1","9","1000","1000000","30961"
"592","true","extensive-only","false","false","7","1","9","1000","1000000","31678"
"593","true","extensive-only","false","false","7","1","9","1000","1000000","30900"
"594","true","extensive-only","false","false","7","1","9","1000","1000000","31284"
"595","true","extensive-only","false","false","7","1","9","1000","1000000","30836"
"596","true","extensive-only","false","false","7","1","9","1000","1000000","31275"
"597","true","extensive-only","false","false","7","1","9","1000","1000000","30696"
"598","true","extensive-only","false","false","7","1","9","1000","1000000","30682"
"599","true","extensive-only","false","false","7","1","9","1000","1000000","31124"
"600","true","extensive-only","false","false","7","1","9","1000","1000000","31154"
"601","true","extensive-only","false","false","8","1000","9","1000","1000000","18777"
"602","true","extensive-only","false","false","8","1000","9","1000","1000000","18676"
"603","true","extensive-only","false","false","8","1000","9","1000","1000000","18661"
"604","true","extensive-only","false","false","8","1000","9","1000","1000000","18857"
"605","true","extensive-only","false","false","8","1000","9","1000","1000000","18838"
"606","true","extensive-only","false","false","8","1000","9","1000","1000000","18616"
"607","true","extensive-only","false","false","8","1000","9","1000","1000000","19042"
"608","true","extensive-only","false","false","8","1000","9","1000","1000000","18580"
"609","true","extensive-only","false","false","8","1000","9","1000","1000000","18259"
"610","true","extensive-only","false","false","8","1000","9","1000","1000000","18524"
"611","true","extensive-only","false","false","8","1000","9","1000","1000000","18769"
"612","true","extensive-only","false","false","8","1000","9","1000","1000000","18505"
"613","true","extensive-only","false","false","8","1000","9","1000","1000000","18489"
"614","true","extensive-only","false","false","8","1000","9","1000","1000000","18880"
"615","true","extensive-only","false","false","8","1000","9","1000","1000000","18646"
"616","true","extensive-only","false","false","8","1000","9","1000","1000000","18451"
"617","true","extensive-only","false","false","8","1000","9","1000","1000000","18522"
"618","true","extensive-only","false","false","8","1000","9","1000","1000000","18666"
"619","true","extensive-only","false","false","8","1000","9","1000","1000000","18391"
"620","true","extensive-only","false","false","8","1000","9","1000","1000000","18655"
"621","true","extensive-only","false","false","8","1000","9","1000","1000000","18569"
"622","true","extensive-only","false","false","8","1000","9","1000","1000000","18540"
"623","true","extensive-only","false","false","8","1000","9","1000","1000000","18626"
"624","true","extensive-only","false","false","8","1000","9","1000","1000000","18589"
"625","true","extensive-only","false","false","8","1000","9","1000","1000000","18510"
"626","true","extensive-only","false","false","8","1000","9","1000","1000000","18703"
"627","true","extensive-only","false","false","8","1000","9","1000","1000000","18829"
"628","true","extensive-only","false","false","8","1000","9","1000","1000000","18749"
"629","true","extensive-only","false","false","8","1000","9","1000","1000000","18614"
"630","true","extensive-only","false","false","8","1000","9","1000","1000000","18691"
"631","true","extensive-only","false","false","8","1000","9","1000","1000000","18581"
"632","true","extensive-only","false","false","8","1000","9","1000","1000000","18671"
"633","true","extensive-only","false","false","8","1000","9","1000","1000000","18546"
"634","true","extensive-only","false","false","8","1000","9","1000","1000000","18642"
"635","true","extensive-only","false","false","8","1000","9","1000","1000000","18668"
"636","true","extensive-only","false","false","8","1000","9","1000","1000000","18681"
"637","true","extensive-only","false","false","8","1000","9","1000","1000000","18721"
"638","true","extensive-only","false","false","8","1000","9","1000","1000000","18628"
"639","true","extensive-only","false","false","8","1000","9","1000","1000000","18488"
"640","true","extensive-only","false","false","8","1000","9","1000","1000000","18725"
"641","true","extensive-only","false","false","8","1000","9","1000","1000000","18654"
"642","true","extensive-only","false","false","8","1000","9","1000","1000000","18737"
"643","true","extensive-only","false","false","8","1000","9","1000","1000000","18646"
"644","true","extensive-only","false","false","8","1000","9","1000","1000000","18654"
"645","true","extensive-only","false","false","8","1000","9","1000","1000000","18559"
"646","true","extensive-only","false","false","8","1000","9","1000","1000000","18470"
"647","true","extensive-only","false","false","8","1000","9","1000","1000000","18629"
"648","true","extensive-only","false","false","8","1000","9","1000","1000000","18732"
"649","true","extensive-only","false","false","8","1000","9","1000","1000000","18768"
"650","true","extensive-only","false","false","8","1000","9","1000","1000000","18590"
"651","true","extensive-only","false","false","8","1000","9","1000","1000000","18781"
"652","true","extensive-only","false","false","8","1000","9","1000","1000000","18635"
"653","true","extensive-only","false","false","8","1000","9","1000","1000000","18586"
"654","true","extensive-only","false","false","8","1000","9","1000","1000000","18658"
"655","true","extensive-only","false","false","8","1000","9","1000","1000000","18544"
"656","true","extensive-only","false","false","8","1000","9","1000","1000000","18587"
"657","true","extensive-only","false","false","8","1000","9","1000","1000000","18606"
"658","true","extensive-only","false","false","8","1000","9","1000","1000000","18537"
"659","true","extensive-only","false","false","8","1000","9","1000","1000000","18621"
"661","true","extensive-only","false","false","8","1","9","1000","1000000","30676"
"660","true","extensive-only","false","false","8","1000","9","1000","1000000","18650"
"662","true","extensive-only","false","false","8","1","9","1000","1000000","30926"
"663","true","extensive-only","false","false","8","1","9","1000","1000000","30038"
"664","true","extensive-only","false","false","8","1","9","1000","1000000","31298"
"665","true","extensive-only","false","false","8","1","9","1000","1000000","30574"
"666","true","extensive-only","false","false","8","1","9","1000","1000000","30453"
"667","true","extensive-only","false","false","8","1","9","1000","1000000","31013"
"668","true","extensive-only","false","false","8","1","9","1000","1000000","30869"
"669","true","extensive-only","false","false","8","1","9","1000","1000000","29312"
"670","true","extensive-only","false","false","8","1","9","1000","1000000","30832"
"671","true","extensive-only","false","false","8","1","9","1000","1000000","30864"
"672","true","extensive-only","false","false","8","1","9","1000","1000000","30713"
"673","true","extensive-only","false","false","8","1","9","1000","1000000","31104"
"674","true","extensive-only","false","false","8","1","9","1000","1000000","30693"
"675","true","extensive-only","false","false","8","1","9","1000","1000000","30825"
"676","true","extensive-only","false","false","8","1","9","1000","1000000","30909"
"677","true","extensive-only","false","false","8","1","9","1000","1000000","30738"
"678","true","extensive-only","false","false","8","1","9","1000","1000000","30788"
"679","true","extensive-only","false","false","8","1","9","1000","1000000","31184"
"680","true","extensive-only","false","false","8","1","9","1000","1000000","31501"
"681","true","extensive-only","false","false","8","1","9","1000","1000000","30902"
"682","true","extensive-only","false","false","8","1","9","1000","1000000","30601"
"683","true","extensive-only","false","false","8","1","9","1000","1000000","30725"
"684","true","extensive-only","false","false","8","1","9","1000","1000000","31520"
"685","true","extensive-only","false","false","8","1","9","1000","1000000","31063"
"686","true","extensive-only","false","false","8","1","9","1000","1000000","30482"
"687","true","extensive-only","false","false","8","1","9","1000","1000000","30621"
"688","true","extensive-only","false","false","8","1","9","1000","1000000","31187"
"689","true","extensive-only","false","false","8","1","9","1000","1000000","31237"
"690","true","extensive-only","false","false","8","1","9","1000","1000000","30587"
"691","true","extensive-only","false","false","8","1","9","1000","1000000","30883"
"692","true","extensive-only","false","false","8","1","9","1000","1000000","30697"
"693","true","extensive-only","false","false","8","1","9","1000","1000000","30819"
"694","true","extensive-only","false","false","8","1","9","1000","1000000","29676"
"695","true","extensive-only","false","false","8","1","9","1000","1000000","31169"
"696","true","extensive-only","false","false","8","1","9","1000","1000000","30891"
"697","true","extensive-only","false","false","8","1","9","1000","1000000","31148"
"698","true","extensive-only","false","false","8","1","9","1000","1000000","31129"
"699","true","extensive-only","false","false","8","1","9","1000","1000000","30349"
"700","true","extensive-only","false","false","8","1","9","1000","1000000","31007"
"701","true","extensive-only","false","false","8","1","9","1000","1000000","30836"
"702","true","extensive-only","false","false","8","1","9","1000","1000000","29981"
"703","true","extensive-only","false","false","8","1","9","1000","1000000","31351"
"704","true","extensive-only","false","false","8","1","9","1000","1000000","30717"
"705","true","extensive-only","false","false","8","1","9","1000","1000000","30552"
"706","true","extensive-only","false","false","8","1","9","1000","1000000","30207"
"707","true","extensive-only","false","false","8","1","9","1000","1000000","30874"
"708","true","extensive-only","false","false","8","1","9","1000","1000000","30420"
"709","true","extensive-only","false","false","8","1","9","1000","1000000","30102"
"710","true","extensive-only","false","false","8","1","9","1000","1000000","30133"
"711","true","extensive-only","false","false","8","1","9","1000","1000000","30768"
"712","true","extensive-only","false","false","8","1","9","1000","1000000","30470"
"713","true","extensive-only","false","false","8","1","9","1000","1000000","31190"
"714","true","extensive-only","false","false","8","1","9","1000","1000000","31442"
"715","true","extensive-only","false","false","8","1","9","1000","1000000","30460"
"721","true","extensive-only","false","false","9","1000","9","1000","1000000","1895"
"716","true","extensive-only","false","false","8","1","9","1000","1000000","30513"
"717","true","extensive-only","false","false","8","1","9","1000","1000000","31297"
"718","true","extensive-only","false","false","8","1","9","1000","1000000","30139"
"722","true","extensive-only","false","false","9","1000","9","1000","1000000","1946"
"719","true","extensive-only","false","false","8","1","9","1000","1000000","30464"
"720","true","extensive-only","false","false","8","1","9","1000","1000000","30322"
"723","true","extensive-only","false","false","9","1000","9","1000","1000000","1893"
"724","true","extensive-only","false","false","9","1000","9","1000","1000000","1929"
"725","true","extensive-only","false","false","9","1000","9","1000","1000000","1955"
"726","true","extensive-only","false","false","9","1000","9","1000","1000000","1927"
"727","true","extensive-only","false","false","9","1000","9","1000","1000000","1946"
"728","true","extensive-only","false","false","9","1000","9","1000","1000000","1945"
"729","true","extensive-only","false","false","9","1000","9","1000","1000000","1946"
"730","true","extensive-only","false","false","9","1000","9","1000","1000000","1911"
"731","true","extensive-only","false","false","9","1000","9","1000","1000000","2004"
"732","true","extensive-only","false","false","9","1000","9","1000","1000000","1898"
"733","true","extensive-only","false","false","9","1000","9","1000","1000000","1945"
"734","true","extensive-only","false","false","9","1000","9","1000","1000000","1950"
"735","true","extensive-only","false","false","9","1000","9","1000","1000000","1909"
"736","true","extensive-only","false","false","9","1000","9","1000","1000000","1937"
"737","true","extensive-only","false","false","9","1000","9","1000","1000000","1963"
"738","true","extensive-only","false","false","9","1000","9","1000","1000000","1907"
"740","true","extensive-only","false","false","9","1000","9","1000","1000000","1924"
"739","true","extensive-only","false","false","9","1000","9","1000","1000000","1945"
"741","true","extensive-only","false","false","9","1000","9","1000","1000000","1974"
"742","true","extensive-only","false","false","9","1000","9","1000","1000000","1936"
"743","true","extensive-only","false","false","9","1000","9","1000","1000000","1951"
"744","true","extensive-only","false","false","9","1000","9","1000","1000000","1927"
"745","true","extensive-only","false","false","9","1000","9","1000","1000000","1970"
"746","true","extensive-only","false","false","9","1000","9","1000","1000000","1963"
"747","true","extensive-only","false","false","9","1000","9","1000","1000000","1906"
"748","true","extensive-only","false","false","9","1000","9","1000","1000000","1944"
"749","true","extensive-only","false","false","9","1000","9","1000","1000000","1967"
"750","true","extensive-only","false","false","9","1000","9","1000","1000000","1923"
"751","true","extensive-only","false","false","9","1000","9","1000","1000000","1906"
"752","true","extensive-only","false","false","9","1000","9","1000","1000000","1897"
"753","true","extensive-only","false","false","9","1000","9","1000","1000000","1962"
"755","true","extensive-only","false","false","9","1000","9","1000","1000000","1940"
"754","true","extensive-only","false","false","9","1000","9","1000","1000000","1940"
"756","true","extensive-only","false","false","9","1000","9","1000","1000000","1951"
"757","true","extensive-only","false","false","9","1000","9","1000","1000000","1870"
"758","true","extensive-only","false","false","9","1000","9","1000","1000000","1945"
"759","true","extensive-only","false","false","9","1000","9","1000","1000000","1961"
"760","true","extensive-only","false","false","9","1000","9","1000","1000000","1951"
"761","true","extensive-only","false","false","9","1000","9","1000","1000000","1956"
"762","true","extensive-only","false","false","9","1000","9","1000","1000000","1891"
"763","true","extensive-only","false","false","9","1000","9","1000","1000000","1994"
"764","true","extensive-only","false","false","9","1000","9","1000","1000000","1943"
"765","true","extensive-only","false","false","9","1000","9","1000","1000000","1925"
"766","true","extensive-only","false","false","9","1000","9","1000","1000000","1946"
"767","true","extensive-only","false","false","9","1000","9","1000","1000000","1960"
"768","true","extensive-only","false","false","9","1000","9","1000","1000000","1978"
"769","true","extensive-only","false","false","9","1000","9","1000","1000000","1880"
"770","true","extensive-only","false","false","9","1000","9","1000","1000000","1927"
"771","true","extensive-only","false","false","9","1000","9","1000","1000000","1950"
"772","true","extensive-only","false","false","9","1000","9","1000","1000000","1865"
"773","true","extensive-only","false","false","9","1000","9","1000","1000000","1946"
"774","true","extensive-only","false","false","9","1000","9","1000","1000000","1875"
"775","true","extensive-only","false","false","9","1000","9","1000","1000000","1939"
"776","true","extensive-only","false","false","9","1000","9","1000","1000000","1919"
"777","true","extensive-only","false","false","9","1000","9","1000","1000000","1903"
"778","true","extensive-only","false","false","9","1000","9","1000","1000000","1982"
"779","true","extensive-only","false","false","9","1000","9","1000","1000000","1945"
"780","true","extensive-only","false","false","9","1000","9","1000","1000000","1961"
"781","true","extensive-only","false","false","9","1","9","1000","1000000","3193"
"782","true","extensive-only","false","false","9","1","9","1000","1000000","3147"
"783","true","extensive-only","false","false","9","1","9","1000","1000000","3177"
"784","true","extensive-only","false","false","9","1","9","1000","1000000","3040"
"785","true","extensive-only","false","false","9","1","9","1000","1000000","3170"
"786","true","extensive-only","false","false","9","1","9","1000","1000000","3222"
"787","true","extensive-only","false","false","9","1","9","1000","1000000","3240"
"789","true","extensive-only","false","false","9","1","9","1000","1000000","3217"
"788","true","extensive-only","false","false","9","1","9","1000","1000000","3223"
"790","true","extensive-only","false","false","9","1","9","1000","1000000","3194"
"791","true","extensive-only","false","false","9","1","9","1000","1000000","3152"
"792","true","extensive-only","false","false","9","1","9","1000","1000000","3307"
"793","true","extensive-only","false","false","9","1","9","1000","1000000","3257"
"794","true","extensive-only","false","false","9","1","9","1000","1000000","3295"
"795","true","extensive-only","false","false","9","1","9","1000","1000000","3193"
"798","true","extensive-only","false","false","9","1","9","1000","1000000","3207"
"796","true","extensive-only","false","false","9","1","9","1000","1000000","3224"
"797","true","extensive-only","false","false","9","1","9","1000","1000000","3185"
"800","true","extensive-only","false","false","9","1","9","1000","1000000","3242"
"799","true","extensive-only","false","false","9","1","9","1000","1000000","3231"
"801","true","extensive-only","false","false","9","1","9","1000","1000000","3234"
"802","true","extensive-only","false","false","9","1","9","1000","1000000","3177"
"803","true","extensive-only","false","false","9","1","9","1000","1000000","3197"
"804","true","extensive-only","false","false","9","1","9","1000","1000000","3275"
"805","true","extensive-only","false","false","9","1","9","1000","1000000","3219"
"807","true","extensive-only","false","false","9","1","9","1000","1000000","3216"
"806","true","extensive-only","false","false","9","1","9","1000","1000000","3278"
"808","true","extensive-only","false","false","9","1","9","1000","1000000","3206"
"809","true","extensive-only","false","false","9","1","9","1000","1000000","3206"
"810","true","extensive-only","false","false","9","1","9","1000","1000000","3121"
"811","true","extensive-only","false","false","9","1","9","1000","1000000","3191"
"812","true","extensive-only","false","false","9","1","9","1000","1000000","2945"
"813","true","extensive-only","false","false","9","1","9","1000","1000000","3188"
"814","true","extensive-only","false","false","9","1","9","1000","1000000","3238"
"816","true","extensive-only","false","false","9","1","9","1000","1000000","2979"
"815","true","extensive-only","false","false","9","1","9","1000","1000000","3078"
"817","true","extensive-only","false","false","9","1","9","1000","1000000","3124"
"818","true","extensive-only","false","false","9","1","9","1000","1000000","3262"
"819","true","extensive-only","false","false","9","1","9","1000","1000000","3202"
"820","true","extensive-only","false","false","9","1","9","1000","1000000","3104"
"821","true","extensive-only","false","false","9","1","9","1000","1000000","3288"
"822","true","extensive-only","false","false","9","1","9","1000","1000000","3217"
"823","true","extensive-only","false","false","9","1","9","1000","1000000","3107"
"824","true","extensive-only","false","false","9","1","9","1000","1000000","3214"
"825","true","extensive-only","false","false","9","1","9","1000","1000000","3308"
"826","true","extensive-only","false","false","9","1","9","1000","1000000","2952"
"828","true","extensive-only","false","false","9","1","9","1000","1000000","3180"
"827","true","extensive-only","false","false","9","1","9","1000","1000000","3297"
"830","true","extensive-only","false","false","9","1","9","1000","1000000","3216"
"829","true","extensive-only","false","false","9","1","9","1000","1000000","3166"
"831","true","extensive-only","false","false","9","1","9","1000","1000000","3132"
"832","true","extensive-only","false","false","9","1","9","1000","1000000","3269"
"833","true","extensive-only","false","false","9","1","9","1000","1000000","3214"
"834","true","extensive-only","false","false","9","1","9","1000","1000000","3106"
"835","true","extensive-only","false","false","9","1","9","1000","1000000","3237"
"836","true","extensive-only","false","false","9","1","9","1000","1000000","3195"
"838","true","extensive-only","false","false","9","1","9","1000","1000000","3296"
"839","true","extensive-only","false","false","9","1","9","1000","1000000","3018"
"837","true","extensive-only","false","false","9","1","9","1000","1000000","3187"
"840","true","extensive-only","false","false","9","1","9","1000","1000000","3194"
"841","true","extensive-only","false","false","10","1000","9","1000","1000000","3936"
"842","true","extensive-only","false","false","10","1000","9","1000","1000000","3787"
"844","true","extensive-only","false","false","10","1000","9","1000","1000000","3857"
"843","true","extensive-only","false","false","10","1000","9","1000","1000000","3808"
"847","true","extensive-only","false","false","10","1000","9","1000","1000000","3908"
"845","true","extensive-only","false","false","10","1000","9","1000","1000000","3912"
"846","true","extensive-only","false","false","10","1000","9","1000","1000000","3791"
"848","true","extensive-only","false","false","10","1000","9","1000","1000000","3888"
"849","true","extensive-only","false","false","10","1000","9","1000","1000000","3759"
"850","true","extensive-only","false","false","10","1000","9","1000","1000000","3843"
"852","true","extensive-only","false","false","10","1000","9","1000","1000000","3902"
"851","true","extensive-only","false","false","10","1000","9","1000","1000000","3785"
"854","true","extensive-only","false","false","10","1000","9","1000","1000000","3863"
"853","true","extensive-only","false","false","10","1000","9","1000","1000000","3850"
"855","true","extensive-only","false","false","10","1000","9","1000","1000000","3892"
"856","true","extensive-only","false","false","10","1000","9","1000","1000000","3706"
"857","true","extensive-only","false","false","10","1000","9","1000","1000000","3919"
"858","true","extensive-only","false","false","10","1000","9","1000","1000000","3828"
"859","true","extensive-only","false","false","10","1000","9","1000","1000000","3852"
"860","true","extensive-only","false","false","10","1000","9","1000","1000000","3847"
"861","true","extensive-only","false","false","10","1000","9","1000","1000000","3832"
"862","true","extensive-only","false","false","10","1000","9","1000","1000000","3865"
"863","true","extensive-only","false","false","10","1000","9","1000","1000000","3775"
"864","true","extensive-only","false","false","10","1000","9","1000","1000000","3866"
"865","true","extensive-only","false","false","10","1000","9","1000","1000000","3780"
"866","true","extensive-only","false","false","10","1000","9","1000","1000000","3753"
"867","true","extensive-only","false","false","10","1000","9","1000","1000000","3808"
"868","true","extensive-only","false","false","10","1000","9","1000","1000000","3825"
"870","true","extensive-only","false","false","10","1000","9","1000","1000000","3782"
"871","true","extensive-only","false","false","10","1000","9","1000","1000000","3905"
"869","true","extensive-only","false","false","10","1000","9","1000","1000000","3899"
"872","true","extensive-only","false","false","10","1000","9","1000","1000000","3783"
"874","true","extensive-only","false","false","10","1000","9","1000","1000000","3879"
"873","true","extensive-only","false","false","10","1000","9","1000","1000000","3821"
"875","true","extensive-only","false","false","10","1000","9","1000","1000000","3798"
"876","true","extensive-only","false","false","10","1000","9","1000","1000000","3796"
"877","true","extensive-only","false","false","10","1000","9","1000","1000000","3838"
"880","true","extensive-only","false","false","10","1000","9","1000","1000000","3740"
"878","true","extensive-only","false","false","10","1000","9","1000","1000000","3899"
"879","true","extensive-only","false","false","10","1000","9","1000","1000000","3898"
"881","true","extensive-only","false","false","10","1000","9","1000","1000000","3874"
"882","true","extensive-only","false","false","10","1000","9","1000","1000000","3823"
"883","true","extensive-only","false","false","10","1000","9","1000","1000000","3888"
"885","true","extensive-only","false","false","10","1000","9","1000","1000000","3797"
"884","true","extensive-only","false","false","10","1000","9","1000","1000000","3881"
"887","true","extensive-only","false","false","10","1000","9","1000","1000000","3758"
"886","true","extensive-only","false","false","10","1000","9","1000","1000000","3807"
"888","true","extensive-only","false","false","10","1000","9","1000","1000000","3760"
"889","true","extensive-only","false","false","10","1000","9","1000","1000000","3896"
"890","true","extensive-only","false","false","10","1000","9","1000","1000000","3847"
"891","true","extensive-only","false","false","10","1000","9","1000","1000000","3743"
"892","true","extensive-only","false","false","10","1000","9","1000","1000000","3792"
"893","true","extensive-only","false","false","10","1000","9","1000","1000000","3761"
"894","true","extensive-only","false","false","10","1000","9","1000","1000000","3876"
"895","true","extensive-only","false","false","10","1000","9","1000","1000000","3822"
"896","true","extensive-only","false","false","10","1000","9","1000","1000000","3779"
"897","true","extensive-only","false","false","10","1000","9","1000","1000000","3784"
"898","true","extensive-only","false","false","10","1000","9","1000","1000000","3892"
"899","true","extensive-only","false","false","10","1000","9","1000","1000000","3788"
"901","true","extensive-only","false","false","10","1","9","1000","1000000","6165"
"900","true","extensive-only","false","false","10","1000","9","1000","1000000","3809"
"903","true","extensive-only","false","false","10","1","9","1000","1000000","6240"
"902","true","extensive-only","false","false","10","1","9","1000","1000000","5764"
"904","true","extensive-only","false","false","10","1","9","1000","1000000","5972"
"905","true","extensive-only","false","false","10","1","9","1000","1000000","6425"
"906","true","extensive-only","false","false","10","1","9","1000","1000000","6427"
"907","true","extensive-only","false","false","10","1","9","1000","1000000","6302"
"908","true","extensive-only","false","false","10","1","9","1000","1000000","6356"
"909","true","extensive-only","false","false","10","1","9","1000","1000000","6458"
"910","true","extensive-only","false","false","10","1","9","1000","1000000","6315"
"912","true","extensive-only","false","false","10","1","9","1000","1000000","6291"
"911","true","extensive-only","false","false","10","1","9","1000","1000000","6374"
"913","true","extensive-only","false","false","10","1","9","1000","1000000","6550"
"914","true","extensive-only","false","false","10","1","9","1000","1000000","6365"
"915","true","extensive-only","false","false","10","1","9","1000","1000000","5748"
"917","true","extensive-only","false","false","10","1","9","1000","1000000","6438"
"916","true","extensive-only","false","false","10","1","9","1000","1000000","6166"
"918","true","extensive-only","false","false","10","1","9","1000","1000000","6380"
"919","true","extensive-only","false","false","10","1","9","1000","1000000","6330"
"920","true","extensive-only","false","false","10","1","9","1000","1000000","6106"
"921","true","extensive-only","false","false","10","1","9","1000","1000000","6423"
"922","true","extensive-only","false","false","10","1","9","1000","1000000","6114"
"923","true","extensive-only","false","false","10","1","9","1000","1000000","6206"
"924","true","extensive-only","false","false","10","1","9","1000","1000000","6187"
"925","true","extensive-only","false","false","10","1","9","1000","1000000","6239"
"928","true","extensive-only","false","false","10","1","9","1000","1000000","5981"
"927","true","extensive-only","false","false","10","1","9","1000","1000000","6448"
"926","true","extensive-only","false","false","10","1","9","1000","1000000","6467"
"929","true","extensive-only","false","false","10","1","9","1000","1000000","6149"
"930","true","extensive-only","false","false","10","1","9","1000","1000000","6220"
"931","true","extensive-only","false","false","10","1","9","1000","1000000","6233"
"932","true","extensive-only","false","false","10","1","9","1000","1000000","6448"
"933","true","extensive-only","false","false","10","1","9","1000","1000000","6037"
"934","true","extensive-only","false","false","10","1","9","1000","1000000","6278"
"935","true","extensive-only","false","false","10","1","9","1000","1000000","6138"
"936","true","extensive-only","false","false","10","1","9","1000","1000000","6224"
"937","true","extensive-only","false","false","10","1","9","1000","1000000","6341"
"938","true","extensive-only","false","false","10","1","9","1000","1000000","6372"
"939","true","extensive-only","false","false","10","1","9","1000","1000000","6159"
"940","true","extensive-only","false","false","10","1","9","1000","1000000","6267"
"941","true","extensive-only","false","false","10","1","9","1000","1000000","6372"
"942","true","extensive-only","false","false","10","1","9","1000","1000000","6177"
"943","true","extensive-only","false","false","10","1","9","1000","1000000","6546"
"944","true","extensive-only","false","false","10","1","9","1000","1000000","6301"
"945","true","extensive-only","false","false","10","1","9","1000","1000000","6305"
"946","true","extensive-only","false","false","10","1","9","1000","1000000","6283"
"947","true","extensive-only","false","false","10","1","9","1000","1000000","6282"
"948","true","extensive-only","false","false","10","1","9","1000","1000000","6220"
"949","true","extensive-only","false","false","10","1","9","1000","1000000","5600"
"950","true","extensive-only","false","false","10","1","9","1000","1000000","6422"
"951","true","extensive-only","false","false","10","1","9","1000","1000000","6218"
"952","true","extensive-only","false","false","10","1","9","1000","1000000","6084"
"953","true","extensive-only","false","false","10","1","9","1000","1000000","6287"
"954","true","extensive-only","false","false","10","1","9","1000","1000000","6406"
"955","true","extensive-only","false","false","10","1","9","1000","1000000","6465"
"956","true","extensive-only","false","false","10","1","9","1000","1000000","6310"
"957","true","extensive-only","false","false","10","1","9","1000","1000000","5880"
"958","true","extensive-only","false","false","10","1","9","1000","1000000","6409"
"960","true","extensive-only","false","false","10","1","9","1000","1000000","6553"
"959","true","extensive-only","false","false","10","1","9","1000","1000000","6048"
"961","true","extensive-only","false","false","11","1000","9","1000","1000000","7451"
"962","true","extensive-only","false","false","11","1000","9","1000","1000000","7644"
"964","true","extensive-only","false","false","11","1000","9","1000","1000000","7621"
"963","true","extensive-only","false","false","11","1000","9","1000","1000000","7687"
"965","true","extensive-only","false","false","11","1000","9","1000","1000000","7494"
"966","true","extensive-only","false","false","11","1000","9","1000","1000000","7668"
"967","true","extensive-only","false","false","11","1000","9","1000","1000000","7734"
"968","true","extensive-only","false","false","11","1000","9","1000","1000000","7516"
"969","true","extensive-only","false","false","11","1000","9","1000","1000000","7638"
"970","true","extensive-only","false","false","11","1000","9","1000","1000000","7517"
"971","true","extensive-only","false","false","11","1000","9","1000","1000000","7679"
"972","true","extensive-only","false","false","11","1000","9","1000","1000000","7472"
"973","true","extensive-only","false","false","11","1000","9","1000","1000000","7611"
"974","true","extensive-only","false","false","11","1000","9","1000","1000000","7710"
"976","true","extensive-only","false","false","11","1000","9","1000","1000000","7619"
"975","true","extensive-only","false","false","11","1000","9","1000","1000000","7478"
"977","true","extensive-only","false","false","11","1000","9","1000","1000000","7575"
"979","true","extensive-only","false","false","11","1000","9","1000","1000000","7744"
"978","true","extensive-only","false","false","11","1000","9","1000","1000000","7587"
"980","true","extensive-only","false","false","11","1000","9","1000","1000000","7486"
"983","true","extensive-only","false","false","11","1000","9","1000","1000000","7556"
"981","true","extensive-only","false","false","11","1000","9","1000","1000000","7544"
"984","true","extensive-only","false","false","11","1000","9","1000","1000000","7525"
"982","true","extensive-only","false","false","11","1000","9","1000","1000000","7677"
"985","true","extensive-only","false","false","11","1000","9","1000","1000000","7413"
"986","true","extensive-only","false","false","11","1000","9","1000","1000000","7462"
"988","true","extensive-only","false","false","11","1000","9","1000","1000000","7532"
"987","true","extensive-only","false","false","11","1000","9","1000","1000000","7579"
"989","true","extensive-only","false","false","11","1000","9","1000","1000000","7635"
"991","true","extensive-only","false","false","11","1000","9","1000","1000000","7631"
"992","true","extensive-only","false","false","11","1000","9","1000","1000000","7564"
"990","true","extensive-only","false","false","11","1000","9","1000","1000000","7591"
"993","true","extensive-only","false","false","11","1000","9","1000","1000000","7465"
"994","true","extensive-only","false","false","11","1000","9","1000","1000000","7660"
"996","true","extensive-only","false","false","11","1000","9","1000","1000000","7574"
"995","true","extensive-only","false","false","11","1000","9","1000","1000000","7605"
"997","true","extensive-only","false","false","11","1000","9","1000","1000000","7418"
"998","true","extensive-only","false","false","11","1000","9","1000","1000000","7562"
"999","true","extensive-only","false","false","11","1000","9","1000","1000000","7488"
"1000","true","extensive-only","false","false","11","1000","9","1000","1000000","7620"
"1001","true","extensive-only","false","false","11","1000","9","1000","1000000","7486"
"1002","true","extensive-only","false","false","11","1000","9","1000","1000000","7702"
"1003","true","extensive-only","false","false","11","1000","9","1000","1000000","7735"
"1004","true","extensive-only","false","false","11","1000","9","1000","1000000","7616"
"1005","true","extensive-only","false","false","11","1000","9","1000","1000000","7481"
"1006","true","extensive-only","false","false","11","1000","9","1000","1000000","7228"
"1007","true","extensive-only","false","false","11","1000","9","1000","1000000","7579"
"1008","true","extensive-only","false","false","11","1000","9","1000","1000000","7388"
"1009","true","extensive-only","false","false","11","1000","9","1000","1000000","7466"
"1010","true","extensive-only","false","false","11","1000","9","1000","1000000","7685"
"1012","true","extensive-only","false","false","11","1000","9","1000","1000000","7422"
"1011","true","extensive-only","false","false","11","1000","9","1000","1000000","7574"
"1013","true","extensive-only","false","false","11","1000","9","1000","1000000","7576"
"1014","true","extensive-only","false","false","11","1000","9","1000","1000000","7538"
"1015","true","extensive-only","false","false","11","1000","9","1000","1000000","7639"
"1016","true","extensive-only","false","false","11","1000","9","1000","1000000","7550"
"1017","true","extensive-only","false","false","11","1000","9","1000","1000000","7573"
"1018","true","extensive-only","false","false","11","1000","9","1000","1000000","7774"
"1019","true","extensive-only","false","false","11","1000","9","1000","1000000","7481"
"1021","true","extensive-only","false","false","11","1","9","1000","1000000","12217"
"1020","true","extensive-only","false","false","11","1000","9","1000","1000000","7521"
"1022","true","extensive-only","false","false","11","1","9","1000","1000000","12059"
"1023","true","extensive-only","false","false","11","1","9","1000","1000000","11864"
"1024","true","extensive-only","false","false","11","1","9","1000","1000000","12294"
"1025","true","extensive-only","false","false","11","1","9","1000","1000000","12579"
"1026","true","extensive-only","false","false","11","1","9","1000","1000000","11819"
"1027","true","extensive-only","false","false","11","1","9","1000","1000000","12381"
"1028","true","extensive-only","false","false","11","1","9","1000","1000000","11605"
"1029","true","extensive-only","false","false","11","1","9","1000","1000000","11945"
"1031","true","extensive-only","false","false","11","1","9","1000","1000000","12035"
"1030","true","extensive-only","false","false","11","1","9","1000","1000000","12201"
"1032","true","extensive-only","false","false","11","1","9","1000","1000000","11834"
"1033","true","extensive-only","false","false","11","1","9","1000","1000000","11934"
"1034","true","extensive-only","false","false","11","1","9","1000","1000000","11962"
"1035","true","extensive-only","false","false","11","1","9","1000","1000000","12515"
"1036","true","extensive-only","false","false","11","1","9","1000","1000000","11957"
"1037","true","extensive-only","false","false","11","1","9","1000","1000000","12422"
"1038","true","extensive-only","false","false","11","1","9","1000","1000000","11967"
"1039","true","extensive-only","false","false","11","1","9","1000","1000000","11657"
"1040","true","extensive-only","false","false","11","1","9","1000","1000000","12410"
"1041","true","extensive-only","false","false","11","1","9","1000","1000000","11443"
"1042","true","extensive-only","false","false","11","1","9","1000","1000000","12139"
"1043","true","extensive-only","false","false","11","1","9","1000","1000000","12605"
"1044","true","extensive-only","false","false","11","1","9","1000","1000000","12343"
"1045","true","extensive-only","false","false","11","1","9","1000","1000000","12553"
"1046","true","extensive-only","false","false","11","1","9","1000","1000000","12604"
"1047","true","extensive-only","false","false","11","1","9","1000","1000000","11820"
"1048","true","extensive-only","false","false","11","1","9","1000","1000000","12346"
"1049","true","extensive-only","false","false","11","1","9","1000","1000000","12462"
"1050","true","extensive-only","false","false","11","1","9","1000","1000000","12136"
"1051","true","extensive-only","false","false","11","1","9","1000","1000000","11593"
"1052","true","extensive-only","false","false","11","1","9","1000","1000000","12495"
"1053","true","extensive-only","false","false","11","1","9","1000","1000000","11401"
"1054","true","extensive-only","false","false","11","1","9","1000","1000000","12456"
"1055","true","extensive-only","false","false","11","1","9","1000","1000000","11814"
"1056","true","extensive-only","false","false","11","1","9","1000","1000000","11839"
"1057","true","extensive-only","false","false","11","1","9","1000","1000000","12298"
"1058","true","extensive-only","false","false","11","1","9","1000","1000000","12240"
"1059","true","extensive-only","false","false","11","1","9","1000","1000000","11985"
"1060","true","extensive-only","false","false","11","1","9","1000","1000000","11993"
"1062","true","extensive-only","false","false","11","1","9","1000","1000000","12890"
"1061","true","extensive-only","false","false","11","1","9","1000","1000000","12645"
"1063","true","extensive-only","false","false","11","1","9","1000","1000000","12057"
"1064","true","extensive-only","false","false","11","1","9","1000","1000000","12571"
"1065","true","extensive-only","false","false","11","1","9","1000","1000000","12394"
"1066","true","extensive-only","false","false","11","1","9","1000","1000000","12646"
"1067","true","extensive-only","false","false","11","1","9","1000","1000000","12437"
"1068","true","extensive-only","false","false","11","1","9","1000","1000000","12201"
"1069","true","extensive-only","false","false","11","1","9","1000","1000000","11881"
"1070","true","extensive-only","false","false","11","1","9","1000","1000000","12223"
"1071","true","extensive-only","false","false","11","1","9","1000","1000000","12140"
"1072","true","extensive-only","false","false","11","1","9","1000","1000000","12123"
"1073","true","extensive-only","false","false","11","1","9","1000","1000000","12258"
"1074","true","extensive-only","false","false","11","1","9","1000","1000000","12101"
"1075","true","extensive-only","false","false","11","1","9","1000","1000000","11902"
"1076","true","extensive-only","false","false","11","1","9","1000","1000000","12807"
"1077","true","extensive-only","false","false","11","1","9","1000","1000000","12071"
"1078","true","extensive-only","false","false","11","1","9","1000","1000000","11748"
"1079","true","extensive-only","false","false","11","1","9","1000","1000000","12234"
"1080","true","extensive-only","false","false","11","1","9","1000","1000000","12289"
"1081","true","extensive-only","false","false","12","1000","9","1000","1000000","11290"
"1082","true","extensive-only","false","false","12","1000","9","1000","1000000","11355"
"1084","true","extensive-only","false","false","12","1000","9","1000","1000000","11100"
"1083","true","extensive-only","false","false","12","1000","9","1000","1000000","11123"
"1085","true","extensive-only","false","false","12","1000","9","1000","1000000","11269"
"1086","true","extensive-only","false","false","12","1000","9","1000","1000000","11389"
"1087","true","extensive-only","false","false","12","1000","9","1000","1000000","11456"
"1088","true","extensive-only","false","false","12","1000","9","1000","1000000","11541"
"1089","true","extensive-only","false","false","12","1000","9","1000","1000000","11275"
"1090","true","extensive-only","false","false","12","1000","9","1000","1000000","10897"
"1092","true","extensive-only","false","false","12","1000","9","1000","1000000","11393"
"1091","true","extensive-only","false","false","12","1000","9","1000","1000000","11026"
"1093","true","extensive-only","false","false","12","1000","9","1000","1000000","11042"
"1094","true","extensive-only","false","false","12","1000","9","1000","1000000","11137"
"1095","true","extensive-only","false","false","12","1000","9","1000","1000000","11123"
"1096","true","extensive-only","false","false","12","1000","9","1000","1000000","11321"
"1097","true","extensive-only","false","false","12","1000","9","1000","1000000","11519"
"1098","true","extensive-only","false","false","12","1000","9","1000","1000000","10875"
"1099","true","extensive-only","false","false","12","1000","9","1000","1000000","11054"
"1100","true","extensive-only","false","false","12","1000","9","1000","1000000","11378"
"1101","true","extensive-only","false","false","12","1000","9","1000","1000000","11226"
"1102","true","extensive-only","false","false","12","1000","9","1000","1000000","11352"
"1103","true","extensive-only","false","false","12","1000","9","1000","1000000","11409"
"1104","true","extensive-only","false","false","12","1000","9","1000","1000000","11175"
"1105","true","extensive-only","false","false","12","1000","9","1000","1000000","11029"
"1106","true","extensive-only","false","false","12","1000","9","1000","1000000","11107"
"1107","true","extensive-only","false","false","12","1000","9","1000","1000000","11233"
"1108","true","extensive-only","false","false","12","1000","9","1000","1000000","11311"
"1109","true","extensive-only","false","false","12","1000","9","1000","1000000","11025"
"1110","true","extensive-only","false","false","12","1000","9","1000","1000000","11138"
"1111","true","extensive-only","false","false","12","1000","9","1000","1000000","11146"
"1112","true","extensive-only","false","false","12","1000","9","1000","1000000","11190"
"1113","true","extensive-only","false","false","12","1000","9","1000","1000000","11241"
"1114","true","extensive-only","false","false","12","1000","9","1000","1000000","11336"
"1115","true","extensive-only","false","false","12","1000","9","1000","1000000","11272"
"1116","true","extensive-only","false","false","12","1000","9","1000","1000000","11002"
"1117","true","extensive-only","false","false","12","1000","9","1000","1000000","10987"
"1119","true","extensive-only","false","false","12","1000","9","1000","1000000","11519"
"1118","true","extensive-only","false","false","12","1000","9","1000","1000000","11472"
"1120","true","extensive-only","false","false","12","1000","9","1000","1000000","11373"
"1121","true","extensive-only","false","false","12","1000","9","1000","1000000","11247"
"1122","true","extensive-only","false","false","12","1000","9","1000","1000000","10990"
"1123","true","extensive-only","false","false","12","1000","9","1000","1000000","11273"
"1124","true","extensive-only","false","false","12","1000","9","1000","1000000","11223"
"1125","true","extensive-only","false","false","12","1000","9","1000","1000000","10967"
"1127","true","extensive-only","false","false","12","1000","9","1000","1000000","11137"
"1126","true","extensive-only","false","false","12","1000","9","1000","1000000","11421"
"1128","true","extensive-only","false","false","12","1000","9","1000","1000000","11138"
"1129","true","extensive-only","false","false","12","1000","9","1000","1000000","11127"
"1130","true","extensive-only","false","false","12","1000","9","1000","1000000","11217"
"1131","true","extensive-only","false","false","12","1000","9","1000","1000000","11327"
"1132","true","extensive-only","false","false","12","1000","9","1000","1000000","11174"
"1133","true","extensive-only","false","false","12","1000","9","1000","1000000","11045"
"1134","true","extensive-only","false","false","12","1000","9","1000","1000000","11227"
"1135","true","extensive-only","false","false","12","1000","9","1000","1000000","10945"
"1136","true","extensive-only","false","false","12","1000","9","1000","1000000","11221"
"1137","true","extensive-only","false","false","12","1000","9","1000","1000000","11496"
"1138","true","extensive-only","false","false","12","1000","9","1000","1000000","11208"
"1141","true","extensive-only","false","false","12","1","9","1000","1000000","17600"
"1139","true","extensive-only","false","false","12","1000","9","1000","1000000","11255"
"1142","true","extensive-only","false","false","12","1","9","1000","1000000","18220"
"1140","true","extensive-only","false","false","12","1000","9","1000","1000000","11457"
"1143","true","extensive-only","false","false","12","1","9","1000","1000000","17825"
"1144","true","extensive-only","false","false","12","1","9","1000","1000000","18329"
"1145","true","extensive-only","false","false","12","1","9","1000","1000000","18459"
"1146","true","extensive-only","false","false","12","1","9","1000","1000000","18150"
"1147","true","extensive-only","false","false","12","1","9","1000","1000000","17539"
"1148","true","extensive-only","false","false","12","1","9","1000","1000000","17744"
"1150","true","extensive-only","false","false","12","1","9","1000","1000000","17622"
"1149","true","extensive-only","false","false","12","1","9","1000","1000000","17581"
"1151","true","extensive-only","false","false","12","1","9","1000","1000000","16889"
"1152","true","extensive-only","false","false","12","1","9","1000","1000000","18359"
"1153","true","extensive-only","false","false","12","1","9","1000","1000000","17683"
"1154","true","extensive-only","false","false","12","1","9","1000","1000000","18660"
"1155","true","extensive-only","false","false","12","1","9","1000","1000000","16802"
"1156","true","extensive-only","false","false","12","1","9","1000","1000000","18385"
"1157","true","extensive-only","false","false","12","1","9","1000","1000000","17564"
"1158","true","extensive-only","false","false","12","1","9","1000","1000000","18143"
"1159","true","extensive-only","false","false","12","1","9","1000","1000000","18165"
"1161","true","extensive-only","false","false","12","1","9","1000","1000000","18225"
"1160","true","extensive-only","false","false","12","1","9","1000","1000000","16745"
"1162","true","extensive-only","false","false","12","1","9","1000","1000000","18289"
"1163","true","extensive-only","false","false","12","1","9","1000","1000000","17592"
"1165","true","extensive-only","false","false","12","1","9","1000","1000000","17851"
"1164","true","extensive-only","false","false","12","1","9","1000","1000000","18421"
"1166","true","extensive-only","false","false","12","1","9","1000","1000000","17432"
"1167","true","extensive-only","false","false","12","1","9","1000","1000000","18320"
"1168","true","extensive-only","false","false","12","1","9","1000","1000000","18416"
"1169","true","extensive-only","false","false","12","1","9","1000","1000000","18048"
"1170","true","extensive-only","false","false","12","1","9","1000","1000000","18139"
"1171","true","extensive-only","false","false","12","1","9","1000","1000000","18260"
"1172","true","extensive-only","false","false","12","1","9","1000","1000000","18054"
"1173","true","extensive-only","false","false","12","1","9","1000","1000000","18441"
"1174","true","extensive-only","false","false","12","1","9","1000","1000000","18821"
"1175","true","extensive-only","false","false","12","1","9","1000","1000000","18623"
"1176","true","extensive-only","false","false","12","1","9","1000","1000000","17502"
"1177","true","extensive-only","false","false","12","1","9","1000","1000000","17801"
"1178","true","extensive-only","false","false","12","1","9","1000","1000000","16970"
"1180","true","extensive-only","false","false","12","1","9","1000","1000000","18130"
"1179","true","extensive-only","false","false","12","1","9","1000","1000000","17841"
"1181","true","extensive-only","false","false","12","1","9","1000","1000000","17750"
"1182","true","extensive-only","false","false","12","1","9","1000","1000000","18351"
"1183","true","extensive-only","false","false","12","1","9","1000","1000000","18621"
"1184","true","extensive-only","false","false","12","1","9","1000","1000000","17612"
"1185","true","extensive-only","false","false","12","1","9","1000","1000000","17479"
"1186","true","extensive-only","false","false","12","1","9","1000","1000000","17659"
"1187","true","extensive-only","false","false","12","1","9","1000","1000000","17893"
"1188","true","extensive-only","false","false","12","1","9","1000","1000000","18014"
"1190","true","extensive-only","false","false","12","1","9","1000","1000000","17504"
"1189","true","extensive-only","false","false","12","1","9","1000","1000000","17682"
"1191","true","extensive-only","false","false","12","1","9","1000","1000000","17784"
"1192","true","extensive-only","false","false","12","1","9","1000","1000000","18124"
"1193","true","extensive-only","false","false","12","1","9","1000","1000000","16640"
"1194","true","extensive-only","false","false","12","1","9","1000","1000000","17966"
"1195","true","extensive-only","false","false","12","1","9","1000","1000000","17458"
"1196","true","extensive-only","false","false","12","1","9","1000","1000000","17905"
"1197","true","extensive-only","false","false","12","1","9","1000","1000000","17752"
"1198","true","extensive-only","false","false","12","1","9","1000","1000000","18319"
"1199","true","extensive-only","false","false","12","1","9","1000","1000000","17197"
"1200","true","extensive-only","false","false","12","1","9","1000","1000000","18513"
"1201","true","extensive-only","false","false","13","1000","9","1000","1000000","14806"
"1202","true","extensive-only","false","false","13","1000","9","1000","1000000","14816"
"1204","true","extensive-only","false","false","13","1000","9","1000","1000000","14739"
"1203","true","extensive-only","false","false","13","1000","9","1000","1000000","14234"
"1206","true","extensive-only","false","false","13","1000","9","1000","1000000","14738"
"1205","true","extensive-only","false","false","13","1000","9","1000","1000000","14810"
"1207","true","extensive-only","false","false","13","1000","9","1000","1000000","14809"
"1208","true","extensive-only","false","false","13","1000","9","1000","1000000","14997"
"1209","true","extensive-only","false","false","13","1000","9","1000","1000000","14610"
"1210","true","extensive-only","false","false","13","1000","9","1000","1000000","14358"
"1211","true","extensive-only","false","false","13","1000","9","1000","1000000","15125"
"1212","true","extensive-only","false","false","13","1000","9","1000","1000000","15104"
"1213","true","extensive-only","false","false","13","1000","9","1000","1000000","15004"
"1214","true","extensive-only","false","false","13","1000","9","1000","1000000","15099"
"1215","true","extensive-only","false","false","13","1000","9","1000","1000000","14767"
"1216","true","extensive-only","false","false","13","1000","9","1000","1000000","15220"
"1217","true","extensive-only","false","false","13","1000","9","1000","1000000","14436"
"1218","true","extensive-only","false","false","13","1000","9","1000","1000000","14334"
"1219","true","extensive-only","false","false","13","1000","9","1000","1000000","14987"
"1220","true","extensive-only","false","false","13","1000","9","1000","1000000","14715"
"1222","true","extensive-only","false","false","13","1000","9","1000","1000000","14341"
"1221","true","extensive-only","false","false","13","1000","9","1000","1000000","14722"
"1223","true","extensive-only","false","false","13","1000","9","1000","1000000","15000"
"1224","true","extensive-only","false","false","13","1000","9","1000","1000000","14681"
"1225","true","extensive-only","false","false","13","1000","9","1000","1000000","14757"
"1226","true","extensive-only","false","false","13","1000","9","1000","1000000","15028"
"1228","true","extensive-only","false","false","13","1000","9","1000","1000000","14692"
"1227","true","extensive-only","false","false","13","1000","9","1000","1000000","14627"
"1229","true","extensive-only","false","false","13","1000","9","1000","1000000","15183"
"1230","true","extensive-only","false","false","13","1000","9","1000","1000000","14753"
"1231","true","extensive-only","false","false","13","1000","9","1000","1000000","14883"
"1232","true","extensive-only","false","false","13","1000","9","1000","1000000","14869"
"1233","true","extensive-only","false","false","13","1000","9","1000","1000000","14895"
"1234","true","extensive-only","false","false","13","1000","9","1000","1000000","14457"
"1235","true","extensive-only","false","false","13","1000","9","1000","1000000","15022"
"1236","true","extensive-only","false","false","13","1000","9","1000","1000000","15055"
"1238","true","extensive-only","false","false","13","1000","9","1000","1000000","14854"
"1237","true","extensive-only","false","false","13","1000","9","1000","1000000","15080"
"1239","true","extensive-only","false","false","13","1000","9","1000","1000000","14603"
"1240","true","extensive-only","false","false","13","1000","9","1000","1000000","14708"
"1241","true","extensive-only","false","false","13","1000","9","1000","1000000","14752"
"1242","true","extensive-only","false","false","13","1000","9","1000","1000000","14876"
"1243","true","extensive-only","false","false","13","1000","9","1000","1000000","14638"
"1244","true","extensive-only","false","false","13","1000","9","1000","1000000","14663"
"1245","true","extensive-only","false","false","13","1000","9","1000","1000000","14801"
"1246","true","extensive-only","false","false","13","1000","9","1000","1000000","14702"
"1247","true","extensive-only","false","false","13","1000","9","1000","1000000","14681"
"1248","true","extensive-only","false","false","13","1000","9","1000","1000000","14979"
"1249","true","extensive-only","false","false","13","1000","9","1000","1000000","14773"
"1250","true","extensive-only","false","false","13","1000","9","1000","1000000","14512"
"1251","true","extensive-only","false","false","13","1000","9","1000","1000000","14967"
"1252","true","extensive-only","false","false","13","1000","9","1000","1000000","14883"
"1253","true","extensive-only","false","false","13","1000","9","1000","1000000","14843"
"1254","true","extensive-only","false","false","13","1000","9","1000","1000000","14702"
"1256","true","extensive-only","false","false","13","1000","9","1000","1000000","14646"
"1255","true","extensive-only","false","false","13","1000","9","1000","1000000","14734"
"1257","true","extensive-only","false","false","13","1000","9","1000","1000000","14843"
"1258","true","extensive-only","false","false","13","1000","9","1000","1000000","14637"
"1263","true","extensive-only","false","false","13","1","9","1000","1000000","22259"
"1259","true","extensive-only","false","false","13","1000","9","1000","1000000","14549"
"1261","true","extensive-only","false","false","13","1","9","1000","1000000","23298"
"1262","true","extensive-only","false","false","13","1","9","1000","1000000","23778"
"1264","true","extensive-only","false","false","13","1","9","1000","1000000","23606"
"1260","true","extensive-only","false","false","13","1000","9","1000","1000000","14693"
"1266","true","extensive-only","false","false","13","1","9","1000","1000000","23608"
"1265","true","extensive-only","false","false","13","1","9","1000","1000000","22530"
"1267","true","extensive-only","false","false","13","1","9","1000","1000000","21961"
"1268","true","extensive-only","false","false","13","1","9","1000","1000000","22865"
"1270","true","extensive-only","false","false","13","1","9","1000","1000000","24237"
"1269","true","extensive-only","false","false","13","1","9","1000","1000000","23521"
"1271","true","extensive-only","false","false","13","1","9","1000","1000000","22855"
"1272","true","extensive-only","false","false","13","1","9","1000","1000000","22914"
"1273","true","extensive-only","false","false","13","1","9","1000","1000000","23559"
"1274","true","extensive-only","false","false","13","1","9","1000","1000000","22728"
"1275","true","extensive-only","false","false","13","1","9","1000","1000000","23807"
"1276","true","extensive-only","false","false","13","1","9","1000","1000000","23266"
"1277","true","extensive-only","false","false","13","1","9","1000","1000000","24086"
"1278","true","extensive-only","false","false","13","1","9","1000","1000000","23072"
"1279","true","extensive-only","false","false","13","1","9","1000","1000000","23578"
"1280","true","extensive-only","false","false","13","1","9","1000","1000000","22256"
"1281","true","extensive-only","false","false","13","1","9","1000","1000000","24498"
"1282","true","extensive-only","false","false","13","1","9","1000","1000000","23033"
"1283","true","extensive-only","false","false","13","1","9","1000","1000000","23104"
"1284","true","extensive-only","false","false","13","1","9","1000","1000000","23872"
"1285","true","extensive-only","false","false","13","1","9","1000","1000000","23559"
"1286","true","extensive-only","false","false","13","1","9","1000","1000000","24021"
"1287","true","extensive-only","false","false","13","1","9","1000","1000000","23687"
"1288","true","extensive-only","false","false","13","1","9","1000","1000000","22591"
"1289","true","extensive-only","false","false","13","1","9","1000","1000000","23206"
"1291","true","extensive-only","false","false","13","1","9","1000","1000000","22210"
"1290","true","extensive-only","false","false","13","1","9","1000","1000000","23756"
"1292","true","extensive-only","false","false","13","1","9","1000","1000000","22459"
"1293","true","extensive-only","false","false","13","1","9","1000","1000000","23207"
"1295","true","extensive-only","false","false","13","1","9","1000","1000000","22666"
"1294","true","extensive-only","false","false","13","1","9","1000","1000000","22826"
"1296","true","extensive-only","false","false","13","1","9","1000","1000000","23719"
"1297","true","extensive-only","false","false","13","1","9","1000","1000000","23921"
"1298","true","extensive-only","false","false","13","1","9","1000","1000000","24167"
"1300","true","extensive-only","false","false","13","1","9","1000","1000000","23881"
"1299","true","extensive-only","false","false","13","1","9","1000","1000000","23572"
"1301","true","extensive-only","false","false","13","1","9","1000","1000000","22152"
"1303","true","extensive-only","false","false","13","1","9","1000","1000000","22808"
"1302","true","extensive-only","false","false","13","1","9","1000","1000000","22559"
"1304","true","extensive-only","false","false","13","1","9","1000","1000000","23111"
"1305","true","extensive-only","false","false","13","1","9","1000","1000000","22894"
"1306","true","extensive-only","false","false","13","1","9","1000","1000000","23167"
"1307","true","extensive-only","false","false","13","1","9","1000","1000000","23062"
"1309","true","extensive-only","false","false","13","1","9","1000","1000000","23282"
"1310","true","extensive-only","false","false","13","1","9","1000","1000000","22747"
"1308","true","extensive-only","false","false","13","1","9","1000","1000000","22651"
"1311","true","extensive-only","false","false","13","1","9","1000","1000000","23105"
"1312","true","extensive-only","false","false","13","1","9","1000","1000000","23776"
"1313","true","extensive-only","false","false","13","1","9","1000","1000000","24074"
"1314","true","extensive-only","false","false","13","1","9","1000","1000000","23506"
"1315","true","extensive-only","false","false","13","1","9","1000","1000000","22517"
"1317","true","extensive-only","false","false","13","1","9","1000","1000000","23890"
"1316","true","extensive-only","false","false","13","1","9","1000","1000000","22119"
"1318","true","extensive-only","false","false","13","1","9","1000","1000000","22974"
"1319","true","extensive-only","false","false","13","1","9","1000","1000000","23005"
"1320","true","extensive-only","false","false","13","1","9","1000","1000000","22149"
"1321","true","extensive-only","false","false","14","1000","9","1000","1000000","17855"
"1322","true","extensive-only","false","false","14","1000","9","1000","1000000","18059"
"1323","true","extensive-only","false","false","14","1000","9","1000","1000000","18019"
"1325","true","extensive-only","false","false","14","1000","9","1000","1000000","17703"
"1324","true","extensive-only","false","false","14","1000","9","1000","1000000","18037"
"1328","true","extensive-only","false","false","14","1000","9","1000","1000000","17750"
"1326","true","extensive-only","false","false","14","1000","9","1000","1000000","17939"
"1327","true","extensive-only","false","false","14","1000","9","1000","1000000","18364"
"1329","true","extensive-only","false","false","14","1000","9","1000","1000000","17767"
"1330","true","extensive-only","false","false","14","1000","9","1000","1000000","17900"
"1331","true","extensive-only","false","false","14","1000","9","1000","1000000","17946"
"1332","true","extensive-only","false","false","14","1000","9","1000","1000000","17697"
"1333","true","extensive-only","false","false","14","1000","9","1000","1000000","17788"
"1334","true","extensive-only","false","false","14","1000","9","1000","1000000","17754"
"1336","true","extensive-only","false","false","14","1000","9","1000","1000000","18194"
"1335","true","extensive-only","false","false","14","1000","9","1000","1000000","17949"
"1337","true","extensive-only","false","false","14","1000","9","1000","1000000","18006"
"1338","true","extensive-only","false","false","14","1000","9","1000","1000000","17920"
"1339","true","extensive-only","false","false","14","1000","9","1000","1000000","17844"
"1340","true","extensive-only","false","false","14","1000","9","1000","1000000","17859"
"1341","true","extensive-only","false","false","14","1000","9","1000","1000000","17922"
"1342","true","extensive-only","false","false","14","1000","9","1000","1000000","18144"
"1343","true","extensive-only","false","false","14","1000","9","1000","1000000","17918"
"1344","true","extensive-only","false","false","14","1000","9","1000","1000000","17986"
"1345","true","extensive-only","false","false","14","1000","9","1000","1000000","18161"
"1346","true","extensive-only","false","false","14","1000","9","1000","1000000","17979"
"1347","true","extensive-only","false","false","14","1000","9","1000","1000000","17593"
"1348","true","extensive-only","false","false","14","1000","9","1000","1000000","17761"
"1349","true","extensive-only","false","false","14","1000","9","1000","1000000","17925"
"1350","true","extensive-only","false","false","14","1000","9","1000","1000000","17846"
"1351","true","extensive-only","false","false","14","1000","9","1000","1000000","17799"
"1352","true","extensive-only","false","false","14","1000","9","1000","1000000","17606"
"1353","true","extensive-only","false","false","14","1000","9","1000","1000000","18119"
"1354","true","extensive-only","false","false","14","1000","9","1000","1000000","18074"
"1355","true","extensive-only","false","false","14","1000","9","1000","1000000","17828"
"1356","true","extensive-only","false","false","14","1000","9","1000","1000000","17997"
"1357","true","extensive-only","false","false","14","1000","9","1000","1000000","18263"
"1358","true","extensive-only","false","false","14","1000","9","1000","1000000","18045"
"1359","true","extensive-only","false","false","14","1000","9","1000","1000000","18066"
"1360","true","extensive-only","false","false","14","1000","9","1000","1000000","17953"
"1361","true","extensive-only","false","false","14","1000","9","1000","1000000","18122"
"1362","true","extensive-only","false","false","14","1000","9","1000","1000000","17748"
"1363","true","extensive-only","false","false","14","1000","9","1000","1000000","17730"
"1364","true","extensive-only","false","false","14","1000","9","1000","1000000","17792"
"1365","true","extensive-only","false","false","14","1000","9","1000","1000000","17830"
"1366","true","extensive-only","false","false","14","1000","9","1000","1000000","18146"
"1367","true","extensive-only","false","false","14","1000","9","1000","1000000","18162"
"1368","true","extensive-only","false","false","14","1000","9","1000","1000000","17955"
"1369","true","extensive-only","false","false","14","1000","9","1000","1000000","18040"
"1370","true","extensive-only","false","false","14","1000","9","1000","1000000","18088"
"1371","true","extensive-only","false","false","14","1000","9","1000","1000000","18348"
"1373","true","extensive-only","false","false","14","1000","9","1000","1000000","17848"
"1374","true","extensive-only","false","false","14","1000","9","1000","1000000","17435"
"1372","true","extensive-only","false","false","14","1000","9","1000","1000000","18114"
"1375","true","extensive-only","false","false","14","1000","9","1000","1000000","17931"
"1376","true","extensive-only","false","false","14","1000","9","1000","1000000","17749"
"1377","true","extensive-only","false","false","14","1000","9","1000","1000000","17829"
"1378","true","extensive-only","false","false","14","1000","9","1000","1000000","17990"
"1382","true","extensive-only","false","false","14","1","9","1000","1000000","28232"
"1381","true","extensive-only","false","false","14","1","9","1000","1000000","27439"
"1383","true","extensive-only","false","false","14","1","9","1000","1000000","28200"
"1379","true","extensive-only","false","false","14","1000","9","1000","1000000","17428"
"1384","true","extensive-only","false","false","14","1","9","1000","1000000","26996"
"1380","true","extensive-only","false","false","14","1000","9","1000","1000000","17525"
"1385","true","extensive-only","false","false","14","1","9","1000","1000000","27680"
"1386","true","extensive-only","false","false","14","1","9","1000","1000000","27944"
"1388","true","extensive-only","false","false","14","1","9","1000","1000000","27554"
"1387","true","extensive-only","false","false","14","1","9","1000","1000000","28310"
"1389","true","extensive-only","false","false","14","1","9","1000","1000000","27780"
"1390","true","extensive-only","false","false","14","1","9","1000","1000000","26815"
"1391","true","extensive-only","false","false","14","1","9","1000","1000000","28326"
"1392","true","extensive-only","false","false","14","1","9","1000","1000000","27617"
"1393","true","extensive-only","false","false","14","1","9","1000","1000000","28096"
"1394","true","extensive-only","false","false","14","1","9","1000","1000000","27958"
"1396","true","extensive-only","false","false","14","1","9","1000","1000000","28395"
"1395","true","extensive-only","false","false","14","1","9","1000","1000000","27752"
"1397","true","extensive-only","false","false","14","1","9","1000","1000000","26462"
"1398","true","extensive-only","false","false","14","1","9","1000","1000000","28871"
"1400","true","extensive-only","false","false","14","1","9","1000","1000000","26581"
"1399","true","extensive-only","false","false","14","1","9","1000","1000000","26999"
"1401","true","extensive-only","false","false","14","1","9","1000","1000000","27453"
"1402","true","extensive-only","false","false","14","1","9","1000","1000000","27635"
"1403","true","extensive-only","false","false","14","1","9","1000","1000000","27014"
"1404","true","extensive-only","false","false","14","1","9","1000","1000000","28006"
"1405","true","extensive-only","false","false","14","1","9","1000","1000000","27579"
"1406","true","extensive-only","false","false","14","1","9","1000","1000000","27429"
"1407","true","extensive-only","false","false","14","1","9","1000","1000000","27990"
"1408","true","extensive-only","false","false","14","1","9","1000","1000000","26871"
"1409","true","extensive-only","false","false","14","1","9","1000","1000000","27822"
"1410","true","extensive-only","false","false","14","1","9","1000","1000000","29209"
"1412","true","extensive-only","false","false","14","1","9","1000","1000000","27510"
"1411","true","extensive-only","false","false","14","1","9","1000","1000000","27594"
"1413","true","extensive-only","false","false","14","1","9","1000","1000000","27088"
"1414","true","extensive-only","false","false","14","1","9","1000","1000000","27053"
"1415","true","extensive-only","false","false","14","1","9","1000","1000000","27789"
"1416","true","extensive-only","false","false","14","1","9","1000","1000000","26232"
"1417","true","extensive-only","false","false","14","1","9","1000","1000000","28345"
"1418","true","extensive-only","false","false","14","1","9","1000","1000000","26597"
"1419","true","extensive-only","false","false","14","1","9","1000","1000000","27776"
"1420","true","extensive-only","false","false","14","1","9","1000","1000000","28288"
"1421","true","extensive-only","false","false","14","1","9","1000","1000000","28684"
"1422","true","extensive-only","false","false","14","1","9","1000","1000000","27145"
"1423","true","extensive-only","false","false","14","1","9","1000","1000000","28283"
"1424","true","extensive-only","false","false","14","1","9","1000","1000000","28053"
"1425","true","extensive-only","false","false","14","1","9","1000","1000000","27008"
"1426","true","extensive-only","false","false","14","1","9","1000","1000000","26991"
"1428","true","extensive-only","false","false","14","1","9","1000","1000000","26973"
"1427","true","extensive-only","false","false","14","1","9","1000","1000000","28031"
"1429","true","extensive-only","false","false","14","1","9","1000","1000000","28624"
"1430","true","extensive-only","false","false","14","1","9","1000","1000000","27463"
"1431","true","extensive-only","false","false","14","1","9","1000","1000000","27828"
"1432","true","extensive-only","false","false","14","1","9","1000","1000000","27414"
"1433","true","extensive-only","false","false","14","1","9","1000","1000000","27382"
"1434","true","extensive-only","false","false","14","1","9","1000","1000000","28474"
"1435","true","extensive-only","false","false","14","1","9","1000","1000000","27467"
"1436","true","extensive-only","false","false","14","1","9","1000","1000000","27129"
"1437","true","extensive-only","false","false","14","1","9","1000","1000000","26964"
"1438","true","extensive-only","false","false","14","1","9","1000","1000000","28219"
"1439","true","extensive-only","false","false","14","1","9","1000","1000000","27132"
"1441","true","extensive-only","false","false","21","1000","9","1000","1000000","1991"
"1442","true","extensive-only","false","false","21","1000","9","1000","1000000","1942"
"1440","true","extensive-only","false","false","14","1","9","1000","1000000","28496"
"1443","true","extensive-only","false","false","21","1000","9","1000","1000000","1882"
"1444","true","extensive-only","false","false","21","1000","9","1000","1000000","1878"
"1445","true","extensive-only","false","false","21","1000","9","1000","1000000","1949"
"1446","true","extensive-only","false","false","21","1000","9","1000","1000000","1891"
"1447","true","extensive-only","false","false","21","1000","9","1000","1000000","1896"
"1448","true","extensive-only","false","false","21","1000","9","1000","1000000","1850"
"1449","true","extensive-only","false","false","21","1000","9","1000","1000000","1947"
"1450","true","extensive-only","false","false","21","1000","9","1000","1000000","1911"
"1451","true","extensive-only","false","false","21","1000","9","1000","1000000","1979"
"1452","true","extensive-only","false","false","21","1000","9","1000","1000000","1818"
"1453","true","extensive-only","false","false","21","1000","9","1000","1000000","1899"
"1454","true","extensive-only","false","false","21","1000","9","1000","1000000","1930"
"1455","true","extensive-only","false","false","21","1000","9","1000","1000000","1905"
"1456","true","extensive-only","false","false","21","1000","9","1000","1000000","1931"
"1457","true","extensive-only","false","false","21","1000","9","1000","1000000","1894"
"1458","true","extensive-only","false","false","21","1000","9","1000","1000000","1894"
"1460","true","extensive-only","false","false","21","1000","9","1000","1000000","1939"
"1459","true","extensive-only","false","false","21","1000","9","1000","1000000","1876"
"1461","true","extensive-only","false","false","21","1000","9","1000","1000000","1936"
"1463","true","extensive-only","false","false","21","1000","9","1000","1000000","1901"
"1462","true","extensive-only","false","false","21","1000","9","1000","1000000","1857"
"1464","true","extensive-only","false","false","21","1000","9","1000","1000000","1933"
"1465","true","extensive-only","false","false","21","1000","9","1000","1000000","1914"
"1466","true","extensive-only","false","false","21","1000","9","1000","1000000","1935"
"1467","true","extensive-only","false","false","21","1000","9","1000","1000000","1808"
"1468","true","extensive-only","false","false","21","1000","9","1000","1000000","1935"
"1469","true","extensive-only","false","false","21","1000","9","1000","1000000","1905"
"1470","true","extensive-only","false","false","21","1000","9","1000","1000000","1931"
"1471","true","extensive-only","false","false","21","1000","9","1000","1000000","1957"
"1473","true","extensive-only","false","false","21","1000","9","1000","1000000","1951"
"1472","true","extensive-only","false","false","21","1000","9","1000","1000000","1931"
"1474","true","extensive-only","false","false","21","1000","9","1000","1000000","1968"
"1475","true","extensive-only","false","false","21","1000","9","1000","1000000","1865"
"1476","true","extensive-only","false","false","21","1000","9","1000","1000000","1952"
"1477","true","extensive-only","false","false","21","1000","9","1000","1000000","1899"
"1478","true","extensive-only","false","false","21","1000","9","1000","1000000","1919"
"1479","true","extensive-only","false","false","21","1000","9","1000","1000000","1841"
"1480","true","extensive-only","false","false","21","1000","9","1000","1000000","1943"
"1481","true","extensive-only","false","false","21","1000","9","1000","1000000","1832"
"1482","true","extensive-only","false","false","21","1000","9","1000","1000000","1850"
"1483","true","extensive-only","false","false","21","1000","9","1000","1000000","1895"
"1484","true","extensive-only","false","false","21","1000","9","1000","1000000","1842"
"1485","true","extensive-only","false","false","21","1000","9","1000","1000000","1962"
"1486","true","extensive-only","false","false","21","1000","9","1000","1000000","1890"
"1487","true","extensive-only","false","false","21","1000","9","1000","1000000","1876"
"1488","true","extensive-only","false","false","21","1000","9","1000","1000000","1895"
"1489","true","extensive-only","false","false","21","1000","9","1000","1000000","1900"
"1490","true","extensive-only","false","false","21","1000","9","1000","1000000","1903"
"1491","true","extensive-only","false","false","21","1000","9","1000","1000000","1918"
"1492","true","extensive-only","false","false","21","1000","9","1000","1000000","1875"
"1494","true","extensive-only","false","false","21","1000","9","1000","1000000","1952"
"1493","true","extensive-only","false","false","21","1000","9","1000","1000000","1926"
"1495","true","extensive-only","false","false","21","1000","9","1000","1000000","1852"
"1496","true","extensive-only","false","false","21","1000","9","1000","1000000","1863"
"1497","true","extensive-only","false","false","21","1000","9","1000","1000000","1910"
"1498","true","extensive-only","false","false","21","1000","9","1000","1000000","1931"
"1499","true","extensive-only","false","false","21","1000","9","1000","1000000","1939"
"1500","true","extensive-only","false","false","21","1000","9","1000","1000000","1836"
"1501","true","extensive-only","false","false","21","1","9","1000","1000000","3224"
"1502","true","extensive-only","false","false","21","1","9","1000","1000000","3197"
"1504","true","extensive-only","false","false","21","1","9","1000","1000000","2936"
"1503","true","extensive-only","false","false","21","1","9","1000","1000000","3121"
"1505","true","extensive-only","false","false","21","1","9","1000","1000000","3207"
"1506","true","extensive-only","false","false","21","1","9","1000","1000000","3132"
"1507","true","extensive-only","false","false","21","1","9","1000","1000000","3256"
"1508","true","extensive-only","false","false","21","1","9","1000","1000000","3322"
"1511","true","extensive-only","false","false","21","1","9","1000","1000000","3244"
"1509","true","extensive-only","false","false","21","1","9","1000","1000000","3216"
"1510","true","extensive-only","false","false","21","1","9","1000","1000000","3211"
"1513","true","extensive-only","false","false","21","1","9","1000","1000000","3188"
"1512","true","extensive-only","false","false","21","1","9","1000","1000000","3090"
"1514","true","extensive-only","false","false","21","1","9","1000","1000000","3211"
"1515","true","extensive-only","false","false","21","1","9","1000","1000000","3105"
"1516","true","extensive-only","false","false","21","1","9","1000","1000000","3244"
"1517","true","extensive-only","false","false","21","1","9","1000","1000000","3302"
"1518","true","extensive-only","false","false","21","1","9","1000","1000000","3233"
"1519","true","extensive-only","false","false","21","1","9","1000","1000000","3165"
"1520","true","extensive-only","false","false","21","1","9","1000","1000000","3160"
"1521","true","extensive-only","false","false","21","1","9","1000","1000000","3219"
"1522","true","extensive-only","false","false","21","1","9","1000","1000000","3271"
"1523","true","extensive-only","false","false","21","1","9","1000","1000000","3279"
"1525","true","extensive-only","false","false","21","1","9","1000","1000000","3013"
"1524","true","extensive-only","false","false","21","1","9","1000","1000000","3045"
"1526","true","extensive-only","false","false","21","1","9","1000","1000000","3137"
"1527","true","extensive-only","false","false","21","1","9","1000","1000000","3129"
"1528","true","extensive-only","false","false","21","1","9","1000","1000000","3231"
"1529","true","extensive-only","false","false","21","1","9","1000","1000000","3211"
"1530","true","extensive-only","false","false","21","1","9","1000","1000000","3272"
"1531","true","extensive-only","false","false","21","1","9","1000","1000000","3204"
"1532","true","extensive-only","false","false","21","1","9","1000","1000000","3183"
"1534","true","extensive-only","false","false","21","1","9","1000","1000000","3144"
"1533","true","extensive-only","false","false","21","1","9","1000","1000000","3187"
"1536","true","extensive-only","false","false","21","1","9","1000","1000000","3181"
"1535","true","extensive-only","false","false","21","1","9","1000","1000000","3270"
"1537","true","extensive-only","false","false","21","1","9","1000","1000000","3229"
"1538","true","extensive-only","false","false","21","1","9","1000","1000000","3031"
"1539","true","extensive-only","false","false","21","1","9","1000","1000000","3175"
"1540","true","extensive-only","false","false","21","1","9","1000","1000000","3157"
"1541","true","extensive-only","false","false","21","1","9","1000","1000000","3229"
"1542","true","extensive-only","false","false","21","1","9","1000","1000000","3233"
"1543","true","extensive-only","false","false","21","1","9","1000","1000000","2917"
"1544","true","extensive-only","false","false","21","1","9","1000","1000000","3097"
"1545","true","extensive-only","false","false","21","1","9","1000","1000000","3251"
"1546","true","extensive-only","false","false","21","1","9","1000","1000000","3218"
"1547","true","extensive-only","false","false","21","1","9","1000","1000000","3077"
"1548","true","extensive-only","false","false","21","1","9","1000","1000000","3032"
"1549","true","extensive-only","false","false","21","1","9","1000","1000000","3201"
"1550","true","extensive-only","false","false","21","1","9","1000","1000000","3188"
"1551","true","extensive-only","false","false","21","1","9","1000","1000000","3135"
"1552","true","extensive-only","false","false","21","1","9","1000","1000000","3197"
"1553","true","extensive-only","false","false","21","1","9","1000","1000000","3153"
"1554","true","extensive-only","false","false","21","1","9","1000","1000000","3058"
"1555","true","extensive-only","false","false","21","1","9","1000","1000000","3231"
"1556","true","extensive-only","false","false","21","1","9","1000","1000000","3157"
"1557","true","extensive-only","false","false","21","1","9","1000","1000000","3244"
"1558","true","extensive-only","false","false","21","1","9","1000","1000000","3220"
"1559","true","extensive-only","false","false","21","1","9","1000","1000000","3261"
"1560","true","extensive-only","false","false","21","1","9","1000","1000000","3054"
"1561","true","extensive-only","false","false","22","1000","9","1000","1000000","3833"
"1562","true","extensive-only","false","false","22","1000","9","1000","1000000","3688"
"1563","true","extensive-only","false","false","22","1000","9","1000","1000000","3833"
"1564","true","extensive-only","false","false","22","1000","9","1000","1000000","3713"
"1565","true","extensive-only","false","false","22","1000","9","1000","1000000","3785"
"1567","true","extensive-only","false","false","22","1000","9","1000","1000000","3783"
"1566","true","extensive-only","false","false","22","1000","9","1000","1000000","3773"
"1568","true","extensive-only","false","false","22","1000","9","1000","1000000","3783"
"1569","true","extensive-only","false","false","22","1000","9","1000","1000000","3823"
"1570","true","extensive-only","false","false","22","1000","9","1000","1000000","3831"
"1571","true","extensive-only","false","false","22","1000","9","1000","1000000","3841"
"1572","true","extensive-only","false","false","22","1000","9","1000","1000000","3859"
"1573","true","extensive-only","false","false","22","1000","9","1000","1000000","3811"
"1574","true","extensive-only","false","false","22","1000","9","1000","1000000","3896"
"1575","true","extensive-only","false","false","22","1000","9","1000","1000000","3727"
"1576","true","extensive-only","false","false","22","1000","9","1000","1000000","3732"
"1577","true","extensive-only","false","false","22","1000","9","1000","1000000","3782"
"1578","true","extensive-only","false","false","22","1000","9","1000","1000000","3794"
"1579","true","extensive-only","false","false","22","1000","9","1000","1000000","3788"
"1580","true","extensive-only","false","false","22","1000","9","1000","1000000","3857"
"1581","true","extensive-only","false","false","22","1000","9","1000","1000000","3796"
"1582","true","extensive-only","false","false","22","1000","9","1000","1000000","3739"
"1583","true","extensive-only","false","false","22","1000","9","1000","1000000","3817"
"1584","true","extensive-only","false","false","22","1000","9","1000","1000000","3798"
"1585","true","extensive-only","false","false","22","1000","9","1000","1000000","3809"
"1586","true","extensive-only","false","false","22","1000","9","1000","1000000","3784"
"1588","true","extensive-only","false","false","22","1000","9","1000","1000000","3894"
"1587","true","extensive-only","false","false","22","1000","9","1000","1000000","3872"
"1589","true","extensive-only","false","false","22","1000","9","1000","1000000","3752"
"1590","true","extensive-only","false","false","22","1000","9","1000","1000000","3834"
"1591","true","extensive-only","false","false","22","1000","9","1000","1000000","3756"
"1592","true","extensive-only","false","false","22","1000","9","1000","1000000","3772"
"1593","true","extensive-only","false","false","22","1000","9","1000","1000000","3772"
"1594","true","extensive-only","false","false","22","1000","9","1000","1000000","3797"
"1595","true","extensive-only","false","false","22","1000","9","1000","1000000","3800"
"1596","true","extensive-only","false","false","22","1000","9","1000","1000000","3791"
"1597","true","extensive-only","false","false","22","1000","9","1000","1000000","3862"
"1598","true","extensive-only","false","false","22","1000","9","1000","1000000","3825"
"1599","true","extensive-only","false","false","22","1000","9","1000","1000000","3788"
"1600","true","extensive-only","false","false","22","1000","9","1000","1000000","3872"
"1601","true","extensive-only","false","false","22","1000","9","1000","1000000","3874"
"1602","true","extensive-only","false","false","22","1000","9","1000","1000000","3848"
"1603","true","extensive-only","false","false","22","1000","9","1000","1000000","3841"
"1604","true","extensive-only","false","false","22","1000","9","1000","1000000","3799"
"1605","true","extensive-only","false","false","22","1000","9","1000","1000000","3812"
"1606","true","extensive-only","false","false","22","1000","9","1000","1000000","3768"
"1607","true","extensive-only","false","false","22","1000","9","1000","1000000","3851"
"1608","true","extensive-only","false","false","22","1000","9","1000","1000000","3744"
"1609","true","extensive-only","false","false","22","1000","9","1000","1000000","3861"
"1610","true","extensive-only","false","false","22","1000","9","1000","1000000","3707"
"1611","true","extensive-only","false","false","22","1000","9","1000","1000000","3810"
"1612","true","extensive-only","false","false","22","1000","9","1000","1000000","3808"
"1614","true","extensive-only","false","false","22","1000","9","1000","1000000","3842"
"1613","true","extensive-only","false","false","22","1000","9","1000","1000000","3868"
"1615","true","extensive-only","false","false","22","1000","9","1000","1000000","3900"
"1616","true","extensive-only","false","false","22","1000","9","1000","1000000","3874"
"1617","true","extensive-only","false","false","22","1000","9","1000","1000000","3862"
"1618","true","extensive-only","false","false","22","1000","9","1000","1000000","3781"
"1619","true","extensive-only","false","false","22","1000","9","1000","1000000","3838"
"1620","true","extensive-only","false","false","22","1000","9","1000","1000000","3774"
"1621","true","extensive-only","false","false","22","1","9","1000","1000000","6312"
"1622","true","extensive-only","false","false","22","1","9","1000","1000000","6355"
"1623","true","extensive-only","false","false","22","1","9","1000","1000000","6318"
"1624","true","extensive-only","false","false","22","1","9","1000","1000000","6180"
"1625","true","extensive-only","false","false","22","1","9","1000","1000000","6258"
"1626","true","extensive-only","false","false","22","1","9","1000","1000000","6410"
"1627","true","extensive-only","false","false","22","1","9","1000","1000000","6391"
"1628","true","extensive-only","false","false","22","1","9","1000","1000000","6397"
"1629","true","extensive-only","false","false","22","1","9","1000","1000000","6360"
"1630","true","extensive-only","false","false","22","1","9","1000","1000000","6285"
"1631","true","extensive-only","false","false","22","1","9","1000","1000000","6382"
"1632","true","extensive-only","false","false","22","1","9","1000","1000000","6246"
"1633","true","extensive-only","false","false","22","1","9","1000","1000000","6302"
"1634","true","extensive-only","false","false","22","1","9","1000","1000000","6278"
"1635","true","extensive-only","false","false","22","1","9","1000","1000000","6418"
"1636","true","extensive-only","false","false","22","1","9","1000","1000000","6304"
"1637","true","extensive-only","false","false","22","1","9","1000","1000000","6255"
"1638","true","extensive-only","false","false","22","1","9","1000","1000000","6109"
"1639","true","extensive-only","false","false","22","1","9","1000","1000000","6235"
"1640","true","extensive-only","false","false","22","1","9","1000","1000000","6477"
"1641","true","extensive-only","false","false","22","1","9","1000","1000000","6395"
"1642","true","extensive-only","false","false","22","1","9","1000","1000000","6197"
"1643","true","extensive-only","false","false","22","1","9","1000","1000000","6343"
"1644","true","extensive-only","false","false","22","1","9","1000","1000000","6369"
"1645","true","extensive-only","false","false","22","1","9","1000","1000000","6338"
"1646","true","extensive-only","false","false","22","1","9","1000","1000000","5986"
"1647","true","extensive-only","false","false","22","1","9","1000","1000000","6396"
"1648","true","extensive-only","false","false","22","1","9","1000","1000000","6380"
"1649","true","extensive-only","false","false","22","1","9","1000","1000000","6490"
"1650","true","extensive-only","false","false","22","1","9","1000","1000000","6230"
"1651","true","extensive-only","false","false","22","1","9","1000","1000000","6366"
"1652","true","extensive-only","false","false","22","1","9","1000","1000000","6170"
"1653","true","extensive-only","false","false","22","1","9","1000","1000000","6457"
"1654","true","extensive-only","false","false","22","1","9","1000","1000000","6214"
"1655","true","extensive-only","false","false","22","1","9","1000","1000000","6372"
"1656","true","extensive-only","false","false","22","1","9","1000","1000000","6419"
"1657","true","extensive-only","false","false","22","1","9","1000","1000000","6431"
"1658","true","extensive-only","false","false","22","1","9","1000","1000000","6459"
"1659","true","extensive-only","false","false","22","1","9","1000","1000000","6261"
"1661","true","extensive-only","false","false","22","1","9","1000","1000000","6386"
"1660","true","extensive-only","false","false","22","1","9","1000","1000000","6539"
"1662","true","extensive-only","false","false","22","1","9","1000","1000000","6347"
"1664","true","extensive-only","false","false","22","1","9","1000","1000000","6159"
"1663","true","extensive-only","false","false","22","1","9","1000","1000000","6482"
"1665","true","extensive-only","false","false","22","1","9","1000","1000000","6412"
"1666","true","extensive-only","false","false","22","1","9","1000","1000000","6084"
"1667","true","extensive-only","false","false","22","1","9","1000","1000000","6482"
"1668","true","extensive-only","false","false","22","1","9","1000","1000000","6387"
"1669","true","extensive-only","false","false","22","1","9","1000","1000000","6169"
"1670","true","extensive-only","false","false","22","1","9","1000","1000000","6318"
"1671","true","extensive-only","false","false","22","1","9","1000","1000000","6282"
"1672","true","extensive-only","false","false","22","1","9","1000","1000000","6427"
"1673","true","extensive-only","false","false","22","1","9","1000","1000000","6337"
"1674","true","extensive-only","false","false","22","1","9","1000","1000000","6282"
"1675","true","extensive-only","false","false","22","1","9","1000","1000000","6358"
"1677","true","extensive-only","false","false","22","1","9","1000","1000000","6416"
"1676","true","extensive-only","false","false","22","1","9","1000","1000000","6432"
"1678","true","extensive-only","false","false","22","1","9","1000","1000000","6240"
"1679","true","extensive-only","false","false","22","1","9","1000","1000000","6594"
"1680","true","extensive-only","false","false","22","1","9","1000","1000000","6512"
"1681","true","extensive-only","false","false","23","1000","9","1000","1000000","7643"
"1682","true","extensive-only","false","false","23","1000","9","1000","1000000","7553"
"1683","true","extensive-only","false","false","23","1000","9","1000","1000000","7648"
"1685","true","extensive-only","false","false","23","1000","9","1000","1000000","7608"
"1684","true","extensive-only","false","false","23","1000","9","1000","1000000","7705"
"1686","true","extensive-only","false","false","23","1000","9","1000","1000000","7603"
"1687","true","extensive-only","false","false","23","1000","9","1000","1000000","7633"
"1688","true","extensive-only","false","false","23","1000","9","1000","1000000","7721"
"1689","true","extensive-only","false","false","23","1000","9","1000","1000000","7626"
"1690","true","extensive-only","false","false","23","1000","9","1000","1000000","7730"
"1691","true","extensive-only","false","false","23","1000","9","1000","1000000","7676"
"1692","true","extensive-only","false","false","23","1000","9","1000","1000000","7600"
"1693","true","extensive-only","false","false","23","1000","9","1000","1000000","7673"
"1694","true","extensive-only","false","false","23","1000","9","1000","1000000","7661"
"1695","true","extensive-only","false","false","23","1000","9","1000","1000000","7493"
"1696","true","extensive-only","false","false","23","1000","9","1000","1000000","7688"
"1697","true","extensive-only","false","false","23","1000","9","1000","1000000","7593"
"1698","true","extensive-only","false","false","23","1000","9","1000","1000000","7506"
"1699","true","extensive-only","false","false","23","1000","9","1000","1000000","7556"
"1700","true","extensive-only","false","false","23","1000","9","1000","1000000","7556"
"1701","true","extensive-only","false","false","23","1000","9","1000","1000000","7663"
"1702","true","extensive-only","false","false","23","1000","9","1000","1000000","7688"
"1703","true","extensive-only","false","false","23","1000","9","1000","1000000","7607"
"1704","true","extensive-only","false","false","23","1000","9","1000","1000000","7647"
"1705","true","extensive-only","false","false","23","1000","9","1000","1000000","7587"
"1706","true","extensive-only","false","false","23","1000","9","1000","1000000","7651"
"1707","true","extensive-only","false","false","23","1000","9","1000","1000000","7503"
"1708","true","extensive-only","false","false","23","1000","9","1000","1000000","7592"
"1709","true","extensive-only","false","false","23","1000","9","1000","1000000","7590"
"1710","true","extensive-only","false","false","23","1000","9","1000","1000000","7585"
"1711","true","extensive-only","false","false","23","1000","9","1000","1000000","7636"
"1712","true","extensive-only","false","false","23","1000","9","1000","1000000","7484"
"1713","true","extensive-only","false","false","23","1000","9","1000","1000000","7582"
"1714","true","extensive-only","false","false","23","1000","9","1000","1000000","7536"
"1715","true","extensive-only","false","false","23","1000","9","1000","1000000","7689"
"1716","true","extensive-only","false","false","23","1000","9","1000","1000000","7706"
"1717","true","extensive-only","false","false","23","1000","9","1000","1000000","7665"
"1718","true","extensive-only","false","false","23","1000","9","1000","1000000","7659"
"1719","true","extensive-only","false","false","23","1000","9","1000","1000000","7616"
"1720","true","extensive-only","false","false","23","1000","9","1000","1000000","7581"
"1721","true","extensive-only","false","false","23","1000","9","1000","1000000","7624"
"1722","true","extensive-only","false","false","23","1000","9","1000","1000000","7707"
"1723","true","extensive-only","false","false","23","1000","9","1000","1000000","7697"
"1724","true","extensive-only","false","false","23","1000","9","1000","1000000","7536"
"1725","true","extensive-only","false","false","23","1000","9","1000","1000000","7491"
"1726","true","extensive-only","false","false","23","1000","9","1000","1000000","7633"
"1727","true","extensive-only","false","false","23","1000","9","1000","1000000","7715"
"1728","true","extensive-only","false","false","23","1000","9","1000","1000000","7600"
"1729","true","extensive-only","false","false","23","1000","9","1000","1000000","7634"
"1731","true","extensive-only","false","false","23","1000","9","1000","1000000","7647"
"1730","true","extensive-only","false","false","23","1000","9","1000","1000000","7580"
"1732","true","extensive-only","false","false","23","1000","9","1000","1000000","7719"
"1733","true","extensive-only","false","false","23","1000","9","1000","1000000","7675"
"1734","true","extensive-only","false","false","23","1000","9","1000","1000000","7607"
"1735","true","extensive-only","false","false","23","1000","9","1000","1000000","7652"
"1736","true","extensive-only","false","false","23","1000","9","1000","1000000","7581"
"1737","true","extensive-only","false","false","23","1000","9","1000","1000000","7568"
"1738","true","extensive-only","false","false","23","1000","9","1000","1000000","7608"
"1739","true","extensive-only","false","false","23","1000","9","1000","1000000","7620"
"1740","true","extensive-only","false","false","23","1000","9","1000","1000000","7666"
"1741","true","extensive-only","false","false","23","1","9","1000","1000000","12460"
"1742","true","extensive-only","false","false","23","1","9","1000","1000000","12795"
"1743","true","extensive-only","false","false","23","1","9","1000","1000000","12627"
"1744","true","extensive-only","false","false","23","1","9","1000","1000000","12556"
"1745","true","extensive-only","false","false","23","1","9","1000","1000000","12706"
"1746","true","extensive-only","false","false","23","1","9","1000","1000000","12838"
"1747","true","extensive-only","false","false","23","1","9","1000","1000000","12921"
"1748","true","extensive-only","false","false","23","1","9","1000","1000000","12686"
"1749","true","extensive-only","false","false","23","1","9","1000","1000000","12636"
"1750","true","extensive-only","false","false","23","1","9","1000","1000000","12828"
"1751","true","extensive-only","false","false","23","1","9","1000","1000000","12547"
"1752","true","extensive-only","false","false","23","1","9","1000","1000000","12717"
"1753","true","extensive-only","false","false","23","1","9","1000","1000000","12433"
"1754","true","extensive-only","false","false","23","1","9","1000","1000000","12822"
"1755","true","extensive-only","false","false","23","1","9","1000","1000000","12673"
"1757","true","extensive-only","false","false","23","1","9","1000","1000000","13109"
"1756","true","extensive-only","false","false","23","1","9","1000","1000000","12841"
"1758","true","extensive-only","false","false","23","1","9","1000","1000000","12275"
"1759","true","extensive-only","false","false","23","1","9","1000","1000000","12234"
"1760","true","extensive-only","false","false","23","1","9","1000","1000000","12372"
"1761","true","extensive-only","false","false","23","1","9","1000","1000000","12784"
"1762","true","extensive-only","false","false","23","1","9","1000","1000000","12060"
"1763","true","extensive-only","false","false","23","1","9","1000","1000000","12712"
"1764","true","extensive-only","false","false","23","1","9","1000","1000000","12791"
"1765","true","extensive-only","false","false","23","1","9","1000","1000000","12747"
"1766","true","extensive-only","false","false","23","1","9","1000","1000000","12527"
"1767","true","extensive-only","false","false","23","1","9","1000","1000000","12631"
"1768","true","extensive-only","false","false","23","1","9","1000","1000000","12734"
"1769","true","extensive-only","false","false","23","1","9","1000","1000000","12835"
"1770","true","extensive-only","false","false","23","1","9","1000","1000000","12686"
"1771","true","extensive-only","false","false","23","1","9","1000","1000000","12825"
"1772","true","extensive-only","false","false","23","1","9","1000","1000000","12625"
"1773","true","extensive-only","false","false","23","1","9","1000","1000000","12678"
"1774","true","extensive-only","false","false","23","1","9","1000","1000000","12823"
"1775","true","extensive-only","false","false","23","1","9","1000","1000000","12783"
"1776","true","extensive-only","false","false","23","1","9","1000","1000000","12742"
"1777","true","extensive-only","false","false","23","1","9","1000","1000000","12807"
"1778","true","extensive-only","false","false","23","1","9","1000","1000000","12358"
"1779","true","extensive-only","false","false","23","1","9","1000","1000000","12695"
"1781","true","extensive-only","false","false","23","1","9","1000","1000000","12787"
"1780","true","extensive-only","false","false","23","1","9","1000","1000000","12385"
"1782","true","extensive-only","false","false","23","1","9","1000","1000000","12666"
"1783","true","extensive-only","false","false","23","1","9","1000","1000000","12735"
"1784","true","extensive-only","false","false","23","1","9","1000","1000000","12730"
"1785","true","extensive-only","false","false","23","1","9","1000","1000000","12850"
"1786","true","extensive-only","false","false","23","1","9","1000","1000000","12737"
"1789","true","extensive-only","false","false","23","1","9","1000","1000000","12499"
"1788","true","extensive-only","false","false","23","1","9","1000","1000000","12686"
"1787","true","extensive-only","false","false","23","1","9","1000","1000000","12903"
"1790","true","extensive-only","false","false","23","1","9","1000","1000000","12745"
"1791","true","extensive-only","false","false","23","1","9","1000","1000000","12372"
"1792","true","extensive-only","false","false","23","1","9","1000","1000000","12659"
"1793","true","extensive-only","false","false","23","1","9","1000","1000000","12787"
"1794","true","extensive-only","false","false","23","1","9","1000","1000000","12648"
"1795","true","extensive-only","false","false","23","1","9","1000","1000000","12530"
"1796","true","extensive-only","false","false","23","1","9","1000","1000000","12408"
"1797","true","extensive-only","false","false","23","1","9","1000","1000000","12908"
"1798","true","extensive-only","false","false","23","1","9","1000","1000000","12672"
"1799","true","extensive-only","false","false","23","1","9","1000","1000000","12853"
"1800","true","extensive-only","false","false","23","1","9","1000","1000000","12998"
"1801","true","extensive-only","false","false","24","1000","9","1000","1000000","11274"
"1802","true","extensive-only","false","false","24","1000","9","1000","1000000","11317"
"1804","true","extensive-only","false","false","24","1000","9","1000","1000000","11410"
"1803","true","extensive-only","false","false","24","1000","9","1000","1000000","11457"
"1805","true","extensive-only","false","false","24","1000","9","1000","1000000","11451"
"1806","true","extensive-only","false","false","24","1000","9","1000","1000000","11401"
"1807","true","extensive-only","false","false","24","1000","9","1000","1000000","11469"
"1808","true","extensive-only","false","false","24","1000","9","1000","1000000","11443"
"1809","true","extensive-only","false","false","24","1000","9","1000","1000000","11295"
"1810","true","extensive-only","false","false","24","1000","9","1000","1000000","11494"
"1812","true","extensive-only","false","false","24","1000","9","1000","1000000","11467"
"1811","true","extensive-only","false","false","24","1000","9","1000","1000000","11380"
"1813","true","extensive-only","false","false","24","1000","9","1000","1000000","11644"
"1814","true","extensive-only","false","false","24","1000","9","1000","1000000","11334"
"1815","true","extensive-only","false","false","24","1000","9","1000","1000000","11456"
"1816","true","extensive-only","false","false","24","1000","9","1000","1000000","11318"
"1817","true","extensive-only","false","false","24","1000","9","1000","1000000","11298"
"1818","true","extensive-only","false","false","24","1000","9","1000","1000000","11457"
"1820","true","extensive-only","false","false","24","1000","9","1000","1000000","11195"
"1819","true","extensive-only","false","false","24","1000","9","1000","1000000","11382"
"1821","true","extensive-only","false","false","24","1000","9","1000","1000000","11540"
"1822","true","extensive-only","false","false","24","1000","9","1000","1000000","11378"
"1823","true","extensive-only","false","false","24","1000","9","1000","1000000","11333"
"1824","true","extensive-only","false","false","24","1000","9","1000","1000000","11355"
"1826","true","extensive-only","false","false","24","1000","9","1000","1000000","11422"
"1825","true","extensive-only","false","false","24","1000","9","1000","1000000","11416"
"1827","true","extensive-only","false","false","24","1000","9","1000","1000000","11345"
"1828","true","extensive-only","false","false","24","1000","9","1000","1000000","11270"
"1829","true","extensive-only","false","false","24","1000","9","1000","1000000","11260"
"1830","true","extensive-only","false","false","24","1000","9","1000","1000000","11356"
"1831","true","extensive-only","false","false","24","1000","9","1000","1000000","11493"
"1832","true","extensive-only","false","false","24","1000","9","1000","1000000","11541"
"1833","true","extensive-only","false","false","24","1000","9","1000","1000000","11374"
"1834","true","extensive-only","false","false","24","1000","9","1000","1000000","11351"
"1835","true","extensive-only","false","false","24","1000","9","1000","1000000","11475"
"1836","true","extensive-only","false","false","24","1000","9","1000","1000000","11262"
"1837","true","extensive-only","false","false","24","1000","9","1000","1000000","11496"
"1838","true","extensive-only","false","false","24","1000","9","1000","1000000","11396"
"1839","true","extensive-only","false","false","24","1000","9","1000","1000000","11450"
"1840","true","extensive-only","false","false","24","1000","9","1000","1000000","11403"
"1841","true","extensive-only","false","false","24","1000","9","1000","1000000","11306"
"1842","true","extensive-only","false","false","24","1000","9","1000","1000000","11371"
"1843","true","extensive-only","false","false","24","1000","9","1000","1000000","11445"
"1844","true","extensive-only","false","false","24","1000","9","1000","1000000","11429"
"1845","true","extensive-only","false","false","24","1000","9","1000","1000000","11487"
"1846","true","extensive-only","false","false","24","1000","9","1000","1000000","11444"
"1847","true","extensive-only","false","false","24","1000","9","1000","1000000","11407"
"1848","true","extensive-only","false","false","24","1000","9","1000","1000000","11492"
"1849","true","extensive-only","false","false","24","1000","9","1000","1000000","11335"
"1850","true","extensive-only","false","false","24","1000","9","1000","1000000","11329"
"1851","true","extensive-only","false","false","24","1000","9","1000","1000000","11213"
"1852","true","extensive-only","false","false","24","1000","9","1000","1000000","11341"
"1853","true","extensive-only","false","false","24","1000","9","1000","1000000","11387"
"1854","true","extensive-only","false","false","24","1000","9","1000","1000000","11479"
"1855","true","extensive-only","false","false","24","1000","9","1000","1000000","11471"
"1856","true","extensive-only","false","false","24","1000","9","1000","1000000","11403"
"1857","true","extensive-only","false","false","24","1000","9","1000","1000000","11555"
"1858","true","extensive-only","false","false","24","1000","9","1000","1000000","11379"
"1859","true","extensive-only","false","false","24","1000","9","1000","1000000","11564"
"1860","true","extensive-only","false","false","24","1000","9","1000","1000000","11495"
"1861","true","extensive-only","false","false","24","1","9","1000","1000000","18808"
"1862","true","extensive-only","false","false","24","1","9","1000","1000000","18896"
"1863","true","extensive-only","false","false","24","1","9","1000","1000000","18604"
"1864","true","extensive-only","false","false","24","1","9","1000","1000000","18958"
"1865","true","extensive-only","false","false","24","1","9","1000","1000000","18892"
"1866","true","extensive-only","false","false","24","1","9","1000","1000000","19060"
"1867","true","extensive-only","false","false","24","1","9","1000","1000000","19490"
"1868","true","extensive-only","false","false","24","1","9","1000","1000000","18608"
"1869","true","extensive-only","false","false","24","1","9","1000","1000000","19245"
"1870","true","extensive-only","false","false","24","1","9","1000","1000000","19124"
"1871","true","extensive-only","false","false","24","1","9","1000","1000000","19072"
"1872","true","extensive-only","false","false","24","1","9","1000","1000000","18941"
"1873","true","extensive-only","false","false","24","1","9","1000","1000000","18660"
"1874","true","extensive-only","false","false","24","1","9","1000","1000000","18744"
"1875","true","extensive-only","false","false","24","1","9","1000","1000000","18619"
"1876","true","extensive-only","false","false","24","1","9","1000","1000000","19186"
"1878","true","extensive-only","false","false","24","1","9","1000","1000000","19026"
"1877","true","extensive-only","false","false","24","1","9","1000","1000000","18718"
"1879","true","extensive-only","false","false","24","1","9","1000","1000000","18777"
"1880","true","extensive-only","false","false","24","1","9","1000","1000000","19129"
"1881","true","extensive-only","false","false","24","1","9","1000","1000000","18880"
"1882","true","extensive-only","false","false","24","1","9","1000","1000000","18882"
"1883","true","extensive-only","false","false","24","1","9","1000","1000000","18974"
"1884","true","extensive-only","false","false","24","1","9","1000","1000000","18907"
"1885","true","extensive-only","false","false","24","1","9","1000","1000000","18499"
"1886","true","extensive-only","false","false","24","1","9","1000","1000000","18963"
"1887","true","extensive-only","false","false","24","1","9","1000","1000000","18868"
"1888","true","extensive-only","false","false","24","1","9","1000","1000000","18954"
"1889","true","extensive-only","false","false","24","1","9","1000","1000000","19267"
"1890","true","extensive-only","false","false","24","1","9","1000","1000000","18933"
"1891","true","extensive-only","false","false","24","1","9","1000","1000000","18444"
"1892","true","extensive-only","false","false","24","1","9","1000","1000000","18981"
"1893","true","extensive-only","false","false","24","1","9","1000","1000000","19088"
"1894","true","extensive-only","false","false","24","1","9","1000","1000000","18760"
"1895","true","extensive-only","false","false","24","1","9","1000","1000000","18724"
"1896","true","extensive-only","false","false","24","1","9","1000","1000000","18869"
"1897","true","extensive-only","false","false","24","1","9","1000","1000000","19146"
"1898","true","extensive-only","false","false","24","1","9","1000","1000000","19140"
"1899","true","extensive-only","false","false","24","1","9","1000","1000000","19041"
"1900","true","extensive-only","false","false","24","1","9","1000","1000000","19047"
"1901","true","extensive-only","false","false","24","1","9","1000","1000000","18637"
"1902","true","extensive-only","false","false","24","1","9","1000","1000000","18753"
"1903","true","extensive-only","false","false","24","1","9","1000","1000000","19018"
"1904","true","extensive-only","false","false","24","1","9","1000","1000000","18712"
"1905","true","extensive-only","false","false","24","1","9","1000","1000000","19165"
"1906","true","extensive-only","false","false","24","1","9","1000","1000000","19359"
"1907","true","extensive-only","false","false","24","1","9","1000","1000000","18634"
"1908","true","extensive-only","false","false","24","1","9","1000","1000000","19247"
"1909","true","extensive-only","false","false","24","1","9","1000","1000000","18561"
"1910","true","extensive-only","false","false","24","1","9","1000","1000000","18386"
"1911","true","extensive-only","false","false","24","1","9","1000","1000000","19286"
"1912","true","extensive-only","false","false","24","1","9","1000","1000000","18740"
"1913","true","extensive-only","false","false","24","1","9","1000","1000000","18974"
"1914","true","extensive-only","false","false","24","1","9","1000","1000000","18852"
"1915","true","extensive-only","false","false","24","1","9","1000","1000000","18571"
"1916","true","extensive-only","false","false","24","1","9","1000","1000000","18950"
"1917","true","extensive-only","false","false","24","1","9","1000","1000000","19166"
"1918","true","extensive-only","false","false","24","1","9","1000","1000000","18656"
"1919","true","extensive-only","false","false","24","1","9","1000","1000000","19041"
"1920","true","extensive-only","false","false","24","1","9","1000","1000000","19018"
"1921","true","extensive-only","false","false","25","1000","9","1000","1000000","15119"
"1922","true","extensive-only","false","false","25","1000","9","1000","1000000","15307"
"1923","true","extensive-only","false","false","25","1000","9","1000","1000000","15209"
"1924","true","extensive-only","false","false","25","1000","9","1000","1000000","15367"
"1925","true","extensive-only","false","false","25","1000","9","1000","1000000","15250"
"1926","true","extensive-only","false","false","25","1000","9","1000","1000000","14836"
"1927","true","extensive-only","false","false","25","1000","9","1000","1000000","15276"
"1928","true","extensive-only","false","false","25","1000","9","1000","1000000","15210"
"1929","true","extensive-only","false","false","25","1000","9","1000","1000000","15233"
"1930","true","extensive-only","false","false","25","1000","9","1000","1000000","15111"
"1931","true","extensive-only","false","false","25","1000","9","1000","1000000","15113"
"1932","true","extensive-only","false","false","25","1000","9","1000","1000000","15163"
"1933","true","extensive-only","false","false","25","1000","9","1000","1000000","15153"
"1935","true","extensive-only","false","false","25","1000","9","1000","1000000","15202"
"1934","true","extensive-only","false","false","25","1000","9","1000","1000000","15129"
"1936","true","extensive-only","false","false","25","1000","9","1000","1000000","15115"
"1937","true","extensive-only","false","false","25","1000","9","1000","1000000","14930"
"1938","true","extensive-only","false","false","25","1000","9","1000","1000000","15283"
"1939","true","extensive-only","false","false","25","1000","9","1000","1000000","15237"
"1940","true","extensive-only","false","false","25","1000","9","1000","1000000","15059"
"1941","true","extensive-only","false","false","25","1000","9","1000","1000000","15346"
"1942","true","extensive-only","false","false","25","1000","9","1000","1000000","15207"
"1943","true","extensive-only","false","false","25","1000","9","1000","1000000","15332"
"1944","true","extensive-only","false","false","25","1000","9","1000","1000000","15242"
"1945","true","extensive-only","false","false","25","1000","9","1000","1000000","15319"
"1946","true","extensive-only","false","false","25","1000","9","1000","1000000","15128"
"1947","true","extensive-only","false","false","25","1000","9","1000","1000000","15122"
"1948","true","extensive-only","false","false","25","1000","9","1000","1000000","15386"
"1949","true","extensive-only","false","false","25","1000","9","1000","1000000","15237"
"1950","true","extensive-only","false","false","25","1000","9","1000","1000000","15279"
"1951","true","extensive-only","false","false","25","1000","9","1000","1000000","15228"
"1952","true","extensive-only","false","false","25","1000","9","1000","1000000","15283"
"1953","true","extensive-only","false","false","25","1000","9","1000","1000000","15336"
"1954","true","extensive-only","false","false","25","1000","9","1000","1000000","15034"
"1955","true","extensive-only","false","false","25","1000","9","1000","1000000","14979"
"1956","true","extensive-only","false","false","25","1000","9","1000","1000000","15423"
"1957","true","extensive-only","false","false","25","1000","9","1000","1000000","15263"
"1958","true","extensive-only","false","false","25","1000","9","1000","1000000","15280"
"1960","true","extensive-only","false","false","25","1000","9","1000","1000000","15282"
"1959","true","extensive-only","false","false","25","1000","9","1000","1000000","15143"
"1961","true","extensive-only","false","false","25","1000","9","1000","1000000","15254"
"1962","true","extensive-only","false","false","25","1000","9","1000","1000000","15270"
"1963","true","extensive-only","false","false","25","1000","9","1000","1000000","15197"
"1964","true","extensive-only","false","false","25","1000","9","1000","1000000","15096"
"1965","true","extensive-only","false","false","25","1000","9","1000","1000000","15266"
"1966","true","extensive-only","false","false","25","1000","9","1000","1000000","15501"
"1967","true","extensive-only","false","false","25","1000","9","1000","1000000","15396"
"1968","true","extensive-only","false","false","25","1000","9","1000","1000000","15169"
"1969","true","extensive-only","false","false","25","1000","9","1000","1000000","15387"
"1970","true","extensive-only","false","false","25","1000","9","1000","1000000","14898"
"1971","true","extensive-only","false","false","25","1000","9","1000","1000000","15367"
"1972","true","extensive-only","false","false","25","1000","9","1000","1000000","15257"
"1973","true","extensive-only","false","false","25","1000","9","1000","1000000","15146"
"1974","true","extensive-only","false","false","25","1000","9","1000","1000000","15188"
"1975","true","extensive-only","false","false","25","1000","9","1000","1000000","15088"
"1976","true","extensive-only","false","false","25","1000","9","1000","1000000","15334"
"1977","true","extensive-only","false","false","25","1000","9","1000","1000000","15335"
"1978","true","extensive-only","false","false","25","1000","9","1000","1000000","15337"
"1979","true","extensive-only","false","false","25","1000","9","1000","1000000","15261"
"1981","true","extensive-only","false","false","25","1","9","1000","1000000","24976"
"1982","true","extensive-only","false","false","25","1","9","1000","1000000","25146"
"1980","true","extensive-only","false","false","25","1000","9","1000","1000000","15269"
"1983","true","extensive-only","false","false","25","1","9","1000","1000000","25037"
"1984","true","extensive-only","false","false","25","1","9","1000","1000000","25058"
"1985","true","extensive-only","false","false","25","1","9","1000","1000000","25230"
"1986","true","extensive-only","false","false","25","1","9","1000","1000000","24978"
"1987","true","extensive-only","false","false","25","1","9","1000","1000000","25198"
"1988","true","extensive-only","false","false","25","1","9","1000","1000000","24694"
"1989","true","extensive-only","false","false","25","1","9","1000","1000000","25349"
"1990","true","extensive-only","false","false","25","1","9","1000","1000000","25613"
"1991","true","extensive-only","false","false","25","1","9","1000","1000000","25330"
"1992","true","extensive-only","false","false","25","1","9","1000","1000000","25549"
"1993","true","extensive-only","false","false","25","1","9","1000","1000000","24294"
"1994","true","extensive-only","false","false","25","1","9","1000","1000000","25269"
"1995","true","extensive-only","false","false","25","1","9","1000","1000000","24852"
"1996","true","extensive-only","false","false","25","1","9","1000","1000000","25077"
"1997","true","extensive-only","false","false","25","1","9","1000","1000000","25429"
"1998","true","extensive-only","false","false","25","1","9","1000","1000000","25259"
"1999","true","extensive-only","false","false","25","1","9","1000","1000000","25023"
"2000","true","extensive-only","false","false","25","1","9","1000","1000000","25203"
"2001","true","extensive-only","false","false","25","1","9","1000","1000000","24607"
"2002","true","extensive-only","false","false","25","1","9","1000","1000000","25265"
"2003","true","extensive-only","false","false","25","1","9","1000","1000000","25361"
"2004","true","extensive-only","false","false","25","1","9","1000","1000000","25626"
"2006","true","extensive-only","false","false","25","1","9","1000","1000000","25569"
"2005","true","extensive-only","false","false","25","1","9","1000","1000000","25334"
"2007","true","extensive-only","false","false","25","1","9","1000","1000000","25617"
"2008","true","extensive-only","false","false","25","1","9","1000","1000000","25520"
"2009","true","extensive-only","false","false","25","1","9","1000","1000000","24676"
"2010","true","extensive-only","false","false","25","1","9","1000","1000000","25399"
"2011","true","extensive-only","false","false","25","1","9","1000","1000000","24848"
"2012","true","extensive-only","false","false","25","1","9","1000","1000000","25303"
"2013","true","extensive-only","false","false","25","1","9","1000","1000000","25143"
"2014","true","extensive-only","false","false","25","1","9","1000","1000000","25189"
"2015","true","extensive-only","false","false","25","1","9","1000","1000000","24924"
"2017","true","extensive-only","false","false","25","1","9","1000","1000000","25300"
"2016","true","extensive-only","false","false","25","1","9","1000","1000000","25294"
"2018","true","extensive-only","false","false","25","1","9","1000","1000000","24527"
"2019","true","extensive-only","false","false","25","1","9","1000","1000000","25250"
"2020","true","extensive-only","false","false","25","1","9","1000","1000000","24747"
"2022","true","extensive-only","false","false","25","1","9","1000","1000000","25203"
"2021","true","extensive-only","false","false","25","1","9","1000","1000000","24998"
"2023","true","extensive-only","false","false","25","1","9","1000","1000000","25301"
"2024","true","extensive-only","false","false","25","1","9","1000","1000000","24970"
"2025","true","extensive-only","false","false","25","1","9","1000","1000000","24962"
"2026","true","extensive-only","false","false","25","1","9","1000","1000000","25258"
"2027","true","extensive-only","false","false","25","1","9","1000","1000000","25345"
"2028","true","extensive-only","false","false","25","1","9","1000","1000000","24603"
"2029","true","extensive-only","false","false","25","1","9","1000","1000000","25122"
"2030","true","extensive-only","false","false","25","1","9","1000","1000000","24749"
"2031","true","extensive-only","false","false","25","1","9","1000","1000000","24817"
"2032","true","extensive-only","false","false","25","1","9","1000","1000000","25047"
"2033","true","extensive-only","false","false","25","1","9","1000","1000000","25385"
"2034","true","extensive-only","false","false","25","1","9","1000","1000000","24979"
"2035","true","extensive-only","false","false","25","1","9","1000","1000000","24692"
"2036","true","extensive-only","false","false","25","1","9","1000","1000000","25391"
"2037","true","extensive-only","false","false","25","1","9","1000","1000000","24581"
"2038","true","extensive-only","false","false","25","1","9","1000","1000000","25190"
"2039","true","extensive-only","false","false","25","1","9","1000","1000000","25121"
"2040","true","extensive-only","false","false","25","1","9","1000","1000000","25499"
"2041","true","extensive-only","false","false","26","1000","9","1000","1000000","18279"
"2042","true","extensive-only","false","false","26","1000","9","1000","1000000","18633"
"2043","true","extensive-only","false","false","26","1000","9","1000","1000000","18513"
"2044","true","extensive-only","false","false","26","1000","9","1000","1000000","18397"
"2045","true","extensive-only","false","false","26","1000","9","1000","1000000","18481"
"2046","true","extensive-only","false","false","26","1000","9","1000","1000000","18539"
"2047","true","extensive-only","false","false","26","1000","9","1000","1000000","18792"
"2048","true","extensive-only","false","false","26","1000","9","1000","1000000","18455"
"2049","true","extensive-only","false","false","26","1000","9","1000","1000000","18655"
"2050","true","extensive-only","false","false","26","1000","9","1000","1000000","18294"
"2051","true","extensive-only","false","false","26","1000","9","1000","1000000","18599"
"2052","true","extensive-only","false","false","26","1000","9","1000","1000000","18802"
"2053","true","extensive-only","false","false","26","1000","9","1000","1000000","18729"
"2054","true","extensive-only","false","false","26","1000","9","1000","1000000","18477"
"2055","true","extensive-only","false","false","26","1000","9","1000","1000000","18706"
"2056","true","extensive-only","false","false","26","1000","9","1000","1000000","18808"
"2057","true","extensive-only","false","false","26","1000","9","1000","1000000","18477"
"2058","true","extensive-only","false","false","26","1000","9","1000","1000000","18598"
"2059","true","extensive-only","false","false","26","1000","9","1000","1000000","18643"
"2060","true","extensive-only","false","false","26","1000","9","1000","1000000","18842"
"2061","true","extensive-only","false","false","26","1000","9","1000","1000000","18769"
"2062","true","extensive-only","false","false","26","1000","9","1000","1000000","18864"
"2063","true","extensive-only","false","false","26","1000","9","1000","1000000","18415"
"2064","true","extensive-only","false","false","26","1000","9","1000","1000000","18835"
"2065","true","extensive-only","false","false","26","1000","9","1000","1000000","18356"
"2066","true","extensive-only","false","false","26","1000","9","1000","1000000","18455"
"2067","true","extensive-only","false","false","26","1000","9","1000","1000000","18545"
"2068","true","extensive-only","false","false","26","1000","9","1000","1000000","18920"
"2069","true","extensive-only","false","false","26","1000","9","1000","1000000","18740"
"2070","true","extensive-only","false","false","26","1000","9","1000","1000000","18767"
"2072","true","extensive-only","false","false","26","1000","9","1000","1000000","18358"
"2071","true","extensive-only","false","false","26","1000","9","1000","1000000","18657"
"2073","true","extensive-only","false","false","26","1000","9","1000","1000000","18401"
"2074","true","extensive-only","false","false","26","1000","9","1000","1000000","18562"
"2075","true","extensive-only","false","false","26","1000","9","1000","1000000","18504"
"2076","true","extensive-only","false","false","26","1000","9","1000","1000000","18843"
"2077","true","extensive-only","false","false","26","1000","9","1000","1000000","18518"
"2078","true","extensive-only","false","false","26","1000","9","1000","1000000","18534"
"2079","true","extensive-only","false","false","26","1000","9","1000","1000000","18757"
"2080","true","extensive-only","false","false","26","1000","9","1000","1000000","18556"
"2082","true","extensive-only","false","false","26","1000","9","1000","1000000","18637"
"2081","true","extensive-only","false","false","26","1000","9","1000","1000000","18696"
"2083","true","extensive-only","false","false","26","1000","9","1000","1000000","18589"
"2084","true","extensive-only","false","false","26","1000","9","1000","1000000","18464"
"2085","true","extensive-only","false","false","26","1000","9","1000","1000000","18377"
"2086","true","extensive-only","false","false","26","1000","9","1000","1000000","18636"
"2087","true","extensive-only","false","false","26","1000","9","1000","1000000","18553"
"2088","true","extensive-only","false","false","26","1000","9","1000","1000000","18625"
"2089","true","extensive-only","false","false","26","1000","9","1000","1000000","18622"
"2090","true","extensive-only","false","false","26","1000","9","1000","1000000","18592"
"2091","true","extensive-only","false","false","26","1000","9","1000","1000000","18492"
"2092","true","extensive-only","false","false","26","1000","9","1000","1000000","18789"
"2093","true","extensive-only","false","false","26","1000","9","1000","1000000","18588"
"2094","true","extensive-only","false","false","26","1000","9","1000","1000000","18693"
"2095","true","extensive-only","false","false","26","1000","9","1000","1000000","18674"
"2096","true","extensive-only","false","false","26","1000","9","1000","1000000","18624"
"2097","true","extensive-only","false","false","26","1000","9","1000","1000000","18582"
"2098","true","extensive-only","false","false","26","1000","9","1000","1000000","18750"
"2099","true","extensive-only","false","false","26","1000","9","1000","1000000","18385"
"2101","true","extensive-only","false","false","26","1","9","1000","1000000","30939"
"2102","true","extensive-only","false","false","26","1","9","1000","1000000","30939"
"2100","true","extensive-only","false","false","26","1000","9","1000","1000000","18844"
"2103","true","extensive-only","false","false","26","1","9","1000","1000000","29899"
"2104","true","extensive-only","false","false","26","1","9","1000","1000000","31038"
"2105","true","extensive-only","false","false","26","1","9","1000","1000000","30608"
"2106","true","extensive-only","false","false","26","1","9","1000","1000000","30914"
"2107","true","extensive-only","false","false","26","1","9","1000","1000000","31004"
"2108","true","extensive-only","false","false","26","1","9","1000","1000000","31139"
"2109","true","extensive-only","false","false","26","1","9","1000","1000000","30183"
"2110","true","extensive-only","false","false","26","1","9","1000","1000000","31069"
"2111","true","extensive-only","false","false","26","1","9","1000","1000000","31026"
"2112","true","extensive-only","false","false","26","1","9","1000","1000000","31010"
"2113","true","extensive-only","false","false","26","1","9","1000","1000000","30190"
"2114","true","extensive-only","false","false","26","1","9","1000","1000000","30593"
"2115","true","extensive-only","false","false","26","1","9","1000","1000000","29866"
"2116","true","extensive-only","false","false","26","1","9","1000","1000000","30921"
"2117","true","extensive-only","false","false","26","1","9","1000","1000000","30590"
"2118","true","extensive-only","false","false","26","1","9","1000","1000000","30393"
"2119","true","extensive-only","false","false","26","1","9","1000","1000000","30460"
"2120","true","extensive-only","false","false","26","1","9","1000","1000000","31050"
"2121","true","extensive-only","false","false","26","1","9","1000","1000000","29831"
"2123","true","extensive-only","false","false","26","1","9","1000","1000000","30658"
"2122","true","extensive-only","false","false","26","1","9","1000","1000000","30655"
"2124","true","extensive-only","false","false","26","1","9","1000","1000000","31211"
"2125","true","extensive-only","false","false","26","1","9","1000","1000000","30750"
"2127","true","extensive-only","false","false","26","1","9","1000","1000000","30473"
"2126","true","extensive-only","false","false","26","1","9","1000","1000000","30601"
"2128","true","extensive-only","false","false","26","1","9","1000","1000000","31058"
"2129","true","extensive-only","false","false","26","1","9","1000","1000000","30953"
"2130","true","extensive-only","false","false","26","1","9","1000","1000000","30614"
"2131","true","extensive-only","false","false","26","1","9","1000","1000000","30247"
"2132","true","extensive-only","false","false","26","1","9","1000","1000000","30768"
"2133","true","extensive-only","false","false","26","1","9","1000","1000000","30991"
"2134","true","extensive-only","false","false","26","1","9","1000","1000000","30558"
"2135","true","extensive-only","false","false","26","1","9","1000","1000000","31123"
"2136","true","extensive-only","false","false","26","1","9","1000","1000000","30377"
"2137","true","extensive-only","false","false","26","1","9","1000","1000000","30667"
"2138","true","extensive-only","false","false","26","1","9","1000","1000000","30828"
"2139","true","extensive-only","false","false","26","1","9","1000","1000000","30312"
"2140","true","extensive-only","false","false","26","1","9","1000","1000000","30799"
"2141","true","extensive-only","false","false","26","1","9","1000","1000000","30316"
"2142","true","extensive-only","false","false","26","1","9","1000","1000000","30659"
"2143","true","extensive-only","false","false","26","1","9","1000","1000000","31342"
"2144","true","extensive-only","false","false","26","1","9","1000","1000000","31138"
"2145","true","extensive-only","false","false","26","1","9","1000","1000000","30616"
"2146","true","extensive-only","false","false","26","1","9","1000","1000000","30926"
"2147","true","extensive-only","false","false","26","1","9","1000","1000000","31153"
"2148","true","extensive-only","false","false","26","1","9","1000","1000000","30692"
"2149","true","extensive-only","false","false","26","1","9","1000","1000000","30745"
"2150","true","extensive-only","false","false","26","1","9","1000","1000000","30618"
"2151","true","extensive-only","false","false","26","1","9","1000","1000000","30904"
"2152","true","extensive-only","false","false","26","1","9","1000","1000000","30190"
"2153","true","extensive-only","false","false","26","1","9","1000","1000000","30078"
"2154","true","extensive-only","false","false","26","1","9","1000","1000000","30878"
"2156","true","extensive-only","false","false","26","1","9","1000","1000000","30571"
"2155","true","extensive-only","false","false","26","1","9","1000","1000000","30699"
"2157","true","extensive-only","false","false","26","1","9","1000","1000000","31032"
"2158","true","extensive-only","false","false","26","1","9","1000","1000000","30912"
"2159","true","extensive-only","false","false","26","1","9","1000","1000000","31158"
"2160","true","extensive-only","false","false","26","1","9","1000","1000000","31336"
