"BehaviorSpace results (NetLogo 7.0.4)","Table version 2.0"
"plaice-search-model.nlogox"
"local-density-no-spacing"
"10/01/2026 14:47:41:537 -0700"
"min-pxcor","max-pxcor","min-pycor","max-pycor"
"0","71","0","71"
"[run number]","use-scenario?","search-tactic","pen-down?","enforce-spacing?","scenario","regeneration-time","response-radius","[step]","ticks","sum [prey-captured] of predators"
"3","true","local-density","false","false","3","1000","2.25","1000","1000000","20531"
"4","true","local-density","false","false","3","1000","2.25","1000","1000000","20688"
"8","true","local-density","false","false","3","1000","2.25","1000","1000000","20007"
"6","true","local-density","false","false","3","1000","2.25","1000","1000000","20509"
"1","true","local-density","false","false","3","1000","2.25","1000","1000000","20320"
"5","true","local-density","false","false","3","1000","2.25","1000","1000000","20444"
"2","true","local-density","false","false","3","1000","2.25","1000","1000000","19955"
"7","true","local-density","false","false","3","1000","2.25","1000","1000000","20430"
"9","true","local-density","false","false","3","1000","2.25","1000","1000000","20560"
"11","true","local-density","false","false","3","1000","2.25","1000","1000000","20554"
"10","true","local-density","false","false","3","1000","2.25","1000","1000000","20801"
"13","true","local-density","false","false","3","1000","2.25","1000","1000000","20729"
"12","true","local-density","false","false","3","1000","2.25","1000","1000000","20498"
"16","true","local-density","false","false","3","1000","2.25","1000","1000000","20327"
"14","true","local-density","false","false","3","1000","2.25","1000","1000000","20179"
"15","true","local-density","false","false","3","1000","2.25","1000","1000000","20373"
"17","true","local-density","false","false","3","1000","2.25","1000","1000000","20176"
"19","true","local-density","false","false","3","1000","2.25","1000","1000000","20440"
"18","true","local-density","false","false","3","1000","2.25","1000","1000000","20539"
"20","true","local-density","false","false","3","1000","2.25","1000","1000000","20565"
"23","true","local-density","false","false","3","1000","2.25","1000","1000000","20342"
"22","true","local-density","false","false","3","1000","2.25","1000","1000000","20312"
"21","true","local-density","false","false","3","1000","2.25","1000","1000000","20536"
"24","true","local-density","false","false","3","1000","2.25","1000","1000000","20807"
"26","true","local-density","false","false","3","1000","2.25","1000","1000000","20251"
"25","true","local-density","false","false","3","1000","2.25","1000","1000000","20418"
"27","true","local-density","false","false","3","1000","2.25","1000","1000000","20284"
"28","true","local-density","false","false","3","1000","2.25","1000","1000000","20140"
"30","true","local-density","false","false","3","1000","2.25","1000","1000000","20341"
"29","true","local-density","false","false","3","1000","2.25","1000","1000000","20567"
"31","true","local-density","false","false","3","1000","2.25","1000","1000000","20186"
"32","true","local-density","false","false","3","1000","2.25","1000","1000000","20218"
"33","true","local-density","false","false","3","1000","2.25","1000","1000000","20423"
"35","true","local-density","false","false","3","1000","2.25","1000","1000000","19770"
"34","true","local-density","false","false","3","1000","2.25","1000","1000000","20213"
"36","true","local-density","false","false","3","1000","2.25","1000","1000000","20388"
"37","true","local-density","false","false","3","1000","2.25","1000","1000000","20466"
"38","true","local-density","false","false","3","1000","2.25","1000","1000000","20452"
"39","true","local-density","false","false","3","1000","2.25","1000","1000000","20289"
"40","true","local-density","false","false","3","1000","2.25","1000","1000000","20440"
"41","true","local-density","false","false","3","1000","2.25","1000","1000000","20592"
"43","true","local-density","false","false","3","1000","2.25","1000","1000000","20574"
"42","true","local-density","false","false","3","1000","2.25","1000","1000000","20045"
"44","true","local-density","false","false","3","1000","2.25","1000","1000000","20226"
"45","true","local-density","false","false","3","1000","2.25","1000","1000000","19952"
"46","true","local-density","false","false","3","1000","2.25","1000","1000000","20482"
"47","true","local-density","false","false","3","1000","2.25","1000","1000000","20424"
"48","true","local-density","false","false","3","1000","2.25","1000","1000000","20120"
"50","true","local-density","false","false","3","1000","2.25","1000","1000000","19979"
"49","true","local-density","false","false","3","1000","2.25","1000","1000000","20551"
"51","true","local-density","false","false","3","1000","2.25","1000","1000000","20056"
"52","true","local-density","false","false","3","1000","2.25","1000","1000000","20425"
"54","true","local-density","false","false","3","1000","2.25","1000","1000000","20140"
"53","true","local-density","false","false","3","1000","2.25","1000","1000000","20762"
"55","true","local-density","false","false","3","1000","2.25","1000","1000000","20304"
"56","true","local-density","false","false","3","1000","2.25","1000","1000000","20176"
"57","true","local-density","false","false","3","1000","2.25","1000","1000000","20308"
"58","true","local-density","false","false","3","1000","2.25","1000","1000000","20351"
"59","true","local-density","false","false","3","1000","2.25","1000","1000000","20441"
"60","true","local-density","false","false","3","1000","2.25","1000","1000000","20357"
"61","true","local-density","false","false","3","1000","4.5","1000","1000000","21671"
"63","true","local-density","false","false","3","1000","4.5","1000","1000000","22084"
"62","true","local-density","false","false","3","1000","4.5","1000","1000000","22040"
"64","true","local-density","false","false","3","1000","4.5","1000","1000000","21966"
"65","true","local-density","false","false","3","1000","4.5","1000","1000000","21875"
"66","true","local-density","false","false","3","1000","4.5","1000","1000000","22587"
"67","true","local-density","false","false","3","1000","4.5","1000","1000000","21954"
"68","true","local-density","false","false","3","1000","4.5","1000","1000000","21854"
"70","true","local-density","false","false","3","1000","4.5","1000","1000000","21808"
"71","true","local-density","false","false","3","1000","4.5","1000","1000000","22109"
"69","true","local-density","false","false","3","1000","4.5","1000","1000000","22251"
"72","true","local-density","false","false","3","1000","4.5","1000","1000000","22064"
"74","true","local-density","false","false","3","1000","4.5","1000","1000000","22388"
"73","true","local-density","false","false","3","1000","4.5","1000","1000000","22212"
"75","true","local-density","false","false","3","1000","4.5","1000","1000000","22140"
"76","true","local-density","false","false","3","1000","4.5","1000","1000000","21895"
"77","true","local-density","false","false","3","1000","4.5","1000","1000000","21834"
"79","true","local-density","false","false","3","1000","4.5","1000","1000000","22245"
"78","true","local-density","false","false","3","1000","4.5","1000","1000000","22060"
"80","true","local-density","false","false","3","1000","4.5","1000","1000000","22108"
"83","true","local-density","false","false","3","1000","4.5","1000","1000000","21797"
"82","true","local-density","false","false","3","1000","4.5","1000","1000000","21925"
"81","true","local-density","false","false","3","1000","4.5","1000","1000000","22189"
"84","true","local-density","false","false","3","1000","4.5","1000","1000000","21781"
"85","true","local-density","false","false","3","1000","4.5","1000","1000000","22158"
"86","true","local-density","false","false","3","1000","4.5","1000","1000000","21985"
"87","true","local-density","false","false","3","1000","4.5","1000","1000000","22054"
"88","true","local-density","false","false","3","1000","4.5","1000","1000000","22350"
"91","true","local-density","false","false","3","1000","4.5","1000","1000000","22106"
"90","true","local-density","false","false","3","1000","4.5","1000","1000000","21975"
"89","true","local-density","false","false","3","1000","4.5","1000","1000000","22037"
"92","true","local-density","false","false","3","1000","4.5","1000","1000000","21802"
"93","true","local-density","false","false","3","1000","4.5","1000","1000000","22217"
"94","true","local-density","false","false","3","1000","4.5","1000","1000000","21862"
"95","true","local-density","false","false","3","1000","4.5","1000","1000000","21884"
"96","true","local-density","false","false","3","1000","4.5","1000","1000000","21863"
"97","true","local-density","false","false","3","1000","4.5","1000","1000000","22352"
"98","true","local-density","false","false","3","1000","4.5","1000","1000000","21908"
"99","true","local-density","false","false","3","1000","4.5","1000","1000000","21886"
"100","true","local-density","false","false","3","1000","4.5","1000","1000000","22012"
"101","true","local-density","false","false","3","1000","4.5","1000","1000000","22373"
"102","true","local-density","false","false","3","1000","4.5","1000","1000000","22136"
"103","true","local-density","false","false","3","1000","4.5","1000","1000000","21904"
"104","true","local-density","false","false","3","1000","4.5","1000","1000000","21816"
"106","true","local-density","false","false","3","1000","4.5","1000","1000000","22143"
"105","true","local-density","false","false","3","1000","4.5","1000","1000000","21796"
"107","true","local-density","false","false","3","1000","4.5","1000","1000000","21990"
"108","true","local-density","false","false","3","1000","4.5","1000","1000000","22251"
"109","true","local-density","false","false","3","1000","4.5","1000","1000000","21791"
"111","true","local-density","false","false","3","1000","4.5","1000","1000000","21967"
"110","true","local-density","false","false","3","1000","4.5","1000","1000000","22229"
"112","true","local-density","false","false","3","1000","4.5","1000","1000000","22136"
"113","true","local-density","false","false","3","1000","4.5","1000","1000000","21949"
"114","true","local-density","false","false","3","1000","4.5","1000","1000000","21566"
"115","true","local-density","false","false","3","1000","4.5","1000","1000000","21942"
"116","true","local-density","false","false","3","1000","4.5","1000","1000000","21683"
"117","true","local-density","false","false","3","1000","4.5","1000","1000000","21742"
"118","true","local-density","false","false","3","1000","4.5","1000","1000000","22029"
"119","true","local-density","false","false","3","1000","4.5","1000","1000000","21829"
"120","true","local-density","false","false","3","1000","4.5","1000","1000000","22314"
"122","true","local-density","false","false","3","1000","9","1000","1000000","21832"
"121","true","local-density","false","false","3","1000","9","1000","1000000","22040"
"123","true","local-density","false","false","3","1000","9","1000","1000000","22146"
"124","true","local-density","false","false","3","1000","9","1000","1000000","22360"
"125","true","local-density","false","false","3","1000","9","1000","1000000","22189"
"126","true","local-density","false","false","3","1000","9","1000","1000000","21728"
"127","true","local-density","false","false","3","1000","9","1000","1000000","22017"
"128","true","local-density","false","false","3","1000","9","1000","1000000","22326"
"129","true","local-density","false","false","3","1000","9","1000","1000000","22195"
"130","true","local-density","false","false","3","1000","9","1000","1000000","22173"
"131","true","local-density","false","false","3","1000","9","1000","1000000","22268"
"132","true","local-density","false","false","3","1000","9","1000","1000000","22023"
"133","true","local-density","false","false","3","1000","9","1000","1000000","22176"
"134","true","local-density","false","false","3","1000","9","1000","1000000","22430"
"135","true","local-density","false","false","3","1000","9","1000","1000000","22351"
"136","true","local-density","false","false","3","1000","9","1000","1000000","22353"
"137","true","local-density","false","false","3","1000","9","1000","1000000","22007"
"138","true","local-density","false","false","3","1000","9","1000","1000000","22297"
"139","true","local-density","false","false","3","1000","9","1000","1000000","22321"
"140","true","local-density","false","false","3","1000","9","1000","1000000","22408"
"141","true","local-density","false","false","3","1000","9","1000","1000000","22345"
"143","true","local-density","false","false","3","1000","9","1000","1000000","22360"
"142","true","local-density","false","false","3","1000","9","1000","1000000","22249"
"144","true","local-density","false","false","3","1000","9","1000","1000000","22334"
"145","true","local-density","false","false","3","1000","9","1000","1000000","22329"
"146","true","local-density","false","false","3","1000","9","1000","1000000","21926"
"147","true","local-density","false","false","3","1000","9","1000","1000000","22115"
"148","true","local-density","false","false","3","1000","9","1000","1000000","22695"
"149","true","local-density","false","false","3","1000","9","1000","1000000","22387"
"150","true","local-density","false","false","3","1000","9","1000","1000000","22321"
"151","true","local-density","false","false","3","1000","9","1000","1000000","22138"
"152","true","local-density","false","false","3","1000","9","1000","1000000","22013"
"155","true","local-density","false","false","3","1000","9","1000","1000000","21877"
"153","true","local-density","false","false","3","1000","9","1000","1000000","22295"
"154","true","local-density","false","false","3","1000","9","1000","1000000","21961"
"156","true","local-density","false","false","3","1000","9","1000","1000000","22416"
"157","true","local-density","false","false","3","1000","9","1000","1000000","22094"
"158","true","local-density","false","false","3","1000","9","1000","1000000","21956"
"159","true","local-density","false","false","3","1000","9","1000","1000000","22183"
"160","true","local-density","false","false","3","1000","9","1000","1000000","22322"
"161","true","local-density","false","false","3","1000","9","1000","1000000","21907"
"163","true","local-density","false","false","3","1000","9","1000","1000000","21992"
"162","true","local-density","false","false","3","1000","9","1000","1000000","21982"
"164","true","local-density","false","false","3","1000","9","1000","1000000","22294"
"165","true","local-density","false","false","3","1000","9","1000","1000000","22018"
"166","true","local-density","false","false","3","1000","9","1000","1000000","22031"
"167","true","local-density","false","false","3","1000","9","1000","1000000","21753"
"168","true","local-density","false","false","3","1000","9","1000","1000000","22030"
"169","true","local-density","false","false","3","1000","9","1000","1000000","22134"
"171","true","local-density","false","false","3","1000","9","1000","1000000","22219"
"170","true","local-density","false","false","3","1000","9","1000","1000000","21921"
"172","true","local-density","false","false","3","1000","9","1000","1000000","22079"
"173","true","local-density","false","false","3","1000","9","1000","1000000","22065"
"174","true","local-density","false","false","3","1000","9","1000","1000000","22420"
"175","true","local-density","false","false","3","1000","9","1000","1000000","22445"
"176","true","local-density","false","false","3","1000","9","1000","1000000","21927"
"177","true","local-density","false","false","3","1000","9","1000","1000000","22092"
"178","true","local-density","false","false","3","1000","9","1000","1000000","22176"
"179","true","local-density","false","false","3","1000","9","1000","1000000","22120"
"181","true","local-density","false","false","3","1","2.25","1000","1000000","36374"
"180","true","local-density","false","false","3","1000","9","1000","1000000","22214"
"182","true","local-density","false","false","3","1","2.25","1000","1000000","35836"
"183","true","local-density","false","false","3","1","2.25","1000","1000000","36113"
"184","true","local-density","false","false","3","1","2.25","1000","1000000","36141"
"185","true","local-density","false","false","3","1","2.25","1000","1000000","34785"
"186","true","local-density","false","false","3","1","2.25","1000","1000000","36209"
"187","true","local-density","false","false","3","1","2.25","1000","1000000","34460"
"188","true","local-density","false","false","3","1","2.25","1000","1000000","34327"
"189","true","local-density","false","false","3","1","2.25","1000","1000000","35518"
"190","true","local-density","false","false","3","1","2.25","1000","1000000","35859"
"191","true","local-density","false","false","3","1","2.25","1000","1000000","35801"
"192","true","local-density","false","false","3","1","2.25","1000","1000000","35955"
"193","true","local-density","false","false","3","1","2.25","1000","1000000","35716"
"194","true","local-density","false","false","3","1","2.25","1000","1000000","38426"
"195","true","local-density","false","false","3","1","2.25","1000","1000000","36135"
"196","true","local-density","false","false","3","1","2.25","1000","1000000","37280"
"197","true","local-density","false","false","3","1","2.25","1000","1000000","36568"
"198","true","local-density","false","false","3","1","2.25","1000","1000000","35939"
"199","true","local-density","false","false","3","1","2.25","1000","1000000","36897"
"200","true","local-density","false","false","3","1","2.25","1000","1000000","36842"
"201","true","local-density","false","false","3","1","2.25","1000","1000000","34602"
"203","true","local-density","false","false","3","1","2.25","1000","1000000","35914"
"202","true","local-density","false","false","3","1","2.25","1000","1000000","36441"
"204","true","local-density","false","false","3","1","2.25","1000","1000000","35484"
"205","true","local-density","false","false","3","1","2.25","1000","1000000","38482"
"206","true","local-density","false","false","3","1","2.25","1000","1000000","37963"
"207","true","local-density","false","false","3","1","2.25","1000","1000000","36508"
"208","true","local-density","false","false","3","1","2.25","1000","1000000","35386"
"209","true","local-density","false","false","3","1","2.25","1000","1000000","35493"
"210","true","local-density","false","false","3","1","2.25","1000","1000000","35506"
"211","true","local-density","false","false","3","1","2.25","1000","1000000","37267"
"212","true","local-density","false","false","3","1","2.25","1000","1000000","37545"
"213","true","local-density","false","false","3","1","2.25","1000","1000000","34232"
"214","true","local-density","false","false","3","1","2.25","1000","1000000","34958"
"215","true","local-density","false","false","3","1","2.25","1000","1000000","37043"
"216","true","local-density","false","false","3","1","2.25","1000","1000000","35869"
"217","true","local-density","false","false","3","1","2.25","1000","1000000","36288"
"218","true","local-density","false","false","3","1","2.25","1000","1000000","35703"
"219","true","local-density","false","false","3","1","2.25","1000","1000000","35229"
"220","true","local-density","false","false","3","1","2.25","1000","1000000","36738"
"221","true","local-density","false","false","3","1","2.25","1000","1000000","35692"
"222","true","local-density","false","false","3","1","2.25","1000","1000000","36472"
"223","true","local-density","false","false","3","1","2.25","1000","1000000","37530"
"224","true","local-density","false","false","3","1","2.25","1000","1000000","35125"
"225","true","local-density","false","false","3","1","2.25","1000","1000000","37094"
"226","true","local-density","false","false","3","1","2.25","1000","1000000","34075"
"227","true","local-density","false","false","3","1","2.25","1000","1000000","38989"
"228","true","local-density","false","false","3","1","2.25","1000","1000000","36425"
"229","true","local-density","false","false","3","1","2.25","1000","1000000","34038"
"230","true","local-density","false","false","3","1","2.25","1000","1000000","38392"
"232","true","local-density","false","false","3","1","2.25","1000","1000000","37674"
"231","true","local-density","false","false","3","1","2.25","1000","1000000","35305"
"233","true","local-density","false","false","3","1","2.25","1000","1000000","37312"
"234","true","local-density","false","false","3","1","2.25","1000","1000000","35527"
"235","true","local-density","false","false","3","1","2.25","1000","1000000","36557"
"236","true","local-density","false","false","3","1","2.25","1000","1000000","38052"
"237","true","local-density","false","false","3","1","2.25","1000","1000000","37707"
"238","true","local-density","false","false","3","1","2.25","1000","1000000","37261"
"239","true","local-density","false","false","3","1","2.25","1000","1000000","35705"
"240","true","local-density","false","false","3","1","2.25","1000","1000000","35874"
"241","true","local-density","false","false","3","1","4.5","1000","1000000","39206"
"242","true","local-density","false","false","3","1","4.5","1000","1000000","40113"
"243","true","local-density","false","false","3","1","4.5","1000","1000000","40236"
"244","true","local-density","false","false","3","1","4.5","1000","1000000","38754"
"245","true","local-density","false","false","3","1","4.5","1000","1000000","41911"
"246","true","local-density","false","false","3","1","4.5","1000","1000000","40608"
"247","true","local-density","false","false","3","1","4.5","1000","1000000","40498"
"248","true","local-density","false","false","3","1","4.5","1000","1000000","40249"
"249","true","local-density","false","false","3","1","4.5","1000","1000000","40287"
"250","true","local-density","false","false","3","1","4.5","1000","1000000","38907"
"251","true","local-density","false","false","3","1","4.5","1000","1000000","40866"
"252","true","local-density","false","false","3","1","4.5","1000","1000000","39678"
"253","true","local-density","false","false","3","1","4.5","1000","1000000","40028"
"254","true","local-density","false","false","3","1","4.5","1000","1000000","40162"
"255","true","local-density","false","false","3","1","4.5","1000","1000000","40511"
"256","true","local-density","false","false","3","1","4.5","1000","1000000","39668"
"257","true","local-density","false","false","3","1","4.5","1000","1000000","40810"
"258","true","local-density","false","false","3","1","4.5","1000","1000000","41797"
"259","true","local-density","false","false","3","1","4.5","1000","1000000","39425"
"260","true","local-density","false","false","3","1","4.5","1000","1000000","39652"
"261","true","local-density","false","false","3","1","4.5","1000","1000000","39309"
"262","true","local-density","false","false","3","1","4.5","1000","1000000","39015"
"263","true","local-density","false","false","3","1","4.5","1000","1000000","38676"
"264","true","local-density","false","false","3","1","4.5","1000","1000000","40569"
"265","true","local-density","false","false","3","1","4.5","1000","1000000","40547"
"266","true","local-density","false","false","3","1","4.5","1000","1000000","40662"
"267","true","local-density","false","false","3","1","4.5","1000","1000000","39288"
"268","true","local-density","false","false","3","1","4.5","1000","1000000","39699"
"269","true","local-density","false","false","3","1","4.5","1000","1000000","39761"
"270","true","local-density","false","false","3","1","4.5","1000","1000000","39956"
"272","true","local-density","false","false","3","1","4.5","1000","1000000","41073"
"271","true","local-density","false","false","3","1","4.5","1000","1000000","39915"
"273","true","local-density","false","false","3","1","4.5","1000","1000000","41178"
"274","true","local-density","false","false","3","1","4.5","1000","1000000","40710"
"275","true","local-density","false","false","3","1","4.5","1000","1000000","40852"
"276","true","local-density","false","false","3","1","4.5","1000","1000000","39294"
"277","true","local-density","false","false","3","1","4.5","1000","1000000","38381"
"278","true","local-density","false","false","3","1","4.5","1000","1000000","40002"
"280","true","local-density","false","false","3","1","4.5","1000","1000000","41600"
"279","true","local-density","false","false","3","1","4.5","1000","1000000","42332"
"281","true","local-density","false","false","3","1","4.5","1000","1000000","39561"
"282","true","local-density","false","false","3","1","4.5","1000","1000000","37968"
"283","true","local-density","false","false","3","1","4.5","1000","1000000","38744"
"284","true","local-density","false","false","3","1","4.5","1000","1000000","40830"
"285","true","local-density","false","false","3","1","4.5","1000","1000000","40457"
"286","true","local-density","false","false","3","1","4.5","1000","1000000","40516"
"287","true","local-density","false","false","3","1","4.5","1000","1000000","38756"
"288","true","local-density","false","false","3","1","4.5","1000","1000000","40751"
"289","true","local-density","false","false","3","1","4.5","1000","1000000","40657"
"290","true","local-density","false","false","3","1","4.5","1000","1000000","41202"
"291","true","local-density","false","false","3","1","4.5","1000","1000000","40974"
"292","true","local-density","false","false","3","1","4.5","1000","1000000","41081"
"293","true","local-density","false","false","3","1","4.5","1000","1000000","40509"
"295","true","local-density","false","false","3","1","4.5","1000","1000000","39905"
"294","true","local-density","false","false","3","1","4.5","1000","1000000","39657"
"296","true","local-density","false","false","3","1","4.5","1000","1000000","40825"
"297","true","local-density","false","false","3","1","4.5","1000","1000000","40687"
"298","true","local-density","false","false","3","1","4.5","1000","1000000","42097"
"299","true","local-density","false","false","3","1","4.5","1000","1000000","40923"
"300","true","local-density","false","false","3","1","4.5","1000","1000000","41653"
"301","true","local-density","false","false","3","1","9","1000","1000000","37577"
"303","true","local-density","false","false","3","1","9","1000","1000000","40851"
"302","true","local-density","false","false","3","1","9","1000","1000000","40093"
"304","true","local-density","false","false","3","1","9","1000","1000000","40665"
"305","true","local-density","false","false","3","1","9","1000","1000000","40229"
"306","true","local-density","false","false","3","1","9","1000","1000000","38866"
"307","true","local-density","false","false","3","1","9","1000","1000000","38356"
"308","true","local-density","false","false","3","1","9","1000","1000000","40189"
"309","true","local-density","false","false","3","1","9","1000","1000000","39230"
"311","true","local-density","false","false","3","1","9","1000","1000000","39345"
"310","true","local-density","false","false","3","1","9","1000","1000000","38805"
"312","true","local-density","false","false","3","1","9","1000","1000000","41029"
"313","true","local-density","false","false","3","1","9","1000","1000000","38204"
"314","true","local-density","false","false","3","1","9","1000","1000000","39838"
"315","true","local-density","false","false","3","1","9","1000","1000000","40967"
"316","true","local-density","false","false","3","1","9","1000","1000000","39706"
"317","true","local-density","false","false","3","1","9","1000","1000000","41552"
"318","true","local-density","false","false","3","1","9","1000","1000000","40201"
"320","true","local-density","false","false","3","1","9","1000","1000000","39504"
"319","true","local-density","false","false","3","1","9","1000","1000000","40154"
"321","true","local-density","false","false","3","1","9","1000","1000000","39171"
"322","true","local-density","false","false","3","1","9","1000","1000000","39632"
"323","true","local-density","false","false","3","1","9","1000","1000000","40207"
"324","true","local-density","false","false","3","1","9","1000","1000000","41059"
"325","true","local-density","false","false","3","1","9","1000","1000000","40005"
"326","true","local-density","false","false","3","1","9","1000","1000000","40419"
"328","true","local-density","false","false","3","1","9","1000","1000000","40852"
"327","true","local-density","false","false","3","1","9","1000","1000000","41289"
"329","true","local-density","false","false","3","1","9","1000","1000000","41339"
"330","true","local-density","false","false","3","1","9","1000","1000000","40475"
"331","true","local-density","false","false","3","1","9","1000","1000000","40901"
"332","true","local-density","false","false","3","1","9","1000","1000000","40005"
"333","true","local-density","false","false","3","1","9","1000","1000000","42099"
"334","true","local-density","false","false","3","1","9","1000","1000000","41277"
"335","true","local-density","false","false","3","1","9","1000","1000000","40209"
"336","true","local-density","false","false","3","1","9","1000","1000000","41389"
"337","true","local-density","false","false","3","1","9","1000","1000000","39536"
"338","true","local-density","false","false","3","1","9","1000","1000000","41075"
"339","true","local-density","false","false","3","1","9","1000","1000000","40750"
"340","true","local-density","false","false","3","1","9","1000","1000000","40337"
"341","true","local-density","false","false","3","1","9","1000","1000000","40541"
"342","true","local-density","false","false","3","1","9","1000","1000000","41231"
"343","true","local-density","false","false","3","1","9","1000","1000000","38884"
"344","true","local-density","false","false","3","1","9","1000","1000000","40306"
"345","true","local-density","false","false","3","1","9","1000","1000000","39322"
"346","true","local-density","false","false","3","1","9","1000","1000000","40144"
"347","true","local-density","false","false","3","1","9","1000","1000000","40530"
"348","true","local-density","false","false","3","1","9","1000","1000000","39622"
"349","true","local-density","false","false","3","1","9","1000","1000000","39617"
"350","true","local-density","false","false","3","1","9","1000","1000000","39105"
"351","true","local-density","false","false","3","1","9","1000","1000000","39717"
"352","true","local-density","false","false","3","1","9","1000","1000000","38331"
"353","true","local-density","false","false","3","1","9","1000","1000000","41042"
"354","true","local-density","false","false","3","1","9","1000","1000000","42894"
"355","true","local-density","false","false","3","1","9","1000","1000000","40075"
"356","true","local-density","false","false","3","1","9","1000","1000000","40465"
"357","true","local-density","false","false","3","1","9","1000","1000000","39835"
"358","true","local-density","false","false","3","1","9","1000","1000000","42713"
"360","true","local-density","false","false","3","1","9","1000","1000000","40244"
"359","true","local-density","false","false","3","1","9","1000","1000000","39719"
"361","true","local-density","false","false","4","1000","2.25","1000","1000000","20043"
"362","true","local-density","false","false","4","1000","2.25","1000","1000000","20071"
"363","true","local-density","false","false","4","1000","2.25","1000","1000000","20191"
"364","true","local-density","false","false","4","1000","2.25","1000","1000000","20075"
"365","true","local-density","false","false","4","1000","2.25","1000","1000000","20117"
"366","true","local-density","false","false","4","1000","2.25","1000","1000000","20349"
"367","true","local-density","false","false","4","1000","2.25","1000","1000000","20001"
"368","true","local-density","false","false","4","1000","2.25","1000","1000000","19972"
"369","true","local-density","false","false","4","1000","2.25","1000","1000000","19860"
"370","true","local-density","false","false","4","1000","2.25","1000","1000000","20339"
"371","true","local-density","false","false","4","1000","2.25","1000","1000000","19949"
"372","true","local-density","false","false","4","1000","2.25","1000","1000000","19849"
"373","true","local-density","false","false","4","1000","2.25","1000","1000000","20229"
"374","true","local-density","false","false","4","1000","2.25","1000","1000000","20042"
"375","true","local-density","false","false","4","1000","2.25","1000","1000000","20151"
"376","true","local-density","false","false","4","1000","2.25","1000","1000000","19966"
"377","true","local-density","false","false","4","1000","2.25","1000","1000000","20124"
"378","true","local-density","false","false","4","1000","2.25","1000","1000000","19935"
"379","true","local-density","false","false","4","1000","2.25","1000","1000000","20200"
"380","true","local-density","false","false","4","1000","2.25","1000","1000000","20197"
"381","true","local-density","false","false","4","1000","2.25","1000","1000000","19988"
"382","true","local-density","false","false","4","1000","2.25","1000","1000000","19851"
"383","true","local-density","false","false","4","1000","2.25","1000","1000000","20044"
"384","true","local-density","false","false","4","1000","2.25","1000","1000000","20139"
"385","true","local-density","false","false","4","1000","2.25","1000","1000000","19905"
"386","true","local-density","false","false","4","1000","2.25","1000","1000000","20149"
"387","true","local-density","false","false","4","1000","2.25","1000","1000000","20199"
"388","true","local-density","false","false","4","1000","2.25","1000","1000000","20198"
"389","true","local-density","false","false","4","1000","2.25","1000","1000000","20349"
"390","true","local-density","false","false","4","1000","2.25","1000","1000000","19892"
"391","true","local-density","false","false","4","1000","2.25","1000","1000000","19811"
"392","true","local-density","false","false","4","1000","2.25","1000","1000000","20176"
"393","true","local-density","false","false","4","1000","2.25","1000","1000000","19904"
"394","true","local-density","false","false","4","1000","2.25","1000","1000000","19785"
"395","true","local-density","false","false","4","1000","2.25","1000","1000000","20195"
"396","true","local-density","false","false","4","1000","2.25","1000","1000000","20014"
"397","true","local-density","false","false","4","1000","2.25","1000","1000000","20299"
"398","true","local-density","false","false","4","1000","2.25","1000","1000000","20201"
"399","true","local-density","false","false","4","1000","2.25","1000","1000000","19941"
"400","true","local-density","false","false","4","1000","2.25","1000","1000000","20048"
"401","true","local-density","false","false","4","1000","2.25","1000","1000000","20061"
"402","true","local-density","false","false","4","1000","2.25","1000","1000000","20111"
"403","true","local-density","false","false","4","1000","2.25","1000","1000000","20189"
"404","true","local-density","false","false","4","1000","2.25","1000","1000000","20360"
"405","true","local-density","false","false","4","1000","2.25","1000","1000000","19574"
"406","true","local-density","false","false","4","1000","2.25","1000","1000000","20134"
"407","true","local-density","false","false","4","1000","2.25","1000","1000000","20127"
"408","true","local-density","false","false","4","1000","2.25","1000","1000000","20095"
"409","true","local-density","false","false","4","1000","2.25","1000","1000000","20172"
"410","true","local-density","false","false","4","1000","2.25","1000","1000000","20168"
"411","true","local-density","false","false","4","1000","2.25","1000","1000000","20129"
"412","true","local-density","false","false","4","1000","2.25","1000","1000000","19784"
"413","true","local-density","false","false","4","1000","2.25","1000","1000000","20069"
"414","true","local-density","false","false","4","1000","2.25","1000","1000000","20038"
"415","true","local-density","false","false","4","1000","2.25","1000","1000000","19706"
"416","true","local-density","false","false","4","1000","2.25","1000","1000000","20108"
"417","true","local-density","false","false","4","1000","2.25","1000","1000000","19865"
"418","true","local-density","false","false","4","1000","2.25","1000","1000000","20407"
"419","true","local-density","false","false","4","1000","2.25","1000","1000000","19893"
"420","true","local-density","false","false","4","1000","2.25","1000","1000000","19869"
"421","true","local-density","false","false","4","1000","4.5","1000","1000000","21542"
"422","true","local-density","false","false","4","1000","4.5","1000","1000000","21901"
"423","true","local-density","false","false","4","1000","4.5","1000","1000000","21797"
"424","true","local-density","false","false","4","1000","4.5","1000","1000000","21919"
"425","true","local-density","false","false","4","1000","4.5","1000","1000000","21552"
"426","true","local-density","false","false","4","1000","4.5","1000","1000000","22001"
"427","true","local-density","false","false","4","1000","4.5","1000","1000000","21909"
"428","true","local-density","false","false","4","1000","4.5","1000","1000000","21520"
"429","true","local-density","false","false","4","1000","4.5","1000","1000000","22070"
"430","true","local-density","false","false","4","1000","4.5","1000","1000000","21617"
"431","true","local-density","false","false","4","1000","4.5","1000","1000000","21856"
"432","true","local-density","false","false","4","1000","4.5","1000","1000000","21863"
"433","true","local-density","false","false","4","1000","4.5","1000","1000000","21805"
"434","true","local-density","false","false","4","1000","4.5","1000","1000000","21731"
"435","true","local-density","false","false","4","1000","4.5","1000","1000000","21893"
"436","true","local-density","false","false","4","1000","4.5","1000","1000000","21981"
"437","true","local-density","false","false","4","1000","4.5","1000","1000000","21852"
"438","true","local-density","false","false","4","1000","4.5","1000","1000000","21614"
"439","true","local-density","false","false","4","1000","4.5","1000","1000000","22070"
"440","true","local-density","false","false","4","1000","4.5","1000","1000000","22117"
"441","true","local-density","false","false","4","1000","4.5","1000","1000000","22182"
"442","true","local-density","false","false","4","1000","4.5","1000","1000000","21573"
"443","true","local-density","false","false","4","1000","4.5","1000","1000000","21939"
"444","true","local-density","false","false","4","1000","4.5","1000","1000000","21977"
"445","true","local-density","false","false","4","1000","4.5","1000","1000000","21849"
"446","true","local-density","false","false","4","1000","4.5","1000","1000000","22066"
"447","true","local-density","false","false","4","1000","4.5","1000","1000000","21580"
"449","true","local-density","false","false","4","1000","4.5","1000","1000000","21771"
"448","true","local-density","false","false","4","1000","4.5","1000","1000000","21971"
"450","true","local-density","false","false","4","1000","4.5","1000","1000000","21937"
"451","true","local-density","false","false","4","1000","4.5","1000","1000000","21853"
"452","true","local-density","false","false","4","1000","4.5","1000","1000000","21875"
"453","true","local-density","false","false","4","1000","4.5","1000","1000000","21959"
"454","true","local-density","false","false","4","1000","4.5","1000","1000000","21422"
"455","true","local-density","false","false","4","1000","4.5","1000","1000000","21785"
"456","true","local-density","false","false","4","1000","4.5","1000","1000000","21674"
"457","true","local-density","false","false","4","1000","4.5","1000","1000000","21793"
"458","true","local-density","false","false","4","1000","4.5","1000","1000000","21661"
"459","true","local-density","false","false","4","1000","4.5","1000","1000000","21756"
"460","true","local-density","false","false","4","1000","4.5","1000","1000000","21655"
"461","true","local-density","false","false","4","1000","4.5","1000","1000000","21967"
"462","true","local-density","false","false","4","1000","4.5","1000","1000000","21868"
"464","true","local-density","false","false","4","1000","4.5","1000","1000000","21806"
"463","true","local-density","false","false","4","1000","4.5","1000","1000000","21791"
"465","true","local-density","false","false","4","1000","4.5","1000","1000000","21742"
"466","true","local-density","false","false","4","1000","4.5","1000","1000000","21995"
"467","true","local-density","false","false","4","1000","4.5","1000","1000000","21919"
"468","true","local-density","false","false","4","1000","4.5","1000","1000000","21924"
"469","true","local-density","false","false","4","1000","4.5","1000","1000000","22262"
"470","true","local-density","false","false","4","1000","4.5","1000","1000000","22088"
"471","true","local-density","false","false","4","1000","4.5","1000","1000000","21726"
"472","true","local-density","false","false","4","1000","4.5","1000","1000000","21862"
"474","true","local-density","false","false","4","1000","4.5","1000","1000000","21925"
"473","true","local-density","false","false","4","1000","4.5","1000","1000000","21430"
"475","true","local-density","false","false","4","1000","4.5","1000","1000000","21643"
"476","true","local-density","false","false","4","1000","4.5","1000","1000000","21957"
"477","true","local-density","false","false","4","1000","4.5","1000","1000000","21855"
"479","true","local-density","false","false","4","1000","4.5","1000","1000000","21694"
"478","true","local-density","false","false","4","1000","4.5","1000","1000000","22140"
"481","true","local-density","false","false","4","1000","9","1000","1000000","22084"
"480","true","local-density","false","false","4","1000","4.5","1000","1000000","21865"
"482","true","local-density","false","false","4","1000","9","1000","1000000","21278"
"483","true","local-density","false","false","4","1000","9","1000","1000000","21929"
"484","true","local-density","false","false","4","1000","9","1000","1000000","21749"
"485","true","local-density","false","false","4","1000","9","1000","1000000","21914"
"486","true","local-density","false","false","4","1000","9","1000","1000000","21958"
"487","true","local-density","false","false","4","1000","9","1000","1000000","21843"
"488","true","local-density","false","false","4","1000","9","1000","1000000","22139"
"489","true","local-density","false","false","4","1000","9","1000","1000000","22073"
"490","true","local-density","false","false","4","1000","9","1000","1000000","21534"
"491","true","local-density","false","false","4","1000","9","1000","1000000","22082"
"492","true","local-density","false","false","4","1000","9","1000","1000000","22069"
"493","true","local-density","false","false","4","1000","9","1000","1000000","21978"
"494","true","local-density","false","false","4","1000","9","1000","1000000","21677"
"495","true","local-density","false","false","4","1000","9","1000","1000000","21984"
"496","true","local-density","false","false","4","1000","9","1000","1000000","21976"
"497","true","local-density","false","false","4","1000","9","1000","1000000","21757"
"498","true","local-density","false","false","4","1000","9","1000","1000000","21797"
"499","true","local-density","false","false","4","1000","9","1000","1000000","22336"
"500","true","local-density","false","false","4","1000","9","1000","1000000","21846"
"501","true","local-density","false","false","4","1000","9","1000","1000000","21797"
"502","true","local-density","false","false","4","1000","9","1000","1000000","22330"
"504","true","local-density","false","false","4","1000","9","1000","1000000","21927"
"503","true","local-density","false","false","4","1000","9","1000","1000000","21913"
"506","true","local-density","false","false","4","1000","9","1000","1000000","21975"
"505","true","local-density","false","false","4","1000","9","1000","1000000","22054"
"507","true","local-density","false","false","4","1000","9","1000","1000000","22079"
"508","true","local-density","false","false","4","1000","9","1000","1000000","21847"
"509","true","local-density","false","false","4","1000","9","1000","1000000","22096"
"510","true","local-density","false","false","4","1000","9","1000","1000000","22107"
"511","true","local-density","false","false","4","1000","9","1000","1000000","21676"
"512","true","local-density","false","false","4","1000","9","1000","1000000","21827"
"513","true","local-density","false","false","4","1000","9","1000","1000000","21757"
"515","true","local-density","false","false","4","1000","9","1000","1000000","22149"
"514","true","local-density","false","false","4","1000","9","1000","1000000","21962"
"516","true","local-density","false","false","4","1000","9","1000","1000000","21955"
"517","true","local-density","false","false","4","1000","9","1000","1000000","21818"
"518","true","local-density","false","false","4","1000","9","1000","1000000","21740"
"519","true","local-density","false","false","4","1000","9","1000","1000000","22006"
"520","true","local-density","false","false","4","1000","9","1000","1000000","22158"
"522","true","local-density","false","false","4","1000","9","1000","1000000","21910"
"521","true","local-density","false","false","4","1000","9","1000","1000000","21911"
"523","true","local-density","false","false","4","1000","9","1000","1000000","21835"
"524","true","local-density","false","false","4","1000","9","1000","1000000","21968"
"525","true","local-density","false","false","4","1000","9","1000","1000000","22032"
"526","true","local-density","false","false","4","1000","9","1000","1000000","22025"
"527","true","local-density","false","false","4","1000","9","1000","1000000","21878"
"528","true","local-density","false","false","4","1000","9","1000","1000000","21977"
"529","true","local-density","false","false","4","1000","9","1000","1000000","22207"
"530","true","local-density","false","false","4","1000","9","1000","1000000","21517"
"531","true","local-density","false","false","4","1000","9","1000","1000000","21812"
"533","true","local-density","false","false","4","1000","9","1000","1000000","22280"
"532","true","local-density","false","false","4","1000","9","1000","1000000","22072"
"534","true","local-density","false","false","4","1000","9","1000","1000000","22016"
"535","true","local-density","false","false","4","1000","9","1000","1000000","22015"
"536","true","local-density","false","false","4","1000","9","1000","1000000","21847"
"537","true","local-density","false","false","4","1000","9","1000","1000000","21915"
"538","true","local-density","false","false","4","1000","9","1000","1000000","22113"
"539","true","local-density","false","false","4","1000","9","1000","1000000","21813"
"541","true","local-density","false","false","4","1","2.25","1000","1000000","35328"
"542","true","local-density","false","false","4","1","2.25","1000","1000000","35352"
"543","true","local-density","false","false","4","1","2.25","1000","1000000","35709"
"540","true","local-density","false","false","4","1000","9","1000","1000000","21967"
"544","true","local-density","false","false","4","1","2.25","1000","1000000","35749"
"545","true","local-density","false","false","4","1","2.25","1000","1000000","35365"
"546","true","local-density","false","false","4","1","2.25","1000","1000000","36827"
"547","true","local-density","false","false","4","1","2.25","1000","1000000","35449"
"548","true","local-density","false","false","4","1","2.25","1000","1000000","35478"
"550","true","local-density","false","false","4","1","2.25","1000","1000000","35319"
"549","true","local-density","false","false","4","1","2.25","1000","1000000","36538"
"551","true","local-density","false","false","4","1","2.25","1000","1000000","36866"
"552","true","local-density","false","false","4","1","2.25","1000","1000000","36548"
"553","true","local-density","false","false","4","1","2.25","1000","1000000","34302"
"554","true","local-density","false","false","4","1","2.25","1000","1000000","35751"
"555","true","local-density","false","false","4","1","2.25","1000","1000000","35347"
"556","true","local-density","false","false","4","1","2.25","1000","1000000","35034"
"557","true","local-density","false","false","4","1","2.25","1000","1000000","36700"
"558","true","local-density","false","false","4","1","2.25","1000","1000000","35448"
"559","true","local-density","false","false","4","1","2.25","1000","1000000","36254"
"560","true","local-density","false","false","4","1","2.25","1000","1000000","35712"
"561","true","local-density","false","false","4","1","2.25","1000","1000000","35006"
"562","true","local-density","false","false","4","1","2.25","1000","1000000","35771"
"563","true","local-density","false","false","4","1","2.25","1000","1000000","36715"
"564","true","local-density","false","false","4","1","2.25","1000","1000000","36296"
"565","true","local-density","false","false","4","1","2.25","1000","1000000","34676"
"566","true","local-density","false","false","4","1","2.25","1000","1000000","35413"
"567","true","local-density","false","false","4","1","2.25","1000","1000000","35840"
"568","true","local-density","false","false","4","1","2.25","1000","1000000","35584"
"569","true","local-density","false","false","4","1","2.25","1000","1000000","34978"
"570","true","local-density","false","false","4","1","2.25","1000","1000000","36508"
"571","true","local-density","false","false","4","1","2.25","1000","1000000","35847"
"572","true","local-density","false","false","4","1","2.25","1000","1000000","35840"
"573","true","local-density","false","false","4","1","2.25","1000","1000000","35929"
"574","true","local-density","false","false","4","1","2.25","1000","1000000","34800"
"575","true","local-density","false","false","4","1","2.25","1000","1000000","36540"
"576","true","local-density","false","false","4","1","2.25","1000","1000000","34176"
"577","true","local-density","false","false","4","1","2.25","1000","1000000","36555"
"578","true","local-density","false","false","4","1","2.25","1000","1000000","35654"
"579","true","local-density","false","false","4","1","2.25","1000","1000000","34578"
"580","true","local-density","false","false","4","1","2.25","1000","1000000","35592"
"581","true","local-density","false","false","4","1","2.25","1000","1000000","35456"
"582","true","local-density","false","false","4","1","2.25","1000","1000000","35289"
"583","true","local-density","false","false","4","1","2.25","1000","1000000","35926"
"584","true","local-density","false","false","4","1","2.25","1000","1000000","35504"
"585","true","local-density","false","false","4","1","2.25","1000","1000000","35691"
"586","true","local-density","false","false","4","1","2.25","1000","1000000","35649"
"587","true","local-density","false","false","4","1","2.25","1000","1000000","36191"
"588","true","local-density","false","false","4","1","2.25","1000","1000000","35588"
"589","true","local-density","false","false","4","1","2.25","1000","1000000","36239"
"590","true","local-density","false","false","4","1","2.25","1000","1000000","35347"
"591","true","local-density","false","false","4","1","2.25","1000","1000000","35314"
"592","true","local-density","false","false","4","1","2.25","1000","1000000","36014"
"593","true","local-density","false","false","4","1","2.25","1000","1000000","34951"
"594","true","local-density","false","false","4","1","2.25","1000","1000000","35453"
"595","true","local-density","false","false","4","1","2.25","1000","1000000","35229"
"596","true","local-density","false","false","4","1","2.25","1000","1000000","35814"
"597","true","local-density","false","false","4","1","2.25","1000","1000000","34865"
"598","true","local-density","false","false","4","1","2.25","1000","1000000","35551"
"599","true","local-density","false","false","4","1","2.25","1000","1000000","34959"
"600","true","local-density","false","false","4","1","2.25","1000","1000000","35248"
"601","true","local-density","false","false","4","1","4.5","1000","1000000","39232"
"602","true","local-density","false","false","4","1","4.5","1000","1000000","40728"
"603","true","local-density","false","false","4","1","4.5","1000","1000000","42146"
"604","true","local-density","false","false","4","1","4.5","1000","1000000","39354"
"605","true","local-density","false","false","4","1","4.5","1000","1000000","41432"
"606","true","local-density","false","false","4","1","4.5","1000","1000000","39735"
"607","true","local-density","false","false","4","1","4.5","1000","1000000","39748"
"608","true","local-density","false","false","4","1","4.5","1000","1000000","40968"
"609","true","local-density","false","false","4","1","4.5","1000","1000000","41099"
"610","true","local-density","false","false","4","1","4.5","1000","1000000","41138"
"611","true","local-density","false","false","4","1","4.5","1000","1000000","41248"
"612","true","local-density","false","false","4","1","4.5","1000","1000000","40753"
"613","true","local-density","false","false","4","1","4.5","1000","1000000","40766"
"614","true","local-density","false","false","4","1","4.5","1000","1000000","40050"
"615","true","local-density","false","false","4","1","4.5","1000","1000000","41698"
"616","true","local-density","false","false","4","1","4.5","1000","1000000","40052"
"617","true","local-density","false","false","4","1","4.5","1000","1000000","40230"
"618","true","local-density","false","false","4","1","4.5","1000","1000000","40449"
"619","true","local-density","false","false","4","1","4.5","1000","1000000","40638"
"620","true","local-density","false","false","4","1","4.5","1000","1000000","41931"
"621","true","local-density","false","false","4","1","4.5","1000","1000000","41286"
"622","true","local-density","false","false","4","1","4.5","1000","1000000","40173"
"623","true","local-density","false","false","4","1","4.5","1000","1000000","42086"
"624","true","local-density","false","false","4","1","4.5","1000","1000000","40849"
"625","true","local-density","false","false","4","1","4.5","1000","1000000","40057"
"626","true","local-density","false","false","4","1","4.5","1000","1000000","40127"
"627","true","local-density","false","false","4","1","4.5","1000","1000000","40734"
"628","true","local-density","false","false","4","1","4.5","1000","1000000","39855"
"629","true","local-density","false","false","4","1","4.5","1000","1000000","40931"
"630","true","local-density","false","false","4","1","4.5","1000","1000000","40485"
"631","true","local-density","false","false","4","1","4.5","1000","1000000","41293"
"633","true","local-density","false","false","4","1","4.5","1000","1000000","41789"
"632","true","local-density","false","false","4","1","4.5","1000","1000000","39329"
"634","true","local-density","false","false","4","1","4.5","1000","1000000","40962"
"635","true","local-density","false","false","4","1","4.5","1000","1000000","41931"
"636","true","local-density","false","false","4","1","4.5","1000","1000000","40320"
"637","true","local-density","false","false","4","1","4.5","1000","1000000","40554"
"638","true","local-density","false","false","4","1","4.5","1000","1000000","41138"
"639","true","local-density","false","false","4","1","4.5","1000","1000000","40481"
"640","true","local-density","false","false","4","1","4.5","1000","1000000","41193"
"641","true","local-density","false","false","4","1","4.5","1000","1000000","39531"
"642","true","local-density","false","false","4","1","4.5","1000","1000000","41330"
"643","true","local-density","false","false","4","1","4.5","1000","1000000","41833"
"644","true","local-density","false","false","4","1","4.5","1000","1000000","42118"
"645","true","local-density","false","false","4","1","4.5","1000","1000000","39574"
"646","true","local-density","false","false","4","1","4.5","1000","1000000","42440"
"647","true","local-density","false","false","4","1","4.5","1000","1000000","41050"
"648","true","local-density","false","false","4","1","4.5","1000","1000000","40188"
"649","true","local-density","false","false","4","1","4.5","1000","1000000","42215"
"650","true","local-density","false","false","4","1","4.5","1000","1000000","42367"
"651","true","local-density","false","false","4","1","4.5","1000","1000000","40019"
"653","true","local-density","false","false","4","1","4.5","1000","1000000","38912"
"652","true","local-density","false","false","4","1","4.5","1000","1000000","41296"
"654","true","local-density","false","false","4","1","4.5","1000","1000000","40003"
"655","true","local-density","false","false","4","1","4.5","1000","1000000","40865"
"656","true","local-density","false","false","4","1","4.5","1000","1000000","41044"
"657","true","local-density","false","false","4","1","4.5","1000","1000000","41526"
"658","true","local-density","false","false","4","1","4.5","1000","1000000","38995"
"659","true","local-density","false","false","4","1","4.5","1000","1000000","41144"
"660","true","local-density","false","false","4","1","4.5","1000","1000000","39267"
"661","true","local-density","false","false","4","1","9","1000","1000000","40728"
"662","true","local-density","false","false","4","1","9","1000","1000000","41035"
"663","true","local-density","false","false","4","1","9","1000","1000000","41490"
"664","true","local-density","false","false","4","1","9","1000","1000000","40608"
"665","true","local-density","false","false","4","1","9","1000","1000000","39428"
"666","true","local-density","false","false","4","1","9","1000","1000000","41713"
"667","true","local-density","false","false","4","1","9","1000","1000000","41863"
"668","true","local-density","false","false","4","1","9","1000","1000000","40403"
"669","true","local-density","false","false","4","1","9","1000","1000000","39974"
"670","true","local-density","false","false","4","1","9","1000","1000000","40485"
"671","true","local-density","false","false","4","1","9","1000","1000000","40914"
"672","true","local-density","false","false","4","1","9","1000","1000000","40676"
"673","true","local-density","false","false","4","1","9","1000","1000000","42230"
"674","true","local-density","false","false","4","1","9","1000","1000000","40794"
"675","true","local-density","false","false","4","1","9","1000","1000000","41040"
"676","true","local-density","false","false","4","1","9","1000","1000000","39468"
"677","true","local-density","false","false","4","1","9","1000","1000000","40710"
"678","true","local-density","false","false","4","1","9","1000","1000000","40420"
"679","true","local-density","false","false","4","1","9","1000","1000000","41583"
"680","true","local-density","false","false","4","1","9","1000","1000000","41527"
"681","true","local-density","false","false","4","1","9","1000","1000000","40404"
"682","true","local-density","false","false","4","1","9","1000","1000000","39677"
"683","true","local-density","false","false","4","1","9","1000","1000000","41170"
"684","true","local-density","false","false","4","1","9","1000","1000000","38800"
"685","true","local-density","false","false","4","1","9","1000","1000000","41366"
"686","true","local-density","false","false","4","1","9","1000","1000000","41246"
"687","true","local-density","false","false","4","1","9","1000","1000000","40561"
"688","true","local-density","false","false","4","1","9","1000","1000000","40961"
"689","true","local-density","false","false","4","1","9","1000","1000000","39274"
"690","true","local-density","false","false","4","1","9","1000","1000000","40086"
"692","true","local-density","false","false","4","1","9","1000","1000000","39694"
"691","true","local-density","false","false","4","1","9","1000","1000000","40281"
"693","true","local-density","false","false","4","1","9","1000","1000000","39366"
"694","true","local-density","false","false","4","1","9","1000","1000000","39669"
"695","true","local-density","false","false","4","1","9","1000","1000000","40722"
"696","true","local-density","false","false","4","1","9","1000","1000000","40921"
"697","true","local-density","false","false","4","1","9","1000","1000000","41139"
"698","true","local-density","false","false","4","1","9","1000","1000000","40478"
"699","true","local-density","false","false","4","1","9","1000","1000000","41058"
"700","true","local-density","false","false","4","1","9","1000","1000000","40105"
"701","true","local-density","false","false","4","1","9","1000","1000000","42721"
"702","true","local-density","false","false","4","1","9","1000","1000000","41624"
"703","true","local-density","false","false","4","1","9","1000","1000000","41559"
"704","true","local-density","false","false","4","1","9","1000","1000000","40438"
"705","true","local-density","false","false","4","1","9","1000","1000000","39820"
"706","true","local-density","false","false","4","1","9","1000","1000000","41257"
"707","true","local-density","false","false","4","1","9","1000","1000000","40211"
"708","true","local-density","false","false","4","1","9","1000","1000000","40927"
"709","true","local-density","false","false","4","1","9","1000","1000000","40778"
"710","true","local-density","false","false","4","1","9","1000","1000000","41291"
"711","true","local-density","false","false","4","1","9","1000","1000000","40958"
"712","true","local-density","false","false","4","1","9","1000","1000000","40306"
"713","true","local-density","false","false","4","1","9","1000","1000000","40882"
"714","true","local-density","false","false","4","1","9","1000","1000000","40096"
"715","true","local-density","false","false","4","1","9","1000","1000000","39725"
"716","true","local-density","false","false","4","1","9","1000","1000000","41702"
"717","true","local-density","false","false","4","1","9","1000","1000000","40151"
"718","true","local-density","false","false","4","1","9","1000","1000000","42547"
"720","true","local-density","false","false","4","1","9","1000","1000000","40044"
"719","true","local-density","false","false","4","1","9","1000","1000000","41124"
"721","true","local-density","false","false","5","1000","2.25","1000","1000000","19880"
"723","true","local-density","false","false","5","1000","2.25","1000","1000000","19925"
"722","true","local-density","false","false","5","1000","2.25","1000","1000000","19665"
"724","true","local-density","false","false","5","1000","2.25","1000","1000000","19889"
"725","true","local-density","false","false","5","1000","2.25","1000","1000000","20087"
"726","true","local-density","false","false","5","1000","2.25","1000","1000000","20015"
"727","true","local-density","false","false","5","1000","2.25","1000","1000000","19885"
"728","true","local-density","false","false","5","1000","2.25","1000","1000000","19697"
"729","true","local-density","false","false","5","1000","2.25","1000","1000000","19983"
"730","true","local-density","false","false","5","1000","2.25","1000","1000000","19946"
"731","true","local-density","false","false","5","1000","2.25","1000","1000000","19694"
"732","true","local-density","false","false","5","1000","2.25","1000","1000000","19816"
"733","true","local-density","false","false","5","1000","2.25","1000","1000000","19911"
"734","true","local-density","false","false","5","1000","2.25","1000","1000000","19844"
"735","true","local-density","false","false","5","1000","2.25","1000","1000000","19872"
"736","true","local-density","false","false","5","1000","2.25","1000","1000000","19924"
"737","true","local-density","false","false","5","1000","2.25","1000","1000000","19622"
"738","true","local-density","false","false","5","1000","2.25","1000","1000000","19861"
"739","true","local-density","false","false","5","1000","2.25","1000","1000000","19998"
"740","true","local-density","false","false","5","1000","2.25","1000","1000000","19840"
"742","true","local-density","false","false","5","1000","2.25","1000","1000000","19864"
"741","true","local-density","false","false","5","1000","2.25","1000","1000000","20131"
"743","true","local-density","false","false","5","1000","2.25","1000","1000000","19738"
"744","true","local-density","false","false","5","1000","2.25","1000","1000000","19918"
"745","true","local-density","false","false","5","1000","2.25","1000","1000000","19781"
"746","true","local-density","false","false","5","1000","2.25","1000","1000000","19875"
"747","true","local-density","false","false","5","1000","2.25","1000","1000000","19847"
"748","true","local-density","false","false","5","1000","2.25","1000","1000000","20082"
"749","true","local-density","false","false","5","1000","2.25","1000","1000000","19703"
"750","true","local-density","false","false","5","1000","2.25","1000","1000000","19945"
"751","true","local-density","false","false","5","1000","2.25","1000","1000000","19801"
"752","true","local-density","false","false","5","1000","2.25","1000","1000000","20070"
"753","true","local-density","false","false","5","1000","2.25","1000","1000000","20033"
"754","true","local-density","false","false","5","1000","2.25","1000","1000000","19965"
"755","true","local-density","false","false","5","1000","2.25","1000","1000000","19904"
"756","true","local-density","false","false","5","1000","2.25","1000","1000000","19918"
"757","true","local-density","false","false","5","1000","2.25","1000","1000000","19935"
"758","true","local-density","false","false","5","1000","2.25","1000","1000000","19760"
"759","true","local-density","false","false","5","1000","2.25","1000","1000000","19617"
"760","true","local-density","false","false","5","1000","2.25","1000","1000000","19676"
"761","true","local-density","false","false","5","1000","2.25","1000","1000000","19840"
"762","true","local-density","false","false","5","1000","2.25","1000","1000000","19867"
"763","true","local-density","false","false","5","1000","2.25","1000","1000000","19835"
"764","true","local-density","false","false","5","1000","2.25","1000","1000000","20010"
"765","true","local-density","false","false","5","1000","2.25","1000","1000000","19849"
"766","true","local-density","false","false","5","1000","2.25","1000","1000000","19865"
"767","true","local-density","false","false","5","1000","2.25","1000","1000000","19914"
"768","true","local-density","false","false","5","1000","2.25","1000","1000000","19707"
"769","true","local-density","false","false","5","1000","2.25","1000","1000000","19746"
"770","true","local-density","false","false","5","1000","2.25","1000","1000000","19916"
"771","true","local-density","false","false","5","1000","2.25","1000","1000000","19555"
"772","true","local-density","false","false","5","1000","2.25","1000","1000000","19954"
"773","true","local-density","false","false","5","1000","2.25","1000","1000000","19931"
"774","true","local-density","false","false","5","1000","2.25","1000","1000000","20062"
"775","true","local-density","false","false","5","1000","2.25","1000","1000000","19747"
"776","true","local-density","false","false","5","1000","2.25","1000","1000000","19758"
"777","true","local-density","false","false","5","1000","2.25","1000","1000000","19820"
"778","true","local-density","false","false","5","1000","2.25","1000","1000000","19800"
"779","true","local-density","false","false","5","1000","2.25","1000","1000000","19634"
"780","true","local-density","false","false","5","1000","2.25","1000","1000000","20045"
"781","true","local-density","false","false","5","1000","4.5","1000","1000000","21312"
"782","true","local-density","false","false","5","1000","4.5","1000","1000000","21322"
"783","true","local-density","false","false","5","1000","4.5","1000","1000000","21386"
"784","true","local-density","false","false","5","1000","4.5","1000","1000000","21388"
"785","true","local-density","false","false","5","1000","4.5","1000","1000000","21306"
"786","true","local-density","false","false","5","1000","4.5","1000","1000000","21544"
"787","true","local-density","false","false","5","1000","4.5","1000","1000000","21455"
"789","true","local-density","false","false","5","1000","4.5","1000","1000000","21373"
"788","true","local-density","false","false","5","1000","4.5","1000","1000000","21276"
"790","true","local-density","false","false","5","1000","4.5","1000","1000000","21445"
"791","true","local-density","false","false","5","1000","4.5","1000","1000000","21481"
"792","true","local-density","false","false","5","1000","4.5","1000","1000000","21426"
"793","true","local-density","false","false","5","1000","4.5","1000","1000000","21235"
"794","true","local-density","false","false","5","1000","4.5","1000","1000000","21778"
"795","true","local-density","false","false","5","1000","4.5","1000","1000000","21340"
"796","true","local-density","false","false","5","1000","4.5","1000","1000000","21488"
"797","true","local-density","false","false","5","1000","4.5","1000","1000000","21155"
"798","true","local-density","false","false","5","1000","4.5","1000","1000000","21637"
"799","true","local-density","false","false","5","1000","4.5","1000","1000000","21664"
"800","true","local-density","false","false","5","1000","4.5","1000","1000000","21463"
"802","true","local-density","false","false","5","1000","4.5","1000","1000000","21178"
"801","true","local-density","false","false","5","1000","4.5","1000","1000000","21327"
"804","true","local-density","false","false","5","1000","4.5","1000","1000000","21612"
"803","true","local-density","false","false","5","1000","4.5","1000","1000000","21301"
"805","true","local-density","false","false","5","1000","4.5","1000","1000000","21587"
"806","true","local-density","false","false","5","1000","4.5","1000","1000000","21258"
"807","true","local-density","false","false","5","1000","4.5","1000","1000000","21224"
"808","true","local-density","false","false","5","1000","4.5","1000","1000000","21359"
"809","true","local-density","false","false","5","1000","4.5","1000","1000000","21367"
"810","true","local-density","false","false","5","1000","4.5","1000","1000000","21469"
"812","true","local-density","false","false","5","1000","4.5","1000","1000000","20979"
"811","true","local-density","false","false","5","1000","4.5","1000","1000000","21585"
"813","true","local-density","false","false","5","1000","4.5","1000","1000000","21386"
"814","true","local-density","false","false","5","1000","4.5","1000","1000000","21552"
"815","true","local-density","false","false","5","1000","4.5","1000","1000000","21757"
"816","true","local-density","false","false","5","1000","4.5","1000","1000000","21378"
"817","true","local-density","false","false","5","1000","4.5","1000","1000000","21312"
"818","true","local-density","false","false","5","1000","4.5","1000","1000000","21390"
"820","true","local-density","false","false","5","1000","4.5","1000","1000000","21561"
"819","true","local-density","false","false","5","1000","4.5","1000","1000000","21435"
"821","true","local-density","false","false","5","1000","4.5","1000","1000000","21248"
"822","true","local-density","false","false","5","1000","4.5","1000","1000000","21255"
"823","true","local-density","false","false","5","1000","4.5","1000","1000000","21501"
"824","true","local-density","false","false","5","1000","4.5","1000","1000000","21580"
"825","true","local-density","false","false","5","1000","4.5","1000","1000000","21278"
"826","true","local-density","false","false","5","1000","4.5","1000","1000000","21474"
"827","true","local-density","false","false","5","1000","4.5","1000","1000000","21340"
"828","true","local-density","false","false","5","1000","4.5","1000","1000000","21694"
"829","true","local-density","false","false","5","1000","4.5","1000","1000000","21449"
"830","true","local-density","false","false","5","1000","4.5","1000","1000000","21650"
"831","true","local-density","false","false","5","1000","4.5","1000","1000000","21447"
"832","true","local-density","false","false","5","1000","4.5","1000","1000000","21692"
"833","true","local-density","false","false","5","1000","4.5","1000","1000000","21342"
"834","true","local-density","false","false","5","1000","4.5","1000","1000000","21280"
"835","true","local-density","false","false","5","1000","4.5","1000","1000000","21578"
"836","true","local-density","false","false","5","1000","4.5","1000","1000000","21195"
"837","true","local-density","false","false","5","1000","4.5","1000","1000000","21639"
"838","true","local-density","false","false","5","1000","4.5","1000","1000000","21730"
"839","true","local-density","false","false","5","1000","4.5","1000","1000000","21531"
"840","true","local-density","false","false","5","1000","4.5","1000","1000000","21490"
"841","true","local-density","false","false","5","1000","9","1000","1000000","21393"
"842","true","local-density","false","false","5","1000","9","1000","1000000","21361"
"843","true","local-density","false","false","5","1000","9","1000","1000000","21335"
"844","true","local-density","false","false","5","1000","9","1000","1000000","21279"
"845","true","local-density","false","false","5","1000","9","1000","1000000","21050"
"846","true","local-density","false","false","5","1000","9","1000","1000000","21064"
"847","true","local-density","false","false","5","1000","9","1000","1000000","21237"
"848","true","local-density","false","false","5","1000","9","1000","1000000","21381"
"849","true","local-density","false","false","5","1000","9","1000","1000000","21100"
"850","true","local-density","false","false","5","1000","9","1000","1000000","21229"
"851","true","local-density","false","false","5","1000","9","1000","1000000","21392"
"852","true","local-density","false","false","5","1000","9","1000","1000000","21307"
"853","true","local-density","false","false","5","1000","9","1000","1000000","21188"
"854","true","local-density","false","false","5","1000","9","1000","1000000","21211"
"855","true","local-density","false","false","5","1000","9","1000","1000000","21684"
"856","true","local-density","false","false","5","1000","9","1000","1000000","21368"
"857","true","local-density","false","false","5","1000","9","1000","1000000","21283"
"858","true","local-density","false","false","5","1000","9","1000","1000000","21368"
"859","true","local-density","false","false","5","1000","9","1000","1000000","21125"
"860","true","local-density","false","false","5","1000","9","1000","1000000","21177"
"861","true","local-density","false","false","5","1000","9","1000","1000000","21329"
"862","true","local-density","false","false","5","1000","9","1000","1000000","21313"
"863","true","local-density","false","false","5","1000","9","1000","1000000","21501"
"864","true","local-density","false","false","5","1000","9","1000","1000000","21433"
"865","true","local-density","false","false","5","1000","9","1000","1000000","21495"
"866","true","local-density","false","false","5","1000","9","1000","1000000","21192"
"867","true","local-density","false","false","5","1000","9","1000","1000000","21692"
"868","true","local-density","false","false","5","1000","9","1000","1000000","21409"
"869","true","local-density","false","false","5","1000","9","1000","1000000","21610"
"871","true","local-density","false","false","5","1000","9","1000","1000000","21608"
"870","true","local-density","false","false","5","1000","9","1000","1000000","21343"
"872","true","local-density","false","false","5","1000","9","1000","1000000","21505"
"873","true","local-density","false","false","5","1000","9","1000","1000000","21344"
"874","true","local-density","false","false","5","1000","9","1000","1000000","21459"
"875","true","local-density","false","false","5","1000","9","1000","1000000","21286"
"876","true","local-density","false","false","5","1000","9","1000","1000000","21050"
"877","true","local-density","false","false","5","1000","9","1000","1000000","21341"
"878","true","local-density","false","false","5","1000","9","1000","1000000","21230"
"879","true","local-density","false","false","5","1000","9","1000","1000000","20995"
"880","true","local-density","false","false","5","1000","9","1000","1000000","21309"
"881","true","local-density","false","false","5","1000","9","1000","1000000","21393"
"883","true","local-density","false","false","5","1000","9","1000","1000000","21443"
"882","true","local-density","false","false","5","1000","9","1000","1000000","21487"
"884","true","local-density","false","false","5","1000","9","1000","1000000","21238"
"885","true","local-density","false","false","5","1000","9","1000","1000000","21242"
"886","true","local-density","false","false","5","1000","9","1000","1000000","21282"
"887","true","local-density","false","false","5","1000","9","1000","1000000","21005"
"888","true","local-density","false","false","5","1000","9","1000","1000000","21404"
"889","true","local-density","false","false","5","1000","9","1000","1000000","21297"
"890","true","local-density","false","false","5","1000","9","1000","1000000","21493"
"891","true","local-density","false","false","5","1000","9","1000","1000000","21247"
"892","true","local-density","false","false","5","1000","9","1000","1000000","21213"
"893","true","local-density","false","false","5","1000","9","1000","1000000","21196"
"894","true","local-density","false","false","5","1000","9","1000","1000000","21300"
"895","true","local-density","false","false","5","1000","9","1000","1000000","21271"
"896","true","local-density","false","false","5","1000","9","1000","1000000","21365"
"897","true","local-density","false","false","5","1000","9","1000","1000000","21372"
"898","true","local-density","false","false","5","1000","9","1000","1000000","21312"
"899","true","local-density","false","false","5","1000","9","1000","1000000","21065"
"901","true","local-density","false","false","5","1","2.25","1000","1000000","34688"
"902","true","local-density","false","false","5","1","2.25","1000","1000000","34295"
"900","true","local-density","false","false","5","1000","9","1000","1000000","21278"
"903","true","local-density","false","false","5","1","2.25","1000","1000000","34127"
"904","true","local-density","false","false","5","1","2.25","1000","1000000","33829"
"905","true","local-density","false","false","5","1","2.25","1000","1000000","34534"
"906","true","local-density","false","false","5","1","2.25","1000","1000000","35232"
"907","true","local-density","false","false","5","1","2.25","1000","1000000","34624"
"909","true","local-density","false","false","5","1","2.25","1000","1000000","34251"
"908","true","local-density","false","false","5","1","2.25","1000","1000000","34010"
"911","true","local-density","false","false","5","1","2.25","1000","1000000","34538"
"910","true","local-density","false","false","5","1","2.25","1000","1000000","34340"
"912","true","local-density","false","false","5","1","2.25","1000","1000000","34319"
"913","true","local-density","false","false","5","1","2.25","1000","1000000","33938"
"914","true","local-density","false","false","5","1","2.25","1000","1000000","34177"
"915","true","local-density","false","false","5","1","2.25","1000","1000000","35084"
"916","true","local-density","false","false","5","1","2.25","1000","1000000","34997"
"918","true","local-density","false","false","5","1","2.25","1000","1000000","34700"
"917","true","local-density","false","false","5","1","2.25","1000","1000000","34504"
"919","true","local-density","false","false","5","1","2.25","1000","1000000","36051"
"920","true","local-density","false","false","5","1","2.25","1000","1000000","34898"
"921","true","local-density","false","false","5","1","2.25","1000","1000000","34775"
"922","true","local-density","false","false","5","1","2.25","1000","1000000","33418"
"923","true","local-density","false","false","5","1","2.25","1000","1000000","35334"
"924","true","local-density","false","false","5","1","2.25","1000","1000000","35084"
"925","true","local-density","false","false","5","1","2.25","1000","1000000","34112"
"926","true","local-density","false","false","5","1","2.25","1000","1000000","35185"
"927","true","local-density","false","false","5","1","2.25","1000","1000000","35109"
"928","true","local-density","false","false","5","1","2.25","1000","1000000","35202"
"929","true","local-density","false","false","5","1","2.25","1000","1000000","34662"
"930","true","local-density","false","false","5","1","2.25","1000","1000000","34846"
"931","true","local-density","false","false","5","1","2.25","1000","1000000","34970"
"932","true","local-density","false","false","5","1","2.25","1000","1000000","33833"
"933","true","local-density","false","false","5","1","2.25","1000","1000000","33815"
"934","true","local-density","false","false","5","1","2.25","1000","1000000","35459"
"935","true","local-density","false","false","5","1","2.25","1000","1000000","34698"
"936","true","local-density","false","false","5","1","2.25","1000","1000000","34911"
"937","true","local-density","false","false","5","1","2.25","1000","1000000","34314"
"938","true","local-density","false","false","5","1","2.25","1000","1000000","35442"
"939","true","local-density","false","false","5","1","2.25","1000","1000000","33586"
"940","true","local-density","false","false","5","1","2.25","1000","1000000","34236"
"941","true","local-density","false","false","5","1","2.25","1000","1000000","34143"
"942","true","local-density","false","false","5","1","2.25","1000","1000000","33968"
"943","true","local-density","false","false","5","1","2.25","1000","1000000","33900"
"944","true","local-density","false","false","5","1","2.25","1000","1000000","33645"
"945","true","local-density","false","false","5","1","2.25","1000","1000000","34263"
"946","true","local-density","false","false","5","1","2.25","1000","1000000","34194"
"948","true","local-density","false","false","5","1","2.25","1000","1000000","34173"
"947","true","local-density","false","false","5","1","2.25","1000","1000000","35100"
"949","true","local-density","false","false","5","1","2.25","1000","1000000","34386"
"950","true","local-density","false","false","5","1","2.25","1000","1000000","34249"
"951","true","local-density","false","false","5","1","2.25","1000","1000000","34934"
"953","true","local-density","false","false","5","1","2.25","1000","1000000","34326"
"952","true","local-density","false","false","5","1","2.25","1000","1000000","34770"
"954","true","local-density","false","false","5","1","2.25","1000","1000000","35253"
"955","true","local-density","false","false","5","1","2.25","1000","1000000","35695"
"956","true","local-density","false","false","5","1","2.25","1000","1000000","34213"
"957","true","local-density","false","false","5","1","2.25","1000","1000000","35429"
"958","true","local-density","false","false","5","1","2.25","1000","1000000","34869"
"959","true","local-density","false","false","5","1","2.25","1000","1000000","34255"
"960","true","local-density","false","false","5","1","2.25","1000","1000000","35668"
"961","true","local-density","false","false","5","1","4.5","1000","1000000","40276"
"962","true","local-density","false","false","5","1","4.5","1000","1000000","39396"
"963","true","local-density","false","false","5","1","4.5","1000","1000000","38973"
"964","true","local-density","false","false","5","1","4.5","1000","1000000","39195"
"965","true","local-density","false","false","5","1","4.5","1000","1000000","39236"
"966","true","local-density","false","false","5","1","4.5","1000","1000000","39694"
"967","true","local-density","false","false","5","1","4.5","1000","1000000","38741"
"968","true","local-density","false","false","5","1","4.5","1000","1000000","39670"
"969","true","local-density","false","false","5","1","4.5","1000","1000000","38576"
"970","true","local-density","false","false","5","1","4.5","1000","1000000","39064"
"971","true","local-density","false","false","5","1","4.5","1000","1000000","39387"
"972","true","local-density","false","false","5","1","4.5","1000","1000000","37251"
"973","true","local-density","false","false","5","1","4.5","1000","1000000","38984"
"974","true","local-density","false","false","5","1","4.5","1000","1000000","39704"
"975","true","local-density","false","false","5","1","4.5","1000","1000000","40749"
"976","true","local-density","false","false","5","1","4.5","1000","1000000","37918"
"977","true","local-density","false","false","5","1","4.5","1000","1000000","40005"
"978","true","local-density","false","false","5","1","4.5","1000","1000000","38585"
"979","true","local-density","false","false","5","1","4.5","1000","1000000","39078"
"980","true","local-density","false","false","5","1","4.5","1000","1000000","39252"
"981","true","local-density","false","false","5","1","4.5","1000","1000000","39764"
"982","true","local-density","false","false","5","1","4.5","1000","1000000","39728"
"983","true","local-density","false","false","5","1","4.5","1000","1000000","38633"
"984","true","local-density","false","false","5","1","4.5","1000","1000000","39709"
"985","true","local-density","false","false","5","1","4.5","1000","1000000","39629"
"986","true","local-density","false","false","5","1","4.5","1000","1000000","39870"
"987","true","local-density","false","false","5","1","4.5","1000","1000000","39215"
"988","true","local-density","false","false","5","1","4.5","1000","1000000","38134"
"989","true","local-density","false","false","5","1","4.5","1000","1000000","38434"
"990","true","local-density","false","false","5","1","4.5","1000","1000000","38423"
"991","true","local-density","false","false","5","1","4.5","1000","1000000","39195"
"992","true","local-density","false","false","5","1","4.5","1000","1000000","38862"
"993","true","local-density","false","false","5","1","4.5","1000","1000000","39083"
"994","true","local-density","false","false","5","1","4.5","1000","1000000","38074"
"995","true","local-density","false","false","5","1","4.5","1000","1000000","39925"
"997","true","local-density","false","false","5","1","4.5","1000","1000000","39238"
"996","true","local-density","false","false","5","1","4.5","1000","1000000","39507"
"998","true","local-density","false","false","5","1","4.5","1000","1000000","40250"
"999","true","local-density","false","false","5","1","4.5","1000","1000000","38497"
"1000","true","local-density","false","false","5","1","4.5","1000","1000000","39665"
"1001","true","local-density","false","false","5","1","4.5","1000","1000000","39097"
"1002","true","local-density","false","false","5","1","4.5","1000","1000000","39469"
"1003","true","local-density","false","false","5","1","4.5","1000","1000000","39221"
"1004","true","local-density","false","false","5","1","4.5","1000","1000000","37670"
"1005","true","local-density","false","false","5","1","4.5","1000","1000000","40482"
"1006","true","local-density","false","false","5","1","4.5","1000","1000000","40280"
"1007","true","local-density","false","false","5","1","4.5","1000","1000000","39104"
"1008","true","local-density","false","false","5","1","4.5","1000","1000000","38662"
"1009","true","local-density","false","false","5","1","4.5","1000","1000000","39941"
"1010","true","local-density","false","false","5","1","4.5","1000","1000000","38705"
"1011","true","local-density","false","false","5","1","4.5","1000","1000000","40629"
"1012","true","local-density","false","false","5","1","4.5","1000","1000000","39166"
"1013","true","local-density","false","false","5","1","4.5","1000","1000000","39521"
"1014","true","local-density","false","false","5","1","4.5","1000","1000000","39863"
"1015","true","local-density","false","false","5","1","4.5","1000","1000000","39592"
"1016","true","local-density","false","false","5","1","4.5","1000","1000000","38894"
"1017","true","local-density","false","false","5","1","4.5","1000","1000000","39021"
"1018","true","local-density","false","false","5","1","4.5","1000","1000000","39506"
"1019","true","local-density","false","false","5","1","4.5","1000","1000000","38838"
"1020","true","local-density","false","false","5","1","4.5","1000","1000000","37996"
"1021","true","local-density","false","false","5","1","9","1000","1000000","39219"
"1022","true","local-density","false","false","5","1","9","1000","1000000","38803"
"1023","true","local-density","false","false","5","1","9","1000","1000000","38789"
"1024","true","local-density","false","false","5","1","9","1000","1000000","39394"
"1025","true","local-density","false","false","5","1","9","1000","1000000","38525"
"1026","true","local-density","false","false","5","1","9","1000","1000000","40636"
"1027","true","local-density","false","false","5","1","9","1000","1000000","38924"
"1028","true","local-density","false","false","5","1","9","1000","1000000","39293"
"1029","true","local-density","false","false","5","1","9","1000","1000000","39486"
"1030","true","local-density","false","false","5","1","9","1000","1000000","38017"
"1031","true","local-density","false","false","5","1","9","1000","1000000","38708"
"1032","true","local-density","false","false","5","1","9","1000","1000000","39286"
"1033","true","local-density","false","false","5","1","9","1000","1000000","39373"
"1034","true","local-density","false","false","5","1","9","1000","1000000","38143"
"1035","true","local-density","false","false","5","1","9","1000","1000000","40308"
"1036","true","local-density","false","false","5","1","9","1000","1000000","39082"
"1037","true","local-density","false","false","5","1","9","1000","1000000","37762"
"1038","true","local-density","false","false","5","1","9","1000","1000000","39140"
"1039","true","local-density","false","false","5","1","9","1000","1000000","40030"
"1040","true","local-density","false","false","5","1","9","1000","1000000","38755"
"1041","true","local-density","false","false","5","1","9","1000","1000000","39043"
"1042","true","local-density","false","false","5","1","9","1000","1000000","39085"
"1043","true","local-density","false","false","5","1","9","1000","1000000","39941"
"1044","true","local-density","false","false","5","1","9","1000","1000000","38250"
"1045","true","local-density","false","false","5","1","9","1000","1000000","38932"
"1046","true","local-density","false","false","5","1","9","1000","1000000","39325"
"1048","true","local-density","false","false","5","1","9","1000","1000000","39189"
"1047","true","local-density","false","false","5","1","9","1000","1000000","39166"
"1050","true","local-density","false","false","5","1","9","1000","1000000","38851"
"1049","true","local-density","false","false","5","1","9","1000","1000000","38441"
"1051","true","local-density","false","false","5","1","9","1000","1000000","39989"
"1052","true","local-density","false","false","5","1","9","1000","1000000","39902"
"1053","true","local-density","false","false","5","1","9","1000","1000000","38881"
"1054","true","local-density","false","false","5","1","9","1000","1000000","40436"
"1055","true","local-density","false","false","5","1","9","1000","1000000","38932"
"1056","true","local-density","false","false","5","1","9","1000","1000000","39356"
"1057","true","local-density","false","false","5","1","9","1000","1000000","39231"
"1058","true","local-density","false","false","5","1","9","1000","1000000","37965"
"1059","true","local-density","false","false","5","1","9","1000","1000000","39752"
"1060","true","local-density","false","false","5","1","9","1000","1000000","38596"
"1061","true","local-density","false","false","5","1","9","1000","1000000","39427"
"1062","true","local-density","false","false","5","1","9","1000","1000000","38819"
"1063","true","local-density","false","false","5","1","9","1000","1000000","38261"
"1064","true","local-density","false","false","5","1","9","1000","1000000","38518"
"1065","true","local-density","false","false","5","1","9","1000","1000000","38825"
"1066","true","local-density","false","false","5","1","9","1000","1000000","37554"
"1067","true","local-density","false","false","5","1","9","1000","1000000","38869"
"1068","true","local-density","false","false","5","1","9","1000","1000000","37773"
"1069","true","local-density","false","false","5","1","9","1000","1000000","38055"
"1071","true","local-density","false","false","5","1","9","1000","1000000","38470"
"1070","true","local-density","false","false","5","1","9","1000","1000000","38531"
"1072","true","local-density","false","false","5","1","9","1000","1000000","37895"
"1073","true","local-density","false","false","5","1","9","1000","1000000","39263"
"1074","true","local-density","false","false","5","1","9","1000","1000000","38514"
"1075","true","local-density","false","false","5","1","9","1000","1000000","39958"
"1076","true","local-density","false","false","5","1","9","1000","1000000","39330"
"1077","true","local-density","false","false","5","1","9","1000","1000000","40116"
"1078","true","local-density","false","false","5","1","9","1000","1000000","39227"
"1079","true","local-density","false","false","5","1","9","1000","1000000","39352"
"1080","true","local-density","false","false","5","1","9","1000","1000000","38994"
"1081","true","local-density","false","false","6","1000","2.25","1000","1000000","19929"
"1082","true","local-density","false","false","6","1000","2.25","1000","1000000","19870"
"1083","true","local-density","false","false","6","1000","2.25","1000","1000000","19571"
"1084","true","local-density","false","false","6","1000","2.25","1000","1000000","19608"
"1085","true","local-density","false","false","6","1000","2.25","1000","1000000","19531"
"1086","true","local-density","false","false","6","1000","2.25","1000","1000000","19853"
"1087","true","local-density","false","false","6","1000","2.25","1000","1000000","19563"
"1088","true","local-density","false","false","6","1000","2.25","1000","1000000","19842"
"1089","true","local-density","false","false","6","1000","2.25","1000","1000000","19829"
"1090","true","local-density","false","false","6","1000","2.25","1000","1000000","19809"
"1091","true","local-density","false","false","6","1000","2.25","1000","1000000","19643"
"1092","true","local-density","false","false","6","1000","2.25","1000","1000000","19812"
"1093","true","local-density","false","false","6","1000","2.25","1000","1000000","19718"
"1094","true","local-density","false","false","6","1000","2.25","1000","1000000","19738"
"1095","true","local-density","false","false","6","1000","2.25","1000","1000000","19711"
"1096","true","local-density","false","false","6","1000","2.25","1000","1000000","19825"
"1097","true","local-density","false","false","6","1000","2.25","1000","1000000","19648"
"1098","true","local-density","false","false","6","1000","2.25","1000","1000000","19772"
"1099","true","local-density","false","false","6","1000","2.25","1000","1000000","19875"
"1100","true","local-density","false","false","6","1000","2.25","1000","1000000","19712"
"1101","true","local-density","false","false","6","1000","2.25","1000","1000000","19655"
"1102","true","local-density","false","false","6","1000","2.25","1000","1000000","19881"
"1104","true","local-density","false","false","6","1000","2.25","1000","1000000","19817"
"1103","true","local-density","false","false","6","1000","2.25","1000","1000000","19772"
"1105","true","local-density","false","false","6","1000","2.25","1000","1000000","19462"
"1106","true","local-density","false","false","6","1000","2.25","1000","1000000","19974"
"1107","true","local-density","false","false","6","1000","2.25","1000","1000000","19840"
"1108","true","local-density","false","false","6","1000","2.25","1000","1000000","19809"
"1109","true","local-density","false","false","6","1000","2.25","1000","1000000","19801"
"1110","true","local-density","false","false","6","1000","2.25","1000","1000000","19969"
"1111","true","local-density","false","false","6","1000","2.25","1000","1000000","19719"
"1112","true","local-density","false","false","6","1000","2.25","1000","1000000","19796"
"1113","true","local-density","false","false","6","1000","2.25","1000","1000000","19930"
"1114","true","local-density","false","false","6","1000","2.25","1000","1000000","19850"
"1115","true","local-density","false","false","6","1000","2.25","1000","1000000","19840"
"1116","true","local-density","false","false","6","1000","2.25","1000","1000000","19870"
"1117","true","local-density","false","false","6","1000","2.25","1000","1000000","19527"
"1118","true","local-density","false","false","6","1000","2.25","1000","1000000","19504"
"1120","true","local-density","false","false","6","1000","2.25","1000","1000000","19862"
"1119","true","local-density","false","false","6","1000","2.25","1000","1000000","19680"
"1121","true","local-density","false","false","6","1000","2.25","1000","1000000","19492"
"1122","true","local-density","false","false","6","1000","2.25","1000","1000000","19597"
"1123","true","local-density","false","false","6","1000","2.25","1000","1000000","19743"
"1124","true","local-density","false","false","6","1000","2.25","1000","1000000","19894"
"1125","true","local-density","false","false","6","1000","2.25","1000","1000000","19601"
"1126","true","local-density","false","false","6","1000","2.25","1000","1000000","19671"
"1127","true","local-density","false","false","6","1000","2.25","1000","1000000","19780"
"1128","true","local-density","false","false","6","1000","2.25","1000","1000000","19616"
"1129","true","local-density","false","false","6","1000","2.25","1000","1000000","19927"
"1130","true","local-density","false","false","6","1000","2.25","1000","1000000","19627"
"1131","true","local-density","false","false","6","1000","2.25","1000","1000000","19382"
"1132","true","local-density","false","false","6","1000","2.25","1000","1000000","19712"
"1134","true","local-density","false","false","6","1000","2.25","1000","1000000","19660"
"1133","true","local-density","false","false","6","1000","2.25","1000","1000000","19854"
"1135","true","local-density","false","false","6","1000","2.25","1000","1000000","19910"
"1136","true","local-density","false","false","6","1000","2.25","1000","1000000","19848"
"1137","true","local-density","false","false","6","1000","2.25","1000","1000000","19785"
"1138","true","local-density","false","false","6","1000","2.25","1000","1000000","19786"
"1139","true","local-density","false","false","6","1000","2.25","1000","1000000","19731"
"1140","true","local-density","false","false","6","1000","2.25","1000","1000000","19689"
"1141","true","local-density","false","false","6","1000","4.5","1000","1000000","21087"
"1142","true","local-density","false","false","6","1000","4.5","1000","1000000","21068"
"1143","true","local-density","false","false","6","1000","4.5","1000","1000000","20971"
"1144","true","local-density","false","false","6","1000","4.5","1000","1000000","20944"
"1145","true","local-density","false","false","6","1000","4.5","1000","1000000","21149"
"1147","true","local-density","false","false","6","1000","4.5","1000","1000000","21238"
"1146","true","local-density","false","false","6","1000","4.5","1000","1000000","21035"
"1148","true","local-density","false","false","6","1000","4.5","1000","1000000","21166"
"1149","true","local-density","false","false","6","1000","4.5","1000","1000000","20849"
"1150","true","local-density","false","false","6","1000","4.5","1000","1000000","21162"
"1151","true","local-density","false","false","6","1000","4.5","1000","1000000","21052"
"1152","true","local-density","false","false","6","1000","4.5","1000","1000000","21263"
"1153","true","local-density","false","false","6","1000","4.5","1000","1000000","21096"
"1154","true","local-density","false","false","6","1000","4.5","1000","1000000","21195"
"1155","true","local-density","false","false","6","1000","4.5","1000","1000000","21207"
"1156","true","local-density","false","false","6","1000","4.5","1000","1000000","20915"
"1157","true","local-density","false","false","6","1000","4.5","1000","1000000","21104"
"1158","true","local-density","false","false","6","1000","4.5","1000","1000000","21142"
"1160","true","local-density","false","false","6","1000","4.5","1000","1000000","21142"
"1159","true","local-density","false","false","6","1000","4.5","1000","1000000","21155"
"1161","true","local-density","false","false","6","1000","4.5","1000","1000000","21091"
"1162","true","local-density","false","false","6","1000","4.5","1000","1000000","21420"
"1163","true","local-density","false","false","6","1000","4.5","1000","1000000","20958"
"1164","true","local-density","false","false","6","1000","4.5","1000","1000000","21119"
"1165","true","local-density","false","false","6","1000","4.5","1000","1000000","21155"
"1166","true","local-density","false","false","6","1000","4.5","1000","1000000","21043"
"1167","true","local-density","false","false","6","1000","4.5","1000","1000000","21104"
"1168","true","local-density","false","false","6","1000","4.5","1000","1000000","20882"
"1169","true","local-density","false","false","6","1000","4.5","1000","1000000","21267"
"1170","true","local-density","false","false","6","1000","4.5","1000","1000000","21314"
"1171","true","local-density","false","false","6","1000","4.5","1000","1000000","21172"
"1172","true","local-density","false","false","6","1000","4.5","1000","1000000","21483"
"1173","true","local-density","false","false","6","1000","4.5","1000","1000000","21215"
"1174","true","local-density","false","false","6","1000","4.5","1000","1000000","20952"
"1175","true","local-density","false","false","6","1000","4.5","1000","1000000","21185"
"1176","true","local-density","false","false","6","1000","4.5","1000","1000000","21190"
"1177","true","local-density","false","false","6","1000","4.5","1000","1000000","21204"
"1178","true","local-density","false","false","6","1000","4.5","1000","1000000","21140"
"1179","true","local-density","false","false","6","1000","4.5","1000","1000000","21226"
"1180","true","local-density","false","false","6","1000","4.5","1000","1000000","21154"
"1181","true","local-density","false","false","6","1000","4.5","1000","1000000","21312"
"1182","true","local-density","false","false","6","1000","4.5","1000","1000000","21123"
"1184","true","local-density","false","false","6","1000","4.5","1000","1000000","20938"
"1185","true","local-density","false","false","6","1000","4.5","1000","1000000","21147"
"1183","true","local-density","false","false","6","1000","4.5","1000","1000000","21220"
"1186","true","local-density","false","false","6","1000","4.5","1000","1000000","21139"
"1187","true","local-density","false","false","6","1000","4.5","1000","1000000","21245"
"1188","true","local-density","false","false","6","1000","4.5","1000","1000000","20992"
"1189","true","local-density","false","false","6","1000","4.5","1000","1000000","21176"
"1190","true","local-density","false","false","6","1000","4.5","1000","1000000","21250"
"1192","true","local-density","false","false","6","1000","4.5","1000","1000000","21285"
"1191","true","local-density","false","false","6","1000","4.5","1000","1000000","21151"
"1193","true","local-density","false","false","6","1000","4.5","1000","1000000","21151"
"1194","true","local-density","false","false","6","1000","4.5","1000","1000000","20848"
"1195","true","local-density","false","false","6","1000","4.5","1000","1000000","21169"
"1196","true","local-density","false","false","6","1000","4.5","1000","1000000","21137"
"1197","true","local-density","false","false","6","1000","4.5","1000","1000000","21026"
"1198","true","local-density","false","false","6","1000","4.5","1000","1000000","21290"
"1199","true","local-density","false","false","6","1000","4.5","1000","1000000","21085"
"1201","true","local-density","false","false","6","1000","9","1000","1000000","20532"
"1200","true","local-density","false","false","6","1000","4.5","1000","1000000","21112"
"1202","true","local-density","false","false","6","1000","9","1000","1000000","20459"
"1203","true","local-density","false","false","6","1000","9","1000","1000000","20969"
"1204","true","local-density","false","false","6","1000","9","1000","1000000","20699"
"1205","true","local-density","false","false","6","1000","9","1000","1000000","20285"
"1206","true","local-density","false","false","6","1000","9","1000","1000000","20575"
"1207","true","local-density","false","false","6","1000","9","1000","1000000","20553"
"1208","true","local-density","false","false","6","1000","9","1000","1000000","20750"
"1209","true","local-density","false","false","6","1000","9","1000","1000000","20658"
"1210","true","local-density","false","false","6","1000","9","1000","1000000","21066"
"1211","true","local-density","false","false","6","1000","9","1000","1000000","20739"
"1213","true","local-density","false","false","6","1000","9","1000","1000000","20705"
"1212","true","local-density","false","false","6","1000","9","1000","1000000","20737"
"1214","true","local-density","false","false","6","1000","9","1000","1000000","20791"
"1215","true","local-density","false","false","6","1000","9","1000","1000000","20654"
"1217","true","local-density","false","false","6","1000","9","1000","1000000","20808"
"1216","true","local-density","false","false","6","1000","9","1000","1000000","20838"
"1218","true","local-density","false","false","6","1000","9","1000","1000000","20309"
"1219","true","local-density","false","false","6","1000","9","1000","1000000","20289"
"1220","true","local-density","false","false","6","1000","9","1000","1000000","20565"
"1221","true","local-density","false","false","6","1000","9","1000","1000000","20492"
"1222","true","local-density","false","false","6","1000","9","1000","1000000","20686"
"1223","true","local-density","false","false","6","1000","9","1000","1000000","20695"
"1224","true","local-density","false","false","6","1000","9","1000","1000000","20935"
"1225","true","local-density","false","false","6","1000","9","1000","1000000","20738"
"1226","true","local-density","false","false","6","1000","9","1000","1000000","20469"
"1227","true","local-density","false","false","6","1000","9","1000","1000000","20687"
"1228","true","local-density","false","false","6","1000","9","1000","1000000","20721"
"1229","true","local-density","false","false","6","1000","9","1000","1000000","20577"
"1230","true","local-density","false","false","6","1000","9","1000","1000000","21112"
"1231","true","local-density","false","false","6","1000","9","1000","1000000","20813"
"1232","true","local-density","false","false","6","1000","9","1000","1000000","20716"
"1233","true","local-density","false","false","6","1000","9","1000","1000000","20655"
"1234","true","local-density","false","false","6","1000","9","1000","1000000","20720"
"1235","true","local-density","false","false","6","1000","9","1000","1000000","20821"
"1236","true","local-density","false","false","6","1000","9","1000","1000000","20814"
"1237","true","local-density","false","false","6","1000","9","1000","1000000","20771"
"1238","true","local-density","false","false","6","1000","9","1000","1000000","20639"
"1239","true","local-density","false","false","6","1000","9","1000","1000000","20539"
"1241","true","local-density","false","false","6","1000","9","1000","1000000","20397"
"1240","true","local-density","false","false","6","1000","9","1000","1000000","20497"
"1242","true","local-density","false","false","6","1000","9","1000","1000000","20530"
"1243","true","local-density","false","false","6","1000","9","1000","1000000","20696"
"1244","true","local-density","false","false","6","1000","9","1000","1000000","20513"
"1245","true","local-density","false","false","6","1000","9","1000","1000000","20711"
"1246","true","local-density","false","false","6","1000","9","1000","1000000","20542"
"1247","true","local-density","false","false","6","1000","9","1000","1000000","20581"
"1248","true","local-density","false","false","6","1000","9","1000","1000000","20764"
"1249","true","local-density","false","false","6","1000","9","1000","1000000","20953"
"1250","true","local-density","false","false","6","1000","9","1000","1000000","20764"
"1251","true","local-density","false","false","6","1000","9","1000","1000000","20617"
"1252","true","local-density","false","false","6","1000","9","1000","1000000","20696"
"1253","true","local-density","false","false","6","1000","9","1000","1000000","20728"
"1254","true","local-density","false","false","6","1000","9","1000","1000000","20563"
"1255","true","local-density","false","false","6","1000","9","1000","1000000","20646"
"1256","true","local-density","false","false","6","1000","9","1000","1000000","20246"
"1257","true","local-density","false","false","6","1000","9","1000","1000000","20224"
"1258","true","local-density","false","false","6","1000","9","1000","1000000","20995"
"1259","true","local-density","false","false","6","1000","9","1000","1000000","20817"
"1261","true","local-density","false","false","6","1","2.25","1000","1000000","34116"
"1260","true","local-density","false","false","6","1000","9","1000","1000000","20699"
"1262","true","local-density","false","false","6","1","2.25","1000","1000000","34074"
"1263","true","local-density","false","false","6","1","2.25","1000","1000000","33787"
"1264","true","local-density","false","false","6","1","2.25","1000","1000000","33701"
"1266","true","local-density","false","false","6","1","2.25","1000","1000000","33638"
"1265","true","local-density","false","false","6","1","2.25","1000","1000000","33960"
"1267","true","local-density","false","false","6","1","2.25","1000","1000000","34114"
"1268","true","local-density","false","false","6","1","2.25","1000","1000000","33881"
"1269","true","local-density","false","false","6","1","2.25","1000","1000000","34058"
"1270","true","local-density","false","false","6","1","2.25","1000","1000000","34399"
"1271","true","local-density","false","false","6","1","2.25","1000","1000000","34471"
"1272","true","local-density","false","false","6","1","2.25","1000","1000000","34089"
"1273","true","local-density","false","false","6","1","2.25","1000","1000000","34366"
"1274","true","local-density","false","false","6","1","2.25","1000","1000000","34041"
"1275","true","local-density","false","false","6","1","2.25","1000","1000000","34051"
"1276","true","local-density","false","false","6","1","2.25","1000","1000000","33354"
"1277","true","local-density","false","false","6","1","2.25","1000","1000000","33937"
"1278","true","local-density","false","false","6","1","2.25","1000","1000000","33454"
"1279","true","local-density","false","false","6","1","2.25","1000","1000000","33794"
"1281","true","local-density","false","false","6","1","2.25","1000","1000000","33786"
"1280","true","local-density","false","false","6","1","2.25","1000","1000000","32826"
"1282","true","local-density","false","false","6","1","2.25","1000","1000000","33244"
"1283","true","local-density","false","false","6","1","2.25","1000","1000000","33598"
"1284","true","local-density","false","false","6","1","2.25","1000","1000000","34097"
"1285","true","local-density","false","false","6","1","2.25","1000","1000000","33636"
"1287","true","local-density","false","false","6","1","2.25","1000","1000000","33988"
"1286","true","local-density","false","false","6","1","2.25","1000","1000000","34005"
"1288","true","local-density","false","false","6","1","2.25","1000","1000000","33725"
"1289","true","local-density","false","false","6","1","2.25","1000","1000000","33508"
"1290","true","local-density","false","false","6","1","2.25","1000","1000000","33378"
"1291","true","local-density","false","false","6","1","2.25","1000","1000000","34093"
"1292","true","local-density","false","false","6","1","2.25","1000","1000000","33465"
"1293","true","local-density","false","false","6","1","2.25","1000","1000000","33534"
"1294","true","local-density","false","false","6","1","2.25","1000","1000000","33525"
"1295","true","local-density","false","false","6","1","2.25","1000","1000000","34389"
"1296","true","local-density","false","false","6","1","2.25","1000","1000000","34471"
"1297","true","local-density","false","false","6","1","2.25","1000","1000000","34538"
"1298","true","local-density","false","false","6","1","2.25","1000","1000000","34688"
"1299","true","local-density","false","false","6","1","2.25","1000","1000000","34215"
"1301","true","local-density","false","false","6","1","2.25","1000","1000000","33394"
"1300","true","local-density","false","false","6","1","2.25","1000","1000000","34017"
"1302","true","local-density","false","false","6","1","2.25","1000","1000000","33301"
"1303","true","local-density","false","false","6","1","2.25","1000","1000000","34305"
"1304","true","local-density","false","false","6","1","2.25","1000","1000000","34372"
"1305","true","local-density","false","false","6","1","2.25","1000","1000000","33886"
"1307","true","local-density","false","false","6","1","2.25","1000","1000000","33937"
"1306","true","local-density","false","false","6","1","2.25","1000","1000000","34051"
"1308","true","local-density","false","false","6","1","2.25","1000","1000000","34160"
"1309","true","local-density","false","false","6","1","2.25","1000","1000000","34207"
"1310","true","local-density","false","false","6","1","2.25","1000","1000000","34251"
"1311","true","local-density","false","false","6","1","2.25","1000","1000000","33431"
"1312","true","local-density","false","false","6","1","2.25","1000","1000000","33851"
"1313","true","local-density","false","false","6","1","2.25","1000","1000000","33756"
"1314","true","local-density","false","false","6","1","2.25","1000","1000000","34203"
"1315","true","local-density","false","false","6","1","2.25","1000","1000000","33594"
"1316","true","local-density","false","false","6","1","2.25","1000","1000000","34114"
"1317","true","local-density","false","false","6","1","2.25","1000","1000000","34172"
"1318","true","local-density","false","false","6","1","2.25","1000","1000000","34137"
"1319","true","local-density","false","false","6","1","2.25","1000","1000000","33519"
"1320","true","local-density","false","false","6","1","2.25","1000","1000000","33645"
"1321","true","local-density","false","false","6","1","4.5","1000","1000000","37412"
"1322","true","local-density","false","false","6","1","4.5","1000","1000000","37487"
"1323","true","local-density","false","false","6","1","4.5","1000","1000000","36932"
"1324","true","local-density","false","false","6","1","4.5","1000","1000000","37526"
"1325","true","local-density","false","false","6","1","4.5","1000","1000000","38536"
"1326","true","local-density","false","false","6","1","4.5","1000","1000000","37443"
"1327","true","local-density","false","false","6","1","4.5","1000","1000000","38236"
"1328","true","local-density","false","false","6","1","4.5","1000","1000000","37154"
"1329","true","local-density","false","false","6","1","4.5","1000","1000000","37083"
"1330","true","local-density","false","false","6","1","4.5","1000","1000000","36861"
"1332","true","local-density","false","false","6","1","4.5","1000","1000000","37818"
"1333","true","local-density","false","false","6","1","4.5","1000","1000000","37077"
"1331","true","local-density","false","false","6","1","4.5","1000","1000000","37839"
"1334","true","local-density","false","false","6","1","4.5","1000","1000000","37855"
"1335","true","local-density","false","false","6","1","4.5","1000","1000000","38257"
"1336","true","local-density","false","false","6","1","4.5","1000","1000000","36953"
"1337","true","local-density","false","false","6","1","4.5","1000","1000000","37742"
"1338","true","local-density","false","false","6","1","4.5","1000","1000000","37292"
"1339","true","local-density","false","false","6","1","4.5","1000","1000000","37812"
"1340","true","local-density","false","false","6","1","4.5","1000","1000000","38418"
"1341","true","local-density","false","false","6","1","4.5","1000","1000000","37078"
"1342","true","local-density","false","false","6","1","4.5","1000","1000000","36788"
"1343","true","local-density","false","false","6","1","4.5","1000","1000000","37226"
"1344","true","local-density","false","false","6","1","4.5","1000","1000000","37712"
"1345","true","local-density","false","false","6","1","4.5","1000","1000000","37157"
"1347","true","local-density","false","false","6","1","4.5","1000","1000000","38440"
"1346","true","local-density","false","false","6","1","4.5","1000","1000000","37242"
"1348","true","local-density","false","false","6","1","4.5","1000","1000000","35986"
"1350","true","local-density","false","false","6","1","4.5","1000","1000000","36645"
"1349","true","local-density","false","false","6","1","4.5","1000","1000000","37617"
"1351","true","local-density","false","false","6","1","4.5","1000","1000000","37558"
"1352","true","local-density","false","false","6","1","4.5","1000","1000000","38033"
"1354","true","local-density","false","false","6","1","4.5","1000","1000000","37294"
"1353","true","local-density","false","false","6","1","4.5","1000","1000000","37702"
"1355","true","local-density","false","false","6","1","4.5","1000","1000000","38399"
"1356","true","local-density","false","false","6","1","4.5","1000","1000000","37526"
"1357","true","local-density","false","false","6","1","4.5","1000","1000000","37399"
"1358","true","local-density","false","false","6","1","4.5","1000","1000000","37096"
"1359","true","local-density","false","false","6","1","4.5","1000","1000000","37359"
"1360","true","local-density","false","false","6","1","4.5","1000","1000000","38319"
"1361","true","local-density","false","false","6","1","4.5","1000","1000000","37641"
"1364","true","local-density","false","false","6","1","4.5","1000","1000000","38275"
"1363","true","local-density","false","false","6","1","4.5","1000","1000000","36936"
"1362","true","local-density","false","false","6","1","4.5","1000","1000000","38667"
"1365","true","local-density","false","false","6","1","4.5","1000","1000000","36392"
"1366","true","local-density","false","false","6","1","4.5","1000","1000000","37093"
"1368","true","local-density","false","false","6","1","4.5","1000","1000000","36950"
"1367","true","local-density","false","false","6","1","4.5","1000","1000000","38054"
"1369","true","local-density","false","false","6","1","4.5","1000","1000000","36964"
"1370","true","local-density","false","false","6","1","4.5","1000","1000000","37000"
"1371","true","local-density","false","false","6","1","4.5","1000","1000000","37605"
"1373","true","local-density","false","false","6","1","4.5","1000","1000000","38218"
"1372","true","local-density","false","false","6","1","4.5","1000","1000000","36971"
"1374","true","local-density","false","false","6","1","4.5","1000","1000000","37515"
"1375","true","local-density","false","false","6","1","4.5","1000","1000000","37384"
"1376","true","local-density","false","false","6","1","4.5","1000","1000000","37568"
"1377","true","local-density","false","false","6","1","4.5","1000","1000000","37918"
"1378","true","local-density","false","false","6","1","4.5","1000","1000000","38290"
"1380","true","local-density","false","false","6","1","4.5","1000","1000000","37297"
"1379","true","local-density","false","false","6","1","4.5","1000","1000000","37286"
"1381","true","local-density","false","false","6","1","9","1000","1000000","36634"
"1382","true","local-density","false","false","6","1","9","1000","1000000","37523"
"1383","true","local-density","false","false","6","1","9","1000","1000000","36185"
"1384","true","local-density","false","false","6","1","9","1000","1000000","37839"
"1385","true","local-density","false","false","6","1","9","1000","1000000","36952"
"1386","true","local-density","false","false","6","1","9","1000","1000000","37110"
"1387","true","local-density","false","false","6","1","9","1000","1000000","37443"
"1388","true","local-density","false","false","6","1","9","1000","1000000","37363"
"1389","true","local-density","false","false","6","1","9","1000","1000000","37148"
"1391","true","local-density","false","false","6","1","9","1000","1000000","36323"
"1390","true","local-density","false","false","6","1","9","1000","1000000","38112"
"1392","true","local-density","false","false","6","1","9","1000","1000000","37065"
"1393","true","local-density","false","false","6","1","9","1000","1000000","38802"
"1394","true","local-density","false","false","6","1","9","1000","1000000","38683"
"1395","true","local-density","false","false","6","1","9","1000","1000000","37548"
"1396","true","local-density","false","false","6","1","9","1000","1000000","37263"
"1397","true","local-density","false","false","6","1","9","1000","1000000","36744"
"1398","true","local-density","false","false","6","1","9","1000","1000000","37381"
"1399","true","local-density","false","false","6","1","9","1000","1000000","36721"
"1400","true","local-density","false","false","6","1","9","1000","1000000","37131"
"1401","true","local-density","false","false","6","1","9","1000","1000000","36506"
"1402","true","local-density","false","false","6","1","9","1000","1000000","37285"
"1403","true","local-density","false","false","6","1","9","1000","1000000","36919"
"1404","true","local-density","false","false","6","1","9","1000","1000000","37449"
"1405","true","local-density","false","false","6","1","9","1000","1000000","37089"
"1406","true","local-density","false","false","6","1","9","1000","1000000","37702"
"1408","true","local-density","false","false","6","1","9","1000","1000000","37870"
"1407","true","local-density","false","false","6","1","9","1000","1000000","37337"
"1409","true","local-density","false","false","6","1","9","1000","1000000","36154"
"1410","true","local-density","false","false","6","1","9","1000","1000000","37800"
"1411","true","local-density","false","false","6","1","9","1000","1000000","36586"
"1412","true","local-density","false","false","6","1","9","1000","1000000","37427"
"1413","true","local-density","false","false","6","1","9","1000","1000000","36974"
"1414","true","local-density","false","false","6","1","9","1000","1000000","37017"
"1415","true","local-density","false","false","6","1","9","1000","1000000","36903"
"1416","true","local-density","false","false","6","1","9","1000","1000000","37620"
"1417","true","local-density","false","false","6","1","9","1000","1000000","36859"
"1418","true","local-density","false","false","6","1","9","1000","1000000","36985"
"1419","true","local-density","false","false","6","1","9","1000","1000000","37172"
"1420","true","local-density","false","false","6","1","9","1000","1000000","37510"
"1421","true","local-density","false","false","6","1","9","1000","1000000","35666"
"1422","true","local-density","false","false","6","1","9","1000","1000000","38498"
"1423","true","local-density","false","false","6","1","9","1000","1000000","37014"
"1425","true","local-density","false","false","6","1","9","1000","1000000","37099"
"1424","true","local-density","false","false","6","1","9","1000","1000000","37171"
"1427","true","local-density","false","false","6","1","9","1000","1000000","36832"
"1426","true","local-density","false","false","6","1","9","1000","1000000","36741"
"1428","true","local-density","false","false","6","1","9","1000","1000000","37287"
"1429","true","local-density","false","false","6","1","9","1000","1000000","37383"
"1430","true","local-density","false","false","6","1","9","1000","1000000","36515"
"1432","true","local-density","false","false","6","1","9","1000","1000000","36521"
"1431","true","local-density","false","false","6","1","9","1000","1000000","36594"
"1434","true","local-density","false","false","6","1","9","1000","1000000","36433"
"1435","true","local-density","false","false","6","1","9","1000","1000000","38967"
"1433","true","local-density","false","false","6","1","9","1000","1000000","38575"
"1436","true","local-density","false","false","6","1","9","1000","1000000","37096"
"1438","true","local-density","false","false","6","1","9","1000","1000000","38250"
"1437","true","local-density","false","false","6","1","9","1000","1000000","38306"
"1439","true","local-density","false","false","6","1","9","1000","1000000","37991"
"1440","true","local-density","false","false","6","1","9","1000","1000000","38275"
"1441","true","local-density","false","false","7","1000","2.25","1000","1000000","19669"
"1442","true","local-density","false","false","7","1000","2.25","1000","1000000","19834"
"1443","true","local-density","false","false","7","1000","2.25","1000","1000000","19744"
"1444","true","local-density","false","false","7","1000","2.25","1000","1000000","19591"
"1445","true","local-density","false","false","7","1000","2.25","1000","1000000","19718"
"1446","true","local-density","false","false","7","1000","2.25","1000","1000000","19689"
"1447","true","local-density","false","false","7","1000","2.25","1000","1000000","19567"
"1448","true","local-density","false","false","7","1000","2.25","1000","1000000","19650"
"1449","true","local-density","false","false","7","1000","2.25","1000","1000000","19591"
"1450","true","local-density","false","false","7","1000","2.25","1000","1000000","19559"
"1451","true","local-density","false","false","7","1000","2.25","1000","1000000","19675"
"1452","true","local-density","false","false","7","1000","2.25","1000","1000000","19550"
"1453","true","local-density","false","false","7","1000","2.25","1000","1000000","19664"
"1454","true","local-density","false","false","7","1000","2.25","1000","1000000","19459"
"1455","true","local-density","false","false","7","1000","2.25","1000","1000000","19779"
"1456","true","local-density","false","false","7","1000","2.25","1000","1000000","19691"
"1457","true","local-density","false","false","7","1000","2.25","1000","1000000","19553"
"1458","true","local-density","false","false","7","1000","2.25","1000","1000000","19661"
"1459","true","local-density","false","false","7","1000","2.25","1000","1000000","19692"
"1460","true","local-density","false","false","7","1000","2.25","1000","1000000","19654"
"1461","true","local-density","false","false","7","1000","2.25","1000","1000000","19685"
"1462","true","local-density","false","false","7","1000","2.25","1000","1000000","19615"
"1463","true","local-density","false","false","7","1000","2.25","1000","1000000","19821"
"1464","true","local-density","false","false","7","1000","2.25","1000","1000000","19688"
"1465","true","local-density","false","false","7","1000","2.25","1000","1000000","19616"
"1466","true","local-density","false","false","7","1000","2.25","1000","1000000","19544"
"1467","true","local-density","false","false","7","1000","2.25","1000","1000000","19558"
"1468","true","local-density","false","false","7","1000","2.25","1000","1000000","19628"
"1469","true","local-density","false","false","7","1000","2.25","1000","1000000","19676"
"1470","true","local-density","false","false","7","1000","2.25","1000","1000000","19754"
"1471","true","local-density","false","false","7","1000","2.25","1000","1000000","19757"
"1472","true","local-density","false","false","7","1000","2.25","1000","1000000","19865"
"1473","true","local-density","false","false","7","1000","2.25","1000","1000000","19502"
"1474","true","local-density","false","false","7","1000","2.25","1000","1000000","19734"
"1475","true","local-density","false","false","7","1000","2.25","1000","1000000","19664"
"1476","true","local-density","false","false","7","1000","2.25","1000","1000000","19662"
"1477","true","local-density","false","false","7","1000","2.25","1000","1000000","19574"
"1478","true","local-density","false","false","7","1000","2.25","1000","1000000","19566"
"1479","true","local-density","false","false","7","1000","2.25","1000","1000000","19666"
"1480","true","local-density","false","false","7","1000","2.25","1000","1000000","19690"
"1481","true","local-density","false","false","7","1000","2.25","1000","1000000","19623"
"1483","true","local-density","false","false","7","1000","2.25","1000","1000000","19820"
"1482","true","local-density","false","false","7","1000","2.25","1000","1000000","19621"
"1484","true","local-density","false","false","7","1000","2.25","1000","1000000","19628"
"1485","true","local-density","false","false","7","1000","2.25","1000","1000000","19691"
"1486","true","local-density","false","false","7","1000","2.25","1000","1000000","19665"
"1487","true","local-density","false","false","7","1000","2.25","1000","1000000","19485"
"1488","true","local-density","false","false","7","1000","2.25","1000","1000000","19613"
"1489","true","local-density","false","false","7","1000","2.25","1000","1000000","19721"
"1491","true","local-density","false","false","7","1000","2.25","1000","1000000","19698"
"1490","true","local-density","false","false","7","1000","2.25","1000","1000000","19665"
"1492","true","local-density","false","false","7","1000","2.25","1000","1000000","19559"
"1493","true","local-density","false","false","7","1000","2.25","1000","1000000","19652"
"1494","true","local-density","false","false","7","1000","2.25","1000","1000000","19718"
"1495","true","local-density","false","false","7","1000","2.25","1000","1000000","19621"
"1496","true","local-density","false","false","7","1000","2.25","1000","1000000","19512"
"1497","true","local-density","false","false","7","1000","2.25","1000","1000000","19867"
"1499","true","local-density","false","false","7","1000","2.25","1000","1000000","19641"
"1498","true","local-density","false","false","7","1000","2.25","1000","1000000","19621"
"1500","true","local-density","false","false","7","1000","2.25","1000","1000000","19676"
"1501","true","local-density","false","false","7","1000","4.5","1000","1000000","20747"
"1502","true","local-density","false","false","7","1000","4.5","1000","1000000","20934"
"1503","true","local-density","false","false","7","1000","4.5","1000","1000000","20991"
"1504","true","local-density","false","false","7","1000","4.5","1000","1000000","20876"
"1505","true","local-density","false","false","7","1000","4.5","1000","1000000","21048"
"1507","true","local-density","false","false","7","1000","4.5","1000","1000000","20918"
"1506","true","local-density","false","false","7","1000","4.5","1000","1000000","20781"
"1508","true","local-density","false","false","7","1000","4.5","1000","1000000","20821"
"1509","true","local-density","false","false","7","1000","4.5","1000","1000000","20985"
"1511","true","local-density","false","false","7","1000","4.5","1000","1000000","20752"
"1510","true","local-density","false","false","7","1000","4.5","1000","1000000","20840"
"1512","true","local-density","false","false","7","1000","4.5","1000","1000000","20820"
"1513","true","local-density","false","false","7","1000","4.5","1000","1000000","20576"
"1514","true","local-density","false","false","7","1000","4.5","1000","1000000","20964"
"1515","true","local-density","false","false","7","1000","4.5","1000","1000000","20826"
"1516","true","local-density","false","false","7","1000","4.5","1000","1000000","20627"
"1517","true","local-density","false","false","7","1000","4.5","1000","1000000","21074"
"1518","true","local-density","false","false","7","1000","4.5","1000","1000000","20875"
"1519","true","local-density","false","false","7","1000","4.5","1000","1000000","20854"
"1520","true","local-density","false","false","7","1000","4.5","1000","1000000","20744"
"1521","true","local-density","false","false","7","1000","4.5","1000","1000000","20885"
"1522","true","local-density","false","false","7","1000","4.5","1000","1000000","20840"
"1523","true","local-density","false","false","7","1000","4.5","1000","1000000","20801"
"1524","true","local-density","false","false","7","1000","4.5","1000","1000000","20829"
"1525","true","local-density","false","false","7","1000","4.5","1000","1000000","21000"
"1526","true","local-density","false","false","7","1000","4.5","1000","1000000","20712"
"1527","true","local-density","false","false","7","1000","4.5","1000","1000000","20770"
"1528","true","local-density","false","false","7","1000","4.5","1000","1000000","21021"
"1529","true","local-density","false","false","7","1000","4.5","1000","1000000","20865"
"1530","true","local-density","false","false","7","1000","4.5","1000","1000000","20886"
"1531","true","local-density","false","false","7","1000","4.5","1000","1000000","20796"
"1532","true","local-density","false","false","7","1000","4.5","1000","1000000","20693"
"1533","true","local-density","false","false","7","1000","4.5","1000","1000000","20753"
"1534","true","local-density","false","false","7","1000","4.5","1000","1000000","20863"
"1535","true","local-density","false","false","7","1000","4.5","1000","1000000","20935"
"1536","true","local-density","false","false","7","1000","4.5","1000","1000000","20837"
"1537","true","local-density","false","false","7","1000","4.5","1000","1000000","20856"
"1538","true","local-density","false","false","7","1000","4.5","1000","1000000","20848"
"1539","true","local-density","false","false","7","1000","4.5","1000","1000000","20686"
"1540","true","local-density","false","false","7","1000","4.5","1000","1000000","20885"
"1541","true","local-density","false","false","7","1000","4.5","1000","1000000","20688"
"1542","true","local-density","false","false","7","1000","4.5","1000","1000000","20920"
"1543","true","local-density","false","false","7","1000","4.5","1000","1000000","20900"
"1544","true","local-density","false","false","7","1000","4.5","1000","1000000","20824"
"1545","true","local-density","false","false","7","1000","4.5","1000","1000000","21022"
"1546","true","local-density","false","false","7","1000","4.5","1000","1000000","20780"
"1547","true","local-density","false","false","7","1000","4.5","1000","1000000","20707"
"1548","true","local-density","false","false","7","1000","4.5","1000","1000000","20951"
"1549","true","local-density","false","false","7","1000","4.5","1000","1000000","20712"
"1550","true","local-density","false","false","7","1000","4.5","1000","1000000","21047"
"1551","true","local-density","false","false","7","1000","4.5","1000","1000000","20743"
"1552","true","local-density","false","false","7","1000","4.5","1000","1000000","20878"
"1553","true","local-density","false","false","7","1000","4.5","1000","1000000","20868"
"1554","true","local-density","false","false","7","1000","4.5","1000","1000000","20662"
"1555","true","local-density","false","false","7","1000","4.5","1000","1000000","20896"
"1556","true","local-density","false","false","7","1000","4.5","1000","1000000","21130"
"1557","true","local-density","false","false","7","1000","4.5","1000","1000000","20991"
"1558","true","local-density","false","false","7","1000","4.5","1000","1000000","20838"
"1559","true","local-density","false","false","7","1000","4.5","1000","1000000","20960"
"1560","true","local-density","false","false","7","1000","4.5","1000","1000000","20944"
"1561","true","local-density","false","false","7","1000","9","1000","1000000","20161"
"1562","true","local-density","false","false","7","1000","9","1000","1000000","20007"
"1563","true","local-density","false","false","7","1000","9","1000","1000000","19635"
"1564","true","local-density","false","false","7","1000","9","1000","1000000","20047"
"1565","true","local-density","false","false","7","1000","9","1000","1000000","20008"
"1566","true","local-density","false","false","7","1000","9","1000","1000000","19969"
"1567","true","local-density","false","false","7","1000","9","1000","1000000","20506"
"1568","true","local-density","false","false","7","1000","9","1000","1000000","19977"
"1569","true","local-density","false","false","7","1000","9","1000","1000000","19839"
"1570","true","local-density","false","false","7","1000","9","1000","1000000","20262"
"1571","true","local-density","false","false","7","1000","9","1000","1000000","20005"
"1572","true","local-density","false","false","7","1000","9","1000","1000000","19916"
"1573","true","local-density","false","false","7","1000","9","1000","1000000","20243"
"1574","true","local-density","false","false","7","1000","9","1000","1000000","20061"
"1575","true","local-density","false","false","7","1000","9","1000","1000000","20074"
"1576","true","local-density","false","false","7","1000","9","1000","1000000","20263"
"1577","true","local-density","false","false","7","1000","9","1000","1000000","19954"
"1578","true","local-density","false","false","7","1000","9","1000","1000000","20459"
"1579","true","local-density","false","false","7","1000","9","1000","1000000","20081"
"1580","true","local-density","false","false","7","1000","9","1000","1000000","20361"
"1581","true","local-density","false","false","7","1000","9","1000","1000000","20355"
"1582","true","local-density","false","false","7","1000","9","1000","1000000","20406"
"1583","true","local-density","false","false","7","1000","9","1000","1000000","20156"
"1584","true","local-density","false","false","7","1000","9","1000","1000000","19959"
"1585","true","local-density","false","false","7","1000","9","1000","1000000","20007"
"1586","true","local-density","false","false","7","1000","9","1000","1000000","19799"
"1587","true","local-density","false","false","7","1000","9","1000","1000000","19729"
"1588","true","local-density","false","false","7","1000","9","1000","1000000","19775"
"1589","true","local-density","false","false","7","1000","9","1000","1000000","20138"
"1590","true","local-density","false","false","7","1000","9","1000","1000000","19965"
"1591","true","local-density","false","false","7","1000","9","1000","1000000","19734"
"1593","true","local-density","false","false","7","1000","9","1000","1000000","19743"
"1592","true","local-density","false","false","7","1000","9","1000","1000000","20128"
"1594","true","local-density","false","false","7","1000","9","1000","1000000","20192"
"1595","true","local-density","false","false","7","1000","9","1000","1000000","20098"
"1596","true","local-density","false","false","7","1000","9","1000","1000000","19948"
"1597","true","local-density","false","false","7","1000","9","1000","1000000","20476"
"1598","true","local-density","false","false","7","1000","9","1000","1000000","19957"
"1599","true","local-density","false","false","7","1000","9","1000","1000000","20021"
"1600","true","local-density","false","false","7","1000","9","1000","1000000","19550"
"1601","true","local-density","false","false","7","1000","9","1000","1000000","20228"
"1602","true","local-density","false","false","7","1000","9","1000","1000000","20385"
"1603","true","local-density","false","false","7","1000","9","1000","1000000","19925"
"1605","true","local-density","false","false","7","1000","9","1000","1000000","20130"
"1604","true","local-density","false","false","7","1000","9","1000","1000000","19985"
"1606","true","local-density","false","false","7","1000","9","1000","1000000","19938"
"1607","true","local-density","false","false","7","1000","9","1000","1000000","19807"
"1608","true","local-density","false","false","7","1000","9","1000","1000000","19958"
"1609","true","local-density","false","false","7","1000","9","1000","1000000","20180"
"1610","true","local-density","false","false","7","1000","9","1000","1000000","20016"
"1611","true","local-density","false","false","7","1000","9","1000","1000000","19981"
"1612","true","local-density","false","false","7","1000","9","1000","1000000","20183"
"1613","true","local-density","false","false","7","1000","9","1000","1000000","20049"
"1614","true","local-density","false","false","7","1000","9","1000","1000000","19637"
"1615","true","local-density","false","false","7","1000","9","1000","1000000","20162"
"1616","true","local-density","false","false","7","1000","9","1000","1000000","20278"
"1617","true","local-density","false","false","7","1000","9","1000","1000000","20148"
"1618","true","local-density","false","false","7","1000","9","1000","1000000","20212"
"1621","true","local-density","false","false","7","1","2.25","1000","1000000","33272"
"1619","true","local-density","false","false","7","1000","9","1000","1000000","20226"
"1620","true","local-density","false","false","7","1000","9","1000","1000000","19795"
"1622","true","local-density","false","false","7","1","2.25","1000","1000000","33942"
"1623","true","local-density","false","false","7","1","2.25","1000","1000000","33440"
"1624","true","local-density","false","false","7","1","2.25","1000","1000000","33643"
"1625","true","local-density","false","false","7","1","2.25","1000","1000000","33173"
"1626","true","local-density","false","false","7","1","2.25","1000","1000000","33938"
"1628","true","local-density","false","false","7","1","2.25","1000","1000000","32820"
"1627","true","local-density","false","false","7","1","2.25","1000","1000000","33150"
"1629","true","local-density","false","false","7","1","2.25","1000","1000000","33955"
"1630","true","local-density","false","false","7","1","2.25","1000","1000000","33557"
"1631","true","local-density","false","false","7","1","2.25","1000","1000000","33957"
"1632","true","local-density","false","false","7","1","2.25","1000","1000000","33145"
"1633","true","local-density","false","false","7","1","2.25","1000","1000000","33651"
"1634","true","local-density","false","false","7","1","2.25","1000","1000000","33772"
"1635","true","local-density","false","false","7","1","2.25","1000","1000000","33788"
"1636","true","local-density","false","false","7","1","2.25","1000","1000000","33334"
"1637","true","local-density","false","false","7","1","2.25","1000","1000000","32941"
"1638","true","local-density","false","false","7","1","2.25","1000","1000000","33982"
"1639","true","local-density","false","false","7","1","2.25","1000","1000000","34242"
"1640","true","local-density","false","false","7","1","2.25","1000","1000000","33210"
"1641","true","local-density","false","false","7","1","2.25","1000","1000000","33146"
"1642","true","local-density","false","false","7","1","2.25","1000","1000000","33288"
"1644","true","local-density","false","false","7","1","2.25","1000","1000000","33595"
"1643","true","local-density","false","false","7","1","2.25","1000","1000000","33860"
"1645","true","local-density","false","false","7","1","2.25","1000","1000000","32921"
"1646","true","local-density","false","false","7","1","2.25","1000","1000000","33334"
"1647","true","local-density","false","false","7","1","2.25","1000","1000000","33349"
"1648","true","local-density","false","false","7","1","2.25","1000","1000000","33938"
"1649","true","local-density","false","false","7","1","2.25","1000","1000000","33894"
"1650","true","local-density","false","false","7","1","2.25","1000","1000000","33441"
"1651","true","local-density","false","false","7","1","2.25","1000","1000000","33300"
"1653","true","local-density","false","false","7","1","2.25","1000","1000000","34056"
"1652","true","local-density","false","false","7","1","2.25","1000","1000000","33322"
"1654","true","local-density","false","false","7","1","2.25","1000","1000000","34139"
"1655","true","local-density","false","false","7","1","2.25","1000","1000000","33151"
"1656","true","local-density","false","false","7","1","2.25","1000","1000000","33301"
"1657","true","local-density","false","false","7","1","2.25","1000","1000000","33597"
"1658","true","local-density","false","false","7","1","2.25","1000","1000000","33035"
"1659","true","local-density","false","false","7","1","2.25","1000","1000000","33253"
"1660","true","local-density","false","false","7","1","2.25","1000","1000000","33185"
"1662","true","local-density","false","false","7","1","2.25","1000","1000000","33774"
"1661","true","local-density","false","false","7","1","2.25","1000","1000000","32909"
"1663","true","local-density","false","false","7","1","2.25","1000","1000000","33439"
"1664","true","local-density","false","false","7","1","2.25","1000","1000000","33251"
"1665","true","local-density","false","false","7","1","2.25","1000","1000000","33789"
"1666","true","local-density","false","false","7","1","2.25","1000","1000000","33398"
"1667","true","local-density","false","false","7","1","2.25","1000","1000000","33847"
"1668","true","local-density","false","false","7","1","2.25","1000","1000000","34197"
"1669","true","local-density","false","false","7","1","2.25","1000","1000000","33798"
"1670","true","local-density","false","false","7","1","2.25","1000","1000000","32702"
"1672","true","local-density","false","false","7","1","2.25","1000","1000000","33384"
"1671","true","local-density","false","false","7","1","2.25","1000","1000000","33361"
"1673","true","local-density","false","false","7","1","2.25","1000","1000000","33047"
"1674","true","local-density","false","false","7","1","2.25","1000","1000000","33922"
"1677","true","local-density","false","false","7","1","2.25","1000","1000000","33968"
"1675","true","local-density","false","false","7","1","2.25","1000","1000000","33737"
"1676","true","local-density","false","false","7","1","2.25","1000","1000000","33335"
"1678","true","local-density","false","false","7","1","2.25","1000","1000000","33212"
"1679","true","local-density","false","false","7","1","2.25","1000","1000000","33013"
"1680","true","local-density","false","false","7","1","2.25","1000","1000000","33624"
"1681","true","local-density","false","false","7","1","4.5","1000","1000000","36609"
"1682","true","local-density","false","false","7","1","4.5","1000","1000000","35980"
"1683","true","local-density","false","false","7","1","4.5","1000","1000000","35761"
"1684","true","local-density","false","false","7","1","4.5","1000","1000000","36287"
"1685","true","local-density","false","false","7","1","4.5","1000","1000000","36185"
"1686","true","local-density","false","false","7","1","4.5","1000","1000000","36522"
"1687","true","local-density","false","false","7","1","4.5","1000","1000000","36706"
"1688","true","local-density","false","false","7","1","4.5","1000","1000000","35916"
"1689","true","local-density","false","false","7","1","4.5","1000","1000000","37013"
"1690","true","local-density","false","false","7","1","4.5","1000","1000000","36516"
"1691","true","local-density","false","false","7","1","4.5","1000","1000000","36314"
"1693","true","local-density","false","false","7","1","4.5","1000","1000000","36214"
"1692","true","local-density","false","false","7","1","4.5","1000","1000000","36298"
"1694","true","local-density","false","false","7","1","4.5","1000","1000000","35353"
"1695","true","local-density","false","false","7","1","4.5","1000","1000000","36423"
"1696","true","local-density","false","false","7","1","4.5","1000","1000000","36000"
"1697","true","local-density","false","false","7","1","4.5","1000","1000000","36335"
"1698","true","local-density","false","false","7","1","4.5","1000","1000000","36509"
"1699","true","local-density","false","false","7","1","4.5","1000","1000000","35612"
"1700","true","local-density","false","false","7","1","4.5","1000","1000000","36040"
"1701","true","local-density","false","false","7","1","4.5","1000","1000000","36406"
"1702","true","local-density","false","false","7","1","4.5","1000","1000000","36164"
"1703","true","local-density","false","false","7","1","4.5","1000","1000000","36278"
"1704","true","local-density","false","false","7","1","4.5","1000","1000000","35866"
"1705","true","local-density","false","false","7","1","4.5","1000","1000000","36210"
"1706","true","local-density","false","false","7","1","4.5","1000","1000000","35967"
"1707","true","local-density","false","false","7","1","4.5","1000","1000000","36657"
"1708","true","local-density","false","false","7","1","4.5","1000","1000000","35717"
"1709","true","local-density","false","false","7","1","4.5","1000","1000000","36206"
"1710","true","local-density","false","false","7","1","4.5","1000","1000000","37115"
"1711","true","local-density","false","false","7","1","4.5","1000","1000000","35922"
"1712","true","local-density","false","false","7","1","4.5","1000","1000000","36572"
"1713","true","local-density","false","false","7","1","4.5","1000","1000000","35309"
"1714","true","local-density","false","false","7","1","4.5","1000","1000000","35696"
"1716","true","local-density","false","false","7","1","4.5","1000","1000000","36307"
"1715","true","local-density","false","false","7","1","4.5","1000","1000000","36125"
"1717","true","local-density","false","false","7","1","4.5","1000","1000000","35411"
"1718","true","local-density","false","false","7","1","4.5","1000","1000000","35801"
"1719","true","local-density","false","false","7","1","4.5","1000","1000000","36124"
"1720","true","local-density","false","false","7","1","4.5","1000","1000000","36911"
"1721","true","local-density","false","false","7","1","4.5","1000","1000000","36636"
"1722","true","local-density","false","false","7","1","4.5","1000","1000000","36747"
"1723","true","local-density","false","false","7","1","4.5","1000","1000000","36641"
"1724","true","local-density","false","false","7","1","4.5","1000","1000000","36934"
"1725","true","local-density","false","false","7","1","4.5","1000","1000000","35368"
"1726","true","local-density","false","false","7","1","4.5","1000","1000000","36558"
"1727","true","local-density","false","false","7","1","4.5","1000","1000000","36100"
"1728","true","local-density","false","false","7","1","4.5","1000","1000000","36425"
"1729","true","local-density","false","false","7","1","4.5","1000","1000000","36924"
"1730","true","local-density","false","false","7","1","4.5","1000","1000000","36137"
"1731","true","local-density","false","false","7","1","4.5","1000","1000000","36342"
"1732","true","local-density","false","false","7","1","4.5","1000","1000000","37033"
"1733","true","local-density","false","false","7","1","4.5","1000","1000000","36370"
"1734","true","local-density","false","false","7","1","4.5","1000","1000000","35801"
"1735","true","local-density","false","false","7","1","4.5","1000","1000000","36473"
"1736","true","local-density","false","false","7","1","4.5","1000","1000000","36331"
"1737","true","local-density","false","false","7","1","4.5","1000","1000000","36623"
"1738","true","local-density","false","false","7","1","4.5","1000","1000000","36350"
"1740","true","local-density","false","false","7","1","4.5","1000","1000000","35774"
"1739","true","local-density","false","false","7","1","4.5","1000","1000000","36462"
"1741","true","local-density","false","false","7","1","9","1000","1000000","35927"
"1742","true","local-density","false","false","7","1","9","1000","1000000","35503"
"1743","true","local-density","false","false","7","1","9","1000","1000000","34940"
"1744","true","local-density","false","false","7","1","9","1000","1000000","35400"
"1745","true","local-density","false","false","7","1","9","1000","1000000","34288"
"1746","true","local-density","false","false","7","1","9","1000","1000000","35594"
"1747","true","local-density","false","false","7","1","9","1000","1000000","35279"
"1748","true","local-density","false","false","7","1","9","1000","1000000","35738"
"1749","true","local-density","false","false","7","1","9","1000","1000000","35680"
"1750","true","local-density","false","false","7","1","9","1000","1000000","35199"
"1751","true","local-density","false","false","7","1","9","1000","1000000","35548"
"1752","true","local-density","false","false","7","1","9","1000","1000000","35532"
"1753","true","local-density","false","false","7","1","9","1000","1000000","35668"
"1754","true","local-density","false","false","7","1","9","1000","1000000","36049"
"1755","true","local-density","false","false","7","1","9","1000","1000000","35715"
"1756","true","local-density","false","false","7","1","9","1000","1000000","34947"
"1757","true","local-density","false","false","7","1","9","1000","1000000","35918"
"1758","true","local-density","false","false","7","1","9","1000","1000000","36125"
"1759","true","local-density","false","false","7","1","9","1000","1000000","36253"
"1760","true","local-density","false","false","7","1","9","1000","1000000","35368"
"1761","true","local-density","false","false","7","1","9","1000","1000000","36555"
"1762","true","local-density","false","false","7","1","9","1000","1000000","35047"
"1763","true","local-density","false","false","7","1","9","1000","1000000","35874"
"1764","true","local-density","false","false","7","1","9","1000","1000000","35855"
"1765","true","local-density","false","false","7","1","9","1000","1000000","36432"
"1766","true","local-density","false","false","7","1","9","1000","1000000","35989"
"1767","true","local-density","false","false","7","1","9","1000","1000000","35846"
"1768","true","local-density","false","false","7","1","9","1000","1000000","36521"
"1769","true","local-density","false","false","7","1","9","1000","1000000","35316"
"1770","true","local-density","false","false","7","1","9","1000","1000000","34948"
"1771","true","local-density","false","false","7","1","9","1000","1000000","34850"
"1772","true","local-density","false","false","7","1","9","1000","1000000","37001"
"1773","true","local-density","false","false","7","1","9","1000","1000000","34487"
"1774","true","local-density","false","false","7","1","9","1000","1000000","36178"
"1775","true","local-density","false","false","7","1","9","1000","1000000","35872"
"1776","true","local-density","false","false","7","1","9","1000","1000000","35613"
"1778","true","local-density","false","false","7","1","9","1000","1000000","35142"
"1777","true","local-density","false","false","7","1","9","1000","1000000","35686"
"1779","true","local-density","false","false","7","1","9","1000","1000000","35646"
"1780","true","local-density","false","false","7","1","9","1000","1000000","36541"
"1781","true","local-density","false","false","7","1","9","1000","1000000","35261"
"1782","true","local-density","false","false","7","1","9","1000","1000000","34944"
"1783","true","local-density","false","false","7","1","9","1000","1000000","35770"
"1784","true","local-density","false","false","7","1","9","1000","1000000","35412"
"1785","true","local-density","false","false","7","1","9","1000","1000000","35861"
"1786","true","local-density","false","false","7","1","9","1000","1000000","34682"
"1787","true","local-density","false","false","7","1","9","1000","1000000","35058"
"1788","true","local-density","false","false","7","1","9","1000","1000000","34900"
"1789","true","local-density","false","false","7","1","9","1000","1000000","37159"
"1790","true","local-density","false","false","7","1","9","1000","1000000","35383"
"1791","true","local-density","false","false","7","1","9","1000","1000000","34039"
"1792","true","local-density","false","false","7","1","9","1000","1000000","34979"
"1793","true","local-density","false","false","7","1","9","1000","1000000","35728"
"1794","true","local-density","false","false","7","1","9","1000","1000000","35620"
"1795","true","local-density","false","false","7","1","9","1000","1000000","35574"
"1796","true","local-density","false","false","7","1","9","1000","1000000","35744"
"1797","true","local-density","false","false","7","1","9","1000","1000000","36101"
"1799","true","local-density","false","false","7","1","9","1000","1000000","34760"
"1798","true","local-density","false","false","7","1","9","1000","1000000","35125"
"1800","true","local-density","false","false","7","1","9","1000","1000000","35949"
"1801","true","local-density","false","false","8","1000","2.25","1000","1000000","19717"
"1802","true","local-density","false","false","8","1000","2.25","1000","1000000","19664"
"1803","true","local-density","false","false","8","1000","2.25","1000","1000000","19414"
"1804","true","local-density","false","false","8","1000","2.25","1000","1000000","19417"
"1805","true","local-density","false","false","8","1000","2.25","1000","1000000","19570"
"1806","true","local-density","false","false","8","1000","2.25","1000","1000000","19519"
"1807","true","local-density","false","false","8","1000","2.25","1000","1000000","19405"
"1808","true","local-density","false","false","8","1000","2.25","1000","1000000","19316"
"1809","true","local-density","false","false","8","1000","2.25","1000","1000000","19519"
"1810","true","local-density","false","false","8","1000","2.25","1000","1000000","19334"
"1811","true","local-density","false","false","8","1000","2.25","1000","1000000","19415"
"1812","true","local-density","false","false","8","1000","2.25","1000","1000000","18936"
"1813","true","local-density","false","false","8","1000","2.25","1000","1000000","19445"
"1814","true","local-density","false","false","8","1000","2.25","1000","1000000","19718"
"1815","true","local-density","false","false","8","1000","2.25","1000","1000000","19660"
"1816","true","local-density","false","false","8","1000","2.25","1000","1000000","19550"
"1817","true","local-density","false","false","8","1000","2.25","1000","1000000","19698"
"1818","true","local-density","false","false","8","1000","2.25","1000","1000000","19327"
"1819","true","local-density","false","false","8","1000","2.25","1000","1000000","19543"
"1820","true","local-density","false","false","8","1000","2.25","1000","1000000","19383"
"1821","true","local-density","false","false","8","1000","2.25","1000","1000000","19483"
"1822","true","local-density","false","false","8","1000","2.25","1000","1000000","19397"
"1823","true","local-density","false","false","8","1000","2.25","1000","1000000","19390"
"1824","true","local-density","false","false","8","1000","2.25","1000","1000000","19191"
"1825","true","local-density","false","false","8","1000","2.25","1000","1000000","19383"
"1826","true","local-density","false","false","8","1000","2.25","1000","1000000","19634"
"1827","true","local-density","false","false","8","1000","2.25","1000","1000000","19386"
"1828","true","local-density","false","false","8","1000","2.25","1000","1000000","19546"
"1829","true","local-density","false","false","8","1000","2.25","1000","1000000","19658"
"1830","true","local-density","false","false","8","1000","2.25","1000","1000000","19265"
"1831","true","local-density","false","false","8","1000","2.25","1000","1000000","19577"
"1832","true","local-density","false","false","8","1000","2.25","1000","1000000","19699"
"1833","true","local-density","false","false","8","1000","2.25","1000","1000000","19279"
"1835","true","local-density","false","false","8","1000","2.25","1000","1000000","19580"
"1834","true","local-density","false","false","8","1000","2.25","1000","1000000","19555"
"1836","true","local-density","false","false","8","1000","2.25","1000","1000000","19326"
"1838","true","local-density","false","false","8","1000","2.25","1000","1000000","19491"
"1837","true","local-density","false","false","8","1000","2.25","1000","1000000","19636"
"1839","true","local-density","false","false","8","1000","2.25","1000","1000000","19391"
"1840","true","local-density","false","false","8","1000","2.25","1000","1000000","19323"
"1841","true","local-density","false","false","8","1000","2.25","1000","1000000","19532"
"1842","true","local-density","false","false","8","1000","2.25","1000","1000000","19686"
"1843","true","local-density","false","false","8","1000","2.25","1000","1000000","19798"
"1844","true","local-density","false","false","8","1000","2.25","1000","1000000","19558"
"1845","true","local-density","false","false","8","1000","2.25","1000","1000000","19271"
"1846","true","local-density","false","false","8","1000","2.25","1000","1000000","19568"
"1847","true","local-density","false","false","8","1000","2.25","1000","1000000","19563"
"1848","true","local-density","false","false","8","1000","2.25","1000","1000000","19604"
"1850","true","local-density","false","false","8","1000","2.25","1000","1000000","19573"
"1849","true","local-density","false","false","8","1000","2.25","1000","1000000","19445"
"1852","true","local-density","false","false","8","1000","2.25","1000","1000000","19640"
"1851","true","local-density","false","false","8","1000","2.25","1000","1000000","19512"
"1853","true","local-density","false","false","8","1000","2.25","1000","1000000","19691"
"1854","true","local-density","false","false","8","1000","2.25","1000","1000000","19317"
"1855","true","local-density","false","false","8","1000","2.25","1000","1000000","19482"
"1856","true","local-density","false","false","8","1000","2.25","1000","1000000","19563"
"1857","true","local-density","false","false","8","1000","2.25","1000","1000000","19558"
"1858","true","local-density","false","false","8","1000","2.25","1000","1000000","19461"
"1859","true","local-density","false","false","8","1000","2.25","1000","1000000","19558"
"1860","true","local-density","false","false","8","1000","2.25","1000","1000000","19391"
"1861","true","local-density","false","false","8","1000","4.5","1000","1000000","20615"
"1862","true","local-density","false","false","8","1000","4.5","1000","1000000","20806"
"1863","true","local-density","false","false","8","1000","4.5","1000","1000000","20381"
"1864","true","local-density","false","false","8","1000","4.5","1000","1000000","20567"
"1865","true","local-density","false","false","8","1000","4.5","1000","1000000","20408"
"1867","true","local-density","false","false","8","1000","4.5","1000","1000000","20959"
"1866","true","local-density","false","false","8","1000","4.5","1000","1000000","20560"
"1868","true","local-density","false","false","8","1000","4.5","1000","1000000","20608"
"1869","true","local-density","false","false","8","1000","4.5","1000","1000000","20477"
"1870","true","local-density","false","false","8","1000","4.5","1000","1000000","20770"
"1871","true","local-density","false","false","8","1000","4.5","1000","1000000","20281"
"1872","true","local-density","false","false","8","1000","4.5","1000","1000000","20309"
"1873","true","local-density","false","false","8","1000","4.5","1000","1000000","20665"
"1874","true","local-density","false","false","8","1000","4.5","1000","1000000","20583"
"1875","true","local-density","false","false","8","1000","4.5","1000","1000000","20681"
"1876","true","local-density","false","false","8","1000","4.5","1000","1000000","20457"
"1877","true","local-density","false","false","8","1000","4.5","1000","1000000","20732"
"1878","true","local-density","false","false","8","1000","4.5","1000","1000000","20547"
"1879","true","local-density","false","false","8","1000","4.5","1000","1000000","20576"
"1880","true","local-density","false","false","8","1000","4.5","1000","1000000","20507"
"1881","true","local-density","false","false","8","1000","4.5","1000","1000000","20840"
"1882","true","local-density","false","false","8","1000","4.5","1000","1000000","20759"
"1883","true","local-density","false","false","8","1000","4.5","1000","1000000","20426"
"1884","true","local-density","false","false","8","1000","4.5","1000","1000000","20570"
"1885","true","local-density","false","false","8","1000","4.5","1000","1000000","20536"
"1886","true","local-density","false","false","8","1000","4.5","1000","1000000","20731"
"1887","true","local-density","false","false","8","1000","4.5","1000","1000000","20762"
"1888","true","local-density","false","false","8","1000","4.5","1000","1000000","20719"
"1889","true","local-density","false","false","8","1000","4.5","1000","1000000","20816"
"1890","true","local-density","false","false","8","1000","4.5","1000","1000000","20515"
"1891","true","local-density","false","false","8","1000","4.5","1000","1000000","20732"
"1892","true","local-density","false","false","8","1000","4.5","1000","1000000","20907"
"1893","true","local-density","false","false","8","1000","4.5","1000","1000000","20559"
"1894","true","local-density","false","false","8","1000","4.5","1000","1000000","20629"
"1895","true","local-density","false","false","8","1000","4.5","1000","1000000","20673"
"1896","true","local-density","false","false","8","1000","4.5","1000","1000000","20337"
"1897","true","local-density","false","false","8","1000","4.5","1000","1000000","20774"
"1898","true","local-density","false","false","8","1000","4.5","1000","1000000","20584"
"1899","true","local-density","false","false","8","1000","4.5","1000","1000000","20604"
"1900","true","local-density","false","false","8","1000","4.5","1000","1000000","20483"
"1901","true","local-density","false","false","8","1000","4.5","1000","1000000","20554"
"1902","true","local-density","false","false","8","1000","4.5","1000","1000000","20635"
"1903","true","local-density","false","false","8","1000","4.5","1000","1000000","20691"
"1904","true","local-density","false","false","8","1000","4.5","1000","1000000","20605"
"1905","true","local-density","false","false","8","1000","4.5","1000","1000000","20681"
"1906","true","local-density","false","false","8","1000","4.5","1000","1000000","20567"
"1907","true","local-density","false","false","8","1000","4.5","1000","1000000","20447"
"1908","true","local-density","false","false","8","1000","4.5","1000","1000000","20441"
"1909","true","local-density","false","false","8","1000","4.5","1000","1000000","20388"
"1910","true","local-density","false","false","8","1000","4.5","1000","1000000","20592"
"1911","true","local-density","false","false","8","1000","4.5","1000","1000000","20687"
"1912","true","local-density","false","false","8","1000","4.5","1000","1000000","20612"
"1913","true","local-density","false","false","8","1000","4.5","1000","1000000","20653"
"1914","true","local-density","false","false","8","1000","4.5","1000","1000000","20749"
"1915","true","local-density","false","false","8","1000","4.5","1000","1000000","20661"
"1916","true","local-density","false","false","8","1000","4.5","1000","1000000","20468"
"1917","true","local-density","false","false","8","1000","4.5","1000","1000000","20777"
"1918","true","local-density","false","false","8","1000","4.5","1000","1000000","20431"
"1919","true","local-density","false","false","8","1000","4.5","1000","1000000","20597"
"1920","true","local-density","false","false","8","1000","4.5","1000","1000000","20393"
"1921","true","local-density","false","false","8","1000","9","1000","1000000","19731"
"1922","true","local-density","false","false","8","1000","9","1000","1000000","19509"
"1923","true","local-density","false","false","8","1000","9","1000","1000000","19297"
"1924","true","local-density","false","false","8","1000","9","1000","1000000","19771"
"1925","true","local-density","false","false","8","1000","9","1000","1000000","19485"
"1926","true","local-density","false","false","8","1000","9","1000","1000000","19955"
"1927","true","local-density","false","false","8","1000","9","1000","1000000","19522"
"1929","true","local-density","false","false","8","1000","9","1000","1000000","19747"
"1928","true","local-density","false","false","8","1000","9","1000","1000000","19816"
"1930","true","local-density","false","false","8","1000","9","1000","1000000","19655"
"1931","true","local-density","false","false","8","1000","9","1000","1000000","19580"
"1932","true","local-density","false","false","8","1000","9","1000","1000000","20006"
"1933","true","local-density","false","false","8","1000","9","1000","1000000","19358"
"1934","true","local-density","false","false","8","1000","9","1000","1000000","19688"
"1935","true","local-density","false","false","8","1000","9","1000","1000000","19761"
"1936","true","local-density","false","false","8","1000","9","1000","1000000","19951"
"1937","true","local-density","false","false","8","1000","9","1000","1000000","19744"
"1938","true","local-density","false","false","8","1000","9","1000","1000000","19847"
"1939","true","local-density","false","false","8","1000","9","1000","1000000","19283"
"1940","true","local-density","false","false","8","1000","9","1000","1000000","19476"
"1941","true","local-density","false","false","8","1000","9","1000","1000000","20072"
"1942","true","local-density","false","false","8","1000","9","1000","1000000","19676"
"1943","true","local-density","false","false","8","1000","9","1000","1000000","19718"
"1944","true","local-density","false","false","8","1000","9","1000","1000000","19478"
"1945","true","local-density","false","false","8","1000","9","1000","1000000","19508"
"1946","true","local-density","false","false","8","1000","9","1000","1000000","19453"
"1947","true","local-density","false","false","8","1000","9","1000","1000000","19375"
"1948","true","local-density","false","false","8","1000","9","1000","1000000","19484"
"1949","true","local-density","false","false","8","1000","9","1000","1000000","19375"
"1950","true","local-density","false","false","8","1000","9","1000","1000000","19810"
"1951","true","local-density","false","false","8","1000","9","1000","1000000","19484"
"1952","true","local-density","false","false","8","1000","9","1000","1000000","19606"
"1953","true","local-density","false","false","8","1000","9","1000","1000000","19521"
"1954","true","local-density","false","false","8","1000","9","1000","1000000","19384"
"1955","true","local-density","false","false","8","1000","9","1000","1000000","19669"
"1956","true","local-density","false","false","8","1000","9","1000","1000000","19092"
"1957","true","local-density","false","false","8","1000","9","1000","1000000","19905"
"1958","true","local-density","false","false","8","1000","9","1000","1000000","19506"
"1959","true","local-density","false","false","8","1000","9","1000","1000000","19551"
"1960","true","local-density","false","false","8","1000","9","1000","1000000","19457"
"1962","true","local-density","false","false","8","1000","9","1000","1000000","19555"
"1961","true","local-density","false","false","8","1000","9","1000","1000000","19308"
"1963","true","local-density","false","false","8","1000","9","1000","1000000","19876"
"1964","true","local-density","false","false","8","1000","9","1000","1000000","19582"
"1965","true","local-density","false","false","8","1000","9","1000","1000000","19527"
"1966","true","local-density","false","false","8","1000","9","1000","1000000","19386"
"1967","true","local-density","false","false","8","1000","9","1000","1000000","19352"
"1968","true","local-density","false","false","8","1000","9","1000","1000000","19290"
"1969","true","local-density","false","false","8","1000","9","1000","1000000","19346"
"1970","true","local-density","false","false","8","1000","9","1000","1000000","19326"
"1971","true","local-density","false","false","8","1000","9","1000","1000000","19642"
"1972","true","local-density","false","false","8","1000","9","1000","1000000","19313"
"1973","true","local-density","false","false","8","1000","9","1000","1000000","19549"
"1974","true","local-density","false","false","8","1000","9","1000","1000000","19558"
"1975","true","local-density","false","false","8","1000","9","1000","1000000","19332"
"1976","true","local-density","false","false","8","1000","9","1000","1000000","19667"
"1977","true","local-density","false","false","8","1000","9","1000","1000000","19411"
"1978","true","local-density","false","false","8","1000","9","1000","1000000","19868"
"1981","true","local-density","false","false","8","1","2.25","1000","1000000","32941"
"1979","true","local-density","false","false","8","1000","9","1000","1000000","19335"
"1980","true","local-density","false","false","8","1000","9","1000","1000000","19429"
"1982","true","local-density","false","false","8","1","2.25","1000","1000000","33533"
"1983","true","local-density","false","false","8","1","2.25","1000","1000000","32208"
"1984","true","local-density","false","false","8","1","2.25","1000","1000000","32531"
"1985","true","local-density","false","false","8","1","2.25","1000","1000000","33231"
"1986","true","local-density","false","false","8","1","2.25","1000","1000000","32991"
"1987","true","local-density","false","false","8","1","2.25","1000","1000000","32677"
"1988","true","local-density","false","false","8","1","2.25","1000","1000000","33321"
"1989","true","local-density","false","false","8","1","2.25","1000","1000000","32688"
"1990","true","local-density","false","false","8","1","2.25","1000","1000000","32923"
"1991","true","local-density","false","false","8","1","2.25","1000","1000000","33298"
"1992","true","local-density","false","false","8","1","2.25","1000","1000000","33358"
"1993","true","local-density","false","false","8","1","2.25","1000","1000000","32793"
"1994","true","local-density","false","false","8","1","2.25","1000","1000000","33478"
"1995","true","local-density","false","false","8","1","2.25","1000","1000000","32482"
"1996","true","local-density","false","false","8","1","2.25","1000","1000000","33652"
"1997","true","local-density","false","false","8","1","2.25","1000","1000000","32853"
"1998","true","local-density","false","false","8","1","2.25","1000","1000000","32748"
"1999","true","local-density","false","false","8","1","2.25","1000","1000000","33554"
"2000","true","local-density","false","false","8","1","2.25","1000","1000000","33190"
"2001","true","local-density","false","false","8","1","2.25","1000","1000000","33527"
"2002","true","local-density","false","false","8","1","2.25","1000","1000000","32749"
"2003","true","local-density","false","false","8","1","2.25","1000","1000000","33318"
"2004","true","local-density","false","false","8","1","2.25","1000","1000000","32470"
"2005","true","local-density","false","false","8","1","2.25","1000","1000000","33332"
"2006","true","local-density","false","false","8","1","2.25","1000","1000000","32724"
"2007","true","local-density","false","false","8","1","2.25","1000","1000000","32570"
"2008","true","local-density","false","false","8","1","2.25","1000","1000000","32658"
"2009","true","local-density","false","false","8","1","2.25","1000","1000000","33107"
"2010","true","local-density","false","false","8","1","2.25","1000","1000000","33153"
"2011","true","local-density","false","false","8","1","2.25","1000","1000000","33303"
"2012","true","local-density","false","false","8","1","2.25","1000","1000000","32503"
"2013","true","local-density","false","false","8","1","2.25","1000","1000000","33486"
"2014","true","local-density","false","false","8","1","2.25","1000","1000000","33368"
"2015","true","local-density","false","false","8","1","2.25","1000","1000000","33113"
"2016","true","local-density","false","false","8","1","2.25","1000","1000000","32947"
"2017","true","local-density","false","false","8","1","2.25","1000","1000000","32545"
"2018","true","local-density","false","false","8","1","2.25","1000","1000000","32609"
"2019","true","local-density","false","false","8","1","2.25","1000","1000000","32858"
"2020","true","local-density","false","false","8","1","2.25","1000","1000000","32110"
"2021","true","local-density","false","false","8","1","2.25","1000","1000000","32990"
"2022","true","local-density","false","false","8","1","2.25","1000","1000000","32871"
"2023","true","local-density","false","false","8","1","2.25","1000","1000000","33612"
"2024","true","local-density","false","false","8","1","2.25","1000","1000000","32527"
"2025","true","local-density","false","false","8","1","2.25","1000","1000000","33150"
"2026","true","local-density","false","false","8","1","2.25","1000","1000000","33314"
"2027","true","local-density","false","false","8","1","2.25","1000","1000000","33791"
"2028","true","local-density","false","false","8","1","2.25","1000","1000000","32963"
"2029","true","local-density","false","false","8","1","2.25","1000","1000000","32502"
"2030","true","local-density","false","false","8","1","2.25","1000","1000000","33409"
"2031","true","local-density","false","false","8","1","2.25","1000","1000000","33041"
"2032","true","local-density","false","false","8","1","2.25","1000","1000000","33223"
"2033","true","local-density","false","false","8","1","2.25","1000","1000000","32598"
"2034","true","local-density","false","false","8","1","2.25","1000","1000000","32950"
"2035","true","local-density","false","false","8","1","2.25","1000","1000000","32809"
"2036","true","local-density","false","false","8","1","2.25","1000","1000000","33034"
"2037","true","local-density","false","false","8","1","2.25","1000","1000000","33179"
"2038","true","local-density","false","false","8","1","2.25","1000","1000000","32426"
"2039","true","local-density","false","false","8","1","2.25","1000","1000000","32888"
"2040","true","local-density","false","false","8","1","2.25","1000","1000000","33127"
"2041","true","local-density","false","false","8","1","4.5","1000","1000000","35876"
"2043","true","local-density","false","false","8","1","4.5","1000","1000000","36406"
"2042","true","local-density","false","false","8","1","4.5","1000","1000000","35534"
"2044","true","local-density","false","false","8","1","4.5","1000","1000000","35672"
"2045","true","local-density","false","false","8","1","4.5","1000","1000000","36291"
"2046","true","local-density","false","false","8","1","4.5","1000","1000000","36156"
"2047","true","local-density","false","false","8","1","4.5","1000","1000000","35498"
"2048","true","local-density","false","false","8","1","4.5","1000","1000000","37273"
"2049","true","local-density","false","false","8","1","4.5","1000","1000000","34510"
"2050","true","local-density","false","false","8","1","4.5","1000","1000000","35044"
"2051","true","local-density","false","false","8","1","4.5","1000","1000000","34768"
"2052","true","local-density","false","false","8","1","4.5","1000","1000000","35649"
"2053","true","local-density","false","false","8","1","4.5","1000","1000000","35926"
"2054","true","local-density","false","false","8","1","4.5","1000","1000000","35901"
"2055","true","local-density","false","false","8","1","4.5","1000","1000000","35574"
"2056","true","local-density","false","false","8","1","4.5","1000","1000000","34624"
"2057","true","local-density","false","false","8","1","4.5","1000","1000000","35027"
"2058","true","local-density","false","false","8","1","4.5","1000","1000000","35279"
"2059","true","local-density","false","false","8","1","4.5","1000","1000000","35571"
"2060","true","local-density","false","false","8","1","4.5","1000","1000000","35945"
"2061","true","local-density","false","false","8","1","4.5","1000","1000000","36356"
"2062","true","local-density","false","false","8","1","4.5","1000","1000000","35306"
"2063","true","local-density","false","false","8","1","4.5","1000","1000000","36189"
"2064","true","local-density","false","false","8","1","4.5","1000","1000000","36138"
"2065","true","local-density","false","false","8","1","4.5","1000","1000000","36004"
"2066","true","local-density","false","false","8","1","4.5","1000","1000000","35581"
"2067","true","local-density","false","false","8","1","4.5","1000","1000000","35534"
"2068","true","local-density","false","false","8","1","4.5","1000","1000000","35445"
"2069","true","local-density","false","false","8","1","4.5","1000","1000000","36043"
"2070","true","local-density","false","false","8","1","4.5","1000","1000000","35759"
"2072","true","local-density","false","false","8","1","4.5","1000","1000000","35325"
"2071","true","local-density","false","false","8","1","4.5","1000","1000000","35733"
"2073","true","local-density","false","false","8","1","4.5","1000","1000000","35648"
"2074","true","local-density","false","false","8","1","4.5","1000","1000000","35948"
"2075","true","local-density","false","false","8","1","4.5","1000","1000000","35652"
"2076","true","local-density","false","false","8","1","4.5","1000","1000000","36007"
"2077","true","local-density","false","false","8","1","4.5","1000","1000000","36659"
"2078","true","local-density","false","false","8","1","4.5","1000","1000000","34952"
"2079","true","local-density","false","false","8","1","4.5","1000","1000000","36106"
"2080","true","local-density","false","false","8","1","4.5","1000","1000000","36516"
"2081","true","local-density","false","false","8","1","4.5","1000","1000000","36162"
"2082","true","local-density","false","false","8","1","4.5","1000","1000000","35995"
"2083","true","local-density","false","false","8","1","4.5","1000","1000000","35152"
"2084","true","local-density","false","false","8","1","4.5","1000","1000000","36418"
"2085","true","local-density","false","false","8","1","4.5","1000","1000000","35021"
"2086","true","local-density","false","false","8","1","4.5","1000","1000000","35289"
"2087","true","local-density","false","false","8","1","4.5","1000","1000000","35361"
"2088","true","local-density","false","false","8","1","4.5","1000","1000000","35179"
"2089","true","local-density","false","false","8","1","4.5","1000","1000000","35934"
"2090","true","local-density","false","false","8","1","4.5","1000","1000000","36403"
"2091","true","local-density","false","false","8","1","4.5","1000","1000000","35530"
"2092","true","local-density","false","false","8","1","4.5","1000","1000000","35100"
"2093","true","local-density","false","false","8","1","4.5","1000","1000000","35803"
"2094","true","local-density","false","false","8","1","4.5","1000","1000000","36139"
"2095","true","local-density","false","false","8","1","4.5","1000","1000000","35001"
"2096","true","local-density","false","false","8","1","4.5","1000","1000000","35898"
"2097","true","local-density","false","false","8","1","4.5","1000","1000000","35850"
"2098","true","local-density","false","false","8","1","4.5","1000","1000000","35497"
"2100","true","local-density","false","false","8","1","4.5","1000","1000000","35775"
"2099","true","local-density","false","false","8","1","4.5","1000","1000000","36183"
"2101","true","local-density","false","false","8","1","9","1000","1000000","34273"
"2102","true","local-density","false","false","8","1","9","1000","1000000","33923"
"2103","true","local-density","false","false","8","1","9","1000","1000000","33500"
"2104","true","local-density","false","false","8","1","9","1000","1000000","35478"
"2105","true","local-density","false","false","8","1","9","1000","1000000","34325"
"2106","true","local-density","false","false","8","1","9","1000","1000000","35380"
"2107","true","local-density","false","false","8","1","9","1000","1000000","33648"
"2108","true","local-density","false","false","8","1","9","1000","1000000","33401"
"2109","true","local-density","false","false","8","1","9","1000","1000000","33816"
"2110","true","local-density","false","false","8","1","9","1000","1000000","34742"
"2111","true","local-density","false","false","8","1","9","1000","1000000","34360"
"2112","true","local-density","false","false","8","1","9","1000","1000000","34105"
"2113","true","local-density","false","false","8","1","9","1000","1000000","33749"
"2114","true","local-density","false","false","8","1","9","1000","1000000","34160"
"2115","true","local-density","false","false","8","1","9","1000","1000000","34390"
"2116","true","local-density","false","false","8","1","9","1000","1000000","33984"
"2117","true","local-density","false","false","8","1","9","1000","1000000","33265"
"2118","true","local-density","false","false","8","1","9","1000","1000000","34544"
"2119","true","local-density","false","false","8","1","9","1000","1000000","32880"
"2120","true","local-density","false","false","8","1","9","1000","1000000","34499"
"2122","true","local-density","false","false","8","1","9","1000","1000000","35665"
"2121","true","local-density","false","false","8","1","9","1000","1000000","35595"
"2123","true","local-density","false","false","8","1","9","1000","1000000","33202"
"2124","true","local-density","false","false","8","1","9","1000","1000000","34207"
"2125","true","local-density","false","false","8","1","9","1000","1000000","34508"
"2126","true","local-density","false","false","8","1","9","1000","1000000","33500"
"2127","true","local-density","false","false","8","1","9","1000","1000000","34672"
"2128","true","local-density","false","false","8","1","9","1000","1000000","34412"
"2130","true","local-density","false","false","8","1","9","1000","1000000","35201"
"2129","true","local-density","false","false","8","1","9","1000","1000000","32713"
"2131","true","local-density","false","false","8","1","9","1000","1000000","34008"
"2132","true","local-density","false","false","8","1","9","1000","1000000","33527"
"2133","true","local-density","false","false","8","1","9","1000","1000000","34555"
"2134","true","local-density","false","false","8","1","9","1000","1000000","34189"
"2135","true","local-density","false","false","8","1","9","1000","1000000","34485"
"2136","true","local-density","false","false","8","1","9","1000","1000000","34284"
"2138","true","local-density","false","false","8","1","9","1000","1000000","33163"
"2137","true","local-density","false","false","8","1","9","1000","1000000","34061"
"2139","true","local-density","false","false","8","1","9","1000","1000000","33366"
"2140","true","local-density","false","false","8","1","9","1000","1000000","34820"
"2141","true","local-density","false","false","8","1","9","1000","1000000","35290"
"2142","true","local-density","false","false","8","1","9","1000","1000000","33437"
"2143","true","local-density","false","false","8","1","9","1000","1000000","34478"
"2145","true","local-density","false","false","8","1","9","1000","1000000","35298"
"2144","true","local-density","false","false","8","1","9","1000","1000000","34188"
"2146","true","local-density","false","false","8","1","9","1000","1000000","34898"
"2147","true","local-density","false","false","8","1","9","1000","1000000","34514"
"2148","true","local-density","false","false","8","1","9","1000","1000000","34844"
"2149","true","local-density","false","false","8","1","9","1000","1000000","34434"
"2150","true","local-density","false","false","8","1","9","1000","1000000","34337"
"2151","true","local-density","false","false","8","1","9","1000","1000000","34042"
"2152","true","local-density","false","false","8","1","9","1000","1000000","33477"
"2153","true","local-density","false","false","8","1","9","1000","1000000","34465"
"2154","true","local-density","false","false","8","1","9","1000","1000000","35153"
"2155","true","local-density","false","false","8","1","9","1000","1000000","34012"
"2162","true","local-density","false","false","9","1000","2.25","1000","1000000","2028"
"2161","true","local-density","false","false","9","1000","2.25","1000","1000000","2026"
"2156","true","local-density","false","false","8","1","9","1000","1000000","33729"
"2157","true","local-density","false","false","8","1","9","1000","1000000","34618"
"2158","true","local-density","false","false","8","1","9","1000","1000000","34762"
"2163","true","local-density","false","false","9","1000","2.25","1000","1000000","2082"
"2164","true","local-density","false","false","9","1000","2.25","1000","1000000","2007"
"2165","true","local-density","false","false","9","1000","2.25","1000","1000000","2042"
"2166","true","local-density","false","false","9","1000","2.25","1000","1000000","2049"
"2159","true","local-density","false","false","8","1","9","1000","1000000","33755"
"2167","true","local-density","false","false","9","1000","2.25","1000","1000000","2073"
"2160","true","local-density","false","false","8","1","9","1000","1000000","32572"
"2168","true","local-density","false","false","9","1000","2.25","1000","1000000","2007"
"2169","true","local-density","false","false","9","1000","2.25","1000","1000000","2039"
"2170","true","local-density","false","false","9","1000","2.25","1000","1000000","1975"
"2172","true","local-density","false","false","9","1000","2.25","1000","1000000","2042"
"2171","true","local-density","false","false","9","1000","2.25","1000","1000000","2059"
"2173","true","local-density","false","false","9","1000","2.25","1000","1000000","2076"
"2174","true","local-density","false","false","9","1000","2.25","1000","1000000","1973"
"2175","true","local-density","false","false","9","1000","2.25","1000","1000000","1995"
"2176","true","local-density","false","false","9","1000","2.25","1000","1000000","2067"
"2177","true","local-density","false","false","9","1000","2.25","1000","1000000","1957"
"2178","true","local-density","false","false","9","1000","2.25","1000","1000000","2066"
"2180","true","local-density","false","false","9","1000","2.25","1000","1000000","2092"
"2179","true","local-density","false","false","9","1000","2.25","1000","1000000","2006"
"2181","true","local-density","false","false","9","1000","2.25","1000","1000000","2021"
"2182","true","local-density","false","false","9","1000","2.25","1000","1000000","2054"
"2183","true","local-density","false","false","9","1000","2.25","1000","1000000","2031"
"2184","true","local-density","false","false","9","1000","2.25","1000","1000000","2010"
"2185","true","local-density","false","false","9","1000","2.25","1000","1000000","2057"
"2186","true","local-density","false","false","9","1000","2.25","1000","1000000","2107"
"2187","true","local-density","false","false","9","1000","2.25","1000","1000000","2081"
"2188","true","local-density","false","false","9","1000","2.25","1000","1000000","2056"
"2189","true","local-density","false","false","9","1000","2.25","1000","1000000","2024"
"2190","true","local-density","false","false","9","1000","2.25","1000","1000000","2016"
"2191","true","local-density","false","false","9","1000","2.25","1000","1000000","2067"
"2192","true","local-density","false","false","9","1000","2.25","1000","1000000","2062"
"2193","true","local-density","false","false","9","1000","2.25","1000","1000000","2066"
"2194","true","local-density","false","false","9","1000","2.25","1000","1000000","2026"
"2195","true","local-density","false","false","9","1000","2.25","1000","1000000","1854"
"2197","true","local-density","false","false","9","1000","2.25","1000","1000000","2051"
"2196","true","local-density","false","false","9","1000","2.25","1000","1000000","2009"
"2199","true","local-density","false","false","9","1000","2.25","1000","1000000","2053"
"2198","true","local-density","false","false","9","1000","2.25","1000","1000000","2051"
"2200","true","local-density","false","false","9","1000","2.25","1000","1000000","2035"
"2201","true","local-density","false","false","9","1000","2.25","1000","1000000","2065"
"2202","true","local-density","false","false","9","1000","2.25","1000","1000000","2071"
"2204","true","local-density","false","false","9","1000","2.25","1000","1000000","1999"
"2205","true","local-density","false","false","9","1000","2.25","1000","1000000","2040"
"2203","true","local-density","false","false","9","1000","2.25","1000","1000000","2079"
"2206","true","local-density","false","false","9","1000","2.25","1000","1000000","2056"
"2207","true","local-density","false","false","9","1000","2.25","1000","1000000","2045"
"2209","true","local-density","false","false","9","1000","2.25","1000","1000000","2019"
"2208","true","local-density","false","false","9","1000","2.25","1000","1000000","2038"
"2210","true","local-density","false","false","9","1000","2.25","1000","1000000","2005"
"2211","true","local-density","false","false","9","1000","2.25","1000","1000000","1990"
"2212","true","local-density","false","false","9","1000","2.25","1000","1000000","1997"
"2213","true","local-density","false","false","9","1000","2.25","1000","1000000","2015"
"2214","true","local-density","false","false","9","1000","2.25","1000","1000000","2064"
"2215","true","local-density","false","false","9","1000","2.25","1000","1000000","2066"
"2216","true","local-density","false","false","9","1000","2.25","1000","1000000","2039"
"2217","true","local-density","false","false","9","1000","2.25","1000","1000000","1988"
"2218","true","local-density","false","false","9","1000","2.25","1000","1000000","2082"
"2219","true","local-density","false","false","9","1000","2.25","1000","1000000","1978"
"2221","true","local-density","false","false","9","1000","4.5","1000","1000000","2259"
"2220","true","local-density","false","false","9","1000","2.25","1000","1000000","1963"
"2222","true","local-density","false","false","9","1000","4.5","1000","1000000","2351"
"2223","true","local-density","false","false","9","1000","4.5","1000","1000000","2267"
"2224","true","local-density","false","false","9","1000","4.5","1000","1000000","2254"
"2225","true","local-density","false","false","9","1000","4.5","1000","1000000","2255"
"2226","true","local-density","false","false","9","1000","4.5","1000","1000000","2282"
"2227","true","local-density","false","false","9","1000","4.5","1000","1000000","2256"
"2228","true","local-density","false","false","9","1000","4.5","1000","1000000","2286"
"2229","true","local-density","false","false","9","1000","4.5","1000","1000000","2206"
"2230","true","local-density","false","false","9","1000","4.5","1000","1000000","2229"
"2231","true","local-density","false","false","9","1000","4.5","1000","1000000","2186"
"2233","true","local-density","false","false","9","1000","4.5","1000","1000000","2276"
"2232","true","local-density","false","false","9","1000","4.5","1000","1000000","2187"
"2234","true","local-density","false","false","9","1000","4.5","1000","1000000","2276"
"2235","true","local-density","false","false","9","1000","4.5","1000","1000000","2283"
"2237","true","local-density","false","false","9","1000","4.5","1000","1000000","2254"
"2236","true","local-density","false","false","9","1000","4.5","1000","1000000","2219"
"2238","true","local-density","false","false","9","1000","4.5","1000","1000000","2220"
"2239","true","local-density","false","false","9","1000","4.5","1000","1000000","2274"
"2241","true","local-density","false","false","9","1000","4.5","1000","1000000","2204"
"2240","true","local-density","false","false","9","1000","4.5","1000","1000000","2249"
"2242","true","local-density","false","false","9","1000","4.5","1000","1000000","2244"
"2243","true","local-density","false","false","9","1000","4.5","1000","1000000","2196"
"2244","true","local-density","false","false","9","1000","4.5","1000","1000000","2250"
"2245","true","local-density","false","false","9","1000","4.5","1000","1000000","2268"
"2246","true","local-density","false","false","9","1000","4.5","1000","1000000","2220"
"2247","true","local-density","false","false","9","1000","4.5","1000","1000000","2260"
"2248","true","local-density","false","false","9","1000","4.5","1000","1000000","2279"
"2249","true","local-density","false","false","9","1000","4.5","1000","1000000","2287"
"2250","true","local-density","false","false","9","1000","4.5","1000","1000000","2248"
"2251","true","local-density","false","false","9","1000","4.5","1000","1000000","2311"
"2252","true","local-density","false","false","9","1000","4.5","1000","1000000","2264"
"2253","true","local-density","false","false","9","1000","4.5","1000","1000000","2282"
"2254","true","local-density","false","false","9","1000","4.5","1000","1000000","2267"
"2255","true","local-density","false","false","9","1000","4.5","1000","1000000","2230"
"2256","true","local-density","false","false","9","1000","4.5","1000","1000000","2245"
"2257","true","local-density","false","false","9","1000","4.5","1000","1000000","2244"
"2258","true","local-density","false","false","9","1000","4.5","1000","1000000","2182"
"2259","true","local-density","false","false","9","1000","4.5","1000","1000000","2306"
"2260","true","local-density","false","false","9","1000","4.5","1000","1000000","2216"
"2261","true","local-density","false","false","9","1000","4.5","1000","1000000","2341"
"2262","true","local-density","false","false","9","1000","4.5","1000","1000000","2219"
"2263","true","local-density","false","false","9","1000","4.5","1000","1000000","2297"
"2264","true","local-density","false","false","9","1000","4.5","1000","1000000","2242"
"2265","true","local-density","false","false","9","1000","4.5","1000","1000000","2270"
"2266","true","local-density","false","false","9","1000","4.5","1000","1000000","2247"
"2267","true","local-density","false","false","9","1000","4.5","1000","1000000","2242"
"2268","true","local-density","false","false","9","1000","4.5","1000","1000000","2260"
"2269","true","local-density","false","false","9","1000","4.5","1000","1000000","2292"
"2270","true","local-density","false","false","9","1000","4.5","1000","1000000","2227"
"2271","true","local-density","false","false","9","1000","4.5","1000","1000000","2214"
"2272","true","local-density","false","false","9","1000","4.5","1000","1000000","2279"
"2273","true","local-density","false","false","9","1000","4.5","1000","1000000","2253"
"2274","true","local-density","false","false","9","1000","4.5","1000","1000000","2321"
"2275","true","local-density","false","false","9","1000","4.5","1000","1000000","2292"
"2276","true","local-density","false","false","9","1000","4.5","1000","1000000","2296"
"2277","true","local-density","false","false","9","1000","4.5","1000","1000000","2221"
"2278","true","local-density","false","false","9","1000","4.5","1000","1000000","2263"
"2279","true","local-density","false","false","9","1000","4.5","1000","1000000","2276"
"2280","true","local-density","false","false","9","1000","4.5","1000","1000000","2261"
"2281","true","local-density","false","false","9","1000","9","1000","1000000","2405"
"2282","true","local-density","false","false","9","1000","9","1000","1000000","2398"
"2283","true","local-density","false","false","9","1000","9","1000","1000000","2404"
"2284","true","local-density","false","false","9","1000","9","1000","1000000","2390"
"2285","true","local-density","false","false","9","1000","9","1000","1000000","2335"
"2286","true","local-density","false","false","9","1000","9","1000","1000000","2434"
"2287","true","local-density","false","false","9","1000","9","1000","1000000","2392"
"2288","true","local-density","false","false","9","1000","9","1000","1000000","2352"
"2289","true","local-density","false","false","9","1000","9","1000","1000000","2363"
"2290","true","local-density","false","false","9","1000","9","1000","1000000","2398"
"2291","true","local-density","false","false","9","1000","9","1000","1000000","2385"
"2292","true","local-density","false","false","9","1000","9","1000","1000000","2397"
"2293","true","local-density","false","false","9","1000","9","1000","1000000","2375"
"2294","true","local-density","false","false","9","1000","9","1000","1000000","2299"
"2295","true","local-density","false","false","9","1000","9","1000","1000000","2390"
"2296","true","local-density","false","false","9","1000","9","1000","1000000","2375"
"2297","true","local-density","false","false","9","1000","9","1000","1000000","2438"
"2298","true","local-density","false","false","9","1000","9","1000","1000000","2362"
"2299","true","local-density","false","false","9","1000","9","1000","1000000","2377"
"2300","true","local-density","false","false","9","1000","9","1000","1000000","2381"
"2301","true","local-density","false","false","9","1000","9","1000","1000000","2388"
"2302","true","local-density","false","false","9","1000","9","1000","1000000","2393"
"2303","true","local-density","false","false","9","1000","9","1000","1000000","2422"
"2304","true","local-density","false","false","9","1000","9","1000","1000000","2395"
"2305","true","local-density","false","false","9","1000","9","1000","1000000","2417"
"2306","true","local-density","false","false","9","1000","9","1000","1000000","2423"
"2307","true","local-density","false","false","9","1000","9","1000","1000000","2426"
"2308","true","local-density","false","false","9","1000","9","1000","1000000","2394"
"2309","true","local-density","false","false","9","1000","9","1000","1000000","2465"
"2310","true","local-density","false","false","9","1000","9","1000","1000000","2376"
"2311","true","local-density","false","false","9","1000","9","1000","1000000","2462"
"2312","true","local-density","false","false","9","1000","9","1000","1000000","2444"
"2313","true","local-density","false","false","9","1000","9","1000","1000000","2349"
"2314","true","local-density","false","false","9","1000","9","1000","1000000","2386"
"2315","true","local-density","false","false","9","1000","9","1000","1000000","2385"
"2317","true","local-density","false","false","9","1000","9","1000","1000000","2421"
"2316","true","local-density","false","false","9","1000","9","1000","1000000","2467"
"2318","true","local-density","false","false","9","1000","9","1000","1000000","2396"
"2319","true","local-density","false","false","9","1000","9","1000","1000000","2384"
"2320","true","local-density","false","false","9","1000","9","1000","1000000","2380"
"2321","true","local-density","false","false","9","1000","9","1000","1000000","2406"
"2322","true","local-density","false","false","9","1000","9","1000","1000000","2398"
"2323","true","local-density","false","false","9","1000","9","1000","1000000","2400"
"2324","true","local-density","false","false","9","1000","9","1000","1000000","2383"
"2325","true","local-density","false","false","9","1000","9","1000","1000000","2472"
"2326","true","local-density","false","false","9","1000","9","1000","1000000","2395"
"2328","true","local-density","false","false","9","1000","9","1000","1000000","2341"
"2327","true","local-density","false","false","9","1000","9","1000","1000000","2406"
"2329","true","local-density","false","false","9","1000","9","1000","1000000","2417"
"2330","true","local-density","false","false","9","1000","9","1000","1000000","2406"
"2331","true","local-density","false","false","9","1000","9","1000","1000000","2349"
"2332","true","local-density","false","false","9","1000","9","1000","1000000","2395"
"2333","true","local-density","false","false","9","1000","9","1000","1000000","2410"
"2334","true","local-density","false","false","9","1000","9","1000","1000000","2392"
"2335","true","local-density","false","false","9","1000","9","1000","1000000","2393"
"2336","true","local-density","false","false","9","1000","9","1000","1000000","2372"
"2337","true","local-density","false","false","9","1000","9","1000","1000000","2412"
"2338","true","local-density","false","false","9","1000","9","1000","1000000","2439"
"2339","true","local-density","false","false","9","1000","9","1000","1000000","2380"
"2340","true","local-density","false","false","9","1000","9","1000","1000000","2418"
"2341","true","local-density","false","false","9","1","2.25","1000","1000000","3240"
"2342","true","local-density","false","false","9","1","2.25","1000","1000000","3419"
"2343","true","local-density","false","false","9","1","2.25","1000","1000000","3513"
"2344","true","local-density","false","false","9","1","2.25","1000","1000000","3374"
"2345","true","local-density","false","false","9","1","2.25","1000","1000000","3515"
"2346","true","local-density","false","false","9","1","2.25","1000","1000000","3488"
"2347","true","local-density","false","false","9","1","2.25","1000","1000000","3443"
"2348","true","local-density","false","false","9","1","2.25","1000","1000000","3565"
"2349","true","local-density","false","false","9","1","2.25","1000","1000000","3624"
"2350","true","local-density","false","false","9","1","2.25","1000","1000000","3504"
"2352","true","local-density","false","false","9","1","2.25","1000","1000000","3721"
"2351","true","local-density","false","false","9","1","2.25","1000","1000000","3457"
"2353","true","local-density","false","false","9","1","2.25","1000","1000000","3599"
"2354","true","local-density","false","false","9","1","2.25","1000","1000000","3584"
"2355","true","local-density","false","false","9","1","2.25","1000","1000000","3480"
"2356","true","local-density","false","false","9","1","2.25","1000","1000000","3632"
"2357","true","local-density","false","false","9","1","2.25","1000","1000000","3639"
"2358","true","local-density","false","false","9","1","2.25","1000","1000000","3709"
"2360","true","local-density","false","false","9","1","2.25","1000","1000000","3477"
"2359","true","local-density","false","false","9","1","2.25","1000","1000000","3467"
"2361","true","local-density","false","false","9","1","2.25","1000","1000000","3603"
"2362","true","local-density","false","false","9","1","2.25","1000","1000000","3573"
"2363","true","local-density","false","false","9","1","2.25","1000","1000000","3391"
"2364","true","local-density","false","false","9","1","2.25","1000","1000000","3596"
"2366","true","local-density","false","false","9","1","2.25","1000","1000000","3632"
"2365","true","local-density","false","false","9","1","2.25","1000","1000000","3629"
"2367","true","local-density","false","false","9","1","2.25","1000","1000000","3500"
"2368","true","local-density","false","false","9","1","2.25","1000","1000000","3624"
"2369","true","local-density","false","false","9","1","2.25","1000","1000000","3572"
"2370","true","local-density","false","false","9","1","2.25","1000","1000000","3510"
"2371","true","local-density","false","false","9","1","2.25","1000","1000000","3126"
"2372","true","local-density","false","false","9","1","2.25","1000","1000000","3577"
"2374","true","local-density","false","false","9","1","2.25","1000","1000000","3575"
"2373","true","local-density","false","false","9","1","2.25","1000","1000000","3627"
"2375","true","local-density","false","false","9","1","2.25","1000","1000000","3446"
"2376","true","local-density","false","false","9","1","2.25","1000","1000000","3517"
"2377","true","local-density","false","false","9","1","2.25","1000","1000000","3575"
"2378","true","local-density","false","false","9","1","2.25","1000","1000000","3516"
"2379","true","local-density","false","false","9","1","2.25","1000","1000000","3508"
"2380","true","local-density","false","false","9","1","2.25","1000","1000000","3504"
"2382","true","local-density","false","false","9","1","2.25","1000","1000000","3496"
"2381","true","local-density","false","false","9","1","2.25","1000","1000000","3427"
"2383","true","local-density","false","false","9","1","2.25","1000","1000000","3500"
"2384","true","local-density","false","false","9","1","2.25","1000","1000000","3632"
"2385","true","local-density","false","false","9","1","2.25","1000","1000000","3454"
"2386","true","local-density","false","false","9","1","2.25","1000","1000000","3515"
"2387","true","local-density","false","false","9","1","2.25","1000","1000000","3484"
"2388","true","local-density","false","false","9","1","2.25","1000","1000000","3272"
"2389","true","local-density","false","false","9","1","2.25","1000","1000000","3241"
"2390","true","local-density","false","false","9","1","2.25","1000","1000000","3435"
"2391","true","local-density","false","false","9","1","2.25","1000","1000000","3731"
"2392","true","local-density","false","false","9","1","2.25","1000","1000000","3737"
"2393","true","local-density","false","false","9","1","2.25","1000","1000000","3435"
"2394","true","local-density","false","false","9","1","2.25","1000","1000000","3481"
"2395","true","local-density","false","false","9","1","2.25","1000","1000000","3710"
"2397","true","local-density","false","false","9","1","2.25","1000","1000000","3459"
"2396","true","local-density","false","false","9","1","2.25","1000","1000000","3447"
"2398","true","local-density","false","false","9","1","2.25","1000","1000000","3513"
"2399","true","local-density","false","false","9","1","2.25","1000","1000000","3650"
"2400","true","local-density","false","false","9","1","2.25","1000","1000000","3615"
"2401","true","local-density","false","false","9","1","4.5","1000","1000000","4293"
"2402","true","local-density","false","false","9","1","4.5","1000","1000000","4228"
"2403","true","local-density","false","false","9","1","4.5","1000","1000000","4157"
"2404","true","local-density","false","false","9","1","4.5","1000","1000000","4118"
"2405","true","local-density","false","false","9","1","4.5","1000","1000000","4235"
"2406","true","local-density","false","false","9","1","4.5","1000","1000000","4196"
"2407","true","local-density","false","false","9","1","4.5","1000","1000000","4172"
"2408","true","local-density","false","false","9","1","4.5","1000","1000000","4285"
"2409","true","local-density","false","false","9","1","4.5","1000","1000000","4191"
"2410","true","local-density","false","false","9","1","4.5","1000","1000000","4428"
"2411","true","local-density","false","false","9","1","4.5","1000","1000000","4236"
"2412","true","local-density","false","false","9","1","4.5","1000","1000000","4252"
"2413","true","local-density","false","false","9","1","4.5","1000","1000000","4102"
"2414","true","local-density","false","false","9","1","4.5","1000","1000000","4421"
"2415","true","local-density","false","false","9","1","4.5","1000","1000000","4451"
"2417","true","local-density","false","false","9","1","4.5","1000","1000000","4176"
"2416","true","local-density","false","false","9","1","4.5","1000","1000000","4245"
"2418","true","local-density","false","false","9","1","4.5","1000","1000000","4394"
"2419","true","local-density","false","false","9","1","4.5","1000","1000000","4309"
"2420","true","local-density","false","false","9","1","4.5","1000","1000000","3910"
"2421","true","local-density","false","false","9","1","4.5","1000","1000000","4294"
"2422","true","local-density","false","false","9","1","4.5","1000","1000000","4364"
"2423","true","local-density","false","false","9","1","4.5","1000","1000000","4427"
"2424","true","local-density","false","false","9","1","4.5","1000","1000000","4322"
"2425","true","local-density","false","false","9","1","4.5","1000","1000000","4101"
"2426","true","local-density","false","false","9","1","4.5","1000","1000000","4491"
"2427","true","local-density","false","false","9","1","4.5","1000","1000000","4194"
"2428","true","local-density","false","false","9","1","4.5","1000","1000000","4372"
"2429","true","local-density","false","false","9","1","4.5","1000","1000000","4506"
"2430","true","local-density","false","false","9","1","4.5","1000","1000000","4152"
"2431","true","local-density","false","false","9","1","4.5","1000","1000000","4255"
"2432","true","local-density","false","false","9","1","4.5","1000","1000000","4272"
"2433","true","local-density","false","false","9","1","4.5","1000","1000000","4300"
"2434","true","local-density","false","false","9","1","4.5","1000","1000000","4383"
"2435","true","local-density","false","false","9","1","4.5","1000","1000000","3994"
"2436","true","local-density","false","false","9","1","4.5","1000","1000000","4281"
"2437","true","local-density","false","false","9","1","4.5","1000","1000000","4230"
"2438","true","local-density","false","false","9","1","4.5","1000","1000000","4226"
"2439","true","local-density","false","false","9","1","4.5","1000","1000000","4340"
"2440","true","local-density","false","false","9","1","4.5","1000","1000000","3804"
"2441","true","local-density","false","false","9","1","4.5","1000","1000000","4362"
"2442","true","local-density","false","false","9","1","4.5","1000","1000000","4240"
"2443","true","local-density","false","false","9","1","4.5","1000","1000000","4150"
"2444","true","local-density","false","false","9","1","4.5","1000","1000000","4172"
"2445","true","local-density","false","false","9","1","4.5","1000","1000000","4335"
"2446","true","local-density","false","false","9","1","4.5","1000","1000000","3821"
"2447","true","local-density","false","false","9","1","4.5","1000","1000000","4453"
"2448","true","local-density","false","false","9","1","4.5","1000","1000000","4176"
"2450","true","local-density","false","false","9","1","4.5","1000","1000000","4160"
"2449","true","local-density","false","false","9","1","4.5","1000","1000000","4223"
"2451","true","local-density","false","false","9","1","4.5","1000","1000000","4147"
"2452","true","local-density","false","false","9","1","4.5","1000","1000000","4295"
"2453","true","local-density","false","false","9","1","4.5","1000","1000000","4324"
"2454","true","local-density","false","false","9","1","4.5","1000","1000000","4285"
"2455","true","local-density","false","false","9","1","4.5","1000","1000000","4337"
"2456","true","local-density","false","false","9","1","4.5","1000","1000000","4477"
"2457","true","local-density","false","false","9","1","4.5","1000","1000000","4382"
"2458","true","local-density","false","false","9","1","4.5","1000","1000000","3727"
"2459","true","local-density","false","false","9","1","4.5","1000","1000000","4264"
"2460","true","local-density","false","false","9","1","4.5","1000","1000000","4072"
"2461","true","local-density","false","false","9","1","9","1000","1000000","4877"
"2462","true","local-density","false","false","9","1","9","1000","1000000","4826"
"2463","true","local-density","false","false","9","1","9","1000","1000000","4667"
"2464","true","local-density","false","false","9","1","9","1000","1000000","4538"
"2465","true","local-density","false","false","9","1","9","1000","1000000","4761"
"2466","true","local-density","false","false","9","1","9","1000","1000000","4840"
"2467","true","local-density","false","false","9","1","9","1000","1000000","4837"
"2468","true","local-density","false","false","9","1","9","1000","1000000","4545"
"2469","true","local-density","false","false","9","1","9","1000","1000000","4769"
"2470","true","local-density","false","false","9","1","9","1000","1000000","4501"
"2471","true","local-density","false","false","9","1","9","1000","1000000","4968"
"2472","true","local-density","false","false","9","1","9","1000","1000000","4761"
"2473","true","local-density","false","false","9","1","9","1000","1000000","4690"
"2475","true","local-density","false","false","9","1","9","1000","1000000","4824"
"2474","true","local-density","false","false","9","1","9","1000","1000000","4833"
"2476","true","local-density","false","false","9","1","9","1000","1000000","4615"
"2477","true","local-density","false","false","9","1","9","1000","1000000","5071"
"2478","true","local-density","false","false","9","1","9","1000","1000000","4711"
"2479","true","local-density","false","false","9","1","9","1000","1000000","4692"
"2480","true","local-density","false","false","9","1","9","1000","1000000","4849"
"2481","true","local-density","false","false","9","1","9","1000","1000000","4800"
"2482","true","local-density","false","false","9","1","9","1000","1000000","4720"
"2483","true","local-density","false","false","9","1","9","1000","1000000","4837"
"2484","true","local-density","false","false","9","1","9","1000","1000000","4750"
"2485","true","local-density","false","false","9","1","9","1000","1000000","4721"
"2486","true","local-density","false","false","9","1","9","1000","1000000","4761"
"2487","true","local-density","false","false","9","1","9","1000","1000000","4861"
"2488","true","local-density","false","false","9","1","9","1000","1000000","4719"
"2489","true","local-density","false","false","9","1","9","1000","1000000","4928"
"2490","true","local-density","false","false","9","1","9","1000","1000000","4888"
"2491","true","local-density","false","false","9","1","9","1000","1000000","4746"
"2492","true","local-density","false","false","9","1","9","1000","1000000","4844"
"2493","true","local-density","false","false","9","1","9","1000","1000000","4814"
"2494","true","local-density","false","false","9","1","9","1000","1000000","4699"
"2495","true","local-density","false","false","9","1","9","1000","1000000","4933"
"2497","true","local-density","false","false","9","1","9","1000","1000000","4793"
"2496","true","local-density","false","false","9","1","9","1000","1000000","4850"
"2498","true","local-density","false","false","9","1","9","1000","1000000","4710"
"2499","true","local-density","false","false","9","1","9","1000","1000000","4851"
"2500","true","local-density","false","false","9","1","9","1000","1000000","4571"
"2501","true","local-density","false","false","9","1","9","1000","1000000","4820"
"2502","true","local-density","false","false","9","1","9","1000","1000000","4957"
"2503","true","local-density","false","false","9","1","9","1000","1000000","4773"
"2504","true","local-density","false","false","9","1","9","1000","1000000","4753"
"2506","true","local-density","false","false","9","1","9","1000","1000000","4943"
"2505","true","local-density","false","false","9","1","9","1000","1000000","4890"
"2507","true","local-density","false","false","9","1","9","1000","1000000","4739"
"2508","true","local-density","false","false","9","1","9","1000","1000000","4849"
"2509","true","local-density","false","false","9","1","9","1000","1000000","4529"
"2510","true","local-density","false","false","9","1","9","1000","1000000","4860"
"2511","true","local-density","false","false","9","1","9","1000","1000000","4228"
"2512","true","local-density","false","false","9","1","9","1000","1000000","4362"
"2513","true","local-density","false","false","9","1","9","1000","1000000","4692"
"2514","true","local-density","false","false","9","1","9","1000","1000000","4944"
"2515","true","local-density","false","false","9","1","9","1000","1000000","4933"
"2516","true","local-density","false","false","9","1","9","1000","1000000","4694"
"2517","true","local-density","false","false","9","1","9","1000","1000000","4472"
"2518","true","local-density","false","false","9","1","9","1000","1000000","4857"
"2519","true","local-density","false","false","9","1","9","1000","1000000","4668"
"2520","true","local-density","false","false","9","1","9","1000","1000000","4752"
"2521","true","local-density","false","false","10","1000","2.25","1000","1000000","4130"
"2522","true","local-density","false","false","10","1000","2.25","1000","1000000","4072"
"2523","true","local-density","false","false","10","1000","2.25","1000","1000000","4061"
"2524","true","local-density","false","false","10","1000","2.25","1000","1000000","4028"
"2525","true","local-density","false","false","10","1000","2.25","1000","1000000","4063"
"2526","true","local-density","false","false","10","1000","2.25","1000","1000000","4056"
"2527","true","local-density","false","false","10","1000","2.25","1000","1000000","3992"
"2528","true","local-density","false","false","10","1000","2.25","1000","1000000","3986"
"2529","true","local-density","false","false","10","1000","2.25","1000","1000000","4105"
"2530","true","local-density","false","false","10","1000","2.25","1000","1000000","4079"
"2531","true","local-density","false","false","10","1000","2.25","1000","1000000","4086"
"2532","true","local-density","false","false","10","1000","2.25","1000","1000000","4065"
"2533","true","local-density","false","false","10","1000","2.25","1000","1000000","4090"
"2534","true","local-density","false","false","10","1000","2.25","1000","1000000","4116"
"2535","true","local-density","false","false","10","1000","2.25","1000","1000000","4116"
"2536","true","local-density","false","false","10","1000","2.25","1000","1000000","4110"
"2537","true","local-density","false","false","10","1000","2.25","1000","1000000","4029"
"2538","true","local-density","false","false","10","1000","2.25","1000","1000000","4112"
"2539","true","local-density","false","false","10","1000","2.25","1000","1000000","4010"
"2540","true","local-density","false","false","10","1000","2.25","1000","1000000","4149"
"2541","true","local-density","false","false","10","1000","2.25","1000","1000000","4070"
"2542","true","local-density","false","false","10","1000","2.25","1000","1000000","4076"
"2544","true","local-density","false","false","10","1000","2.25","1000","1000000","4055"
"2543","true","local-density","false","false","10","1000","2.25","1000","1000000","4048"
"2545","true","local-density","false","false","10","1000","2.25","1000","1000000","4155"
"2546","true","local-density","false","false","10","1000","2.25","1000","1000000","4096"
"2547","true","local-density","false","false","10","1000","2.25","1000","1000000","4009"
"2548","true","local-density","false","false","10","1000","2.25","1000","1000000","4034"
"2549","true","local-density","false","false","10","1000","2.25","1000","1000000","4059"
"2550","true","local-density","false","false","10","1000","2.25","1000","1000000","4108"
"2551","true","local-density","false","false","10","1000","2.25","1000","1000000","4049"
"2552","true","local-density","false","false","10","1000","2.25","1000","1000000","4053"
"2553","true","local-density","false","false","10","1000","2.25","1000","1000000","3996"
"2554","true","local-density","false","false","10","1000","2.25","1000","1000000","4097"
"2555","true","local-density","false","false","10","1000","2.25","1000","1000000","4081"
"2556","true","local-density","false","false","10","1000","2.25","1000","1000000","4123"
"2557","true","local-density","false","false","10","1000","2.25","1000","1000000","4065"
"2558","true","local-density","false","false","10","1000","2.25","1000","1000000","4104"
"2559","true","local-density","false","false","10","1000","2.25","1000","1000000","4123"
"2560","true","local-density","false","false","10","1000","2.25","1000","1000000","4012"
"2561","true","local-density","false","false","10","1000","2.25","1000","1000000","4098"
"2562","true","local-density","false","false","10","1000","2.25","1000","1000000","4095"
"2563","true","local-density","false","false","10","1000","2.25","1000","1000000","4058"
"2564","true","local-density","false","false","10","1000","2.25","1000","1000000","4056"
"2565","true","local-density","false","false","10","1000","2.25","1000","1000000","4153"
"2566","true","local-density","false","false","10","1000","2.25","1000","1000000","4086"
"2567","true","local-density","false","false","10","1000","2.25","1000","1000000","4108"
"2568","true","local-density","false","false","10","1000","2.25","1000","1000000","4113"
"2569","true","local-density","false","false","10","1000","2.25","1000","1000000","4086"
"2570","true","local-density","false","false","10","1000","2.25","1000","1000000","3986"
"2571","true","local-density","false","false","10","1000","2.25","1000","1000000","4028"
"2572","true","local-density","false","false","10","1000","2.25","1000","1000000","4158"
"2573","true","local-density","false","false","10","1000","2.25","1000","1000000","4144"
"2574","true","local-density","false","false","10","1000","2.25","1000","1000000","4097"
"2575","true","local-density","false","false","10","1000","2.25","1000","1000000","4119"
"2576","true","local-density","false","false","10","1000","2.25","1000","1000000","4079"
"2577","true","local-density","false","false","10","1000","2.25","1000","1000000","4058"
"2579","true","local-density","false","false","10","1000","2.25","1000","1000000","4136"
"2578","true","local-density","false","false","10","1000","2.25","1000","1000000","4051"
"2580","true","local-density","false","false","10","1000","2.25","1000","1000000","4005"
"2581","true","local-density","false","false","10","1000","4.5","1000","1000000","4519"
"2583","true","local-density","false","false","10","1000","4.5","1000","1000000","4623"
"2582","true","local-density","false","false","10","1000","4.5","1000","1000000","4487"
"2584","true","local-density","false","false","10","1000","4.5","1000","1000000","4532"
"2585","true","local-density","false","false","10","1000","4.5","1000","1000000","4579"
"2586","true","local-density","false","false","10","1000","4.5","1000","1000000","4469"
"2587","true","local-density","false","false","10","1000","4.5","1000","1000000","4549"
"2588","true","local-density","false","false","10","1000","4.5","1000","1000000","4518"
"2589","true","local-density","false","false","10","1000","4.5","1000","1000000","4512"
"2590","true","local-density","false","false","10","1000","4.5","1000","1000000","4560"
"2591","true","local-density","false","false","10","1000","4.5","1000","1000000","4547"
"2592","true","local-density","false","false","10","1000","4.5","1000","1000000","4624"
"2593","true","local-density","false","false","10","1000","4.5","1000","1000000","4494"
"2595","true","local-density","false","false","10","1000","4.5","1000","1000000","4552"
"2594","true","local-density","false","false","10","1000","4.5","1000","1000000","4341"
"2596","true","local-density","false","false","10","1000","4.5","1000","1000000","4485"
"2597","true","local-density","false","false","10","1000","4.5","1000","1000000","4569"
"2598","true","local-density","false","false","10","1000","4.5","1000","1000000","4462"
"2599","true","local-density","false","false","10","1000","4.5","1000","1000000","4496"
"2600","true","local-density","false","false","10","1000","4.5","1000","1000000","4525"
"2601","true","local-density","false","false","10","1000","4.5","1000","1000000","4508"
"2602","true","local-density","false","false","10","1000","4.5","1000","1000000","4535"
"2603","true","local-density","false","false","10","1000","4.5","1000","1000000","4574"
"2604","true","local-density","false","false","10","1000","4.5","1000","1000000","4571"
"2605","true","local-density","false","false","10","1000","4.5","1000","1000000","4459"
"2606","true","local-density","false","false","10","1000","4.5","1000","1000000","4448"
"2607","true","local-density","false","false","10","1000","4.5","1000","1000000","4461"
"2608","true","local-density","false","false","10","1000","4.5","1000","1000000","4568"
"2609","true","local-density","false","false","10","1000","4.5","1000","1000000","4549"
"2610","true","local-density","false","false","10","1000","4.5","1000","1000000","4596"
"2611","true","local-density","false","false","10","1000","4.5","1000","1000000","4338"
"2612","true","local-density","false","false","10","1000","4.5","1000","1000000","4440"
"2614","true","local-density","false","false","10","1000","4.5","1000","1000000","4616"
"2613","true","local-density","false","false","10","1000","4.5","1000","1000000","4622"
"2615","true","local-density","false","false","10","1000","4.5","1000","1000000","4399"
"2616","true","local-density","false","false","10","1000","4.5","1000","1000000","4592"
"2617","true","local-density","false","false","10","1000","4.5","1000","1000000","4472"
"2618","true","local-density","false","false","10","1000","4.5","1000","1000000","4441"
"2619","true","local-density","false","false","10","1000","4.5","1000","1000000","4413"
"2620","true","local-density","false","false","10","1000","4.5","1000","1000000","4561"
"2621","true","local-density","false","false","10","1000","4.5","1000","1000000","4569"
"2622","true","local-density","false","false","10","1000","4.5","1000","1000000","4574"
"2623","true","local-density","false","false","10","1000","4.5","1000","1000000","4577"
"2624","true","local-density","false","false","10","1000","4.5","1000","1000000","4548"
"2625","true","local-density","false","false","10","1000","4.5","1000","1000000","4553"
"2626","true","local-density","false","false","10","1000","4.5","1000","1000000","4557"
"2627","true","local-density","false","false","10","1000","4.5","1000","1000000","4623"
"2628","true","local-density","false","false","10","1000","4.5","1000","1000000","4513"
"2629","true","local-density","false","false","10","1000","4.5","1000","1000000","4558"
"2630","true","local-density","false","false","10","1000","4.5","1000","1000000","4453"
"2632","true","local-density","false","false","10","1000","4.5","1000","1000000","4397"
"2631","true","local-density","false","false","10","1000","4.5","1000","1000000","4577"
"2633","true","local-density","false","false","10","1000","4.5","1000","1000000","4410"
"2634","true","local-density","false","false","10","1000","4.5","1000","1000000","4577"
"2635","true","local-density","false","false","10","1000","4.5","1000","1000000","4583"
"2636","true","local-density","false","false","10","1000","4.5","1000","1000000","4637"
"2637","true","local-density","false","false","10","1000","4.5","1000","1000000","4474"
"2638","true","local-density","false","false","10","1000","4.5","1000","1000000","4646"
"2639","true","local-density","false","false","10","1000","4.5","1000","1000000","4530"
"2640","true","local-density","false","false","10","1000","4.5","1000","1000000","4573"
"2641","true","local-density","false","false","10","1000","9","1000","1000000","4792"
"2642","true","local-density","false","false","10","1000","9","1000","1000000","4774"
"2643","true","local-density","false","false","10","1000","9","1000","1000000","4817"
"2644","true","local-density","false","false","10","1000","9","1000","1000000","4806"
"2645","true","local-density","false","false","10","1000","9","1000","1000000","4636"
"2646","true","local-density","false","false","10","1000","9","1000","1000000","4710"
"2647","true","local-density","false","false","10","1000","9","1000","1000000","4828"
"2648","true","local-density","false","false","10","1000","9","1000","1000000","4732"
"2649","true","local-density","false","false","10","1000","9","1000","1000000","4734"
"2652","true","local-density","false","false","10","1000","9","1000","1000000","4709"
"2650","true","local-density","false","false","10","1000","9","1000","1000000","4717"
"2651","true","local-density","false","false","10","1000","9","1000","1000000","4834"
"2653","true","local-density","false","false","10","1000","9","1000","1000000","4704"
"2654","true","local-density","false","false","10","1000","9","1000","1000000","4767"
"2655","true","local-density","false","false","10","1000","9","1000","1000000","4774"
"2656","true","local-density","false","false","10","1000","9","1000","1000000","4755"
"2657","true","local-density","false","false","10","1000","9","1000","1000000","4732"
"2658","true","local-density","false","false","10","1000","9","1000","1000000","4631"
"2659","true","local-density","false","false","10","1000","9","1000","1000000","4786"
"2660","true","local-density","false","false","10","1000","9","1000","1000000","4803"
"2661","true","local-density","false","false","10","1000","9","1000","1000000","4779"
"2662","true","local-density","false","false","10","1000","9","1000","1000000","4747"
"2663","true","local-density","false","false","10","1000","9","1000","1000000","4704"
"2664","true","local-density","false","false","10","1000","9","1000","1000000","4684"
"2665","true","local-density","false","false","10","1000","9","1000","1000000","4723"
"2666","true","local-density","false","false","10","1000","9","1000","1000000","4563"
"2667","true","local-density","false","false","10","1000","9","1000","1000000","4798"
"2668","true","local-density","false","false","10","1000","9","1000","1000000","4721"
"2669","true","local-density","false","false","10","1000","9","1000","1000000","4782"
"2670","true","local-density","false","false","10","1000","9","1000","1000000","4670"
"2671","true","local-density","false","false","10","1000","9","1000","1000000","4685"
"2672","true","local-density","false","false","10","1000","9","1000","1000000","4672"
"2673","true","local-density","false","false","10","1000","9","1000","1000000","4695"
"2674","true","local-density","false","false","10","1000","9","1000","1000000","4727"
"2675","true","local-density","false","false","10","1000","9","1000","1000000","4669"
"2676","true","local-density","false","false","10","1000","9","1000","1000000","4733"
"2677","true","local-density","false","false","10","1000","9","1000","1000000","4760"
"2678","true","local-density","false","false","10","1000","9","1000","1000000","4676"
"2679","true","local-density","false","false","10","1000","9","1000","1000000","4732"
"2680","true","local-density","false","false","10","1000","9","1000","1000000","4743"
"2681","true","local-density","false","false","10","1000","9","1000","1000000","4699"
"2682","true","local-density","false","false","10","1000","9","1000","1000000","4810"
"2683","true","local-density","false","false","10","1000","9","1000","1000000","4866"
"2684","true","local-density","false","false","10","1000","9","1000","1000000","4662"
"2685","true","local-density","false","false","10","1000","9","1000","1000000","4671"
"2686","true","local-density","false","false","10","1000","9","1000","1000000","4725"
"2687","true","local-density","false","false","10","1000","9","1000","1000000","4671"
"2688","true","local-density","false","false","10","1000","9","1000","1000000","4694"
"2689","true","local-density","false","false","10","1000","9","1000","1000000","4818"
"2690","true","local-density","false","false","10","1000","9","1000","1000000","4721"
"2691","true","local-density","false","false","10","1000","9","1000","1000000","4805"
"2692","true","local-density","false","false","10","1000","9","1000","1000000","4746"
"2693","true","local-density","false","false","10","1000","9","1000","1000000","4745"
"2694","true","local-density","false","false","10","1000","9","1000","1000000","4919"
"2695","true","local-density","false","false","10","1000","9","1000","1000000","4722"
"2696","true","local-density","false","false","10","1000","9","1000","1000000","4773"
"2697","true","local-density","false","false","10","1000","9","1000","1000000","4688"
"2698","true","local-density","false","false","10","1000","9","1000","1000000","4786"
"2699","true","local-density","false","false","10","1000","9","1000","1000000","4796"
"2700","true","local-density","false","false","10","1000","9","1000","1000000","4767"
"2701","true","local-density","false","false","10","1","2.25","1000","1000000","7262"
"2702","true","local-density","false","false","10","1","2.25","1000","1000000","7352"
"2703","true","local-density","false","false","10","1","2.25","1000","1000000","6966"
"2704","true","local-density","false","false","10","1","2.25","1000","1000000","7208"
"2705","true","local-density","false","false","10","1","2.25","1000","1000000","6826"
"2706","true","local-density","false","false","10","1","2.25","1000","1000000","7071"
"2707","true","local-density","false","false","10","1","2.25","1000","1000000","7226"
"2708","true","local-density","false","false","10","1","2.25","1000","1000000","7343"
"2709","true","local-density","false","false","10","1","2.25","1000","1000000","7153"
"2710","true","local-density","false","false","10","1","2.25","1000","1000000","7198"
"2711","true","local-density","false","false","10","1","2.25","1000","1000000","7146"
"2712","true","local-density","false","false","10","1","2.25","1000","1000000","7199"
"2713","true","local-density","false","false","10","1","2.25","1000","1000000","6893"
"2714","true","local-density","false","false","10","1","2.25","1000","1000000","6678"
"2716","true","local-density","false","false","10","1","2.25","1000","1000000","7195"
"2715","true","local-density","false","false","10","1","2.25","1000","1000000","6624"
"2717","true","local-density","false","false","10","1","2.25","1000","1000000","6816"
"2718","true","local-density","false","false","10","1","2.25","1000","1000000","6897"
"2719","true","local-density","false","false","10","1","2.25","1000","1000000","7126"
"2720","true","local-density","false","false","10","1","2.25","1000","1000000","7011"
"2721","true","local-density","false","false","10","1","2.25","1000","1000000","7163"
"2722","true","local-density","false","false","10","1","2.25","1000","1000000","6931"
"2723","true","local-density","false","false","10","1","2.25","1000","1000000","7336"
"2724","true","local-density","false","false","10","1","2.25","1000","1000000","6817"
"2725","true","local-density","false","false","10","1","2.25","1000","1000000","7017"
"2726","true","local-density","false","false","10","1","2.25","1000","1000000","7289"
"2727","true","local-density","false","false","10","1","2.25","1000","1000000","7531"
"2729","true","local-density","false","false","10","1","2.25","1000","1000000","7198"
"2728","true","local-density","false","false","10","1","2.25","1000","1000000","7135"
"2730","true","local-density","false","false","10","1","2.25","1000","1000000","7024"
"2731","true","local-density","false","false","10","1","2.25","1000","1000000","6887"
"2732","true","local-density","false","false","10","1","2.25","1000","1000000","7039"
"2733","true","local-density","false","false","10","1","2.25","1000","1000000","7233"
"2734","true","local-density","false","false","10","1","2.25","1000","1000000","7000"
"2735","true","local-density","false","false","10","1","2.25","1000","1000000","6847"
"2736","true","local-density","false","false","10","1","2.25","1000","1000000","7143"
"2737","true","local-density","false","false","10","1","2.25","1000","1000000","7123"
"2738","true","local-density","false","false","10","1","2.25","1000","1000000","7272"
"2741","true","local-density","false","false","10","1","2.25","1000","1000000","7350"
"2739","true","local-density","false","false","10","1","2.25","1000","1000000","7167"
"2740","true","local-density","false","false","10","1","2.25","1000","1000000","7370"
"2742","true","local-density","false","false","10","1","2.25","1000","1000000","7083"
"2743","true","local-density","false","false","10","1","2.25","1000","1000000","6852"
"2744","true","local-density","false","false","10","1","2.25","1000","1000000","7216"
"2745","true","local-density","false","false","10","1","2.25","1000","1000000","7583"
"2746","true","local-density","false","false","10","1","2.25","1000","1000000","6872"
"2747","true","local-density","false","false","10","1","2.25","1000","1000000","6519"
"2749","true","local-density","false","false","10","1","2.25","1000","1000000","7336"
"2748","true","local-density","false","false","10","1","2.25","1000","1000000","6857"
"2750","true","local-density","false","false","10","1","2.25","1000","1000000","7126"
"2751","true","local-density","false","false","10","1","2.25","1000","1000000","7137"
"2752","true","local-density","false","false","10","1","2.25","1000","1000000","7016"
"2753","true","local-density","false","false","10","1","2.25","1000","1000000","7278"
"2754","true","local-density","false","false","10","1","2.25","1000","1000000","7203"
"2755","true","local-density","false","false","10","1","2.25","1000","1000000","6960"
"2756","true","local-density","false","false","10","1","2.25","1000","1000000","7057"
"2757","true","local-density","false","false","10","1","2.25","1000","1000000","6626"
"2758","true","local-density","false","false","10","1","2.25","1000","1000000","7221"
"2759","true","local-density","false","false","10","1","2.25","1000","1000000","7053"
"2760","true","local-density","false","false","10","1","2.25","1000","1000000","7245"
"2761","true","local-density","false","false","10","1","4.5","1000","1000000","9059"
"2762","true","local-density","false","false","10","1","4.5","1000","1000000","8735"
"2763","true","local-density","false","false","10","1","4.5","1000","1000000","8724"
"2764","true","local-density","false","false","10","1","4.5","1000","1000000","8944"
"2765","true","local-density","false","false","10","1","4.5","1000","1000000","8775"
"2766","true","local-density","false","false","10","1","4.5","1000","1000000","8579"
"2767","true","local-density","false","false","10","1","4.5","1000","1000000","8968"
"2768","true","local-density","false","false","10","1","4.5","1000","1000000","8646"
"2769","true","local-density","false","false","10","1","4.5","1000","1000000","8828"
"2770","true","local-density","false","false","10","1","4.5","1000","1000000","8872"
"2771","true","local-density","false","false","10","1","4.5","1000","1000000","9226"
"2773","true","local-density","false","false","10","1","4.5","1000","1000000","8416"
"2772","true","local-density","false","false","10","1","4.5","1000","1000000","9143"
"2774","true","local-density","false","false","10","1","4.5","1000","1000000","8862"
"2775","true","local-density","false","false","10","1","4.5","1000","1000000","8589"
"2776","true","local-density","false","false","10","1","4.5","1000","1000000","8494"
"2777","true","local-density","false","false","10","1","4.5","1000","1000000","8007"
"2778","true","local-density","false","false","10","1","4.5","1000","1000000","8919"
"2779","true","local-density","false","false","10","1","4.5","1000","1000000","8780"
"2780","true","local-density","false","false","10","1","4.5","1000","1000000","8771"
"2781","true","local-density","false","false","10","1","4.5","1000","1000000","8845"
"2782","true","local-density","false","false","10","1","4.5","1000","1000000","9108"
"2784","true","local-density","false","false","10","1","4.5","1000","1000000","8729"
"2783","true","local-density","false","false","10","1","4.5","1000","1000000","8598"
"2785","true","local-density","false","false","10","1","4.5","1000","1000000","8453"
"2786","true","local-density","false","false","10","1","4.5","1000","1000000","8740"
"2787","true","local-density","false","false","10","1","4.5","1000","1000000","7836"
"2788","true","local-density","false","false","10","1","4.5","1000","1000000","8677"
"2789","true","local-density","false","false","10","1","4.5","1000","1000000","9048"
"2790","true","local-density","false","false","10","1","4.5","1000","1000000","8457"
"2791","true","local-density","false","false","10","1","4.5","1000","1000000","8911"
"2792","true","local-density","false","false","10","1","4.5","1000","1000000","7979"
"2793","true","local-density","false","false","10","1","4.5","1000","1000000","9019"
"2794","true","local-density","false","false","10","1","4.5","1000","1000000","8928"
"2795","true","local-density","false","false","10","1","4.5","1000","1000000","8464"
"2796","true","local-density","false","false","10","1","4.5","1000","1000000","8877"
"2797","true","local-density","false","false","10","1","4.5","1000","1000000","8788"
"2798","true","local-density","false","false","10","1","4.5","1000","1000000","8647"
"2800","true","local-density","false","false","10","1","4.5","1000","1000000","9059"
"2799","true","local-density","false","false","10","1","4.5","1000","1000000","8831"
"2801","true","local-density","false","false","10","1","4.5","1000","1000000","8477"
"2802","true","local-density","false","false","10","1","4.5","1000","1000000","8840"
"2803","true","local-density","false","false","10","1","4.5","1000","1000000","8039"
"2804","true","local-density","false","false","10","1","4.5","1000","1000000","8862"
"2805","true","local-density","false","false","10","1","4.5","1000","1000000","8319"
"2806","true","local-density","false","false","10","1","4.5","1000","1000000","8915"
"2807","true","local-density","false","false","10","1","4.5","1000","1000000","8401"
"2808","true","local-density","false","false","10","1","4.5","1000","1000000","8259"
"2810","true","local-density","false","false","10","1","4.5","1000","1000000","8914"
"2809","true","local-density","false","false","10","1","4.5","1000","1000000","8193"
"2811","true","local-density","false","false","10","1","4.5","1000","1000000","7569"
"2812","true","local-density","false","false","10","1","4.5","1000","1000000","8652"
"2813","true","local-density","false","false","10","1","4.5","1000","1000000","8557"
"2814","true","local-density","false","false","10","1","4.5","1000","1000000","9070"
"2815","true","local-density","false","false","10","1","4.5","1000","1000000","8750"
"2816","true","local-density","false","false","10","1","4.5","1000","1000000","8521"
"2817","true","local-density","false","false","10","1","4.5","1000","1000000","8328"
"2818","true","local-density","false","false","10","1","4.5","1000","1000000","8615"
"2819","true","local-density","false","false","10","1","4.5","1000","1000000","8709"
"2821","true","local-density","false","false","10","1","9","1000","1000000","9290"
"2820","true","local-density","false","false","10","1","4.5","1000","1000000","9014"
"2822","true","local-density","false","false","10","1","9","1000","1000000","9141"
"2823","true","local-density","false","false","10","1","9","1000","1000000","9303"
"2824","true","local-density","false","false","10","1","9","1000","1000000","9597"
"2825","true","local-density","false","false","10","1","9","1000","1000000","8872"
"2826","true","local-density","false","false","10","1","9","1000","1000000","9582"
"2827","true","local-density","false","false","10","1","9","1000","1000000","9516"
"2828","true","local-density","false","false","10","1","9","1000","1000000","9426"
"2829","true","local-density","false","false","10","1","9","1000","1000000","8972"
"2830","true","local-density","false","false","10","1","9","1000","1000000","8853"
"2832","true","local-density","false","false","10","1","9","1000","1000000","9476"
"2831","true","local-density","false","false","10","1","9","1000","1000000","9062"
"2833","true","local-density","false","false","10","1","9","1000","1000000","8906"
"2834","true","local-density","false","false","10","1","9","1000","1000000","9381"
"2835","true","local-density","false","false","10","1","9","1000","1000000","9025"
"2836","true","local-density","false","false","10","1","9","1000","1000000","9497"
"2837","true","local-density","false","false","10","1","9","1000","1000000","9435"
"2838","true","local-density","false","false","10","1","9","1000","1000000","8650"
"2839","true","local-density","false","false","10","1","9","1000","1000000","9293"
"2840","true","local-density","false","false","10","1","9","1000","1000000","9441"
"2841","true","local-density","false","false","10","1","9","1000","1000000","9555"
"2842","true","local-density","false","false","10","1","9","1000","1000000","8805"
"2843","true","local-density","false","false","10","1","9","1000","1000000","9317"
"2844","true","local-density","false","false","10","1","9","1000","1000000","9383"
"2845","true","local-density","false","false","10","1","9","1000","1000000","9089"
"2846","true","local-density","false","false","10","1","9","1000","1000000","8973"
"2847","true","local-density","false","false","10","1","9","1000","1000000","9243"
"2848","true","local-density","false","false","10","1","9","1000","1000000","9142"
"2849","true","local-density","false","false","10","1","9","1000","1000000","8979"
"2850","true","local-density","false","false","10","1","9","1000","1000000","8836"
"2851","true","local-density","false","false","10","1","9","1000","1000000","8944"
"2852","true","local-density","false","false","10","1","9","1000","1000000","8886"
"2853","true","local-density","false","false","10","1","9","1000","1000000","9237"
"2854","true","local-density","false","false","10","1","9","1000","1000000","9679"
"2855","true","local-density","false","false","10","1","9","1000","1000000","9008"
"2856","true","local-density","false","false","10","1","9","1000","1000000","9267"
"2857","true","local-density","false","false","10","1","9","1000","1000000","9423"
"2859","true","local-density","false","false","10","1","9","1000","1000000","9322"
"2858","true","local-density","false","false","10","1","9","1000","1000000","8596"
"2860","true","local-density","false","false","10","1","9","1000","1000000","9432"
"2861","true","local-density","false","false","10","1","9","1000","1000000","9375"
"2862","true","local-density","false","false","10","1","9","1000","1000000","9483"
"2863","true","local-density","false","false","10","1","9","1000","1000000","9172"
"2864","true","local-density","false","false","10","1","9","1000","1000000","8618"
"2865","true","local-density","false","false","10","1","9","1000","1000000","8603"
"2866","true","local-density","false","false","10","1","9","1000","1000000","9517"
"2867","true","local-density","false","false","10","1","9","1000","1000000","9191"
"2868","true","local-density","false","false","10","1","9","1000","1000000","9130"
"2869","true","local-density","false","false","10","1","9","1000","1000000","9065"
"2870","true","local-density","false","false","10","1","9","1000","1000000","9249"
"2871","true","local-density","false","false","10","1","9","1000","1000000","9546"
"2872","true","local-density","false","false","10","1","9","1000","1000000","8945"
"2873","true","local-density","false","false","10","1","9","1000","1000000","9157"
"2874","true","local-density","false","false","10","1","9","1000","1000000","9363"
"2875","true","local-density","false","false","10","1","9","1000","1000000","9113"
"2876","true","local-density","false","false","10","1","9","1000","1000000","9089"
"2877","true","local-density","false","false","10","1","9","1000","1000000","9014"
"2879","true","local-density","false","false","10","1","9","1000","1000000","9121"
"2878","true","local-density","false","false","10","1","9","1000","1000000","9225"
"2880","true","local-density","false","false","10","1","9","1000","1000000","8862"
"2881","true","local-density","false","false","11","1000","2.25","1000","1000000","8257"
"2882","true","local-density","false","false","11","1000","2.25","1000","1000000","8101"
"2883","true","local-density","false","false","11","1000","2.25","1000","1000000","8361"
"2884","true","local-density","false","false","11","1000","2.25","1000","1000000","8150"
"2885","true","local-density","false","false","11","1000","2.25","1000","1000000","8298"
"2886","true","local-density","false","false","11","1000","2.25","1000","1000000","8269"
"2887","true","local-density","false","false","11","1000","2.25","1000","1000000","8327"
"2888","true","local-density","false","false","11","1000","2.25","1000","1000000","8277"
"2889","true","local-density","false","false","11","1000","2.25","1000","1000000","8176"
"2890","true","local-density","false","false","11","1000","2.25","1000","1000000","8269"
"2891","true","local-density","false","false","11","1000","2.25","1000","1000000","8151"
"2892","true","local-density","false","false","11","1000","2.25","1000","1000000","8272"
"2893","true","local-density","false","false","11","1000","2.25","1000","1000000","8130"
"2894","true","local-density","false","false","11","1000","2.25","1000","1000000","8291"
"2895","true","local-density","false","false","11","1000","2.25","1000","1000000","8220"
"2896","true","local-density","false","false","11","1000","2.25","1000","1000000","8216"
"2897","true","local-density","false","false","11","1000","2.25","1000","1000000","8402"
"2898","true","local-density","false","false","11","1000","2.25","1000","1000000","8211"
"2899","true","local-density","false","false","11","1000","2.25","1000","1000000","8294"
"2900","true","local-density","false","false","11","1000","2.25","1000","1000000","8065"
"2901","true","local-density","false","false","11","1000","2.25","1000","1000000","8016"
"2902","true","local-density","false","false","11","1000","2.25","1000","1000000","8240"
"2903","true","local-density","false","false","11","1000","2.25","1000","1000000","8283"
"2904","true","local-density","false","false","11","1000","2.25","1000","1000000","7951"
"2906","true","local-density","false","false","11","1000","2.25","1000","1000000","8152"
"2905","true","local-density","false","false","11","1000","2.25","1000","1000000","8265"
"2907","true","local-density","false","false","11","1000","2.25","1000","1000000","8353"
"2908","true","local-density","false","false","11","1000","2.25","1000","1000000","8259"
"2909","true","local-density","false","false","11","1000","2.25","1000","1000000","8338"
"2910","true","local-density","false","false","11","1000","2.25","1000","1000000","8240"
"2911","true","local-density","false","false","11","1000","2.25","1000","1000000","8291"
"2912","true","local-density","false","false","11","1000","2.25","1000","1000000","7943"
"2913","true","local-density","false","false","11","1000","2.25","1000","1000000","8289"
"2914","true","local-density","false","false","11","1000","2.25","1000","1000000","8274"
"2915","true","local-density","false","false","11","1000","2.25","1000","1000000","8324"
"2916","true","local-density","false","false","11","1000","2.25","1000","1000000","8253"
"2917","true","local-density","false","false","11","1000","2.25","1000","1000000","8264"
"2918","true","local-density","false","false","11","1000","2.25","1000","1000000","8214"
"2919","true","local-density","false","false","11","1000","2.25","1000","1000000","8215"
"2920","true","local-density","false","false","11","1000","2.25","1000","1000000","8352"
"2921","true","local-density","false","false","11","1000","2.25","1000","1000000","8454"
"2922","true","local-density","false","false","11","1000","2.25","1000","1000000","8118"
"2923","true","local-density","false","false","11","1000","2.25","1000","1000000","8209"
"2924","true","local-density","false","false","11","1000","2.25","1000","1000000","8284"
"2925","true","local-density","false","false","11","1000","2.25","1000","1000000","8303"
"2926","true","local-density","false","false","11","1000","2.25","1000","1000000","8249"
"2928","true","local-density","false","false","11","1000","2.25","1000","1000000","7888"
"2927","true","local-density","false","false","11","1000","2.25","1000","1000000","8203"
"2929","true","local-density","false","false","11","1000","2.25","1000","1000000","8259"
"2930","true","local-density","false","false","11","1000","2.25","1000","1000000","8258"
"2931","true","local-density","false","false","11","1000","2.25","1000","1000000","8384"
"2932","true","local-density","false","false","11","1000","2.25","1000","1000000","8206"
"2933","true","local-density","false","false","11","1000","2.25","1000","1000000","8050"
"2934","true","local-density","false","false","11","1000","2.25","1000","1000000","8265"
"2935","true","local-density","false","false","11","1000","2.25","1000","1000000","8265"
"2936","true","local-density","false","false","11","1000","2.25","1000","1000000","8353"
"2937","true","local-density","false","false","11","1000","2.25","1000","1000000","8333"
"2938","true","local-density","false","false","11","1000","2.25","1000","1000000","8089"
"2939","true","local-density","false","false","11","1000","2.25","1000","1000000","8207"
"2940","true","local-density","false","false","11","1000","2.25","1000","1000000","8145"
"2941","true","local-density","false","false","11","1000","4.5","1000","1000000","9170"
"2942","true","local-density","false","false","11","1000","4.5","1000","1000000","9080"
"2943","true","local-density","false","false","11","1000","4.5","1000","1000000","8999"
"2944","true","local-density","false","false","11","1000","4.5","1000","1000000","9127"
"2945","true","local-density","false","false","11","1000","4.5","1000","1000000","9095"
"2946","true","local-density","false","false","11","1000","4.5","1000","1000000","9152"
"2947","true","local-density","false","false","11","1000","4.5","1000","1000000","9123"
"2948","true","local-density","false","false","11","1000","4.5","1000","1000000","8995"
"2949","true","local-density","false","false","11","1000","4.5","1000","1000000","9283"
"2950","true","local-density","false","false","11","1000","4.5","1000","1000000","9233"
"2951","true","local-density","false","false","11","1000","4.5","1000","1000000","9128"
"2952","true","local-density","false","false","11","1000","4.5","1000","1000000","9133"
"2953","true","local-density","false","false","11","1000","4.5","1000","1000000","9065"
"2954","true","local-density","false","false","11","1000","4.5","1000","1000000","9034"
"2955","true","local-density","false","false","11","1000","4.5","1000","1000000","8941"
"2956","true","local-density","false","false","11","1000","4.5","1000","1000000","9225"
"2957","true","local-density","false","false","11","1000","4.5","1000","1000000","9117"
"2958","true","local-density","false","false","11","1000","4.5","1000","1000000","9250"
"2959","true","local-density","false","false","11","1000","4.5","1000","1000000","9167"
"2960","true","local-density","false","false","11","1000","4.5","1000","1000000","9080"
"2961","true","local-density","false","false","11","1000","4.5","1000","1000000","9022"
"2962","true","local-density","false","false","11","1000","4.5","1000","1000000","9129"
"2963","true","local-density","false","false","11","1000","4.5","1000","1000000","9193"
"2964","true","local-density","false","false","11","1000","4.5","1000","1000000","9220"
"2965","true","local-density","false","false","11","1000","4.5","1000","1000000","8875"
"2966","true","local-density","false","false","11","1000","4.5","1000","1000000","8898"
"2967","true","local-density","false","false","11","1000","4.5","1000","1000000","9200"
"2968","true","local-density","false","false","11","1000","4.5","1000","1000000","9198"
"2969","true","local-density","false","false","11","1000","4.5","1000","1000000","9197"
"2970","true","local-density","false","false","11","1000","4.5","1000","1000000","9201"
"2971","true","local-density","false","false","11","1000","4.5","1000","1000000","9073"
"2972","true","local-density","false","false","11","1000","4.5","1000","1000000","8985"
"2973","true","local-density","false","false","11","1000","4.5","1000","1000000","9169"
"2974","true","local-density","false","false","11","1000","4.5","1000","1000000","9076"
"2975","true","local-density","false","false","11","1000","4.5","1000","1000000","9331"
"2976","true","local-density","false","false","11","1000","4.5","1000","1000000","8778"
"2977","true","local-density","false","false","11","1000","4.5","1000","1000000","9275"
"2978","true","local-density","false","false","11","1000","4.5","1000","1000000","9159"
"2980","true","local-density","false","false","11","1000","4.5","1000","1000000","9260"
"2979","true","local-density","false","false","11","1000","4.5","1000","1000000","8983"
"2981","true","local-density","false","false","11","1000","4.5","1000","1000000","9306"
"2982","true","local-density","false","false","11","1000","4.5","1000","1000000","9203"
"2984","true","local-density","false","false","11","1000","4.5","1000","1000000","9235"
"2983","true","local-density","false","false","11","1000","4.5","1000","1000000","8993"
"2985","true","local-density","false","false","11","1000","4.5","1000","1000000","9167"
"2986","true","local-density","false","false","11","1000","4.5","1000","1000000","9107"
"2987","true","local-density","false","false","11","1000","4.5","1000","1000000","9081"
"2988","true","local-density","false","false","11","1000","4.5","1000","1000000","9128"
"2989","true","local-density","false","false","11","1000","4.5","1000","1000000","8982"
"2990","true","local-density","false","false","11","1000","4.5","1000","1000000","9053"
"2991","true","local-density","false","false","11","1000","4.5","1000","1000000","9187"
"2993","true","local-density","false","false","11","1000","4.5","1000","1000000","9152"
"2992","true","local-density","false","false","11","1000","4.5","1000","1000000","9101"
"2994","true","local-density","false","false","11","1000","4.5","1000","1000000","9221"
"2995","true","local-density","false","false","11","1000","4.5","1000","1000000","9036"
"2996","true","local-density","false","false","11","1000","4.5","1000","1000000","8921"
"2997","true","local-density","false","false","11","1000","4.5","1000","1000000","9252"
"2998","true","local-density","false","false","11","1000","4.5","1000","1000000","9087"
"3000","true","local-density","false","false","11","1000","4.5","1000","1000000","9020"
"2999","true","local-density","false","false","11","1000","4.5","1000","1000000","9116"
"3001","true","local-density","false","false","11","1000","9","1000","1000000","9270"
"3002","true","local-density","false","false","11","1000","9","1000","1000000","9353"
"3003","true","local-density","false","false","11","1000","9","1000","1000000","8974"
"3004","true","local-density","false","false","11","1000","9","1000","1000000","9143"
"3005","true","local-density","false","false","11","1000","9","1000","1000000","9305"
"3006","true","local-density","false","false","11","1000","9","1000","1000000","9224"
"3007","true","local-density","false","false","11","1000","9","1000","1000000","9185"
"3008","true","local-density","false","false","11","1000","9","1000","1000000","9191"
"3009","true","local-density","false","false","11","1000","9","1000","1000000","9349"
"3010","true","local-density","false","false","11","1000","9","1000","1000000","9264"
"3011","true","local-density","false","false","11","1000","9","1000","1000000","9317"
"3012","true","local-density","false","false","11","1000","9","1000","1000000","9152"
"3013","true","local-density","false","false","11","1000","9","1000","1000000","9186"
"3014","true","local-density","false","false","11","1000","9","1000","1000000","9434"
"3015","true","local-density","false","false","11","1000","9","1000","1000000","9288"
"3016","true","local-density","false","false","11","1000","9","1000","1000000","9294"
"3017","true","local-density","false","false","11","1000","9","1000","1000000","9411"
"3018","true","local-density","false","false","11","1000","9","1000","1000000","9276"
"3019","true","local-density","false","false","11","1000","9","1000","1000000","9468"
"3020","true","local-density","false","false","11","1000","9","1000","1000000","9378"
"3021","true","local-density","false","false","11","1000","9","1000","1000000","9117"
"3022","true","local-density","false","false","11","1000","9","1000","1000000","9287"
"3023","true","local-density","false","false","11","1000","9","1000","1000000","9312"
"3024","true","local-density","false","false","11","1000","9","1000","1000000","9458"
"3025","true","local-density","false","false","11","1000","9","1000","1000000","9229"
"3026","true","local-density","false","false","11","1000","9","1000","1000000","9250"
"3027","true","local-density","false","false","11","1000","9","1000","1000000","9150"
"3028","true","local-density","false","false","11","1000","9","1000","1000000","9459"
"3030","true","local-density","false","false","11","1000","9","1000","1000000","9355"
"3029","true","local-density","false","false","11","1000","9","1000","1000000","9085"
"3031","true","local-density","false","false","11","1000","9","1000","1000000","9360"
"3032","true","local-density","false","false","11","1000","9","1000","1000000","9214"
"3033","true","local-density","false","false","11","1000","9","1000","1000000","9425"
"3034","true","local-density","false","false","11","1000","9","1000","1000000","9338"
"3035","true","local-density","false","false","11","1000","9","1000","1000000","9193"
"3036","true","local-density","false","false","11","1000","9","1000","1000000","9233"
"3037","true","local-density","false","false","11","1000","9","1000","1000000","9494"
"3039","true","local-density","false","false","11","1000","9","1000","1000000","9306"
"3038","true","local-density","false","false","11","1000","9","1000","1000000","9345"
"3040","true","local-density","false","false","11","1000","9","1000","1000000","9246"
"3041","true","local-density","false","false","11","1000","9","1000","1000000","9201"
"3042","true","local-density","false","false","11","1000","9","1000","1000000","9398"
"3043","true","local-density","false","false","11","1000","9","1000","1000000","9130"
"3044","true","local-density","false","false","11","1000","9","1000","1000000","9330"
"3046","true","local-density","false","false","11","1000","9","1000","1000000","9171"
"3045","true","local-density","false","false","11","1000","9","1000","1000000","9213"
"3047","true","local-density","false","false","11","1000","9","1000","1000000","9405"
"3048","true","local-density","false","false","11","1000","9","1000","1000000","9176"
"3049","true","local-density","false","false","11","1000","9","1000","1000000","9325"
"3050","true","local-density","false","false","11","1000","9","1000","1000000","9371"
"3051","true","local-density","false","false","11","1000","9","1000","1000000","9265"
"3052","true","local-density","false","false","11","1000","9","1000","1000000","9380"
"3053","true","local-density","false","false","11","1000","9","1000","1000000","9264"
"3054","true","local-density","false","false","11","1000","9","1000","1000000","9416"
"3055","true","local-density","false","false","11","1000","9","1000","1000000","9313"
"3056","true","local-density","false","false","11","1000","9","1000","1000000","9388"
"3058","true","local-density","false","false","11","1000","9","1000","1000000","9394"
"3057","true","local-density","false","false","11","1000","9","1000","1000000","9178"
"3059","true","local-density","false","false","11","1000","9","1000","1000000","9309"
"3061","true","local-density","false","false","11","1","2.25","1000","1000000","14397"
"3060","true","local-density","false","false","11","1000","9","1000","1000000","9209"
"3062","true","local-density","false","false","11","1","2.25","1000","1000000","15447"
"3063","true","local-density","false","false","11","1","2.25","1000","1000000","15305"
"3064","true","local-density","false","false","11","1","2.25","1000","1000000","14237"
"3065","true","local-density","false","false","11","1","2.25","1000","1000000","14803"
"3066","true","local-density","false","false","11","1","2.25","1000","1000000","13868"
"3067","true","local-density","false","false","11","1","2.25","1000","1000000","14328"
"3068","true","local-density","false","false","11","1","2.25","1000","1000000","13219"
"3070","true","local-density","false","false","11","1","2.25","1000","1000000","14512"
"3069","true","local-density","false","false","11","1","2.25","1000","1000000","13918"
"3071","true","local-density","false","false","11","1","2.25","1000","1000000","15422"
"3073","true","local-density","false","false","11","1","2.25","1000","1000000","13704"
"3072","true","local-density","false","false","11","1","2.25","1000","1000000","15007"
"3074","true","local-density","false","false","11","1","2.25","1000","1000000","14834"
"3075","true","local-density","false","false","11","1","2.25","1000","1000000","13872"
"3076","true","local-density","false","false","11","1","2.25","1000","1000000","14949"
"3077","true","local-density","false","false","11","1","2.25","1000","1000000","13674"
"3078","true","local-density","false","false","11","1","2.25","1000","1000000","13739"
"3079","true","local-density","false","false","11","1","2.25","1000","1000000","14851"
"3080","true","local-density","false","false","11","1","2.25","1000","1000000","14503"
"3081","true","local-density","false","false","11","1","2.25","1000","1000000","15066"
"3082","true","local-density","false","false","11","1","2.25","1000","1000000","15227"
"3083","true","local-density","false","false","11","1","2.25","1000","1000000","15064"
"3084","true","local-density","false","false","11","1","2.25","1000","1000000","14653"
"3085","true","local-density","false","false","11","1","2.25","1000","1000000","14364"
"3086","true","local-density","false","false","11","1","2.25","1000","1000000","14573"
"3087","true","local-density","false","false","11","1","2.25","1000","1000000","14501"
"3088","true","local-density","false","false","11","1","2.25","1000","1000000","14415"
"3089","true","local-density","false","false","11","1","2.25","1000","1000000","15023"
"3090","true","local-density","false","false","11","1","2.25","1000","1000000","14081"
"3091","true","local-density","false","false","11","1","2.25","1000","1000000","14537"
"3092","true","local-density","false","false","11","1","2.25","1000","1000000","14541"
"3093","true","local-density","false","false","11","1","2.25","1000","1000000","14094"
"3094","true","local-density","false","false","11","1","2.25","1000","1000000","14196"
"3095","true","local-density","false","false","11","1","2.25","1000","1000000","14344"
"3096","true","local-density","false","false","11","1","2.25","1000","1000000","14800"
"3097","true","local-density","false","false","11","1","2.25","1000","1000000","14653"
"3098","true","local-density","false","false","11","1","2.25","1000","1000000","14091"
"3099","true","local-density","false","false","11","1","2.25","1000","1000000","14069"
"3100","true","local-density","false","false","11","1","2.25","1000","1000000","14954"
"3101","true","local-density","false","false","11","1","2.25","1000","1000000","14266"
"3102","true","local-density","false","false","11","1","2.25","1000","1000000","14743"
"3103","true","local-density","false","false","11","1","2.25","1000","1000000","14903"
"3104","true","local-density","false","false","11","1","2.25","1000","1000000","13996"
"3105","true","local-density","false","false","11","1","2.25","1000","1000000","14764"
"3106","true","local-density","false","false","11","1","2.25","1000","1000000","14766"
"3107","true","local-density","false","false","11","1","2.25","1000","1000000","14861"
"3108","true","local-density","false","false","11","1","2.25","1000","1000000","14342"
"3109","true","local-density","false","false","11","1","2.25","1000","1000000","14322"
"3110","true","local-density","false","false","11","1","2.25","1000","1000000","14516"
"3111","true","local-density","false","false","11","1","2.25","1000","1000000","15120"
"3112","true","local-density","false","false","11","1","2.25","1000","1000000","15178"
"3113","true","local-density","false","false","11","1","2.25","1000","1000000","15348"
"3114","true","local-density","false","false","11","1","2.25","1000","1000000","14163"
"3115","true","local-density","false","false","11","1","2.25","1000","1000000","14915"
"3116","true","local-density","false","false","11","1","2.25","1000","1000000","13305"
"3117","true","local-density","false","false","11","1","2.25","1000","1000000","14762"
"3118","true","local-density","false","false","11","1","2.25","1000","1000000","15774"
"3120","true","local-density","false","false","11","1","2.25","1000","1000000","15061"
"3119","true","local-density","false","false","11","1","2.25","1000","1000000","15088"
"3122","true","local-density","false","false","11","1","4.5","1000","1000000","17231"
"3121","true","local-density","false","false","11","1","4.5","1000","1000000","17550"
"3124","true","local-density","false","false","11","1","4.5","1000","1000000","17670"
"3123","true","local-density","false","false","11","1","4.5","1000","1000000","15951"
"3125","true","local-density","false","false","11","1","4.5","1000","1000000","16114"
"3126","true","local-density","false","false","11","1","4.5","1000","1000000","17978"
"3127","true","local-density","false","false","11","1","4.5","1000","1000000","17805"
"3128","true","local-density","false","false","11","1","4.5","1000","1000000","16867"
"3129","true","local-density","false","false","11","1","4.5","1000","1000000","16906"
"3130","true","local-density","false","false","11","1","4.5","1000","1000000","18394"
"3131","true","local-density","false","false","11","1","4.5","1000","1000000","16602"
"3132","true","local-density","false","false","11","1","4.5","1000","1000000","17852"
"3133","true","local-density","false","false","11","1","4.5","1000","1000000","18143"
"3135","true","local-density","false","false","11","1","4.5","1000","1000000","17347"
"3134","true","local-density","false","false","11","1","4.5","1000","1000000","16326"
"3136","true","local-density","false","false","11","1","4.5","1000","1000000","17230"
"3137","true","local-density","false","false","11","1","4.5","1000","1000000","17333"
"3138","true","local-density","false","false","11","1","4.5","1000","1000000","17086"
"3139","true","local-density","false","false","11","1","4.5","1000","1000000","17048"
"3140","true","local-density","false","false","11","1","4.5","1000","1000000","16659"
"3141","true","local-density","false","false","11","1","4.5","1000","1000000","17663"
"3142","true","local-density","false","false","11","1","4.5","1000","1000000","17361"
"3143","true","local-density","false","false","11","1","4.5","1000","1000000","17307"
"3144","true","local-density","false","false","11","1","4.5","1000","1000000","17553"
"3145","true","local-density","false","false","11","1","4.5","1000","1000000","17525"
"3146","true","local-density","false","false","11","1","4.5","1000","1000000","17779"
"3147","true","local-density","false","false","11","1","4.5","1000","1000000","18040"
"3148","true","local-density","false","false","11","1","4.5","1000","1000000","18524"
"3149","true","local-density","false","false","11","1","4.5","1000","1000000","16938"
"3150","true","local-density","false","false","11","1","4.5","1000","1000000","17239"
"3151","true","local-density","false","false","11","1","4.5","1000","1000000","18142"
"3152","true","local-density","false","false","11","1","4.5","1000","1000000","18062"
"3153","true","local-density","false","false","11","1","4.5","1000","1000000","18374"
"3154","true","local-density","false","false","11","1","4.5","1000","1000000","17490"
"3155","true","local-density","false","false","11","1","4.5","1000","1000000","16569"
"3156","true","local-density","false","false","11","1","4.5","1000","1000000","18567"
"3157","true","local-density","false","false","11","1","4.5","1000","1000000","17998"
"3158","true","local-density","false","false","11","1","4.5","1000","1000000","17527"
"3159","true","local-density","false","false","11","1","4.5","1000","1000000","17853"
"3160","true","local-density","false","false","11","1","4.5","1000","1000000","18035"
"3161","true","local-density","false","false","11","1","4.5","1000","1000000","17814"
"3162","true","local-density","false","false","11","1","4.5","1000","1000000","16466"
"3163","true","local-density","false","false","11","1","4.5","1000","1000000","16874"
"3164","true","local-density","false","false","11","1","4.5","1000","1000000","17373"
"3165","true","local-density","false","false","11","1","4.5","1000","1000000","16606"
"3166","true","local-density","false","false","11","1","4.5","1000","1000000","17678"
"3167","true","local-density","false","false","11","1","4.5","1000","1000000","17068"
"3168","true","local-density","false","false","11","1","4.5","1000","1000000","17977"
"3169","true","local-density","false","false","11","1","4.5","1000","1000000","17372"
"3170","true","local-density","false","false","11","1","4.5","1000","1000000","17897"
"3171","true","local-density","false","false","11","1","4.5","1000","1000000","17968"
"3172","true","local-density","false","false","11","1","4.5","1000","1000000","17969"
"3173","true","local-density","false","false","11","1","4.5","1000","1000000","17689"
"3174","true","local-density","false","false","11","1","4.5","1000","1000000","17241"
"3175","true","local-density","false","false","11","1","4.5","1000","1000000","16343"
"3177","true","local-density","false","false","11","1","4.5","1000","1000000","17065"
"3176","true","local-density","false","false","11","1","4.5","1000","1000000","16625"
"3178","true","local-density","false","false","11","1","4.5","1000","1000000","17141"
"3179","true","local-density","false","false","11","1","4.5","1000","1000000","16917"
"3180","true","local-density","false","false","11","1","4.5","1000","1000000","17603"
"3181","true","local-density","false","false","11","1","9","1000","1000000","18160"
"3182","true","local-density","false","false","11","1","9","1000","1000000","17890"
"3183","true","local-density","false","false","11","1","9","1000","1000000","17858"
"3184","true","local-density","false","false","11","1","9","1000","1000000","18753"
"3185","true","local-density","false","false","11","1","9","1000","1000000","17503"
"3186","true","local-density","false","false","11","1","9","1000","1000000","17931"
"3187","true","local-density","false","false","11","1","9","1000","1000000","16810"
"3188","true","local-density","false","false","11","1","9","1000","1000000","18448"
"3189","true","local-density","false","false","11","1","9","1000","1000000","18191"
"3190","true","local-density","false","false","11","1","9","1000","1000000","18565"
"3192","true","local-density","false","false","11","1","9","1000","1000000","18005"
"3191","true","local-density","false","false","11","1","9","1000","1000000","16808"
"3193","true","local-density","false","false","11","1","9","1000","1000000","17445"
"3194","true","local-density","false","false","11","1","9","1000","1000000","18414"
"3195","true","local-density","false","false","11","1","9","1000","1000000","18095"
"3196","true","local-density","false","false","11","1","9","1000","1000000","17563"
"3197","true","local-density","false","false","11","1","9","1000","1000000","18787"
"3198","true","local-density","false","false","11","1","9","1000","1000000","18357"
"3199","true","local-density","false","false","11","1","9","1000","1000000","18121"
"3200","true","local-density","false","false","11","1","9","1000","1000000","17849"
"3201","true","local-density","false","false","11","1","9","1000","1000000","18621"
"3202","true","local-density","false","false","11","1","9","1000","1000000","18096"
"3203","true","local-density","false","false","11","1","9","1000","1000000","17904"
"3204","true","local-density","false","false","11","1","9","1000","1000000","18095"
"3205","true","local-density","false","false","11","1","9","1000","1000000","16875"
"3206","true","local-density","false","false","11","1","9","1000","1000000","18444"
"3207","true","local-density","false","false","11","1","9","1000","1000000","17691"
"3208","true","local-density","false","false","11","1","9","1000","1000000","18519"
"3209","true","local-density","false","false","11","1","9","1000","1000000","18408"
"3210","true","local-density","false","false","11","1","9","1000","1000000","17584"
"3211","true","local-density","false","false","11","1","9","1000","1000000","18687"
"3212","true","local-density","false","false","11","1","9","1000","1000000","18123"
"3213","true","local-density","false","false","11","1","9","1000","1000000","18051"
"3214","true","local-density","false","false","11","1","9","1000","1000000","18026"
"3215","true","local-density","false","false","11","1","9","1000","1000000","18168"
"3216","true","local-density","false","false","11","1","9","1000","1000000","17111"
"3217","true","local-density","false","false","11","1","9","1000","1000000","17710"
"3218","true","local-density","false","false","11","1","9","1000","1000000","17704"
"3219","true","local-density","false","false","11","1","9","1000","1000000","17073"
"3220","true","local-density","false","false","11","1","9","1000","1000000","17671"
"3221","true","local-density","false","false","11","1","9","1000","1000000","18203"
"3222","true","local-density","false","false","11","1","9","1000","1000000","17604"
"3223","true","local-density","false","false","11","1","9","1000","1000000","18105"
"3224","true","local-density","false","false","11","1","9","1000","1000000","17377"
"3225","true","local-density","false","false","11","1","9","1000","1000000","18287"
"3226","true","local-density","false","false","11","1","9","1000","1000000","17179"
"3227","true","local-density","false","false","11","1","9","1000","1000000","18782"
"3228","true","local-density","false","false","11","1","9","1000","1000000","17997"
"3230","true","local-density","false","false","11","1","9","1000","1000000","17523"
"3229","true","local-density","false","false","11","1","9","1000","1000000","18254"
"3231","true","local-density","false","false","11","1","9","1000","1000000","17018"
"3232","true","local-density","false","false","11","1","9","1000","1000000","18086"
"3233","true","local-density","false","false","11","1","9","1000","1000000","17221"
"3234","true","local-density","false","false","11","1","9","1000","1000000","17714"
"3235","true","local-density","false","false","11","1","9","1000","1000000","17877"
"3236","true","local-density","false","false","11","1","9","1000","1000000","18198"
"3237","true","local-density","false","false","11","1","9","1000","1000000","17523"
"3238","true","local-density","false","false","11","1","9","1000","1000000","16303"
"3239","true","local-density","false","false","11","1","9","1000","1000000","18091"
"3240","true","local-density","false","false","11","1","9","1000","1000000","17010"
"3241","true","local-density","false","false","12","1000","2.25","1000","1000000","12472"
"3243","true","local-density","false","false","12","1000","2.25","1000","1000000","12235"
"3242","true","local-density","false","false","12","1000","2.25","1000","1000000","12338"
"3244","true","local-density","false","false","12","1000","2.25","1000","1000000","12054"
"3245","true","local-density","false","false","12","1000","2.25","1000","1000000","12507"
"3246","true","local-density","false","false","12","1000","2.25","1000","1000000","12356"
"3247","true","local-density","false","false","12","1000","2.25","1000","1000000","12445"
"3248","true","local-density","false","false","12","1000","2.25","1000","1000000","12483"
"3249","true","local-density","false","false","12","1000","2.25","1000","1000000","12540"
"3250","true","local-density","false","false","12","1000","2.25","1000","1000000","12448"
"3251","true","local-density","false","false","12","1000","2.25","1000","1000000","12469"
"3253","true","local-density","false","false","12","1000","2.25","1000","1000000","12321"
"3252","true","local-density","false","false","12","1000","2.25","1000","1000000","12109"
"3254","true","local-density","false","false","12","1000","2.25","1000","1000000","12322"
"3255","true","local-density","false","false","12","1000","2.25","1000","1000000","12245"
"3256","true","local-density","false","false","12","1000","2.25","1000","1000000","12278"
"3257","true","local-density","false","false","12","1000","2.25","1000","1000000","12544"
"3258","true","local-density","false","false","12","1000","2.25","1000","1000000","12464"
"3259","true","local-density","false","false","12","1000","2.25","1000","1000000","12182"
"3260","true","local-density","false","false","12","1000","2.25","1000","1000000","12408"
"3262","true","local-density","false","false","12","1000","2.25","1000","1000000","12471"
"3261","true","local-density","false","false","12","1000","2.25","1000","1000000","12265"
"3263","true","local-density","false","false","12","1000","2.25","1000","1000000","12406"
"3264","true","local-density","false","false","12","1000","2.25","1000","1000000","11992"
"3265","true","local-density","false","false","12","1000","2.25","1000","1000000","12579"
"3266","true","local-density","false","false","12","1000","2.25","1000","1000000","12372"
"3267","true","local-density","false","false","12","1000","2.25","1000","1000000","12189"
"3268","true","local-density","false","false","12","1000","2.25","1000","1000000","12504"
"3269","true","local-density","false","false","12","1000","2.25","1000","1000000","12372"
"3270","true","local-density","false","false","12","1000","2.25","1000","1000000","12472"
"3271","true","local-density","false","false","12","1000","2.25","1000","1000000","12292"
"3272","true","local-density","false","false","12","1000","2.25","1000","1000000","12225"
"3274","true","local-density","false","false","12","1000","2.25","1000","1000000","12210"
"3273","true","local-density","false","false","12","1000","2.25","1000","1000000","12210"
"3275","true","local-density","false","false","12","1000","2.25","1000","1000000","12081"
"3276","true","local-density","false","false","12","1000","2.25","1000","1000000","12537"
"3277","true","local-density","false","false","12","1000","2.25","1000","1000000","12417"
"3278","true","local-density","false","false","12","1000","2.25","1000","1000000","12455"
"3279","true","local-density","false","false","12","1000","2.25","1000","1000000","12532"
"3280","true","local-density","false","false","12","1000","2.25","1000","1000000","12646"
"3281","true","local-density","false","false","12","1000","2.25","1000","1000000","12485"
"3282","true","local-density","false","false","12","1000","2.25","1000","1000000","12329"
"3283","true","local-density","false","false","12","1000","2.25","1000","1000000","12614"
"3284","true","local-density","false","false","12","1000","2.25","1000","1000000","12517"
"3285","true","local-density","false","false","12","1000","2.25","1000","1000000","12321"
"3286","true","local-density","false","false","12","1000","2.25","1000","1000000","12562"
"3287","true","local-density","false","false","12","1000","2.25","1000","1000000","12335"
"3288","true","local-density","false","false","12","1000","2.25","1000","1000000","12352"
"3289","true","local-density","false","false","12","1000","2.25","1000","1000000","12607"
"3290","true","local-density","false","false","12","1000","2.25","1000","1000000","12357"
"3291","true","local-density","false","false","12","1000","2.25","1000","1000000","12296"
"3292","true","local-density","false","false","12","1000","2.25","1000","1000000","12399"
"3293","true","local-density","false","false","12","1000","2.25","1000","1000000","12423"
"3294","true","local-density","false","false","12","1000","2.25","1000","1000000","12528"
"3295","true","local-density","false","false","12","1000","2.25","1000","1000000","12249"
"3296","true","local-density","false","false","12","1000","2.25","1000","1000000","12440"
"3297","true","local-density","false","false","12","1000","2.25","1000","1000000","12379"
"3298","true","local-density","false","false","12","1000","2.25","1000","1000000","12261"
"3299","true","local-density","false","false","12","1000","2.25","1000","1000000","12299"
"3300","true","local-density","false","false","12","1000","2.25","1000","1000000","12443"
"3301","true","local-density","false","false","12","1000","4.5","1000","1000000","13742"
"3302","true","local-density","false","false","12","1000","4.5","1000","1000000","13590"
"3303","true","local-density","false","false","12","1000","4.5","1000","1000000","13754"
"3304","true","local-density","false","false","12","1000","4.5","1000","1000000","13608"
"3305","true","local-density","false","false","12","1000","4.5","1000","1000000","13459"
"3306","true","local-density","false","false","12","1000","4.5","1000","1000000","13589"
"3307","true","local-density","false","false","12","1000","4.5","1000","1000000","13559"
"3308","true","local-density","false","false","12","1000","4.5","1000","1000000","13757"
"3309","true","local-density","false","false","12","1000","4.5","1000","1000000","13681"
"3310","true","local-density","false","false","12","1000","4.5","1000","1000000","13828"
"3311","true","local-density","false","false","12","1000","4.5","1000","1000000","13494"
"3312","true","local-density","false","false","12","1000","4.5","1000","1000000","13563"
"3313","true","local-density","false","false","12","1000","4.5","1000","1000000","13522"
"3314","true","local-density","false","false","12","1000","4.5","1000","1000000","13689"
"3315","true","local-density","false","false","12","1000","4.5","1000","1000000","13589"
"3316","true","local-density","false","false","12","1000","4.5","1000","1000000","13689"
"3317","true","local-density","false","false","12","1000","4.5","1000","1000000","13703"
"3318","true","local-density","false","false","12","1000","4.5","1000","1000000","13617"
"3319","true","local-density","false","false","12","1000","4.5","1000","1000000","13335"
"3320","true","local-density","false","false","12","1000","4.5","1000","1000000","13604"
"3321","true","local-density","false","false","12","1000","4.5","1000","1000000","13714"
"3322","true","local-density","false","false","12","1000","4.5","1000","1000000","13769"
"3324","true","local-density","false","false","12","1000","4.5","1000","1000000","13550"
"3323","true","local-density","false","false","12","1000","4.5","1000","1000000","13522"
"3325","true","local-density","false","false","12","1000","4.5","1000","1000000","13555"
"3326","true","local-density","false","false","12","1000","4.5","1000","1000000","13406"
"3327","true","local-density","false","false","12","1000","4.5","1000","1000000","13552"
"3329","true","local-density","false","false","12","1000","4.5","1000","1000000","13662"
"3328","true","local-density","false","false","12","1000","4.5","1000","1000000","13768"
"3331","true","local-density","false","false","12","1000","4.5","1000","1000000","13493"
"3330","true","local-density","false","false","12","1000","4.5","1000","1000000","13666"
"3332","true","local-density","false","false","12","1000","4.5","1000","1000000","13658"
"3333","true","local-density","false","false","12","1000","4.5","1000","1000000","13473"
"3334","true","local-density","false","false","12","1000","4.5","1000","1000000","13301"
"3335","true","local-density","false","false","12","1000","4.5","1000","1000000","13758"
"3336","true","local-density","false","false","12","1000","4.5","1000","1000000","13429"
"3337","true","local-density","false","false","12","1000","4.5","1000","1000000","13890"
"3338","true","local-density","false","false","12","1000","4.5","1000","1000000","13492"
"3339","true","local-density","false","false","12","1000","4.5","1000","1000000","13456"
"3340","true","local-density","false","false","12","1000","4.5","1000","1000000","13638"
"3341","true","local-density","false","false","12","1000","4.5","1000","1000000","13605"
"3342","true","local-density","false","false","12","1000","4.5","1000","1000000","13672"
"3343","true","local-density","false","false","12","1000","4.5","1000","1000000","13745"
"3344","true","local-density","false","false","12","1000","4.5","1000","1000000","13333"
"3345","true","local-density","false","false","12","1000","4.5","1000","1000000","13633"
"3346","true","local-density","false","false","12","1000","4.5","1000","1000000","13784"
"3347","true","local-density","false","false","12","1000","4.5","1000","1000000","13411"
"3348","true","local-density","false","false","12","1000","4.5","1000","1000000","13355"
"3349","true","local-density","false","false","12","1000","4.5","1000","1000000","13659"
"3350","true","local-density","false","false","12","1000","4.5","1000","1000000","13642"
"3351","true","local-density","false","false","12","1000","4.5","1000","1000000","13493"
"3352","true","local-density","false","false","12","1000","4.5","1000","1000000","13403"
"3353","true","local-density","false","false","12","1000","4.5","1000","1000000","13538"
"3354","true","local-density","false","false","12","1000","4.5","1000","1000000","13872"
"3355","true","local-density","false","false","12","1000","4.5","1000","1000000","13928"
"3356","true","local-density","false","false","12","1000","4.5","1000","1000000","13641"
"3357","true","local-density","false","false","12","1000","4.5","1000","1000000","13742"
"3358","true","local-density","false","false","12","1000","4.5","1000","1000000","13820"
"3359","true","local-density","false","false","12","1000","4.5","1000","1000000","13715"
"3360","true","local-density","false","false","12","1000","4.5","1000","1000000","13699"
"3361","true","local-density","false","false","12","1000","9","1000","1000000","13879"
"3362","true","local-density","false","false","12","1000","9","1000","1000000","14021"
"3363","true","local-density","false","false","12","1000","9","1000","1000000","13894"
"3364","true","local-density","false","false","12","1000","9","1000","1000000","13773"
"3365","true","local-density","false","false","12","1000","9","1000","1000000","14109"
"3366","true","local-density","false","false","12","1000","9","1000","1000000","13696"
"3368","true","local-density","false","false","12","1000","9","1000","1000000","13758"
"3367","true","local-density","false","false","12","1000","9","1000","1000000","13580"
"3369","true","local-density","false","false","12","1000","9","1000","1000000","13781"
"3370","true","local-density","false","false","12","1000","9","1000","1000000","13586"
"3371","true","local-density","false","false","12","1000","9","1000","1000000","13910"
"3373","true","local-density","false","false","12","1000","9","1000","1000000","13376"
"3372","true","local-density","false","false","12","1000","9","1000","1000000","13868"
"3374","true","local-density","false","false","12","1000","9","1000","1000000","13975"
"3375","true","local-density","false","false","12","1000","9","1000","1000000","13630"
"3376","true","local-density","false","false","12","1000","9","1000","1000000","13889"
"3377","true","local-density","false","false","12","1000","9","1000","1000000","13621"
"3378","true","local-density","false","false","12","1000","9","1000","1000000","13710"
"3379","true","local-density","false","false","12","1000","9","1000","1000000","13588"
"3380","true","local-density","false","false","12","1000","9","1000","1000000","13814"
"3381","true","local-density","false","false","12","1000","9","1000","1000000","13853"
"3382","true","local-density","false","false","12","1000","9","1000","1000000","14008"
"3383","true","local-density","false","false","12","1000","9","1000","1000000","13975"
"3384","true","local-density","false","false","12","1000","9","1000","1000000","13726"
"3385","true","local-density","false","false","12","1000","9","1000","1000000","13947"
"3386","true","local-density","false","false","12","1000","9","1000","1000000","13941"
"3387","true","local-density","false","false","12","1000","9","1000","1000000","13795"
"3388","true","local-density","false","false","12","1000","9","1000","1000000","13889"
"3389","true","local-density","false","false","12","1000","9","1000","1000000","13638"
"3390","true","local-density","false","false","12","1000","9","1000","1000000","13813"
"3391","true","local-density","false","false","12","1000","9","1000","1000000","13860"
"3392","true","local-density","false","false","12","1000","9","1000","1000000","13816"
"3394","true","local-density","false","false","12","1000","9","1000","1000000","13999"
"3393","true","local-density","false","false","12","1000","9","1000","1000000","13875"
"3395","true","local-density","false","false","12","1000","9","1000","1000000","14076"
"3396","true","local-density","false","false","12","1000","9","1000","1000000","13648"
"3397","true","local-density","false","false","12","1000","9","1000","1000000","13740"
"3398","true","local-density","false","false","12","1000","9","1000","1000000","13594"
"3399","true","local-density","false","false","12","1000","9","1000","1000000","13877"
"3400","true","local-density","false","false","12","1000","9","1000","1000000","13975"
"3401","true","local-density","false","false","12","1000","9","1000","1000000","13899"
"3402","true","local-density","false","false","12","1000","9","1000","1000000","13878"
"3403","true","local-density","false","false","12","1000","9","1000","1000000","13774"
"3404","true","local-density","false","false","12","1000","9","1000","1000000","13483"
"3405","true","local-density","false","false","12","1000","9","1000","1000000","13919"
"3406","true","local-density","false","false","12","1000","9","1000","1000000","13817"
"3407","true","local-density","false","false","12","1000","9","1000","1000000","13882"
"3408","true","local-density","false","false","12","1000","9","1000","1000000","13929"
"3409","true","local-density","false","false","12","1000","9","1000","1000000","13877"
"3410","true","local-density","false","false","12","1000","9","1000","1000000","13871"
"3412","true","local-density","false","false","12","1000","9","1000","1000000","13729"
"3411","true","local-density","false","false","12","1000","9","1000","1000000","13893"
"3413","true","local-density","false","false","12","1000","9","1000","1000000","13775"
"3414","true","local-density","false","false","12","1000","9","1000","1000000","13843"
"3415","true","local-density","false","false","12","1000","9","1000","1000000","13810"
"3416","true","local-density","false","false","12","1000","9","1000","1000000","14007"
"3417","true","local-density","false","false","12","1000","9","1000","1000000","13885"
"3418","true","local-density","false","false","12","1000","9","1000","1000000","13696"
"3421","true","local-density","false","false","12","1","2.25","1000","1000000","22996"
"3419","true","local-density","false","false","12","1000","9","1000","1000000","13815"
"3420","true","local-density","false","false","12","1000","9","1000","1000000","13908"
"3422","true","local-density","false","false","12","1","2.25","1000","1000000","21389"
"3423","true","local-density","false","false","12","1","2.25","1000","1000000","22263"
"3424","true","local-density","false","false","12","1","2.25","1000","1000000","20735"
"3425","true","local-density","false","false","12","1","2.25","1000","1000000","23100"
"3426","true","local-density","false","false","12","1","2.25","1000","1000000","22429"
"3427","true","local-density","false","false","12","1","2.25","1000","1000000","22313"
"3428","true","local-density","false","false","12","1","2.25","1000","1000000","22280"
"3429","true","local-density","false","false","12","1","2.25","1000","1000000","22285"
"3430","true","local-density","false","false","12","1","2.25","1000","1000000","22426"
"3431","true","local-density","false","false","12","1","2.25","1000","1000000","21526"
"3432","true","local-density","false","false","12","1","2.25","1000","1000000","21183"
"3433","true","local-density","false","false","12","1","2.25","1000","1000000","22335"
"3434","true","local-density","false","false","12","1","2.25","1000","1000000","22074"
"3435","true","local-density","false","false","12","1","2.25","1000","1000000","20335"
"3436","true","local-density","false","false","12","1","2.25","1000","1000000","22464"
"3437","true","local-density","false","false","12","1","2.25","1000","1000000","23672"
"3438","true","local-density","false","false","12","1","2.25","1000","1000000","23265"
"3439","true","local-density","false","false","12","1","2.25","1000","1000000","21547"
"3440","true","local-density","false","false","12","1","2.25","1000","1000000","21364"
"3441","true","local-density","false","false","12","1","2.25","1000","1000000","23429"
"3442","true","local-density","false","false","12","1","2.25","1000","1000000","22169"
"3443","true","local-density","false","false","12","1","2.25","1000","1000000","22633"
"3444","true","local-density","false","false","12","1","2.25","1000","1000000","20560"
"3445","true","local-density","false","false","12","1","2.25","1000","1000000","21432"
"3447","true","local-density","false","false","12","1","2.25","1000","1000000","22296"
"3446","true","local-density","false","false","12","1","2.25","1000","1000000","21788"
"3448","true","local-density","false","false","12","1","2.25","1000","1000000","21426"
"3449","true","local-density","false","false","12","1","2.25","1000","1000000","21905"
"3450","true","local-density","false","false","12","1","2.25","1000","1000000","21933"
"3451","true","local-density","false","false","12","1","2.25","1000","1000000","22760"
"3452","true","local-density","false","false","12","1","2.25","1000","1000000","21872"
"3454","true","local-density","false","false","12","1","2.25","1000","1000000","22230"
"3453","true","local-density","false","false","12","1","2.25","1000","1000000","21924"
"3455","true","local-density","false","false","12","1","2.25","1000","1000000","22675"
"3456","true","local-density","false","false","12","1","2.25","1000","1000000","21285"
"3457","true","local-density","false","false","12","1","2.25","1000","1000000","23004"
"3458","true","local-density","false","false","12","1","2.25","1000","1000000","22369"
"3459","true","local-density","false","false","12","1","2.25","1000","1000000","21419"
"3460","true","local-density","false","false","12","1","2.25","1000","1000000","21923"
"3461","true","local-density","false","false","12","1","2.25","1000","1000000","22671"
"3462","true","local-density","false","false","12","1","2.25","1000","1000000","22521"
"3463","true","local-density","false","false","12","1","2.25","1000","1000000","22072"
"3464","true","local-density","false","false","12","1","2.25","1000","1000000","22532"
"3465","true","local-density","false","false","12","1","2.25","1000","1000000","23524"
"3466","true","local-density","false","false","12","1","2.25","1000","1000000","22040"
"3468","true","local-density","false","false","12","1","2.25","1000","1000000","21486"
"3467","true","local-density","false","false","12","1","2.25","1000","1000000","22063"
"3469","true","local-density","false","false","12","1","2.25","1000","1000000","22269"
"3471","true","local-density","false","false","12","1","2.25","1000","1000000","22842"
"3470","true","local-density","false","false","12","1","2.25","1000","1000000","22500"
"3473","true","local-density","false","false","12","1","2.25","1000","1000000","21669"
"3472","true","local-density","false","false","12","1","2.25","1000","1000000","21689"
"3474","true","local-density","false","false","12","1","2.25","1000","1000000","22823"
"3475","true","local-density","false","false","12","1","2.25","1000","1000000","22209"
"3476","true","local-density","false","false","12","1","2.25","1000","1000000","23024"
"3477","true","local-density","false","false","12","1","2.25","1000","1000000","22668"
"3478","true","local-density","false","false","12","1","2.25","1000","1000000","22497"
"3479","true","local-density","false","false","12","1","2.25","1000","1000000","22487"
"3480","true","local-density","false","false","12","1","2.25","1000","1000000","23345"
"3481","true","local-density","false","false","12","1","4.5","1000","1000000","27052"
"3482","true","local-density","false","false","12","1","4.5","1000","1000000","24989"
"3483","true","local-density","false","false","12","1","4.5","1000","1000000","25444"
"3484","true","local-density","false","false","12","1","4.5","1000","1000000","26034"
"3485","true","local-density","false","false","12","1","4.5","1000","1000000","26579"
"3486","true","local-density","false","false","12","1","4.5","1000","1000000","25466"
"3487","true","local-density","false","false","12","1","4.5","1000","1000000","25290"
"3488","true","local-density","false","false","12","1","4.5","1000","1000000","25776"
"3489","true","local-density","false","false","12","1","4.5","1000","1000000","24897"
"3490","true","local-density","false","false","12","1","4.5","1000","1000000","26621"
"3491","true","local-density","false","false","12","1","4.5","1000","1000000","25681"
"3492","true","local-density","false","false","12","1","4.5","1000","1000000","26178"
"3493","true","local-density","false","false","12","1","4.5","1000","1000000","25868"
"3494","true","local-density","false","false","12","1","4.5","1000","1000000","24957"
"3495","true","local-density","false","false","12","1","4.5","1000","1000000","25278"
"3496","true","local-density","false","false","12","1","4.5","1000","1000000","25905"
"3497","true","local-density","false","false","12","1","4.5","1000","1000000","25341"
"3498","true","local-density","false","false","12","1","4.5","1000","1000000","25591"
"3499","true","local-density","false","false","12","1","4.5","1000","1000000","25852"
"3500","true","local-density","false","false","12","1","4.5","1000","1000000","25593"
"3501","true","local-density","false","false","12","1","4.5","1000","1000000","26734"
"3502","true","local-density","false","false","12","1","4.5","1000","1000000","25866"
"3503","true","local-density","false","false","12","1","4.5","1000","1000000","25427"
"3505","true","local-density","false","false","12","1","4.5","1000","1000000","25347"
"3504","true","local-density","false","false","12","1","4.5","1000","1000000","25465"
"3507","true","local-density","false","false","12","1","4.5","1000","1000000","26182"
"3506","true","local-density","false","false","12","1","4.5","1000","1000000","27188"
"3508","true","local-density","false","false","12","1","4.5","1000","1000000","24272"
"3509","true","local-density","false","false","12","1","4.5","1000","1000000","27032"
"3510","true","local-density","false","false","12","1","4.5","1000","1000000","27637"
"3511","true","local-density","false","false","12","1","4.5","1000","1000000","25429"
"3512","true","local-density","false","false","12","1","4.5","1000","1000000","25745"
"3513","true","local-density","false","false","12","1","4.5","1000","1000000","26543"
"3514","true","local-density","false","false","12","1","4.5","1000","1000000","26286"
"3515","true","local-density","false","false","12","1","4.5","1000","1000000","26194"
"3516","true","local-density","false","false","12","1","4.5","1000","1000000","24449"
"3517","true","local-density","false","false","12","1","4.5","1000","1000000","26886"
"3518","true","local-density","false","false","12","1","4.5","1000","1000000","26436"
"3519","true","local-density","false","false","12","1","4.5","1000","1000000","26428"
"3520","true","local-density","false","false","12","1","4.5","1000","1000000","26477"
"3521","true","local-density","false","false","12","1","4.5","1000","1000000","25241"
"3522","true","local-density","false","false","12","1","4.5","1000","1000000","26244"
"3523","true","local-density","false","false","12","1","4.5","1000","1000000","26168"
"3525","true","local-density","false","false","12","1","4.5","1000","1000000","25331"
"3524","true","local-density","false","false","12","1","4.5","1000","1000000","26097"
"3526","true","local-density","false","false","12","1","4.5","1000","1000000","25247"
"3527","true","local-density","false","false","12","1","4.5","1000","1000000","26070"
"3528","true","local-density","false","false","12","1","4.5","1000","1000000","25491"
"3529","true","local-density","false","false","12","1","4.5","1000","1000000","26691"
"3530","true","local-density","false","false","12","1","4.5","1000","1000000","26052"
"3532","true","local-density","false","false","12","1","4.5","1000","1000000","26725"
"3531","true","local-density","false","false","12","1","4.5","1000","1000000","26926"
"3533","true","local-density","false","false","12","1","4.5","1000","1000000","26044"
"3534","true","local-density","false","false","12","1","4.5","1000","1000000","26191"
"3535","true","local-density","false","false","12","1","4.5","1000","1000000","25322"
"3537","true","local-density","false","false","12","1","4.5","1000","1000000","25573"
"3536","true","local-density","false","false","12","1","4.5","1000","1000000","25534"
"3538","true","local-density","false","false","12","1","4.5","1000","1000000","26535"
"3539","true","local-density","false","false","12","1","4.5","1000","1000000","24596"
"3540","true","local-density","false","false","12","1","4.5","1000","1000000","26228"
"3541","true","local-density","false","false","12","1","9","1000","1000000","26088"
"3542","true","local-density","false","false","12","1","9","1000","1000000","25761"
"3543","true","local-density","false","false","12","1","9","1000","1000000","26805"
"3544","true","local-density","false","false","12","1","9","1000","1000000","26336"
"3545","true","local-density","false","false","12","1","9","1000","1000000","26739"
"3546","true","local-density","false","false","12","1","9","1000","1000000","26000"
"3547","true","local-density","false","false","12","1","9","1000","1000000","26120"
"3548","true","local-density","false","false","12","1","9","1000","1000000","25618"
"3549","true","local-density","false","false","12","1","9","1000","1000000","27135"
"3550","true","local-density","false","false","12","1","9","1000","1000000","24264"
"3551","true","local-density","false","false","12","1","9","1000","1000000","26612"
"3552","true","local-density","false","false","12","1","9","1000","1000000","25554"
"3553","true","local-density","false","false","12","1","9","1000","1000000","25269"
"3554","true","local-density","false","false","12","1","9","1000","1000000","26926"
"3555","true","local-density","false","false","12","1","9","1000","1000000","25658"
"3556","true","local-density","false","false","12","1","9","1000","1000000","25180"
"3557","true","local-density","false","false","12","1","9","1000","1000000","25996"
"3558","true","local-density","false","false","12","1","9","1000","1000000","25284"
"3559","true","local-density","false","false","12","1","9","1000","1000000","24506"
"3560","true","local-density","false","false","12","1","9","1000","1000000","25507"
"3561","true","local-density","false","false","12","1","9","1000","1000000","25251"
"3562","true","local-density","false","false","12","1","9","1000","1000000","26406"
"3563","true","local-density","false","false","12","1","9","1000","1000000","26257"
"3564","true","local-density","false","false","12","1","9","1000","1000000","26044"
"3565","true","local-density","false","false","12","1","9","1000","1000000","26437"
"3566","true","local-density","false","false","12","1","9","1000","1000000","26321"
"3567","true","local-density","false","false","12","1","9","1000","1000000","26715"
"3568","true","local-density","false","false","12","1","9","1000","1000000","26218"
"3569","true","local-density","false","false","12","1","9","1000","1000000","25680"
"3570","true","local-density","false","false","12","1","9","1000","1000000","25664"
"3571","true","local-density","false","false","12","1","9","1000","1000000","26190"
"3572","true","local-density","false","false","12","1","9","1000","1000000","26104"
"3573","true","local-density","false","false","12","1","9","1000","1000000","25933"
"3574","true","local-density","false","false","12","1","9","1000","1000000","25029"
"3575","true","local-density","false","false","12","1","9","1000","1000000","25488"
"3576","true","local-density","false","false","12","1","9","1000","1000000","26966"
"3577","true","local-density","false","false","12","1","9","1000","1000000","25032"
"3578","true","local-density","false","false","12","1","9","1000","1000000","26002"
"3579","true","local-density","false","false","12","1","9","1000","1000000","27018"
"3580","true","local-density","false","false","12","1","9","1000","1000000","25396"
"3581","true","local-density","false","false","12","1","9","1000","1000000","25502"
"3582","true","local-density","false","false","12","1","9","1000","1000000","26725"
"3584","true","local-density","false","false","12","1","9","1000","1000000","26576"
"3583","true","local-density","false","false","12","1","9","1000","1000000","26130"
"3585","true","local-density","false","false","12","1","9","1000","1000000","26808"
"3586","true","local-density","false","false","12","1","9","1000","1000000","25106"
"3587","true","local-density","false","false","12","1","9","1000","1000000","26483"
"3589","true","local-density","false","false","12","1","9","1000","1000000","25705"
"3588","true","local-density","false","false","12","1","9","1000","1000000","26205"
"3590","true","local-density","false","false","12","1","9","1000","1000000","25438"
"3591","true","local-density","false","false","12","1","9","1000","1000000","26295"
"3592","true","local-density","false","false","12","1","9","1000","1000000","25351"
"3593","true","local-density","false","false","12","1","9","1000","1000000","26678"
"3594","true","local-density","false","false","12","1","9","1000","1000000","26792"
"3595","true","local-density","false","false","12","1","9","1000","1000000","25906"
"3596","true","local-density","false","false","12","1","9","1000","1000000","25985"
"3598","true","local-density","false","false","12","1","9","1000","1000000","25008"
"3597","true","local-density","false","false","12","1","9","1000","1000000","24262"
"3599","true","local-density","false","false","12","1","9","1000","1000000","26890"
"3600","true","local-density","false","false","12","1","9","1000","1000000","26125"
"3601","true","local-density","false","false","13","1000","2.25","1000","1000000","16339"
"3602","true","local-density","false","false","13","1000","2.25","1000","1000000","16568"
"3603","true","local-density","false","false","13","1000","2.25","1000","1000000","16285"
"3605","true","local-density","false","false","13","1000","2.25","1000","1000000","16984"
"3604","true","local-density","false","false","13","1000","2.25","1000","1000000","16552"
"3606","true","local-density","false","false","13","1000","2.25","1000","1000000","16480"
"3607","true","local-density","false","false","13","1000","2.25","1000","1000000","16815"
"3608","true","local-density","false","false","13","1000","2.25","1000","1000000","16718"
"3609","true","local-density","false","false","13","1000","2.25","1000","1000000","16690"
"3611","true","local-density","false","false","13","1000","2.25","1000","1000000","16548"
"3610","true","local-density","false","false","13","1000","2.25","1000","1000000","16344"
"3612","true","local-density","false","false","13","1000","2.25","1000","1000000","16351"
"3613","true","local-density","false","false","13","1000","2.25","1000","1000000","16358"
"3614","true","local-density","false","false","13","1000","2.25","1000","1000000","16559"
"3615","true","local-density","false","false","13","1000","2.25","1000","1000000","16601"
"3616","true","local-density","false","false","13","1000","2.25","1000","1000000","16622"
"3617","true","local-density","false","false","13","1000","2.25","1000","1000000","16267"
"3618","true","local-density","false","false","13","1000","2.25","1000","1000000","16838"
"3619","true","local-density","false","false","13","1000","2.25","1000","1000000","16613"
"3620","true","local-density","false","false","13","1000","2.25","1000","1000000","16749"
"3621","true","local-density","false","false","13","1000","2.25","1000","1000000","16732"
"3623","true","local-density","false","false","13","1000","2.25","1000","1000000","16521"
"3622","true","local-density","false","false","13","1000","2.25","1000","1000000","16361"
"3624","true","local-density","false","false","13","1000","2.25","1000","1000000","16575"
"3625","true","local-density","false","false","13","1000","2.25","1000","1000000","16618"
"3626","true","local-density","false","false","13","1000","2.25","1000","1000000","16794"
"3627","true","local-density","false","false","13","1000","2.25","1000","1000000","16583"
"3628","true","local-density","false","false","13","1000","2.25","1000","1000000","16414"
"3630","true","local-density","false","false","13","1000","2.25","1000","1000000","16609"
"3629","true","local-density","false","false","13","1000","2.25","1000","1000000","16604"
"3631","true","local-density","false","false","13","1000","2.25","1000","1000000","16511"
"3632","true","local-density","false","false","13","1000","2.25","1000","1000000","16507"
"3633","true","local-density","false","false","13","1000","2.25","1000","1000000","16463"
"3634","true","local-density","false","false","13","1000","2.25","1000","1000000","17039"
"3635","true","local-density","false","false","13","1000","2.25","1000","1000000","16555"
"3636","true","local-density","false","false","13","1000","2.25","1000","1000000","16354"
"3637","true","local-density","false","false","13","1000","2.25","1000","1000000","16599"
"3638","true","local-density","false","false","13","1000","2.25","1000","1000000","16927"
"3639","true","local-density","false","false","13","1000","2.25","1000","1000000","16426"
"3640","true","local-density","false","false","13","1000","2.25","1000","1000000","16389"
"3641","true","local-density","false","false","13","1000","2.25","1000","1000000","16523"
"3642","true","local-density","false","false","13","1000","2.25","1000","1000000","16410"
"3643","true","local-density","false","false","13","1000","2.25","1000","1000000","16625"
"3645","true","local-density","false","false","13","1000","2.25","1000","1000000","16533"
"3644","true","local-density","false","false","13","1000","2.25","1000","1000000","16709"
"3646","true","local-density","false","false","13","1000","2.25","1000","1000000","16854"
"3647","true","local-density","false","false","13","1000","2.25","1000","1000000","16495"
"3648","true","local-density","false","false","13","1000","2.25","1000","1000000","16530"
"3649","true","local-density","false","false","13","1000","2.25","1000","1000000","16471"
"3650","true","local-density","false","false","13","1000","2.25","1000","1000000","16568"
"3651","true","local-density","false","false","13","1000","2.25","1000","1000000","16470"
"3652","true","local-density","false","false","13","1000","2.25","1000","1000000","16413"
"3653","true","local-density","false","false","13","1000","2.25","1000","1000000","16822"
"3654","true","local-density","false","false","13","1000","2.25","1000","1000000","16349"
"3655","true","local-density","false","false","13","1000","2.25","1000","1000000","16555"
"3656","true","local-density","false","false","13","1000","2.25","1000","1000000","16802"
"3657","true","local-density","false","false","13","1000","2.25","1000","1000000","16484"
"3658","true","local-density","false","false","13","1000","2.25","1000","1000000","16524"
"3659","true","local-density","false","false","13","1000","2.25","1000","1000000","16543"
"3660","true","local-density","false","false","13","1000","2.25","1000","1000000","16949"
"3661","true","local-density","false","false","13","1000","4.5","1000","1000000","18282"
"3662","true","local-density","false","false","13","1000","4.5","1000","1000000","18157"
"3663","true","local-density","false","false","13","1000","4.5","1000","1000000","18036"
"3664","true","local-density","false","false","13","1000","4.5","1000","1000000","18011"
"3665","true","local-density","false","false","13","1000","4.5","1000","1000000","18199"
"3666","true","local-density","false","false","13","1000","4.5","1000","1000000","18059"
"3667","true","local-density","false","false","13","1000","4.5","1000","1000000","18164"
"3668","true","local-density","false","false","13","1000","4.5","1000","1000000","17804"
"3669","true","local-density","false","false","13","1000","4.5","1000","1000000","18265"
"3670","true","local-density","false","false","13","1000","4.5","1000","1000000","17857"
"3671","true","local-density","false","false","13","1000","4.5","1000","1000000","18242"
"3672","true","local-density","false","false","13","1000","4.5","1000","1000000","18197"
"3673","true","local-density","false","false","13","1000","4.5","1000","1000000","17851"
"3674","true","local-density","false","false","13","1000","4.5","1000","1000000","18065"
"3675","true","local-density","false","false","13","1000","4.5","1000","1000000","18063"
"3676","true","local-density","false","false","13","1000","4.5","1000","1000000","17806"
"3677","true","local-density","false","false","13","1000","4.5","1000","1000000","18237"
"3679","true","local-density","false","false","13","1000","4.5","1000","1000000","17917"
"3678","true","local-density","false","false","13","1000","4.5","1000","1000000","17847"
"3680","true","local-density","false","false","13","1000","4.5","1000","1000000","18211"
"3681","true","local-density","false","false","13","1000","4.5","1000","1000000","18264"
"3682","true","local-density","false","false","13","1000","4.5","1000","1000000","18249"
"3683","true","local-density","false","false","13","1000","4.5","1000","1000000","18033"
"3684","true","local-density","false","false","13","1000","4.5","1000","1000000","18266"
"3685","true","local-density","false","false","13","1000","4.5","1000","1000000","18216"
"3686","true","local-density","false","false","13","1000","4.5","1000","1000000","18057"
"3687","true","local-density","false","false","13","1000","4.5","1000","1000000","18194"
"3688","true","local-density","false","false","13","1000","4.5","1000","1000000","18343"
"3689","true","local-density","false","false","13","1000","4.5","1000","1000000","18019"
"3690","true","local-density","false","false","13","1000","4.5","1000","1000000","18132"
"3691","true","local-density","false","false","13","1000","4.5","1000","1000000","18031"
"3692","true","local-density","false","false","13","1000","4.5","1000","1000000","18202"
"3693","true","local-density","false","false","13","1000","4.5","1000","1000000","17795"
"3694","true","local-density","false","false","13","1000","4.5","1000","1000000","18071"
"3695","true","local-density","false","false","13","1000","4.5","1000","1000000","18218"
"3696","true","local-density","false","false","13","1000","4.5","1000","1000000","18082"
"3697","true","local-density","false","false","13","1000","4.5","1000","1000000","18032"
"3698","true","local-density","false","false","13","1000","4.5","1000","1000000","17689"
"3699","true","local-density","false","false","13","1000","4.5","1000","1000000","18095"
"3700","true","local-density","false","false","13","1000","4.5","1000","1000000","18080"
"3701","true","local-density","false","false","13","1000","4.5","1000","1000000","17971"
"3702","true","local-density","false","false","13","1000","4.5","1000","1000000","17948"
"3704","true","local-density","false","false","13","1000","4.5","1000","1000000","17893"
"3703","true","local-density","false","false","13","1000","4.5","1000","1000000","18525"
"3706","true","local-density","false","false","13","1000","4.5","1000","1000000","17716"
"3705","true","local-density","false","false","13","1000","4.5","1000","1000000","17755"
"3707","true","local-density","false","false","13","1000","4.5","1000","1000000","18113"
"3708","true","local-density","false","false","13","1000","4.5","1000","1000000","18003"
"3709","true","local-density","false","false","13","1000","4.5","1000","1000000","17877"
"3710","true","local-density","false","false","13","1000","4.5","1000","1000000","18313"
"3711","true","local-density","false","false","13","1000","4.5","1000","1000000","18193"
"3712","true","local-density","false","false","13","1000","4.5","1000","1000000","18164"
"3713","true","local-density","false","false","13","1000","4.5","1000","1000000","18187"
"3714","true","local-density","false","false","13","1000","4.5","1000","1000000","18034"
"3715","true","local-density","false","false","13","1000","4.5","1000","1000000","18187"
"3716","true","local-density","false","false","13","1000","4.5","1000","1000000","17950"
"3717","true","local-density","false","false","13","1000","4.5","1000","1000000","17723"
"3718","true","local-density","false","false","13","1000","4.5","1000","1000000","18262"
"3720","true","local-density","false","false","13","1000","4.5","1000","1000000","18020"
"3719","true","local-density","false","false","13","1000","4.5","1000","1000000","18357"
"3721","true","local-density","false","false","13","1000","9","1000","1000000","17968"
"3722","true","local-density","false","false","13","1000","9","1000","1000000","18370"
"3723","true","local-density","false","false","13","1000","9","1000","1000000","18081"
"3724","true","local-density","false","false","13","1000","9","1000","1000000","18110"
"3725","true","local-density","false","false","13","1000","9","1000","1000000","17960"
"3726","true","local-density","false","false","13","1000","9","1000","1000000","18059"
"3728","true","local-density","false","false","13","1000","9","1000","1000000","18374"
"3727","true","local-density","false","false","13","1000","9","1000","1000000","18072"
"3729","true","local-density","false","false","13","1000","9","1000","1000000","17898"
"3730","true","local-density","false","false","13","1000","9","1000","1000000","18525"
"3731","true","local-density","false","false","13","1000","9","1000","1000000","18343"
"3732","true","local-density","false","false","13","1000","9","1000","1000000","17989"
"3733","true","local-density","false","false","13","1000","9","1000","1000000","18033"
"3734","true","local-density","false","false","13","1000","9","1000","1000000","18370"
"3735","true","local-density","false","false","13","1000","9","1000","1000000","18221"
"3736","true","local-density","false","false","13","1000","9","1000","1000000","18305"
"3737","true","local-density","false","false","13","1000","9","1000","1000000","18176"
"3738","true","local-density","false","false","13","1000","9","1000","1000000","18089"
"3739","true","local-density","false","false","13","1000","9","1000","1000000","17696"
"3740","true","local-density","false","false","13","1000","9","1000","1000000","17859"
"3741","true","local-density","false","false","13","1000","9","1000","1000000","18197"
"3743","true","local-density","false","false","13","1000","9","1000","1000000","18320"
"3742","true","local-density","false","false","13","1000","9","1000","1000000","18351"
"3744","true","local-density","false","false","13","1000","9","1000","1000000","18296"
"3745","true","local-density","false","false","13","1000","9","1000","1000000","18319"
"3747","true","local-density","false","false","13","1000","9","1000","1000000","18478"
"3746","true","local-density","false","false","13","1000","9","1000","1000000","18234"
"3748","true","local-density","false","false","13","1000","9","1000","1000000","17960"
"3749","true","local-density","false","false","13","1000","9","1000","1000000","17815"
"3750","true","local-density","false","false","13","1000","9","1000","1000000","18254"
"3751","true","local-density","false","false","13","1000","9","1000","1000000","18077"
"3752","true","local-density","false","false","13","1000","9","1000","1000000","18398"
"3753","true","local-density","false","false","13","1000","9","1000","1000000","18177"
"3754","true","local-density","false","false","13","1000","9","1000","1000000","18450"
"3755","true","local-density","false","false","13","1000","9","1000","1000000","18204"
"3756","true","local-density","false","false","13","1000","9","1000","1000000","18684"
"3757","true","local-density","false","false","13","1000","9","1000","1000000","18007"
"3758","true","local-density","false","false","13","1000","9","1000","1000000","18209"
"3760","true","local-density","false","false","13","1000","9","1000","1000000","17971"
"3759","true","local-density","false","false","13","1000","9","1000","1000000","18070"
"3761","true","local-density","false","false","13","1000","9","1000","1000000","18276"
"3762","true","local-density","false","false","13","1000","9","1000","1000000","18321"
"3763","true","local-density","false","false","13","1000","9","1000","1000000","18130"
"3764","true","local-density","false","false","13","1000","9","1000","1000000","18421"
"3765","true","local-density","false","false","13","1000","9","1000","1000000","18113"
"3766","true","local-density","false","false","13","1000","9","1000","1000000","18523"
"3767","true","local-density","false","false","13","1000","9","1000","1000000","18093"
"3768","true","local-density","false","false","13","1000","9","1000","1000000","18291"
"3769","true","local-density","false","false","13","1000","9","1000","1000000","18269"
"3770","true","local-density","false","false","13","1000","9","1000","1000000","18325"
"3771","true","local-density","false","false","13","1000","9","1000","1000000","18234"
"3772","true","local-density","false","false","13","1000","9","1000","1000000","18099"
"3773","true","local-density","false","false","13","1000","9","1000","1000000","18534"
"3774","true","local-density","false","false","13","1000","9","1000","1000000","18168"
"3775","true","local-density","false","false","13","1000","9","1000","1000000","18260"
"3776","true","local-density","false","false","13","1000","9","1000","1000000","18642"
"3777","true","local-density","false","false","13","1000","9","1000","1000000","18081"
"3778","true","local-density","false","false","13","1000","9","1000","1000000","18447"
"3779","true","local-density","false","false","13","1000","9","1000","1000000","18262"
"3780","true","local-density","false","false","13","1000","9","1000","1000000","18157"
"3781","true","local-density","false","false","13","1","2.25","1000","1000000","27905"
"3782","true","local-density","false","false","13","1","2.25","1000","1000000","28712"
"3783","true","local-density","false","false","13","1","2.25","1000","1000000","29725"
"3784","true","local-density","false","false","13","1","2.25","1000","1000000","30671"
"3785","true","local-density","false","false","13","1","2.25","1000","1000000","30238"
"3786","true","local-density","false","false","13","1","2.25","1000","1000000","29542"
"3787","true","local-density","false","false","13","1","2.25","1000","1000000","28670"
"3788","true","local-density","false","false","13","1","2.25","1000","1000000","28721"
"3789","true","local-density","false","false","13","1","2.25","1000","1000000","30046"
"3791","true","local-density","false","false","13","1","2.25","1000","1000000","31287"
"3790","true","local-density","false","false","13","1","2.25","1000","1000000","29656"
"3792","true","local-density","false","false","13","1","2.25","1000","1000000","30737"
"3793","true","local-density","false","false","13","1","2.25","1000","1000000","30339"
"3794","true","local-density","false","false","13","1","2.25","1000","1000000","28042"
"3795","true","local-density","false","false","13","1","2.25","1000","1000000","29507"
"3796","true","local-density","false","false","13","1","2.25","1000","1000000","30390"
"3797","true","local-density","false","false","13","1","2.25","1000","1000000","29371"
"3798","true","local-density","false","false","13","1","2.25","1000","1000000","28908"
"3799","true","local-density","false","false","13","1","2.25","1000","1000000","29655"
"3800","true","local-density","false","false","13","1","2.25","1000","1000000","28466"
"3801","true","local-density","false","false","13","1","2.25","1000","1000000","30606"
"3802","true","local-density","false","false","13","1","2.25","1000","1000000","30228"
"3803","true","local-density","false","false","13","1","2.25","1000","1000000","29537"
"3804","true","local-density","false","false","13","1","2.25","1000","1000000","30190"
"3805","true","local-density","false","false","13","1","2.25","1000","1000000","30119"
"3806","true","local-density","false","false","13","1","2.25","1000","1000000","30795"
"3807","true","local-density","false","false","13","1","2.25","1000","1000000","30192"
"3808","true","local-density","false","false","13","1","2.25","1000","1000000","29629"
"3809","true","local-density","false","false","13","1","2.25","1000","1000000","28226"
"3810","true","local-density","false","false","13","1","2.25","1000","1000000","28690"
"3811","true","local-density","false","false","13","1","2.25","1000","1000000","30525"
"3812","true","local-density","false","false","13","1","2.25","1000","1000000","29414"
"3813","true","local-density","false","false","13","1","2.25","1000","1000000","29504"
"3814","true","local-density","false","false","13","1","2.25","1000","1000000","29317"
"3815","true","local-density","false","false","13","1","2.25","1000","1000000","31690"
"3817","true","local-density","false","false","13","1","2.25","1000","1000000","31341"
"3816","true","local-density","false","false","13","1","2.25","1000","1000000","30468"
"3818","true","local-density","false","false","13","1","2.25","1000","1000000","31083"
"3819","true","local-density","false","false","13","1","2.25","1000","1000000","29959"
"3820","true","local-density","false","false","13","1","2.25","1000","1000000","29834"
"3821","true","local-density","false","false","13","1","2.25","1000","1000000","30183"
"3822","true","local-density","false","false","13","1","2.25","1000","1000000","29917"
"3823","true","local-density","false","false","13","1","2.25","1000","1000000","28879"
"3824","true","local-density","false","false","13","1","2.25","1000","1000000","28743"
"3825","true","local-density","false","false","13","1","2.25","1000","1000000","28665"
"3826","true","local-density","false","false","13","1","2.25","1000","1000000","29964"
"3827","true","local-density","false","false","13","1","2.25","1000","1000000","30666"
"3828","true","local-density","false","false","13","1","2.25","1000","1000000","30067"
"3829","true","local-density","false","false","13","1","2.25","1000","1000000","28710"
"3830","true","local-density","false","false","13","1","2.25","1000","1000000","29339"
"3832","true","local-density","false","false","13","1","2.25","1000","1000000","29984"
"3831","true","local-density","false","false","13","1","2.25","1000","1000000","30122"
"3833","true","local-density","false","false","13","1","2.25","1000","1000000","29275"
"3834","true","local-density","false","false","13","1","2.25","1000","1000000","28004"
"3835","true","local-density","false","false","13","1","2.25","1000","1000000","29236"
"3836","true","local-density","false","false","13","1","2.25","1000","1000000","29264"
"3837","true","local-density","false","false","13","1","2.25","1000","1000000","31566"
"3838","true","local-density","false","false","13","1","2.25","1000","1000000","30897"
"3839","true","local-density","false","false","13","1","2.25","1000","1000000","28178"
"3840","true","local-density","false","false","13","1","2.25","1000","1000000","30657"
"3841","true","local-density","false","false","13","1","4.5","1000","1000000","32075"
"3842","true","local-density","false","false","13","1","4.5","1000","1000000","32473"
"3843","true","local-density","false","false","13","1","4.5","1000","1000000","33285"
"3844","true","local-density","false","false","13","1","4.5","1000","1000000","31755"
"3845","true","local-density","false","false","13","1","4.5","1000","1000000","33992"
"3847","true","local-density","false","false","13","1","4.5","1000","1000000","34791"
"3846","true","local-density","false","false","13","1","4.5","1000","1000000","32969"
"3848","true","local-density","false","false","13","1","4.5","1000","1000000","34063"
"3849","true","local-density","false","false","13","1","4.5","1000","1000000","31526"
"3850","true","local-density","false","false","13","1","4.5","1000","1000000","33124"
"3851","true","local-density","false","false","13","1","4.5","1000","1000000","34016"
"3852","true","local-density","false","false","13","1","4.5","1000","1000000","32880"
"3853","true","local-density","false","false","13","1","4.5","1000","1000000","31774"
"3854","true","local-density","false","false","13","1","4.5","1000","1000000","32111"
"3855","true","local-density","false","false","13","1","4.5","1000","1000000","33299"
"3856","true","local-density","false","false","13","1","4.5","1000","1000000","34185"
"3858","true","local-density","false","false","13","1","4.5","1000","1000000","34492"
"3857","true","local-density","false","false","13","1","4.5","1000","1000000","33579"
"3860","true","local-density","false","false","13","1","4.5","1000","1000000","31715"
"3859","true","local-density","false","false","13","1","4.5","1000","1000000","33839"
"3861","true","local-density","false","false","13","1","4.5","1000","1000000","33283"
"3862","true","local-density","false","false","13","1","4.5","1000","1000000","33961"
"3863","true","local-density","false","false","13","1","4.5","1000","1000000","32069"
"3864","true","local-density","false","false","13","1","4.5","1000","1000000","32146"
"3865","true","local-density","false","false","13","1","4.5","1000","1000000","35334"
"3866","true","local-density","false","false","13","1","4.5","1000","1000000","34460"
"3867","true","local-density","false","false","13","1","4.5","1000","1000000","33483"
"3868","true","local-density","false","false","13","1","4.5","1000","1000000","34927"
"3869","true","local-density","false","false","13","1","4.5","1000","1000000","34069"
"3870","true","local-density","false","false","13","1","4.5","1000","1000000","32430"
"3871","true","local-density","false","false","13","1","4.5","1000","1000000","35396"
"3872","true","local-density","false","false","13","1","4.5","1000","1000000","32065"
"3873","true","local-density","false","false","13","1","4.5","1000","1000000","32810"
"3875","true","local-density","false","false","13","1","4.5","1000","1000000","34461"
"3876","true","local-density","false","false","13","1","4.5","1000","1000000","33491"
"3874","true","local-density","false","false","13","1","4.5","1000","1000000","34181"
"3877","true","local-density","false","false","13","1","4.5","1000","1000000","32259"
"3878","true","local-density","false","false","13","1","4.5","1000","1000000","33968"
"3879","true","local-density","false","false","13","1","4.5","1000","1000000","33943"
"3880","true","local-density","false","false","13","1","4.5","1000","1000000","33526"
"3881","true","local-density","false","false","13","1","4.5","1000","1000000","32800"
"3882","true","local-density","false","false","13","1","4.5","1000","1000000","33205"
"3883","true","local-density","false","false","13","1","4.5","1000","1000000","33890"
"3884","true","local-density","false","false","13","1","4.5","1000","1000000","34226"
"3885","true","local-density","false","false","13","1","4.5","1000","1000000","33025"
"3886","true","local-density","false","false","13","1","4.5","1000","1000000","34511"
"3887","true","local-density","false","false","13","1","4.5","1000","1000000","34464"
"3888","true","local-density","false","false","13","1","4.5","1000","1000000","32645"
"3890","true","local-density","false","false","13","1","4.5","1000","1000000","34883"
"3889","true","local-density","false","false","13","1","4.5","1000","1000000","35003"
"3891","true","local-density","false","false","13","1","4.5","1000","1000000","33216"
"3892","true","local-density","false","false","13","1","4.5","1000","1000000","32611"
"3893","true","local-density","false","false","13","1","4.5","1000","1000000","33628"
"3894","true","local-density","false","false","13","1","4.5","1000","1000000","31882"
"3895","true","local-density","false","false","13","1","4.5","1000","1000000","33424"
"3896","true","local-density","false","false","13","1","4.5","1000","1000000","34760"
"3897","true","local-density","false","false","13","1","4.5","1000","1000000","32053"
"3898","true","local-density","false","false","13","1","4.5","1000","1000000","33175"
"3899","true","local-density","false","false","13","1","4.5","1000","1000000","33875"
"3900","true","local-density","false","false","13","1","4.5","1000","1000000","32957"
"3901","true","local-density","false","false","13","1","9","1000","1000000","33190"
"3902","true","local-density","false","false","13","1","9","1000","1000000","34412"
"3903","true","local-density","false","false","13","1","9","1000","1000000","33714"
"3905","true","local-density","false","false","13","1","9","1000","1000000","32417"
"3906","true","local-density","false","false","13","1","9","1000","1000000","34182"
"3907","true","local-density","false","false","13","1","9","1000","1000000","34613"
"3904","true","local-density","false","false","13","1","9","1000","1000000","32802"
"3908","true","local-density","false","false","13","1","9","1000","1000000","33326"
"3909","true","local-density","false","false","13","1","9","1000","1000000","33240"
"3910","true","local-density","false","false","13","1","9","1000","1000000","31682"
"3911","true","local-density","false","false","13","1","9","1000","1000000","31229"
"3912","true","local-density","false","false","13","1","9","1000","1000000","33969"
"3914","true","local-density","false","false","13","1","9","1000","1000000","34622"
"3913","true","local-density","false","false","13","1","9","1000","1000000","33860"
"3915","true","local-density","false","false","13","1","9","1000","1000000","33367"
"3916","true","local-density","false","false","13","1","9","1000","1000000","33796"
"3917","true","local-density","false","false","13","1","9","1000","1000000","32638"
"3918","true","local-density","false","false","13","1","9","1000","1000000","34543"
"3919","true","local-density","false","false","13","1","9","1000","1000000","33735"
"3920","true","local-density","false","false","13","1","9","1000","1000000","34970"
"3921","true","local-density","false","false","13","1","9","1000","1000000","34535"
"3922","true","local-density","false","false","13","1","9","1000","1000000","33882"
"3923","true","local-density","false","false","13","1","9","1000","1000000","34640"
"3925","true","local-density","false","false","13","1","9","1000","1000000","33174"
"3924","true","local-density","false","false","13","1","9","1000","1000000","34943"
"3926","true","local-density","false","false","13","1","9","1000","1000000","33784"
"3927","true","local-density","false","false","13","1","9","1000","1000000","33584"
"3928","true","local-density","false","false","13","1","9","1000","1000000","34502"
"3930","true","local-density","false","false","13","1","9","1000","1000000","34548"
"3929","true","local-density","false","false","13","1","9","1000","1000000","34061"
"3931","true","local-density","false","false","13","1","9","1000","1000000","33637"
"3932","true","local-density","false","false","13","1","9","1000","1000000","35075"
"3933","true","local-density","false","false","13","1","9","1000","1000000","34394"
"3934","true","local-density","false","false","13","1","9","1000","1000000","33573"
"3935","true","local-density","false","false","13","1","9","1000","1000000","32865"
"3936","true","local-density","false","false","13","1","9","1000","1000000","33946"
"3938","true","local-density","false","false","13","1","9","1000","1000000","33424"
"3937","true","local-density","false","false","13","1","9","1000","1000000","34084"
"3939","true","local-density","false","false","13","1","9","1000","1000000","33818"
"3940","true","local-density","false","false","13","1","9","1000","1000000","34692"
"3941","true","local-density","false","false","13","1","9","1000","1000000","31516"
"3942","true","local-density","false","false","13","1","9","1000","1000000","32165"
"3944","true","local-density","false","false","13","1","9","1000","1000000","33500"
"3943","true","local-density","false","false","13","1","9","1000","1000000","33395"
"3946","true","local-density","false","false","13","1","9","1000","1000000","32791"
"3945","true","local-density","false","false","13","1","9","1000","1000000","34619"
"3947","true","local-density","false","false","13","1","9","1000","1000000","33604"
"3948","true","local-density","false","false","13","1","9","1000","1000000","33385"
"3949","true","local-density","false","false","13","1","9","1000","1000000","33236"
"3950","true","local-density","false","false","13","1","9","1000","1000000","33345"
"3951","true","local-density","false","false","13","1","9","1000","1000000","32173"
"3952","true","local-density","false","false","13","1","9","1000","1000000","34261"
"3954","true","local-density","false","false","13","1","9","1000","1000000","34270"
"3953","true","local-density","false","false","13","1","9","1000","1000000","33372"
"3955","true","local-density","false","false","13","1","9","1000","1000000","34237"
"3956","true","local-density","false","false","13","1","9","1000","1000000","32745"
"3957","true","local-density","false","false","13","1","9","1000","1000000","34815"
"3958","true","local-density","false","false","13","1","9","1000","1000000","34978"
"3959","true","local-density","false","false","13","1","9","1000","1000000","33719"
"3960","true","local-density","false","false","13","1","9","1000","1000000","33407"
"3961","true","local-density","false","false","14","1000","2.25","1000","1000000","20347"
"3962","true","local-density","false","false","14","1000","2.25","1000","1000000","20134"
"3963","true","local-density","false","false","14","1000","2.25","1000","1000000","20206"
"3964","true","local-density","false","false","14","1000","2.25","1000","1000000","20109"
"3965","true","local-density","false","false","14","1000","2.25","1000","1000000","20430"
"3966","true","local-density","false","false","14","1000","2.25","1000","1000000","20143"
"3967","true","local-density","false","false","14","1000","2.25","1000","1000000","19990"
"3968","true","local-density","false","false","14","1000","2.25","1000","1000000","20322"
"3970","true","local-density","false","false","14","1000","2.25","1000","1000000","20416"
"3969","true","local-density","false","false","14","1000","2.25","1000","1000000","20390"
"3971","true","local-density","false","false","14","1000","2.25","1000","1000000","20421"
"3972","true","local-density","false","false","14","1000","2.25","1000","1000000","20881"
"3973","true","local-density","false","false","14","1000","2.25","1000","1000000","19622"
"3974","true","local-density","false","false","14","1000","2.25","1000","1000000","20352"
"3975","true","local-density","false","false","14","1000","2.25","1000","1000000","20605"
"3976","true","local-density","false","false","14","1000","2.25","1000","1000000","20282"
"3977","true","local-density","false","false","14","1000","2.25","1000","1000000","20466"
"3978","true","local-density","false","false","14","1000","2.25","1000","1000000","20723"
"3979","true","local-density","false","false","14","1000","2.25","1000","1000000","20267"
"3980","true","local-density","false","false","14","1000","2.25","1000","1000000","20965"
"3982","true","local-density","false","false","14","1000","2.25","1000","1000000","20323"
"3981","true","local-density","false","false","14","1000","2.25","1000","1000000","20399"
"3983","true","local-density","false","false","14","1000","2.25","1000","1000000","20480"
"3984","true","local-density","false","false","14","1000","2.25","1000","1000000","20455"
"3985","true","local-density","false","false","14","1000","2.25","1000","1000000","20293"
"3986","true","local-density","false","false","14","1000","2.25","1000","1000000","20409"
"3987","true","local-density","false","false","14","1000","2.25","1000","1000000","20207"
"3988","true","local-density","false","false","14","1000","2.25","1000","1000000","20443"
"3989","true","local-density","false","false","14","1000","2.25","1000","1000000","20339"
"3990","true","local-density","false","false","14","1000","2.25","1000","1000000","19664"
"3991","true","local-density","false","false","14","1000","2.25","1000","1000000","20484"
"3992","true","local-density","false","false","14","1000","2.25","1000","1000000","20280"
"3993","true","local-density","false","false","14","1000","2.25","1000","1000000","20501"
"3994","true","local-density","false","false","14","1000","2.25","1000","1000000","20316"
"3995","true","local-density","false","false","14","1000","2.25","1000","1000000","20520"
"3996","true","local-density","false","false","14","1000","2.25","1000","1000000","20605"
"3997","true","local-density","false","false","14","1000","2.25","1000","1000000","20365"
"3998","true","local-density","false","false","14","1000","2.25","1000","1000000","20462"
"3999","true","local-density","false","false","14","1000","2.25","1000","1000000","19849"
"4000","true","local-density","false","false","14","1000","2.25","1000","1000000","20467"
"4001","true","local-density","false","false","14","1000","2.25","1000","1000000","20561"
"4002","true","local-density","false","false","14","1000","2.25","1000","1000000","20549"
"4003","true","local-density","false","false","14","1000","2.25","1000","1000000","20317"
"4004","true","local-density","false","false","14","1000","2.25","1000","1000000","20484"
"4005","true","local-density","false","false","14","1000","2.25","1000","1000000","20248"
"4006","true","local-density","false","false","14","1000","2.25","1000","1000000","20218"
"4007","true","local-density","false","false","14","1000","2.25","1000","1000000","20330"
"4008","true","local-density","false","false","14","1000","2.25","1000","1000000","20673"
"4009","true","local-density","false","false","14","1000","2.25","1000","1000000","20990"
"4010","true","local-density","false","false","14","1000","2.25","1000","1000000","20800"
"4011","true","local-density","false","false","14","1000","2.25","1000","1000000","20389"
"4012","true","local-density","false","false","14","1000","2.25","1000","1000000","20379"
"4013","true","local-density","false","false","14","1000","2.25","1000","1000000","20431"
"4014","true","local-density","false","false","14","1000","2.25","1000","1000000","20176"
"4015","true","local-density","false","false","14","1000","2.25","1000","1000000","20558"
"4016","true","local-density","false","false","14","1000","2.25","1000","1000000","20153"
"4017","true","local-density","false","false","14","1000","2.25","1000","1000000","20343"
"4018","true","local-density","false","false","14","1000","2.25","1000","1000000","20542"
"4019","true","local-density","false","false","14","1000","2.25","1000","1000000","20621"
"4020","true","local-density","false","false","14","1000","2.25","1000","1000000","20485"
"4021","true","local-density","false","false","14","1000","4.5","1000","1000000","22232"
"4022","true","local-density","false","false","14","1000","4.5","1000","1000000","22020"
"4023","true","local-density","false","false","14","1000","4.5","1000","1000000","22245"
"4024","true","local-density","false","false","14","1000","4.5","1000","1000000","21896"
"4025","true","local-density","false","false","14","1000","4.5","1000","1000000","22081"
"4026","true","local-density","false","false","14","1000","4.5","1000","1000000","21806"
"4027","true","local-density","false","false","14","1000","4.5","1000","1000000","22170"
"4028","true","local-density","false","false","14","1000","4.5","1000","1000000","21839"
"4029","true","local-density","false","false","14","1000","4.5","1000","1000000","22267"
"4030","true","local-density","false","false","14","1000","4.5","1000","1000000","22093"
"4031","true","local-density","false","false","14","1000","4.5","1000","1000000","22065"
"4032","true","local-density","false","false","14","1000","4.5","1000","1000000","22439"
"4033","true","local-density","false","false","14","1000","4.5","1000","1000000","21861"
"4034","true","local-density","false","false","14","1000","4.5","1000","1000000","21923"
"4035","true","local-density","false","false","14","1000","4.5","1000","1000000","21808"
"4036","true","local-density","false","false","14","1000","4.5","1000","1000000","21612"
"4037","true","local-density","false","false","14","1000","4.5","1000","1000000","22384"
"4038","true","local-density","false","false","14","1000","4.5","1000","1000000","22117"
"4039","true","local-density","false","false","14","1000","4.5","1000","1000000","21923"
"4040","true","local-density","false","false","14","1000","4.5","1000","1000000","21934"
"4041","true","local-density","false","false","14","1000","4.5","1000","1000000","21944"
"4042","true","local-density","false","false","14","1000","4.5","1000","1000000","22225"
"4043","true","local-density","false","false","14","1000","4.5","1000","1000000","22217"
"4044","true","local-density","false","false","14","1000","4.5","1000","1000000","22007"
"4045","true","local-density","false","false","14","1000","4.5","1000","1000000","21728"
"4046","true","local-density","false","false","14","1000","4.5","1000","1000000","21901"
"4047","true","local-density","false","false","14","1000","4.5","1000","1000000","22011"
"4048","true","local-density","false","false","14","1000","4.5","1000","1000000","21979"
"4049","true","local-density","false","false","14","1000","4.5","1000","1000000","22103"
"4050","true","local-density","false","false","14","1000","4.5","1000","1000000","21953"
"4051","true","local-density","false","false","14","1000","4.5","1000","1000000","21730"
"4052","true","local-density","false","false","14","1000","4.5","1000","1000000","22380"
"4053","true","local-density","false","false","14","1000","4.5","1000","1000000","22023"
"4054","true","local-density","false","false","14","1000","4.5","1000","1000000","22229"
"4055","true","local-density","false","false","14","1000","4.5","1000","1000000","21993"
"4056","true","local-density","false","false","14","1000","4.5","1000","1000000","22127"
"4057","true","local-density","false","false","14","1000","4.5","1000","1000000","21727"
"4058","true","local-density","false","false","14","1000","4.5","1000","1000000","21810"
"4059","true","local-density","false","false","14","1000","4.5","1000","1000000","21964"
"4060","true","local-density","false","false","14","1000","4.5","1000","1000000","21573"
"4061","true","local-density","false","false","14","1000","4.5","1000","1000000","21758"
"4062","true","local-density","false","false","14","1000","4.5","1000","1000000","22093"
"4063","true","local-density","false","false","14","1000","4.5","1000","1000000","21813"
"4064","true","local-density","false","false","14","1000","4.5","1000","1000000","22165"
"4065","true","local-density","false","false","14","1000","4.5","1000","1000000","21919"
"4066","true","local-density","false","false","14","1000","4.5","1000","1000000","21902"
"4067","true","local-density","false","false","14","1000","4.5","1000","1000000","22040"
"4068","true","local-density","false","false","14","1000","4.5","1000","1000000","21836"
"4069","true","local-density","false","false","14","1000","4.5","1000","1000000","22435"
"4070","true","local-density","false","false","14","1000","4.5","1000","1000000","21911"
"4071","true","local-density","false","false","14","1000","4.5","1000","1000000","22216"
"4072","true","local-density","false","false","14","1000","4.5","1000","1000000","22083"
"4073","true","local-density","false","false","14","1000","4.5","1000","1000000","21935"
"4074","true","local-density","false","false","14","1000","4.5","1000","1000000","22003"
"4075","true","local-density","false","false","14","1000","4.5","1000","1000000","21790"
"4076","true","local-density","false","false","14","1000","4.5","1000","1000000","21995"
"4077","true","local-density","false","false","14","1000","4.5","1000","1000000","22055"
"4078","true","local-density","false","false","14","1000","4.5","1000","1000000","21962"
"4079","true","local-density","false","false","14","1000","4.5","1000","1000000","21748"
"4080","true","local-density","false","false","14","1000","4.5","1000","1000000","22023"
"4081","true","local-density","false","false","14","1000","9","1000","1000000","22077"
"4082","true","local-density","false","false","14","1000","9","1000","1000000","22386"
"4083","true","local-density","false","false","14","1000","9","1000","1000000","22477"
"4084","true","local-density","false","false","14","1000","9","1000","1000000","21695"
"4085","true","local-density","false","false","14","1000","9","1000","1000000","22477"
"4087","true","local-density","false","false","14","1000","9","1000","1000000","22288"
"4086","true","local-density","false","false","14","1000","9","1000","1000000","21961"
"4088","true","local-density","false","false","14","1000","9","1000","1000000","22176"
"4089","true","local-density","false","false","14","1000","9","1000","1000000","21960"
"4090","true","local-density","false","false","14","1000","9","1000","1000000","22073"
"4091","true","local-density","false","false","14","1000","9","1000","1000000","22199"
"4092","true","local-density","false","false","14","1000","9","1000","1000000","21994"
"4093","true","local-density","false","false","14","1000","9","1000","1000000","22342"
"4094","true","local-density","false","false","14","1000","9","1000","1000000","22537"
"4095","true","local-density","false","false","14","1000","9","1000","1000000","22144"
"4097","true","local-density","false","false","14","1000","9","1000","1000000","21959"
"4096","true","local-density","false","false","14","1000","9","1000","1000000","22151"
"4098","true","local-density","false","false","14","1000","9","1000","1000000","22157"
"4099","true","local-density","false","false","14","1000","9","1000","1000000","22125"
"4100","true","local-density","false","false","14","1000","9","1000","1000000","22139"
"4101","true","local-density","false","false","14","1000","9","1000","1000000","22149"
"4102","true","local-density","false","false","14","1000","9","1000","1000000","22392"
"4103","true","local-density","false","false","14","1000","9","1000","1000000","22499"
"4104","true","local-density","false","false","14","1000","9","1000","1000000","22039"
"4105","true","local-density","false","false","14","1000","9","1000","1000000","22283"
"4106","true","local-density","false","false","14","1000","9","1000","1000000","22214"
"4107","true","local-density","false","false","14","1000","9","1000","1000000","22158"
"4108","true","local-density","false","false","14","1000","9","1000","1000000","22357"
"4109","true","local-density","false","false","14","1000","9","1000","1000000","21968"
"4110","true","local-density","false","false","14","1000","9","1000","1000000","22409"
"4111","true","local-density","false","false","14","1000","9","1000","1000000","22553"
"4112","true","local-density","false","false","14","1000","9","1000","1000000","22220"
"4113","true","local-density","false","false","14","1000","9","1000","1000000","22402"
"4114","true","local-density","false","false","14","1000","9","1000","1000000","22161"
"4115","true","local-density","false","false","14","1000","9","1000","1000000","22137"
"4116","true","local-density","false","false","14","1000","9","1000","1000000","22052"
"4117","true","local-density","false","false","14","1000","9","1000","1000000","22406"
"4118","true","local-density","false","false","14","1000","9","1000","1000000","22309"
"4119","true","local-density","false","false","14","1000","9","1000","1000000","21907"
"4120","true","local-density","false","false","14","1000","9","1000","1000000","22476"
"4121","true","local-density","false","false","14","1000","9","1000","1000000","22038"
"4123","true","local-density","false","false","14","1000","9","1000","1000000","22249"
"4122","true","local-density","false","false","14","1000","9","1000","1000000","22483"
"4124","true","local-density","false","false","14","1000","9","1000","1000000","22414"
"4125","true","local-density","false","false","14","1000","9","1000","1000000","22423"
"4126","true","local-density","false","false","14","1000","9","1000","1000000","21853"
"4127","true","local-density","false","false","14","1000","9","1000","1000000","22164"
"4128","true","local-density","false","false","14","1000","9","1000","1000000","22433"
"4129","true","local-density","false","false","14","1000","9","1000","1000000","21931"
"4133","true","local-density","false","false","14","1000","9","1000","1000000","22270"
"4132","true","local-density","false","false","14","1000","9","1000","1000000","22146"
"4130","true","local-density","false","false","14","1000","9","1000","1000000","22434"
"4131","true","local-density","false","false","14","1000","9","1000","1000000","22144"
"4134","true","local-density","false","false","14","1000","9","1000","1000000","22136"
"4135","true","local-density","false","false","14","1000","9","1000","1000000","22468"
"4136","true","local-density","false","false","14","1000","9","1000","1000000","21896"
"4137","true","local-density","false","false","14","1000","9","1000","1000000","22031"
"4141","true","local-density","false","false","14","1","2.25","1000","1000000","35060"
"4138","true","local-density","false","false","14","1000","9","1000","1000000","22216"
"4139","true","local-density","false","false","14","1000","9","1000","1000000","22118"
"4140","true","local-density","false","false","14","1000","9","1000","1000000","22311"
"4142","true","local-density","false","false","14","1","2.25","1000","1000000","36002"
"4143","true","local-density","false","false","14","1","2.25","1000","1000000","38266"
"4144","true","local-density","false","false","14","1","2.25","1000","1000000","36901"
"4145","true","local-density","false","false","14","1","2.25","1000","1000000","36937"
"4146","true","local-density","false","false","14","1","2.25","1000","1000000","37429"
"4147","true","local-density","false","false","14","1","2.25","1000","1000000","36985"
"4150","true","local-density","false","false","14","1","2.25","1000","1000000","34206"
"4148","true","local-density","false","false","14","1","2.25","1000","1000000","36235"
"4149","true","local-density","false","false","14","1","2.25","1000","1000000","35910"
"4151","true","local-density","false","false","14","1","2.25","1000","1000000","33920"
"4152","true","local-density","false","false","14","1","2.25","1000","1000000","35928"
"4153","true","local-density","false","false","14","1","2.25","1000","1000000","32446"
"4154","true","local-density","false","false","14","1","2.25","1000","1000000","37995"
"4155","true","local-density","false","false","14","1","2.25","1000","1000000","35249"
"4156","true","local-density","false","false","14","1","2.25","1000","1000000","36062"
"4157","true","local-density","false","false","14","1","2.25","1000","1000000","37172"
"4158","true","local-density","false","false","14","1","2.25","1000","1000000","36479"
"4159","true","local-density","false","false","14","1","2.25","1000","1000000","37139"
"4160","true","local-density","false","false","14","1","2.25","1000","1000000","37213"
"4161","true","local-density","false","false","14","1","2.25","1000","1000000","36232"
"4162","true","local-density","false","false","14","1","2.25","1000","1000000","34697"
"4164","true","local-density","false","false","14","1","2.25","1000","1000000","35077"
"4163","true","local-density","false","false","14","1","2.25","1000","1000000","36302"
"4165","true","local-density","false","false","14","1","2.25","1000","1000000","37336"
"4166","true","local-density","false","false","14","1","2.25","1000","1000000","37172"
"4167","true","local-density","false","false","14","1","2.25","1000","1000000","36983"
"4168","true","local-density","false","false","14","1","2.25","1000","1000000","35568"
"4169","true","local-density","false","false","14","1","2.25","1000","1000000","35987"
"4170","true","local-density","false","false","14","1","2.25","1000","1000000","35624"
"4171","true","local-density","false","false","14","1","2.25","1000","1000000","35183"
"4172","true","local-density","false","false","14","1","2.25","1000","1000000","37892"
"4173","true","local-density","false","false","14","1","2.25","1000","1000000","34039"
"4174","true","local-density","false","false","14","1","2.25","1000","1000000","38592"
"4175","true","local-density","false","false","14","1","2.25","1000","1000000","36334"
"4176","true","local-density","false","false","14","1","2.25","1000","1000000","34837"
"4177","true","local-density","false","false","14","1","2.25","1000","1000000","38194"
"4178","true","local-density","false","false","14","1","2.25","1000","1000000","38139"
"4179","true","local-density","false","false","14","1","2.25","1000","1000000","37452"
"4180","true","local-density","false","false","14","1","2.25","1000","1000000","36806"
"4181","true","local-density","false","false","14","1","2.25","1000","1000000","36897"
"4182","true","local-density","false","false","14","1","2.25","1000","1000000","36821"
"4183","true","local-density","false","false","14","1","2.25","1000","1000000","34089"
"4184","true","local-density","false","false","14","1","2.25","1000","1000000","36810"
"4185","true","local-density","false","false","14","1","2.25","1000","1000000","37712"
"4186","true","local-density","false","false","14","1","2.25","1000","1000000","35326"
"4187","true","local-density","false","false","14","1","2.25","1000","1000000","35121"
"4188","true","local-density","false","false","14","1","2.25","1000","1000000","36001"
"4189","true","local-density","false","false","14","1","2.25","1000","1000000","35011"
"4190","true","local-density","false","false","14","1","2.25","1000","1000000","37999"
"4191","true","local-density","false","false","14","1","2.25","1000","1000000","36284"
"4192","true","local-density","false","false","14","1","2.25","1000","1000000","35880"
"4193","true","local-density","false","false","14","1","2.25","1000","1000000","37699"
"4194","true","local-density","false","false","14","1","2.25","1000","1000000","36743"
"4195","true","local-density","false","false","14","1","2.25","1000","1000000","36641"
"4196","true","local-density","false","false","14","1","2.25","1000","1000000","37214"
"4197","true","local-density","false","false","14","1","2.25","1000","1000000","35424"
"4198","true","local-density","false","false","14","1","2.25","1000","1000000","34105"
"4199","true","local-density","false","false","14","1","2.25","1000","1000000","36025"
"4200","true","local-density","false","false","14","1","2.25","1000","1000000","37520"
"4201","true","local-density","false","false","14","1","4.5","1000","1000000","41097"
"4202","true","local-density","false","false","14","1","4.5","1000","1000000","41647"
"4203","true","local-density","false","false","14","1","4.5","1000","1000000","39350"
"4204","true","local-density","false","false","14","1","4.5","1000","1000000","39409"
"4205","true","local-density","false","false","14","1","4.5","1000","1000000","39367"
"4206","true","local-density","false","false","14","1","4.5","1000","1000000","40700"
"4207","true","local-density","false","false","14","1","4.5","1000","1000000","39819"
"4208","true","local-density","false","false","14","1","4.5","1000","1000000","40712"
"4209","true","local-density","false","false","14","1","4.5","1000","1000000","39771"
"4210","true","local-density","false","false","14","1","4.5","1000","1000000","42025"
"4211","true","local-density","false","false","14","1","4.5","1000","1000000","41310"
"4212","true","local-density","false","false","14","1","4.5","1000","1000000","40302"
"4213","true","local-density","false","false","14","1","4.5","1000","1000000","40965"
"4214","true","local-density","false","false","14","1","4.5","1000","1000000","40439"
"4215","true","local-density","false","false","14","1","4.5","1000","1000000","40800"
"4216","true","local-density","false","false","14","1","4.5","1000","1000000","40850"
"4217","true","local-density","false","false","14","1","4.5","1000","1000000","39006"
"4218","true","local-density","false","false","14","1","4.5","1000","1000000","40094"
"4219","true","local-density","false","false","14","1","4.5","1000","1000000","38242"
"4220","true","local-density","false","false","14","1","4.5","1000","1000000","39468"
"4221","true","local-density","false","false","14","1","4.5","1000","1000000","41651"
"4222","true","local-density","false","false","14","1","4.5","1000","1000000","38946"
"4223","true","local-density","false","false","14","1","4.5","1000","1000000","39943"
"4224","true","local-density","false","false","14","1","4.5","1000","1000000","40650"
"4226","true","local-density","false","false","14","1","4.5","1000","1000000","40175"
"4225","true","local-density","false","false","14","1","4.5","1000","1000000","40740"
"4227","true","local-density","false","false","14","1","4.5","1000","1000000","39158"
"4228","true","local-density","false","false","14","1","4.5","1000","1000000","39939"
"4229","true","local-density","false","false","14","1","4.5","1000","1000000","41021"
"4230","true","local-density","false","false","14","1","4.5","1000","1000000","38949"
"4231","true","local-density","false","false","14","1","4.5","1000","1000000","39986"
"4232","true","local-density","false","false","14","1","4.5","1000","1000000","39749"
"4233","true","local-density","false","false","14","1","4.5","1000","1000000","41650"
"4234","true","local-density","false","false","14","1","4.5","1000","1000000","39819"
"4235","true","local-density","false","false","14","1","4.5","1000","1000000","42271"
"4236","true","local-density","false","false","14","1","4.5","1000","1000000","38720"
"4237","true","local-density","false","false","14","1","4.5","1000","1000000","40759"
"4238","true","local-density","false","false","14","1","4.5","1000","1000000","40829"
"4239","true","local-density","false","false","14","1","4.5","1000","1000000","39625"
"4240","true","local-density","false","false","14","1","4.5","1000","1000000","41295"
"4241","true","local-density","false","false","14","1","4.5","1000","1000000","39124"
"4242","true","local-density","false","false","14","1","4.5","1000","1000000","38473"
"4243","true","local-density","false","false","14","1","4.5","1000","1000000","38573"
"4244","true","local-density","false","false","14","1","4.5","1000","1000000","41589"
"4245","true","local-density","false","false","14","1","4.5","1000","1000000","42498"
"4246","true","local-density","false","false","14","1","4.5","1000","1000000","42515"
"4247","true","local-density","false","false","14","1","4.5","1000","1000000","39068"
"4248","true","local-density","false","false","14","1","4.5","1000","1000000","40433"
"4249","true","local-density","false","false","14","1","4.5","1000","1000000","39075"
"4251","true","local-density","false","false","14","1","4.5","1000","1000000","38698"
"4250","true","local-density","false","false","14","1","4.5","1000","1000000","40604"
"4252","true","local-density","false","false","14","1","4.5","1000","1000000","41070"
"4253","true","local-density","false","false","14","1","4.5","1000","1000000","40366"
"4254","true","local-density","false","false","14","1","4.5","1000","1000000","41826"
"4256","true","local-density","false","false","14","1","4.5","1000","1000000","39235"
"4255","true","local-density","false","false","14","1","4.5","1000","1000000","40207"
"4257","true","local-density","false","false","14","1","4.5","1000","1000000","42135"
"4258","true","local-density","false","false","14","1","4.5","1000","1000000","41287"
"4259","true","local-density","false","false","14","1","4.5","1000","1000000","40874"
"4260","true","local-density","false","false","14","1","4.5","1000","1000000","40671"
"4261","true","local-density","false","false","14","1","9","1000","1000000","39685"
"4262","true","local-density","false","false","14","1","9","1000","1000000","41295"
"4263","true","local-density","false","false","14","1","9","1000","1000000","40134"
"4264","true","local-density","false","false","14","1","9","1000","1000000","40034"
"4265","true","local-density","false","false","14","1","9","1000","1000000","40554"
"4266","true","local-density","false","false","14","1","9","1000","1000000","41444"
"4267","true","local-density","false","false","14","1","9","1000","1000000","40962"
"4268","true","local-density","false","false","14","1","9","1000","1000000","40074"
"4269","true","local-density","false","false","14","1","9","1000","1000000","41117"
"4270","true","local-density","false","false","14","1","9","1000","1000000","41748"
"4271","true","local-density","false","false","14","1","9","1000","1000000","39594"
"4272","true","local-density","false","false","14","1","9","1000","1000000","37458"
"4273","true","local-density","false","false","14","1","9","1000","1000000","40546"
"4274","true","local-density","false","false","14","1","9","1000","1000000","40904"
"4275","true","local-density","false","false","14","1","9","1000","1000000","38355"
"4276","true","local-density","false","false","14","1","9","1000","1000000","42263"
"4277","true","local-density","false","false","14","1","9","1000","1000000","40101"
"4278","true","local-density","false","false","14","1","9","1000","1000000","38434"
"4279","true","local-density","false","false","14","1","9","1000","1000000","41103"
"4280","true","local-density","false","false","14","1","9","1000","1000000","41629"
"4282","true","local-density","false","false","14","1","9","1000","1000000","39462"
"4281","true","local-density","false","false","14","1","9","1000","1000000","39225"
"4283","true","local-density","false","false","14","1","9","1000","1000000","41053"
"4284","true","local-density","false","false","14","1","9","1000","1000000","39064"
"4285","true","local-density","false","false","14","1","9","1000","1000000","40153"
"4286","true","local-density","false","false","14","1","9","1000","1000000","41488"
"4287","true","local-density","false","false","14","1","9","1000","1000000","39951"
"4288","true","local-density","false","false","14","1","9","1000","1000000","39426"
"4289","true","local-density","false","false","14","1","9","1000","1000000","41336"
"4290","true","local-density","false","false","14","1","9","1000","1000000","39095"
"4291","true","local-density","false","false","14","1","9","1000","1000000","39694"
"4292","true","local-density","false","false","14","1","9","1000","1000000","38603"
"4293","true","local-density","false","false","14","1","9","1000","1000000","39911"
"4294","true","local-density","false","false","14","1","9","1000","1000000","38849"
"4295","true","local-density","false","false","14","1","9","1000","1000000","38615"
"4296","true","local-density","false","false","14","1","9","1000","1000000","41303"
"4297","true","local-density","false","false","14","1","9","1000","1000000","38169"
"4298","true","local-density","false","false","14","1","9","1000","1000000","41289"
"4299","true","local-density","false","false","14","1","9","1000","1000000","39410"
"4300","true","local-density","false","false","14","1","9","1000","1000000","37640"
"4301","true","local-density","false","false","14","1","9","1000","1000000","42184"
"4302","true","local-density","false","false","14","1","9","1000","1000000","41917"
"4303","true","local-density","false","false","14","1","9","1000","1000000","41857"
"4304","true","local-density","false","false","14","1","9","1000","1000000","40158"
"4305","true","local-density","false","false","14","1","9","1000","1000000","41126"
"4306","true","local-density","false","false","14","1","9","1000","1000000","39935"
"4308","true","local-density","false","false","14","1","9","1000","1000000","40153"
"4307","true","local-density","false","false","14","1","9","1000","1000000","39323"
"4309","true","local-density","false","false","14","1","9","1000","1000000","37134"
"4310","true","local-density","false","false","14","1","9","1000","1000000","39445"
"4311","true","local-density","false","false","14","1","9","1000","1000000","39435"
"4312","true","local-density","false","false","14","1","9","1000","1000000","39358"
"4313","true","local-density","false","false","14","1","9","1000","1000000","40010"
"4314","true","local-density","false","false","14","1","9","1000","1000000","40458"
"4315","true","local-density","false","false","14","1","9","1000","1000000","40277"
"4316","true","local-density","false","false","14","1","9","1000","1000000","39344"
"4321","true","local-density","false","false","21","1000","2.25","1000","1000000","2016"
"4317","true","local-density","false","false","14","1","9","1000","1000000","39605"
"4322","true","local-density","false","false","21","1000","2.25","1000","1000000","1930"
"4319","true","local-density","false","false","14","1","9","1000","1000000","39919"
"4318","true","local-density","false","false","14","1","9","1000","1000000","38573"
"4323","true","local-density","false","false","21","1000","2.25","1000","1000000","2031"
"4324","true","local-density","false","false","21","1000","2.25","1000","1000000","2008"
"4320","true","local-density","false","false","14","1","9","1000","1000000","39825"
"4325","true","local-density","false","false","21","1000","2.25","1000","1000000","2028"
"4326","true","local-density","false","false","21","1000","2.25","1000","1000000","2011"
"4327","true","local-density","false","false","21","1000","2.25","1000","1000000","1977"
"4329","true","local-density","false","false","21","1000","2.25","1000","1000000","1939"
"4328","true","local-density","false","false","21","1000","2.25","1000","1000000","1993"
"4330","true","local-density","false","false","21","1000","2.25","1000","1000000","1982"
"4331","true","local-density","false","false","21","1000","2.25","1000","1000000","2034"
"4332","true","local-density","false","false","21","1000","2.25","1000","1000000","1977"
"4333","true","local-density","false","false","21","1000","2.25","1000","1000000","1982"
"4334","true","local-density","false","false","21","1000","2.25","1000","1000000","2015"
"4335","true","local-density","false","false","21","1000","2.25","1000","1000000","2040"
"4337","true","local-density","false","false","21","1000","2.25","1000","1000000","1955"
"4336","true","local-density","false","false","21","1000","2.25","1000","1000000","2053"
"4338","true","local-density","false","false","21","1000","2.25","1000","1000000","2089"
"4339","true","local-density","false","false","21","1000","2.25","1000","1000000","2013"
"4340","true","local-density","false","false","21","1000","2.25","1000","1000000","1928"
"4341","true","local-density","false","false","21","1000","2.25","1000","1000000","2020"
"4342","true","local-density","false","false","21","1000","2.25","1000","1000000","1914"
"4343","true","local-density","false","false","21","1000","2.25","1000","1000000","1943"
"4344","true","local-density","false","false","21","1000","2.25","1000","1000000","2002"
"4345","true","local-density","false","false","21","1000","2.25","1000","1000000","2025"
"4346","true","local-density","false","false","21","1000","2.25","1000","1000000","2016"
"4347","true","local-density","false","false","21","1000","2.25","1000","1000000","2023"
"4348","true","local-density","false","false","21","1000","2.25","1000","1000000","2030"
"4349","true","local-density","false","false","21","1000","2.25","1000","1000000","2022"
"4350","true","local-density","false","false","21","1000","2.25","1000","1000000","2016"
"4351","true","local-density","false","false","21","1000","2.25","1000","1000000","1961"
"4352","true","local-density","false","false","21","1000","2.25","1000","1000000","2007"
"4353","true","local-density","false","false","21","1000","2.25","1000","1000000","1961"
"4354","true","local-density","false","false","21","1000","2.25","1000","1000000","2027"
"4355","true","local-density","false","false","21","1000","2.25","1000","1000000","1995"
"4357","true","local-density","false","false","21","1000","2.25","1000","1000000","1995"
"4356","true","local-density","false","false","21","1000","2.25","1000","1000000","2017"
"4358","true","local-density","false","false","21","1000","2.25","1000","1000000","1996"
"4359","true","local-density","false","false","21","1000","2.25","1000","1000000","2029"
"4360","true","local-density","false","false","21","1000","2.25","1000","1000000","2041"
"4361","true","local-density","false","false","21","1000","2.25","1000","1000000","2000"
"4362","true","local-density","false","false","21","1000","2.25","1000","1000000","1933"
"4363","true","local-density","false","false","21","1000","2.25","1000","1000000","2007"
"4365","true","local-density","false","false","21","1000","2.25","1000","1000000","1990"
"4364","true","local-density","false","false","21","1000","2.25","1000","1000000","2034"
"4366","true","local-density","false","false","21","1000","2.25","1000","1000000","1956"
"4367","true","local-density","false","false","21","1000","2.25","1000","1000000","1959"
"4368","true","local-density","false","false","21","1000","2.25","1000","1000000","2013"
"4369","true","local-density","false","false","21","1000","2.25","1000","1000000","1933"
"4370","true","local-density","false","false","21","1000","2.25","1000","1000000","1969"
"4371","true","local-density","false","false","21","1000","2.25","1000","1000000","1953"
"4373","true","local-density","false","false","21","1000","2.25","1000","1000000","2014"
"4372","true","local-density","false","false","21","1000","2.25","1000","1000000","1999"
"4374","true","local-density","false","false","21","1000","2.25","1000","1000000","1881"
"4375","true","local-density","false","false","21","1000","2.25","1000","1000000","2008"
"4376","true","local-density","false","false","21","1000","2.25","1000","1000000","2015"
"4377","true","local-density","false","false","21","1000","2.25","1000","1000000","1969"
"4378","true","local-density","false","false","21","1000","2.25","1000","1000000","1964"
"4379","true","local-density","false","false","21","1000","2.25","1000","1000000","1985"
"4380","true","local-density","false","false","21","1000","2.25","1000","1000000","2035"
"4381","true","local-density","false","false","21","1000","4.5","1000","1000000","2229"
"4382","true","local-density","false","false","21","1000","4.5","1000","1000000","2132"
"4383","true","local-density","false","false","21","1000","4.5","1000","1000000","2235"
"4384","true","local-density","false","false","21","1000","4.5","1000","1000000","2205"
"4385","true","local-density","false","false","21","1000","4.5","1000","1000000","2239"
"4386","true","local-density","false","false","21","1000","4.5","1000","1000000","2170"
"4387","true","local-density","false","false","21","1000","4.5","1000","1000000","2182"
"4388","true","local-density","false","false","21","1000","4.5","1000","1000000","2165"
"4389","true","local-density","false","false","21","1000","4.5","1000","1000000","2210"
"4390","true","local-density","false","false","21","1000","4.5","1000","1000000","2223"
"4391","true","local-density","false","false","21","1000","4.5","1000","1000000","2205"
"4392","true","local-density","false","false","21","1000","4.5","1000","1000000","2180"
"4393","true","local-density","false","false","21","1000","4.5","1000","1000000","2143"
"4394","true","local-density","false","false","21","1000","4.5","1000","1000000","2231"
"4395","true","local-density","false","false","21","1000","4.5","1000","1000000","2234"
"4396","true","local-density","false","false","21","1000","4.5","1000","1000000","2123"
"4397","true","local-density","false","false","21","1000","4.5","1000","1000000","2277"
"4398","true","local-density","false","false","21","1000","4.5","1000","1000000","2210"
"4399","true","local-density","false","false","21","1000","4.5","1000","1000000","2224"
"4400","true","local-density","false","false","21","1000","4.5","1000","1000000","2254"
"4401","true","local-density","false","false","21","1000","4.5","1000","1000000","2181"
"4402","true","local-density","false","false","21","1000","4.5","1000","1000000","2214"
"4403","true","local-density","false","false","21","1000","4.5","1000","1000000","2197"
"4404","true","local-density","false","false","21","1000","4.5","1000","1000000","2143"
"4405","true","local-density","false","false","21","1000","4.5","1000","1000000","2262"
"4406","true","local-density","false","false","21","1000","4.5","1000","1000000","2221"
"4407","true","local-density","false","false","21","1000","4.5","1000","1000000","2273"
"4408","true","local-density","false","false","21","1000","4.5","1000","1000000","2218"
"4409","true","local-density","false","false","21","1000","4.5","1000","1000000","2226"
"4410","true","local-density","false","false","21","1000","4.5","1000","1000000","2191"
"4411","true","local-density","false","false","21","1000","4.5","1000","1000000","2200"
"4412","true","local-density","false","false","21","1000","4.5","1000","1000000","2197"
"4413","true","local-density","false","false","21","1000","4.5","1000","1000000","2223"
"4414","true","local-density","false","false","21","1000","4.5","1000","1000000","2186"
"4415","true","local-density","false","false","21","1000","4.5","1000","1000000","2250"
"4416","true","local-density","false","false","21","1000","4.5","1000","1000000","2134"
"4417","true","local-density","false","false","21","1000","4.5","1000","1000000","2228"
"4418","true","local-density","false","false","21","1000","4.5","1000","1000000","2239"
"4419","true","local-density","false","false","21","1000","4.5","1000","1000000","2224"
"4421","true","local-density","false","false","21","1000","4.5","1000","1000000","2199"
"4420","true","local-density","false","false","21","1000","4.5","1000","1000000","2224"
"4422","true","local-density","false","false","21","1000","4.5","1000","1000000","2168"
"4423","true","local-density","false","false","21","1000","4.5","1000","1000000","2220"
"4424","true","local-density","false","false","21","1000","4.5","1000","1000000","2211"
"4425","true","local-density","false","false","21","1000","4.5","1000","1000000","2190"
"4426","true","local-density","false","false","21","1000","4.5","1000","1000000","2239"
"4427","true","local-density","false","false","21","1000","4.5","1000","1000000","2235"
"4429","true","local-density","false","false","21","1000","4.5","1000","1000000","2155"
"4428","true","local-density","false","false","21","1000","4.5","1000","1000000","2131"
"4430","true","local-density","false","false","21","1000","4.5","1000","1000000","2244"
"4431","true","local-density","false","false","21","1000","4.5","1000","1000000","2139"
"4432","true","local-density","false","false","21","1000","4.5","1000","1000000","2178"
"4433","true","local-density","false","false","21","1000","4.5","1000","1000000","2239"
"4434","true","local-density","false","false","21","1000","4.5","1000","1000000","2235"
"4435","true","local-density","false","false","21","1000","4.5","1000","1000000","2151"
"4436","true","local-density","false","false","21","1000","4.5","1000","1000000","2249"
"4437","true","local-density","false","false","21","1000","4.5","1000","1000000","2227"
"4438","true","local-density","false","false","21","1000","4.5","1000","1000000","2167"
"4439","true","local-density","false","false","21","1000","4.5","1000","1000000","2233"
"4440","true","local-density","false","false","21","1000","4.5","1000","1000000","2225"
"4441","true","local-density","false","false","21","1000","9","1000","1000000","2375"
"4442","true","local-density","false","false","21","1000","9","1000","1000000","2323"
"4443","true","local-density","false","false","21","1000","9","1000","1000000","2352"
"4444","true","local-density","false","false","21","1000","9","1000","1000000","2389"
"4445","true","local-density","false","false","21","1000","9","1000","1000000","2242"
"4446","true","local-density","false","false","21","1000","9","1000","1000000","2387"
"4447","true","local-density","false","false","21","1000","9","1000","1000000","2331"
"4448","true","local-density","false","false","21","1000","9","1000","1000000","2393"
"4449","true","local-density","false","false","21","1000","9","1000","1000000","2330"
"4450","true","local-density","false","false","21","1000","9","1000","1000000","2387"
"4451","true","local-density","false","false","21","1000","9","1000","1000000","2345"
"4452","true","local-density","false","false","21","1000","9","1000","1000000","2320"
"4454","true","local-density","false","false","21","1000","9","1000","1000000","2365"
"4453","true","local-density","false","false","21","1000","9","1000","1000000","2265"
"4456","true","local-density","false","false","21","1000","9","1000","1000000","2364"
"4455","true","local-density","false","false","21","1000","9","1000","1000000","2364"
"4457","true","local-density","false","false","21","1000","9","1000","1000000","2326"
"4458","true","local-density","false","false","21","1000","9","1000","1000000","2312"
"4459","true","local-density","false","false","21","1000","9","1000","1000000","2267"
"4460","true","local-density","false","false","21","1000","9","1000","1000000","2398"
"4461","true","local-density","false","false","21","1000","9","1000","1000000","2343"
"4462","true","local-density","false","false","21","1000","9","1000","1000000","2294"
"4464","true","local-density","false","false","21","1000","9","1000","1000000","2280"
"4463","true","local-density","false","false","21","1000","9","1000","1000000","2327"
"4465","true","local-density","false","false","21","1000","9","1000","1000000","2408"
"4466","true","local-density","false","false","21","1000","9","1000","1000000","2385"
"4467","true","local-density","false","false","21","1000","9","1000","1000000","2372"
"4468","true","local-density","false","false","21","1000","9","1000","1000000","2354"
"4469","true","local-density","false","false","21","1000","9","1000","1000000","2302"
"4470","true","local-density","false","false","21","1000","9","1000","1000000","2291"
"4471","true","local-density","false","false","21","1000","9","1000","1000000","2354"
"4472","true","local-density","false","false","21","1000","9","1000","1000000","2359"
"4473","true","local-density","false","false","21","1000","9","1000","1000000","2353"
"4474","true","local-density","false","false","21","1000","9","1000","1000000","2342"
"4475","true","local-density","false","false","21","1000","9","1000","1000000","2384"
"4476","true","local-density","false","false","21","1000","9","1000","1000000","2327"
"4477","true","local-density","false","false","21","1000","9","1000","1000000","2348"
"4478","true","local-density","false","false","21","1000","9","1000","1000000","2363"
"4479","true","local-density","false","false","21","1000","9","1000","1000000","2378"
"4480","true","local-density","false","false","21","1000","9","1000","1000000","2353"
"4481","true","local-density","false","false","21","1000","9","1000","1000000","2306"
"4482","true","local-density","false","false","21","1000","9","1000","1000000","2346"
"4483","true","local-density","false","false","21","1000","9","1000","1000000","2364"
"4484","true","local-density","false","false","21","1000","9","1000","1000000","2349"
"4485","true","local-density","false","false","21","1000","9","1000","1000000","2257"
"4486","true","local-density","false","false","21","1000","9","1000","1000000","2316"
"4487","true","local-density","false","false","21","1000","9","1000","1000000","2389"
"4488","true","local-density","false","false","21","1000","9","1000","1000000","2402"
"4489","true","local-density","false","false","21","1000","9","1000","1000000","2363"
"4490","true","local-density","false","false","21","1000","9","1000","1000000","2406"
"4491","true","local-density","false","false","21","1000","9","1000","1000000","2312"
"4492","true","local-density","false","false","21","1000","9","1000","1000000","2417"
"4493","true","local-density","false","false","21","1000","9","1000","1000000","2344"
"4494","true","local-density","false","false","21","1000","9","1000","1000000","2242"
"4495","true","local-density","false","false","21","1000","9","1000","1000000","2341"
"4496","true","local-density","false","false","21","1000","9","1000","1000000","2365"
"4497","true","local-density","false","false","21","1000","9","1000","1000000","2322"
"4498","true","local-density","false","false","21","1000","9","1000","1000000","2409"
"4499","true","local-density","false","false","21","1000","9","1000","1000000","2370"
"4500","true","local-density","false","false","21","1000","9","1000","1000000","2370"
"4501","true","local-density","false","false","21","1","2.25","1000","1000000","3478"
"4502","true","local-density","false","false","21","1","2.25","1000","1000000","3478"
"4503","true","local-density","false","false","21","1","2.25","1000","1000000","3327"
"4504","true","local-density","false","false","21","1","2.25","1000","1000000","3263"
"4505","true","local-density","false","false","21","1","2.25","1000","1000000","3536"
"4506","true","local-density","false","false","21","1","2.25","1000","1000000","3445"
"4507","true","local-density","false","false","21","1","2.25","1000","1000000","3436"
"4508","true","local-density","false","false","21","1","2.25","1000","1000000","3494"
"4509","true","local-density","false","false","21","1","2.25","1000","1000000","3502"
"4510","true","local-density","false","false","21","1","2.25","1000","1000000","3450"
"4511","true","local-density","false","false","21","1","2.25","1000","1000000","3483"
"4512","true","local-density","false","false","21","1","2.25","1000","1000000","3463"
"4513","true","local-density","false","false","21","1","2.25","1000","1000000","3492"
"4514","true","local-density","false","false","21","1","2.25","1000","1000000","3516"
"4515","true","local-density","false","false","21","1","2.25","1000","1000000","3305"
"4516","true","local-density","false","false","21","1","2.25","1000","1000000","3300"
"4517","true","local-density","false","false","21","1","2.25","1000","1000000","3489"
"4520","true","local-density","false","false","21","1","2.25","1000","1000000","3520"
"4518","true","local-density","false","false","21","1","2.25","1000","1000000","3377"
"4519","true","local-density","false","false","21","1","2.25","1000","1000000","3487"
"4521","true","local-density","false","false","21","1","2.25","1000","1000000","3401"
"4522","true","local-density","false","false","21","1","2.25","1000","1000000","3437"
"4523","true","local-density","false","false","21","1","2.25","1000","1000000","3512"
"4524","true","local-density","false","false","21","1","2.25","1000","1000000","3566"
"4525","true","local-density","false","false","21","1","2.25","1000","1000000","3541"
"4526","true","local-density","false","false","21","1","2.25","1000","1000000","3548"
"4527","true","local-density","false","false","21","1","2.25","1000","1000000","3365"
"4528","true","local-density","false","false","21","1","2.25","1000","1000000","3354"
"4529","true","local-density","false","false","21","1","2.25","1000","1000000","3554"
"4530","true","local-density","false","false","21","1","2.25","1000","1000000","3412"
"4531","true","local-density","false","false","21","1","2.25","1000","1000000","3421"
"4532","true","local-density","false","false","21","1","2.25","1000","1000000","3232"
"4533","true","local-density","false","false","21","1","2.25","1000","1000000","3429"
"4534","true","local-density","false","false","21","1","2.25","1000","1000000","3450"
"4535","true","local-density","false","false","21","1","2.25","1000","1000000","3305"
"4536","true","local-density","false","false","21","1","2.25","1000","1000000","3477"
"4537","true","local-density","false","false","21","1","2.25","1000","1000000","3446"
"4538","true","local-density","false","false","21","1","2.25","1000","1000000","3506"
"4539","true","local-density","false","false","21","1","2.25","1000","1000000","3487"
"4540","true","local-density","false","false","21","1","2.25","1000","1000000","3556"
"4542","true","local-density","false","false","21","1","2.25","1000","1000000","3583"
"4541","true","local-density","false","false","21","1","2.25","1000","1000000","3355"
"4543","true","local-density","false","false","21","1","2.25","1000","1000000","3505"
"4544","true","local-density","false","false","21","1","2.25","1000","1000000","3360"
"4546","true","local-density","false","false","21","1","2.25","1000","1000000","3396"
"4545","true","local-density","false","false","21","1","2.25","1000","1000000","3430"
"4547","true","local-density","false","false","21","1","2.25","1000","1000000","3349"
"4548","true","local-density","false","false","21","1","2.25","1000","1000000","3357"
"4549","true","local-density","false","false","21","1","2.25","1000","1000000","3379"
"4550","true","local-density","false","false","21","1","2.25","1000","1000000","3363"
"4552","true","local-density","false","false","21","1","2.25","1000","1000000","3607"
"4551","true","local-density","false","false","21","1","2.25","1000","1000000","3523"
"4553","true","local-density","false","false","21","1","2.25","1000","1000000","3453"
"4554","true","local-density","false","false","21","1","2.25","1000","1000000","3481"
"4555","true","local-density","false","false","21","1","2.25","1000","1000000","3583"
"4556","true","local-density","false","false","21","1","2.25","1000","1000000","3621"
"4557","true","local-density","false","false","21","1","2.25","1000","1000000","3493"
"4558","true","local-density","false","false","21","1","2.25","1000","1000000","3494"
"4559","true","local-density","false","false","21","1","2.25","1000","1000000","3396"
"4560","true","local-density","false","false","21","1","2.25","1000","1000000","3421"
"4561","true","local-density","false","false","21","1","4.5","1000","1000000","4308"
"4562","true","local-density","false","false","21","1","4.5","1000","1000000","3766"
"4563","true","local-density","false","false","21","1","4.5","1000","1000000","3997"
"4564","true","local-density","false","false","21","1","4.5","1000","1000000","3915"
"4565","true","local-density","false","false","21","1","4.5","1000","1000000","3666"
"4566","true","local-density","false","false","21","1","4.5","1000","1000000","3989"
"4567","true","local-density","false","false","21","1","4.5","1000","1000000","4157"
"4568","true","local-density","false","false","21","1","4.5","1000","1000000","3944"
"4569","true","local-density","false","false","21","1","4.5","1000","1000000","4166"
"4570","true","local-density","false","false","21","1","4.5","1000","1000000","3979"
"4571","true","local-density","false","false","21","1","4.5","1000","1000000","4139"
"4572","true","local-density","false","false","21","1","4.5","1000","1000000","4031"
"4573","true","local-density","false","false","21","1","4.5","1000","1000000","4212"
"4574","true","local-density","false","false","21","1","4.5","1000","1000000","4122"
"4575","true","local-density","false","false","21","1","4.5","1000","1000000","4176"
"4576","true","local-density","false","false","21","1","4.5","1000","1000000","3992"
"4577","true","local-density","false","false","21","1","4.5","1000","1000000","3979"
"4578","true","local-density","false","false","21","1","4.5","1000","1000000","4118"
"4580","true","local-density","false","false","21","1","4.5","1000","1000000","4134"
"4579","true","local-density","false","false","21","1","4.5","1000","1000000","3956"
"4581","true","local-density","false","false","21","1","4.5","1000","1000000","3989"
"4583","true","local-density","false","false","21","1","4.5","1000","1000000","4211"
"4582","true","local-density","false","false","21","1","4.5","1000","1000000","3727"
"4584","true","local-density","false","false","21","1","4.5","1000","1000000","4174"
"4585","true","local-density","false","false","21","1","4.5","1000","1000000","4074"
"4586","true","local-density","false","false","21","1","4.5","1000","1000000","4106"
"4587","true","local-density","false","false","21","1","4.5","1000","1000000","4150"
"4588","true","local-density","false","false","21","1","4.5","1000","1000000","4112"
"4589","true","local-density","false","false","21","1","4.5","1000","1000000","4174"
"4591","true","local-density","false","false","21","1","4.5","1000","1000000","4223"
"4590","true","local-density","false","false","21","1","4.5","1000","1000000","4093"
"4592","true","local-density","false","false","21","1","4.5","1000","1000000","4013"
"4593","true","local-density","false","false","21","1","4.5","1000","1000000","3981"
"4594","true","local-density","false","false","21","1","4.5","1000","1000000","3965"
"4595","true","local-density","false","false","21","1","4.5","1000","1000000","3922"
"4596","true","local-density","false","false","21","1","4.5","1000","1000000","4012"
"4597","true","local-density","false","false","21","1","4.5","1000","1000000","3982"
"4599","true","local-density","false","false","21","1","4.5","1000","1000000","3932"
"4600","true","local-density","false","false","21","1","4.5","1000","1000000","3977"
"4598","true","local-density","false","false","21","1","4.5","1000","1000000","4104"
"4601","true","local-density","false","false","21","1","4.5","1000","1000000","4105"
"4602","true","local-density","false","false","21","1","4.5","1000","1000000","4229"
"4603","true","local-density","false","false","21","1","4.5","1000","1000000","4163"
"4604","true","local-density","false","false","21","1","4.5","1000","1000000","4052"
"4605","true","local-density","false","false","21","1","4.5","1000","1000000","4088"
"4606","true","local-density","false","false","21","1","4.5","1000","1000000","4049"
"4608","true","local-density","false","false","21","1","4.5","1000","1000000","4084"
"4607","true","local-density","false","false","21","1","4.5","1000","1000000","4192"
"4609","true","local-density","false","false","21","1","4.5","1000","1000000","4210"
"4610","true","local-density","false","false","21","1","4.5","1000","1000000","3887"
"4611","true","local-density","false","false","21","1","4.5","1000","1000000","3849"
"4612","true","local-density","false","false","21","1","4.5","1000","1000000","4127"
"4613","true","local-density","false","false","21","1","4.5","1000","1000000","4047"
"4614","true","local-density","false","false","21","1","4.5","1000","1000000","4189"
"4617","true","local-density","false","false","21","1","4.5","1000","1000000","4049"
"4616","true","local-density","false","false","21","1","4.5","1000","1000000","4049"
"4615","true","local-density","false","false","21","1","4.5","1000","1000000","4037"
"4618","true","local-density","false","false","21","1","4.5","1000","1000000","3703"
"4619","true","local-density","false","false","21","1","4.5","1000","1000000","4138"
"4620","true","local-density","false","false","21","1","4.5","1000","1000000","4082"
"4621","true","local-density","false","false","21","1","9","1000","1000000","4448"
"4622","true","local-density","false","false","21","1","9","1000","1000000","4523"
"4623","true","local-density","false","false","21","1","9","1000","1000000","4243"
"4624","true","local-density","false","false","21","1","9","1000","1000000","4399"
"4625","true","local-density","false","false","21","1","9","1000","1000000","4519"
"4626","true","local-density","false","false","21","1","9","1000","1000000","4466"
"4627","true","local-density","false","false","21","1","9","1000","1000000","4410"
"4628","true","local-density","false","false","21","1","9","1000","1000000","4076"
"4629","true","local-density","false","false","21","1","9","1000","1000000","4195"
"4630","true","local-density","false","false","21","1","9","1000","1000000","4302"
"4631","true","local-density","false","false","21","1","9","1000","1000000","4566"
"4632","true","local-density","false","false","21","1","9","1000","1000000","4697"
"4633","true","local-density","false","false","21","1","9","1000","1000000","4492"
"4634","true","local-density","false","false","21","1","9","1000","1000000","4438"
"4635","true","local-density","false","false","21","1","9","1000","1000000","4675"
"4637","true","local-density","false","false","21","1","9","1000","1000000","4609"
"4636","true","local-density","false","false","21","1","9","1000","1000000","4638"
"4639","true","local-density","false","false","21","1","9","1000","1000000","4532"
"4638","true","local-density","false","false","21","1","9","1000","1000000","4219"
"4640","true","local-density","false","false","21","1","9","1000","1000000","4569"
"4641","true","local-density","false","false","21","1","9","1000","1000000","4385"
"4642","true","local-density","false","false","21","1","9","1000","1000000","4458"
"4643","true","local-density","false","false","21","1","9","1000","1000000","4669"
"4644","true","local-density","false","false","21","1","9","1000","1000000","4437"
"4645","true","local-density","false","false","21","1","9","1000","1000000","4529"
"4646","true","local-density","false","false","21","1","9","1000","1000000","4464"
"4647","true","local-density","false","false","21","1","9","1000","1000000","4611"
"4648","true","local-density","false","false","21","1","9","1000","1000000","4612"
"4649","true","local-density","false","false","21","1","9","1000","1000000","4478"
"4650","true","local-density","false","false","21","1","9","1000","1000000","4473"
"4651","true","local-density","false","false","21","1","9","1000","1000000","4462"
"4652","true","local-density","false","false","21","1","9","1000","1000000","4438"
"4653","true","local-density","false","false","21","1","9","1000","1000000","4367"
"4654","true","local-density","false","false","21","1","9","1000","1000000","4554"
"4655","true","local-density","false","false","21","1","9","1000","1000000","4431"
"4656","true","local-density","false","false","21","1","9","1000","1000000","4286"
"4657","true","local-density","false","false","21","1","9","1000","1000000","4422"
"4658","true","local-density","false","false","21","1","9","1000","1000000","4414"
"4659","true","local-density","false","false","21","1","9","1000","1000000","4582"
"4660","true","local-density","false","false","21","1","9","1000","1000000","4510"
"4661","true","local-density","false","false","21","1","9","1000","1000000","4409"
"4662","true","local-density","false","false","21","1","9","1000","1000000","4662"
"4664","true","local-density","false","false","21","1","9","1000","1000000","4260"
"4663","true","local-density","false","false","21","1","9","1000","1000000","4219"
"4665","true","local-density","false","false","21","1","9","1000","1000000","4523"
"4666","true","local-density","false","false","21","1","9","1000","1000000","4663"
"4667","true","local-density","false","false","21","1","9","1000","1000000","4406"
"4668","true","local-density","false","false","21","1","9","1000","1000000","4591"
"4669","true","local-density","false","false","21","1","9","1000","1000000","4451"
"4670","true","local-density","false","false","21","1","9","1000","1000000","4393"
"4671","true","local-density","false","false","21","1","9","1000","1000000","4288"
"4672","true","local-density","false","false","21","1","9","1000","1000000","4698"
"4673","true","local-density","false","false","21","1","9","1000","1000000","4156"
"4674","true","local-density","false","false","21","1","9","1000","1000000","4484"
"4675","true","local-density","false","false","21","1","9","1000","1000000","4580"
"4676","true","local-density","false","false","21","1","9","1000","1000000","4597"
"4677","true","local-density","false","false","21","1","9","1000","1000000","4497"
"4679","true","local-density","false","false","21","1","9","1000","1000000","4395"
"4678","true","local-density","false","false","21","1","9","1000","1000000","4318"
"4680","true","local-density","false","false","21","1","9","1000","1000000","4442"
"4681","true","local-density","false","false","22","1000","2.25","1000","1000000","4027"
"4682","true","local-density","false","false","22","1000","2.25","1000","1000000","4020"
"4683","true","local-density","false","false","22","1000","2.25","1000","1000000","4083"
"4684","true","local-density","false","false","22","1000","2.25","1000","1000000","3962"
"4685","true","local-density","false","false","22","1000","2.25","1000","1000000","3941"
"4687","true","local-density","false","false","22","1000","2.25","1000","1000000","4083"
"4686","true","local-density","false","false","22","1000","2.25","1000","1000000","4099"
"4688","true","local-density","false","false","22","1000","2.25","1000","1000000","4026"
"4689","true","local-density","false","false","22","1000","2.25","1000","1000000","4020"
"4690","true","local-density","false","false","22","1000","2.25","1000","1000000","4046"
"4691","true","local-density","false","false","22","1000","2.25","1000","1000000","4071"
"4692","true","local-density","false","false","22","1000","2.25","1000","1000000","4089"
"4693","true","local-density","false","false","22","1000","2.25","1000","1000000","4023"
"4694","true","local-density","false","false","22","1000","2.25","1000","1000000","4093"
"4695","true","local-density","false","false","22","1000","2.25","1000","1000000","3772"
"4696","true","local-density","false","false","22","1000","2.25","1000","1000000","4048"
"4697","true","local-density","false","false","22","1000","2.25","1000","1000000","3975"
"4698","true","local-density","false","false","22","1000","2.25","1000","1000000","4099"
"4699","true","local-density","false","false","22","1000","2.25","1000","1000000","4094"
"4700","true","local-density","false","false","22","1000","2.25","1000","1000000","3942"
"4701","true","local-density","false","false","22","1000","2.25","1000","1000000","4042"
"4702","true","local-density","false","false","22","1000","2.25","1000","1000000","3974"
"4703","true","local-density","false","false","22","1000","2.25","1000","1000000","4063"
"4704","true","local-density","false","false","22","1000","2.25","1000","1000000","4060"
"4705","true","local-density","false","false","22","1000","2.25","1000","1000000","3959"
"4706","true","local-density","false","false","22","1000","2.25","1000","1000000","4057"
"4707","true","local-density","false","false","22","1000","2.25","1000","1000000","3988"
"4708","true","local-density","false","false","22","1000","2.25","1000","1000000","4050"
"4709","true","local-density","false","false","22","1000","2.25","1000","1000000","3990"
"4710","true","local-density","false","false","22","1000","2.25","1000","1000000","4073"
"4711","true","local-density","false","false","22","1000","2.25","1000","1000000","3975"
"4712","true","local-density","false","false","22","1000","2.25","1000","1000000","4011"
"4714","true","local-density","false","false","22","1000","2.25","1000","1000000","3928"
"4713","true","local-density","false","false","22","1000","2.25","1000","1000000","3923"
"4715","true","local-density","false","false","22","1000","2.25","1000","1000000","4077"
"4716","true","local-density","false","false","22","1000","2.25","1000","1000000","3967"
"4717","true","local-density","false","false","22","1000","2.25","1000","1000000","3984"
"4718","true","local-density","false","false","22","1000","2.25","1000","1000000","3974"
"4719","true","local-density","false","false","22","1000","2.25","1000","1000000","4024"
"4720","true","local-density","false","false","22","1000","2.25","1000","1000000","3874"
"4722","true","local-density","false","false","22","1000","2.25","1000","1000000","3982"
"4721","true","local-density","false","false","22","1000","2.25","1000","1000000","3924"
"4723","true","local-density","false","false","22","1000","2.25","1000","1000000","3941"
"4724","true","local-density","false","false","22","1000","2.25","1000","1000000","3915"
"4725","true","local-density","false","false","22","1000","2.25","1000","1000000","3942"
"4726","true","local-density","false","false","22","1000","2.25","1000","1000000","3958"
"4727","true","local-density","false","false","22","1000","2.25","1000","1000000","3957"
"4728","true","local-density","false","false","22","1000","2.25","1000","1000000","4022"
"4729","true","local-density","false","false","22","1000","2.25","1000","1000000","4024"
"4730","true","local-density","false","false","22","1000","2.25","1000","1000000","4030"
"4731","true","local-density","false","false","22","1000","2.25","1000","1000000","4059"
"4732","true","local-density","false","false","22","1000","2.25","1000","1000000","4069"
"4733","true","local-density","false","false","22","1000","2.25","1000","1000000","3846"
"4734","true","local-density","false","false","22","1000","2.25","1000","1000000","3990"
"4735","true","local-density","false","false","22","1000","2.25","1000","1000000","4015"
"4736","true","local-density","false","false","22","1000","2.25","1000","1000000","4010"
"4737","true","local-density","false","false","22","1000","2.25","1000","1000000","3962"
"4738","true","local-density","false","false","22","1000","2.25","1000","1000000","4005"
"4739","true","local-density","false","false","22","1000","2.25","1000","1000000","3987"
"4740","true","local-density","false","false","22","1000","2.25","1000","1000000","4009"
"4742","true","local-density","false","false","22","1000","4.5","1000","1000000","4341"
"4741","true","local-density","false","false","22","1000","4.5","1000","1000000","4440"
"4743","true","local-density","false","false","22","1000","4.5","1000","1000000","4407"
"4744","true","local-density","false","false","22","1000","4.5","1000","1000000","4413"
"4745","true","local-density","false","false","22","1000","4.5","1000","1000000","4367"
"4746","true","local-density","false","false","22","1000","4.5","1000","1000000","4430"
"4747","true","local-density","false","false","22","1000","4.5","1000","1000000","4396"
"4748","true","local-density","false","false","22","1000","4.5","1000","1000000","4408"
"4749","true","local-density","false","false","22","1000","4.5","1000","1000000","4290"
"4750","true","local-density","false","false","22","1000","4.5","1000","1000000","4402"
"4752","true","local-density","false","false","22","1000","4.5","1000","1000000","4298"
"4751","true","local-density","false","false","22","1000","4.5","1000","1000000","4384"
"4753","true","local-density","false","false","22","1000","4.5","1000","1000000","4312"
"4754","true","local-density","false","false","22","1000","4.5","1000","1000000","4449"
"4755","true","local-density","false","false","22","1000","4.5","1000","1000000","4373"
"4756","true","local-density","false","false","22","1000","4.5","1000","1000000","4186"
"4757","true","local-density","false","false","22","1000","4.5","1000","1000000","4354"
"4758","true","local-density","false","false","22","1000","4.5","1000","1000000","4429"
"4759","true","local-density","false","false","22","1000","4.5","1000","1000000","4387"
"4760","true","local-density","false","false","22","1000","4.5","1000","1000000","4372"
"4761","true","local-density","false","false","22","1000","4.5","1000","1000000","4387"
"4762","true","local-density","false","false","22","1000","4.5","1000","1000000","4394"
"4763","true","local-density","false","false","22","1000","4.5","1000","1000000","4409"
"4764","true","local-density","false","false","22","1000","4.5","1000","1000000","4376"
"4765","true","local-density","false","false","22","1000","4.5","1000","1000000","4439"
"4766","true","local-density","false","false","22","1000","4.5","1000","1000000","4452"
"4767","true","local-density","false","false","22","1000","4.5","1000","1000000","4415"
"4768","true","local-density","false","false","22","1000","4.5","1000","1000000","4456"
"4769","true","local-density","false","false","22","1000","4.5","1000","1000000","4460"
"4770","true","local-density","false","false","22","1000","4.5","1000","1000000","4438"
"4771","true","local-density","false","false","22","1000","4.5","1000","1000000","4328"
"4772","true","local-density","false","false","22","1000","4.5","1000","1000000","4349"
"4773","true","local-density","false","false","22","1000","4.5","1000","1000000","4382"
"4774","true","local-density","false","false","22","1000","4.5","1000","1000000","4380"
"4775","true","local-density","false","false","22","1000","4.5","1000","1000000","4353"
"4776","true","local-density","false","false","22","1000","4.5","1000","1000000","4433"
"4777","true","local-density","false","false","22","1000","4.5","1000","1000000","4475"
"4778","true","local-density","false","false","22","1000","4.5","1000","1000000","4310"
"4779","true","local-density","false","false","22","1000","4.5","1000","1000000","4321"
"4780","true","local-density","false","false","22","1000","4.5","1000","1000000","4341"
"4781","true","local-density","false","false","22","1000","4.5","1000","1000000","4412"
"4782","true","local-density","false","false","22","1000","4.5","1000","1000000","4398"
"4784","true","local-density","false","false","22","1000","4.5","1000","1000000","4418"
"4783","true","local-density","false","false","22","1000","4.5","1000","1000000","4412"
"4785","true","local-density","false","false","22","1000","4.5","1000","1000000","4470"
"4786","true","local-density","false","false","22","1000","4.5","1000","1000000","4403"
"4788","true","local-density","false","false","22","1000","4.5","1000","1000000","4316"
"4787","true","local-density","false","false","22","1000","4.5","1000","1000000","4415"
"4789","true","local-density","false","false","22","1000","4.5","1000","1000000","4413"
"4790","true","local-density","false","false","22","1000","4.5","1000","1000000","4320"
"4791","true","local-density","false","false","22","1000","4.5","1000","1000000","4410"
"4792","true","local-density","false","false","22","1000","4.5","1000","1000000","4433"
"4793","true","local-density","false","false","22","1000","4.5","1000","1000000","4334"
"4794","true","local-density","false","false","22","1000","4.5","1000","1000000","4267"
"4795","true","local-density","false","false","22","1000","4.5","1000","1000000","4460"
"4796","true","local-density","false","false","22","1000","4.5","1000","1000000","4406"
"4797","true","local-density","false","false","22","1000","4.5","1000","1000000","4459"
"4798","true","local-density","false","false","22","1000","4.5","1000","1000000","4385"
"4799","true","local-density","false","false","22","1000","4.5","1000","1000000","4292"
"4800","true","local-density","false","false","22","1000","4.5","1000","1000000","4238"
"4801","true","local-density","false","false","22","1000","9","1000","1000000","4480"
"4802","true","local-density","false","false","22","1000","9","1000","1000000","4566"
"4803","true","local-density","false","false","22","1000","9","1000","1000000","4654"
"4804","true","local-density","false","false","22","1000","9","1000","1000000","4481"
"4805","true","local-density","false","false","22","1000","9","1000","1000000","4604"
"4806","true","local-density","false","false","22","1000","9","1000","1000000","4523"
"4807","true","local-density","false","false","22","1000","9","1000","1000000","4589"
"4808","true","local-density","false","false","22","1000","9","1000","1000000","4552"
"4809","true","local-density","false","false","22","1000","9","1000","1000000","4583"
"4810","true","local-density","false","false","22","1000","9","1000","1000000","4565"
"4811","true","local-density","false","false","22","1000","9","1000","1000000","4544"
"4812","true","local-density","false","false","22","1000","9","1000","1000000","4573"
"4813","true","local-density","false","false","22","1000","9","1000","1000000","4441"
"4814","true","local-density","false","false","22","1000","9","1000","1000000","4547"
"4815","true","local-density","false","false","22","1000","9","1000","1000000","4570"
"4816","true","local-density","false","false","22","1000","9","1000","1000000","4537"
"4817","true","local-density","false","false","22","1000","9","1000","1000000","4419"
"4818","true","local-density","false","false","22","1000","9","1000","1000000","4463"
"4819","true","local-density","false","false","22","1000","9","1000","1000000","4519"
"4820","true","local-density","false","false","22","1000","9","1000","1000000","4580"
"4821","true","local-density","false","false","22","1000","9","1000","1000000","4688"
"4822","true","local-density","false","false","22","1000","9","1000","1000000","4526"
"4823","true","local-density","false","false","22","1000","9","1000","1000000","4594"
"4824","true","local-density","false","false","22","1000","9","1000","1000000","4589"
"4825","true","local-density","false","false","22","1000","9","1000","1000000","4478"
"4826","true","local-density","false","false","22","1000","9","1000","1000000","4538"
"4827","true","local-density","false","false","22","1000","9","1000","1000000","4613"
"4828","true","local-density","false","false","22","1000","9","1000","1000000","4461"
"4829","true","local-density","false","false","22","1000","9","1000","1000000","4519"
"4830","true","local-density","false","false","22","1000","9","1000","1000000","4493"
"4831","true","local-density","false","false","22","1000","9","1000","1000000","4503"
"4832","true","local-density","false","false","22","1000","9","1000","1000000","4660"
"4833","true","local-density","false","false","22","1000","9","1000","1000000","4587"
"4834","true","local-density","false","false","22","1000","9","1000","1000000","4460"
"4836","true","local-density","false","false","22","1000","9","1000","1000000","4625"
"4835","true","local-density","false","false","22","1000","9","1000","1000000","4536"
"4837","true","local-density","false","false","22","1000","9","1000","1000000","4647"
"4838","true","local-density","false","false","22","1000","9","1000","1000000","4562"
"4839","true","local-density","false","false","22","1000","9","1000","1000000","4600"
"4840","true","local-density","false","false","22","1000","9","1000","1000000","4550"
"4841","true","local-density","false","false","22","1000","9","1000","1000000","4521"
"4842","true","local-density","false","false","22","1000","9","1000","1000000","4626"
"4843","true","local-density","false","false","22","1000","9","1000","1000000","4574"
"4844","true","local-density","false","false","22","1000","9","1000","1000000","4453"
"4845","true","local-density","false","false","22","1000","9","1000","1000000","4555"
"4846","true","local-density","false","false","22","1000","9","1000","1000000","4494"
"4848","true","local-density","false","false","22","1000","9","1000","1000000","4632"
"4847","true","local-density","false","false","22","1000","9","1000","1000000","4628"
"4849","true","local-density","false","false","22","1000","9","1000","1000000","4481"
"4850","true","local-density","false","false","22","1000","9","1000","1000000","4593"
"4851","true","local-density","false","false","22","1000","9","1000","1000000","4566"
"4852","true","local-density","false","false","22","1000","9","1000","1000000","4667"
"4853","true","local-density","false","false","22","1000","9","1000","1000000","4540"
"4854","true","local-density","false","false","22","1000","9","1000","1000000","4520"
"4855","true","local-density","false","false","22","1000","9","1000","1000000","4519"
"4856","true","local-density","false","false","22","1000","9","1000","1000000","4543"
"4857","true","local-density","false","false","22","1000","9","1000","1000000","4593"
"4858","true","local-density","false","false","22","1000","9","1000","1000000","4621"
"4859","true","local-density","false","false","22","1000","9","1000","1000000","4527"
"4861","true","local-density","false","false","22","1","2.25","1000","1000000","6932"
"4860","true","local-density","false","false","22","1000","9","1000","1000000","4582"
"4862","true","local-density","false","false","22","1","2.25","1000","1000000","6992"
"4863","true","local-density","false","false","22","1","2.25","1000","1000000","7049"
"4864","true","local-density","false","false","22","1","2.25","1000","1000000","6949"
"4865","true","local-density","false","false","22","1","2.25","1000","1000000","7149"
"4867","true","local-density","false","false","22","1","2.25","1000","1000000","6963"
"4866","true","local-density","false","false","22","1","2.25","1000","1000000","6750"
"4868","true","local-density","false","false","22","1","2.25","1000","1000000","6728"
"4869","true","local-density","false","false","22","1","2.25","1000","1000000","6808"
"4871","true","local-density","false","false","22","1","2.25","1000","1000000","6918"
"4870","true","local-density","false","false","22","1","2.25","1000","1000000","7020"
"4872","true","local-density","false","false","22","1","2.25","1000","1000000","7071"
"4873","true","local-density","false","false","22","1","2.25","1000","1000000","6965"
"4874","true","local-density","false","false","22","1","2.25","1000","1000000","6802"
"4876","true","local-density","false","false","22","1","2.25","1000","1000000","7024"
"4875","true","local-density","false","false","22","1","2.25","1000","1000000","6705"
"4877","true","local-density","false","false","22","1","2.25","1000","1000000","6877"
"4879","true","local-density","false","false","22","1","2.25","1000","1000000","6893"
"4878","true","local-density","false","false","22","1","2.25","1000","1000000","6835"
"4880","true","local-density","false","false","22","1","2.25","1000","1000000","7153"
"4881","true","local-density","false","false","22","1","2.25","1000","1000000","6949"
"4882","true","local-density","false","false","22","1","2.25","1000","1000000","6930"
"4883","true","local-density","false","false","22","1","2.25","1000","1000000","6803"
"4884","true","local-density","false","false","22","1","2.25","1000","1000000","6854"
"4885","true","local-density","false","false","22","1","2.25","1000","1000000","6726"
"4887","true","local-density","false","false","22","1","2.25","1000","1000000","6866"
"4888","true","local-density","false","false","22","1","2.25","1000","1000000","7265"
"4886","true","local-density","false","false","22","1","2.25","1000","1000000","7038"
"4889","true","local-density","false","false","22","1","2.25","1000","1000000","7121"
"4890","true","local-density","false","false","22","1","2.25","1000","1000000","6810"
"4891","true","local-density","false","false","22","1","2.25","1000","1000000","6901"
"4892","true","local-density","false","false","22","1","2.25","1000","1000000","6411"
"4893","true","local-density","false","false","22","1","2.25","1000","1000000","6822"
"4894","true","local-density","false","false","22","1","2.25","1000","1000000","6792"
"4895","true","local-density","false","false","22","1","2.25","1000","1000000","6947"
"4896","true","local-density","false","false","22","1","2.25","1000","1000000","6773"
"4897","true","local-density","false","false","22","1","2.25","1000","1000000","6917"
"4899","true","local-density","false","false","22","1","2.25","1000","1000000","6713"
"4898","true","local-density","false","false","22","1","2.25","1000","1000000","6287"
"4900","true","local-density","false","false","22","1","2.25","1000","1000000","7200"
"4901","true","local-density","false","false","22","1","2.25","1000","1000000","6729"
"4902","true","local-density","false","false","22","1","2.25","1000","1000000","6887"
"4903","true","local-density","false","false","22","1","2.25","1000","1000000","7017"
"4904","true","local-density","false","false","22","1","2.25","1000","1000000","7016"
"4907","true","local-density","false","false","22","1","2.25","1000","1000000","6962"
"4906","true","local-density","false","false","22","1","2.25","1000","1000000","7035"
"4905","true","local-density","false","false","22","1","2.25","1000","1000000","6879"
"4908","true","local-density","false","false","22","1","2.25","1000","1000000","6907"
"4909","true","local-density","false","false","22","1","2.25","1000","1000000","6789"
"4910","true","local-density","false","false","22","1","2.25","1000","1000000","6841"
"4911","true","local-density","false","false","22","1","2.25","1000","1000000","6776"
"4912","true","local-density","false","false","22","1","2.25","1000","1000000","6812"
"4913","true","local-density","false","false","22","1","2.25","1000","1000000","6797"
"4914","true","local-density","false","false","22","1","2.25","1000","1000000","6850"
"4915","true","local-density","false","false","22","1","2.25","1000","1000000","6948"
"4916","true","local-density","false","false","22","1","2.25","1000","1000000","7091"
"4917","true","local-density","false","false","22","1","2.25","1000","1000000","6565"
"4918","true","local-density","false","false","22","1","2.25","1000","1000000","6975"
"4920","true","local-density","false","false","22","1","2.25","1000","1000000","7052"
"4919","true","local-density","false","false","22","1","2.25","1000","1000000","7088"
"4922","true","local-density","false","false","22","1","4.5","1000","1000000","7839"
"4921","true","local-density","false","false","22","1","4.5","1000","1000000","8196"
"4923","true","local-density","false","false","22","1","4.5","1000","1000000","8224"
"4925","true","local-density","false","false","22","1","4.5","1000","1000000","7937"
"4924","true","local-density","false","false","22","1","4.5","1000","1000000","7993"
"4926","true","local-density","false","false","22","1","4.5","1000","1000000","8286"
"4927","true","local-density","false","false","22","1","4.5","1000","1000000","8194"
"4928","true","local-density","false","false","22","1","4.5","1000","1000000","7916"
"4929","true","local-density","false","false","22","1","4.5","1000","1000000","8145"
"4930","true","local-density","false","false","22","1","4.5","1000","1000000","7675"
"4932","true","local-density","false","false","22","1","4.5","1000","1000000","7918"
"4931","true","local-density","false","false","22","1","4.5","1000","1000000","7644"
"4933","true","local-density","false","false","22","1","4.5","1000","1000000","7996"
"4934","true","local-density","false","false","22","1","4.5","1000","1000000","7726"
"4936","true","local-density","false","false","22","1","4.5","1000","1000000","8053"
"4935","true","local-density","false","false","22","1","4.5","1000","1000000","8191"
"4937","true","local-density","false","false","22","1","4.5","1000","1000000","7838"
"4938","true","local-density","false","false","22","1","4.5","1000","1000000","8127"
"4939","true","local-density","false","false","22","1","4.5","1000","1000000","7867"
"4940","true","local-density","false","false","22","1","4.5","1000","1000000","8152"
"4941","true","local-density","false","false","22","1","4.5","1000","1000000","7687"
"4943","true","local-density","false","false","22","1","4.5","1000","1000000","8011"
"4942","true","local-density","false","false","22","1","4.5","1000","1000000","7891"
"4944","true","local-density","false","false","22","1","4.5","1000","1000000","8032"
"4945","true","local-density","false","false","22","1","4.5","1000","1000000","7992"
"4946","true","local-density","false","false","22","1","4.5","1000","1000000","7931"
"4947","true","local-density","false","false","22","1","4.5","1000","1000000","8232"
"4948","true","local-density","false","false","22","1","4.5","1000","1000000","7840"
"4949","true","local-density","false","false","22","1","4.5","1000","1000000","8369"
"4950","true","local-density","false","false","22","1","4.5","1000","1000000","7985"
"4952","true","local-density","false","false","22","1","4.5","1000","1000000","7728"
"4951","true","local-density","false","false","22","1","4.5","1000","1000000","7966"
"4954","true","local-density","false","false","22","1","4.5","1000","1000000","8009"
"4953","true","local-density","false","false","22","1","4.5","1000","1000000","7946"
"4955","true","local-density","false","false","22","1","4.5","1000","1000000","8004"
"4956","true","local-density","false","false","22","1","4.5","1000","1000000","8118"
"4957","true","local-density","false","false","22","1","4.5","1000","1000000","8012"
"4959","true","local-density","false","false","22","1","4.5","1000","1000000","8049"
"4961","true","local-density","false","false","22","1","4.5","1000","1000000","8058"
"4962","true","local-density","false","false","22","1","4.5","1000","1000000","7896"
"4960","true","local-density","false","false","22","1","4.5","1000","1000000","8109"
"4958","true","local-density","false","false","22","1","4.5","1000","1000000","7811"
"4963","true","local-density","false","false","22","1","4.5","1000","1000000","8013"
"4964","true","local-density","false","false","22","1","4.5","1000","1000000","8214"
"4965","true","local-density","false","false","22","1","4.5","1000","1000000","7933"
"4969","true","local-density","false","false","22","1","4.5","1000","1000000","8153"
"4968","true","local-density","false","false","22","1","4.5","1000","1000000","7887"
"4966","true","local-density","false","false","22","1","4.5","1000","1000000","7993"
"4967","true","local-density","false","false","22","1","4.5","1000","1000000","7554"
"4970","true","local-density","false","false","22","1","4.5","1000","1000000","8265"
"4971","true","local-density","false","false","22","1","4.5","1000","1000000","7960"
"4972","true","local-density","false","false","22","1","4.5","1000","1000000","8120"
"4973","true","local-density","false","false","22","1","4.5","1000","1000000","7714"
"4977","true","local-density","false","false","22","1","4.5","1000","1000000","8353"
"4975","true","local-density","false","false","22","1","4.5","1000","1000000","8030"
"4974","true","local-density","false","false","22","1","4.5","1000","1000000","8265"
"4978","true","local-density","false","false","22","1","4.5","1000","1000000","8068"
"4976","true","local-density","false","false","22","1","4.5","1000","1000000","7712"
"4979","true","local-density","false","false","22","1","4.5","1000","1000000","8076"
"4980","true","local-density","false","false","22","1","4.5","1000","1000000","8034"
"4981","true","local-density","false","false","22","1","9","1000","1000000","8608"
"4982","true","local-density","false","false","22","1","9","1000","1000000","8503"
"4983","true","local-density","false","false","22","1","9","1000","1000000","8220"
"4984","true","local-density","false","false","22","1","9","1000","1000000","8247"
"4986","true","local-density","false","false","22","1","9","1000","1000000","8462"
"4985","true","local-density","false","false","22","1","9","1000","1000000","8139"
"4987","true","local-density","false","false","22","1","9","1000","1000000","8129"
"4988","true","local-density","false","false","22","1","9","1000","1000000","8332"
"4989","true","local-density","false","false","22","1","9","1000","1000000","8678"
"4991","true","local-density","false","false","22","1","9","1000","1000000","8318"
"4990","true","local-density","false","false","22","1","9","1000","1000000","8243"
"4992","true","local-density","false","false","22","1","9","1000","1000000","8377"
"4994","true","local-density","false","false","22","1","9","1000","1000000","8115"
"4993","true","local-density","false","false","22","1","9","1000","1000000","8350"
"4995","true","local-density","false","false","22","1","9","1000","1000000","7752"
"4996","true","local-density","false","false","22","1","9","1000","1000000","8202"
"4997","true","local-density","false","false","22","1","9","1000","1000000","8031"
"4998","true","local-density","false","false","22","1","9","1000","1000000","7906"
"4999","true","local-density","false","false","22","1","9","1000","1000000","7857"
"5000","true","local-density","false","false","22","1","9","1000","1000000","8457"
"5001","true","local-density","false","false","22","1","9","1000","1000000","7979"
"5002","true","local-density","false","false","22","1","9","1000","1000000","8170"
"5003","true","local-density","false","false","22","1","9","1000","1000000","8169"
"5004","true","local-density","false","false","22","1","9","1000","1000000","8093"
"5005","true","local-density","false","false","22","1","9","1000","1000000","8026"
"5007","true","local-density","false","false","22","1","9","1000","1000000","8045"
"5006","true","local-density","false","false","22","1","9","1000","1000000","8351"
"5008","true","local-density","false","false","22","1","9","1000","1000000","8172"
"5009","true","local-density","false","false","22","1","9","1000","1000000","8315"
"5010","true","local-density","false","false","22","1","9","1000","1000000","8502"
"5011","true","local-density","false","false","22","1","9","1000","1000000","8294"
"5012","true","local-density","false","false","22","1","9","1000","1000000","8092"
"5013","true","local-density","false","false","22","1","9","1000","1000000","8269"
"5014","true","local-density","false","false","22","1","9","1000","1000000","8614"
"5015","true","local-density","false","false","22","1","9","1000","1000000","8587"
"5016","true","local-density","false","false","22","1","9","1000","1000000","8528"
"5017","true","local-density","false","false","22","1","9","1000","1000000","8481"
"5018","true","local-density","false","false","22","1","9","1000","1000000","8036"
"5019","true","local-density","false","false","22","1","9","1000","1000000","8379"
"5020","true","local-density","false","false","22","1","9","1000","1000000","8037"
"5021","true","local-density","false","false","22","1","9","1000","1000000","8471"
"5022","true","local-density","false","false","22","1","9","1000","1000000","8405"
"5023","true","local-density","false","false","22","1","9","1000","1000000","8225"
"5024","true","local-density","false","false","22","1","9","1000","1000000","8258"
"5025","true","local-density","false","false","22","1","9","1000","1000000","8458"
"5028","true","local-density","false","false","22","1","9","1000","1000000","8149"
"5026","true","local-density","false","false","22","1","9","1000","1000000","8467"
"5027","true","local-density","false","false","22","1","9","1000","1000000","8651"
"5029","true","local-density","false","false","22","1","9","1000","1000000","8612"
"5030","true","local-density","false","false","22","1","9","1000","1000000","8047"
"5031","true","local-density","false","false","22","1","9","1000","1000000","8590"
"5032","true","local-density","false","false","22","1","9","1000","1000000","8055"
"5033","true","local-density","false","false","22","1","9","1000","1000000","8717"
"5034","true","local-density","false","false","22","1","9","1000","1000000","8307"
"5035","true","local-density","false","false","22","1","9","1000","1000000","8415"
"5036","true","local-density","false","false","22","1","9","1000","1000000","8680"
"5037","true","local-density","false","false","22","1","9","1000","1000000","8475"
"5038","true","local-density","false","false","22","1","9","1000","1000000","8124"
"5039","true","local-density","false","false","22","1","9","1000","1000000","8312"
"5040","true","local-density","false","false","22","1","9","1000","1000000","8313"
"5042","true","local-density","false","false","23","1000","2.25","1000","1000000","8012"
"5041","true","local-density","false","false","23","1000","2.25","1000","1000000","7935"
"5044","true","local-density","false","false","23","1000","2.25","1000","1000000","7959"
"5043","true","local-density","false","false","23","1000","2.25","1000","1000000","8047"
"5045","true","local-density","false","false","23","1000","2.25","1000","1000000","7829"
"5046","true","local-density","false","false","23","1000","2.25","1000","1000000","7887"
"5047","true","local-density","false","false","23","1000","2.25","1000","1000000","7886"
"5048","true","local-density","false","false","23","1000","2.25","1000","1000000","7884"
"5049","true","local-density","false","false","23","1000","2.25","1000","1000000","8011"
"5051","true","local-density","false","false","23","1000","2.25","1000","1000000","7981"
"5050","true","local-density","false","false","23","1000","2.25","1000","1000000","7875"
"5052","true","local-density","false","false","23","1000","2.25","1000","1000000","7853"
"5053","true","local-density","false","false","23","1000","2.25","1000","1000000","7924"
"5054","true","local-density","false","false","23","1000","2.25","1000","1000000","8016"
"5055","true","local-density","false","false","23","1000","2.25","1000","1000000","7962"
"5056","true","local-density","false","false","23","1000","2.25","1000","1000000","7977"
"5057","true","local-density","false","false","23","1000","2.25","1000","1000000","7886"
"5058","true","local-density","false","false","23","1000","2.25","1000","1000000","7995"
"5059","true","local-density","false","false","23","1000","2.25","1000","1000000","7997"
"5060","true","local-density","false","false","23","1000","2.25","1000","1000000","7853"
"5061","true","local-density","false","false","23","1000","2.25","1000","1000000","8038"
"5062","true","local-density","false","false","23","1000","2.25","1000","1000000","8078"
"5063","true","local-density","false","false","23","1000","2.25","1000","1000000","7824"
"5064","true","local-density","false","false","23","1000","2.25","1000","1000000","8152"
"5066","true","local-density","false","false","23","1000","2.25","1000","1000000","7989"
"5065","true","local-density","false","false","23","1000","2.25","1000","1000000","8061"
"5067","true","local-density","false","false","23","1000","2.25","1000","1000000","7895"
"5068","true","local-density","false","false","23","1000","2.25","1000","1000000","7924"
"5069","true","local-density","false","false","23","1000","2.25","1000","1000000","8060"
"5070","true","local-density","false","false","23","1000","2.25","1000","1000000","7997"
"5071","true","local-density","false","false","23","1000","2.25","1000","1000000","7968"
"5072","true","local-density","false","false","23","1000","2.25","1000","1000000","7938"
"5073","true","local-density","false","false","23","1000","2.25","1000","1000000","8011"
"5074","true","local-density","false","false","23","1000","2.25","1000","1000000","8160"
"5075","true","local-density","false","false","23","1000","2.25","1000","1000000","7924"
"5076","true","local-density","false","false","23","1000","2.25","1000","1000000","7862"
"5077","true","local-density","false","false","23","1000","2.25","1000","1000000","7944"
"5079","true","local-density","false","false","23","1000","2.25","1000","1000000","8069"
"5078","true","local-density","false","false","23","1000","2.25","1000","1000000","8073"
"5080","true","local-density","false","false","23","1000","2.25","1000","1000000","7944"
"5081","true","local-density","false","false","23","1000","2.25","1000","1000000","7974"
"5082","true","local-density","false","false","23","1000","2.25","1000","1000000","8095"
"5083","true","local-density","false","false","23","1000","2.25","1000","1000000","7951"
"5084","true","local-density","false","false","23","1000","2.25","1000","1000000","8030"
"5085","true","local-density","false","false","23","1000","2.25","1000","1000000","8145"
"5086","true","local-density","false","false","23","1000","2.25","1000","1000000","8000"
"5087","true","local-density","false","false","23","1000","2.25","1000","1000000","7919"
"5088","true","local-density","false","false","23","1000","2.25","1000","1000000","7929"
"5089","true","local-density","false","false","23","1000","2.25","1000","1000000","8064"
"5090","true","local-density","false","false","23","1000","2.25","1000","1000000","8026"
"5091","true","local-density","false","false","23","1000","2.25","1000","1000000","7931"
"5093","true","local-density","false","false","23","1000","2.25","1000","1000000","7994"
"5092","true","local-density","false","false","23","1000","2.25","1000","1000000","8073"
"5094","true","local-density","false","false","23","1000","2.25","1000","1000000","8066"
"5095","true","local-density","false","false","23","1000","2.25","1000","1000000","7958"
"5096","true","local-density","false","false","23","1000","2.25","1000","1000000","8087"
"5098","true","local-density","false","false","23","1000","2.25","1000","1000000","8049"
"5097","true","local-density","false","false","23","1000","2.25","1000","1000000","8195"
"5099","true","local-density","false","false","23","1000","2.25","1000","1000000","8141"
"5100","true","local-density","false","false","23","1000","2.25","1000","1000000","8002"
"5101","true","local-density","false","false","23","1000","4.5","1000","1000000","8656"
"5102","true","local-density","false","false","23","1000","4.5","1000","1000000","8700"
"5103","true","local-density","false","false","23","1000","4.5","1000","1000000","8559"
"5104","true","local-density","false","false","23","1000","4.5","1000","1000000","8811"
"5106","true","local-density","false","false","23","1000","4.5","1000","1000000","8702"
"5105","true","local-density","false","false","23","1000","4.5","1000","1000000","8609"
"5107","true","local-density","false","false","23","1000","4.5","1000","1000000","8739"
"5109","true","local-density","false","false","23","1000","4.5","1000","1000000","8669"
"5108","true","local-density","false","false","23","1000","4.5","1000","1000000","8502"
"5110","true","local-density","false","false","23","1000","4.5","1000","1000000","8642"
"5111","true","local-density","false","false","23","1000","4.5","1000","1000000","8677"
"5112","true","local-density","false","false","23","1000","4.5","1000","1000000","8637"
"5113","true","local-density","false","false","23","1000","4.5","1000","1000000","8740"
"5114","true","local-density","false","false","23","1000","4.5","1000","1000000","8809"
"5115","true","local-density","false","false","23","1000","4.5","1000","1000000","8760"
"5116","true","local-density","false","false","23","1000","4.5","1000","1000000","8697"
"5117","true","local-density","false","false","23","1000","4.5","1000","1000000","8586"
"5118","true","local-density","false","false","23","1000","4.5","1000","1000000","8703"
"5119","true","local-density","false","false","23","1000","4.5","1000","1000000","8751"
"5120","true","local-density","false","false","23","1000","4.5","1000","1000000","8699"
"5121","true","local-density","false","false","23","1000","4.5","1000","1000000","8592"
"5122","true","local-density","false","false","23","1000","4.5","1000","1000000","8692"
"5123","true","local-density","false","false","23","1000","4.5","1000","1000000","8672"
"5124","true","local-density","false","false","23","1000","4.5","1000","1000000","8671"
"5125","true","local-density","false","false","23","1000","4.5","1000","1000000","8621"
"5127","true","local-density","false","false","23","1000","4.5","1000","1000000","8695"
"5126","true","local-density","false","false","23","1000","4.5","1000","1000000","8568"
"5128","true","local-density","false","false","23","1000","4.5","1000","1000000","8715"
"5129","true","local-density","false","false","23","1000","4.5","1000","1000000","8536"
"5130","true","local-density","false","false","23","1000","4.5","1000","1000000","8682"
"5131","true","local-density","false","false","23","1000","4.5","1000","1000000","8550"
"5133","true","local-density","false","false","23","1000","4.5","1000","1000000","8768"
"5132","true","local-density","false","false","23","1000","4.5","1000","1000000","8609"
"5134","true","local-density","false","false","23","1000","4.5","1000","1000000","8633"
"5135","true","local-density","false","false","23","1000","4.5","1000","1000000","8675"
"5136","true","local-density","false","false","23","1000","4.5","1000","1000000","8731"
"5137","true","local-density","false","false","23","1000","4.5","1000","1000000","8544"
"5138","true","local-density","false","false","23","1000","4.5","1000","1000000","8818"
"5139","true","local-density","false","false","23","1000","4.5","1000","1000000","8652"
"5140","true","local-density","false","false","23","1000","4.5","1000","1000000","8630"
"5141","true","local-density","false","false","23","1000","4.5","1000","1000000","8751"
"5142","true","local-density","false","false","23","1000","4.5","1000","1000000","8574"
"5143","true","local-density","false","false","23","1000","4.5","1000","1000000","8596"
"5144","true","local-density","false","false","23","1000","4.5","1000","1000000","8809"
"5145","true","local-density","false","false","23","1000","4.5","1000","1000000","8648"
"5146","true","local-density","false","false","23","1000","4.5","1000","1000000","8689"
"5149","true","local-density","false","false","23","1000","4.5","1000","1000000","8585"
"5147","true","local-density","false","false","23","1000","4.5","1000","1000000","8694"
"5148","true","local-density","false","false","23","1000","4.5","1000","1000000","8545"
"5150","true","local-density","false","false","23","1000","4.5","1000","1000000","8672"
"5151","true","local-density","false","false","23","1000","4.5","1000","1000000","8660"
"5152","true","local-density","false","false","23","1000","4.5","1000","1000000","8751"
"5154","true","local-density","false","false","23","1000","4.5","1000","1000000","8591"
"5153","true","local-density","false","false","23","1000","4.5","1000","1000000","8626"
"5156","true","local-density","false","false","23","1000","4.5","1000","1000000","8795"
"5155","true","local-density","false","false","23","1000","4.5","1000","1000000","8748"
"5157","true","local-density","false","false","23","1000","4.5","1000","1000000","8690"
"5159","true","local-density","false","false","23","1000","4.5","1000","1000000","8668"
"5158","true","local-density","false","false","23","1000","4.5","1000","1000000","8574"
"5160","true","local-density","false","false","23","1000","4.5","1000","1000000","8651"
"5161","true","local-density","false","false","23","1000","9","1000","1000000","7871"
"5162","true","local-density","false","false","23","1000","9","1000","1000000","8231"
"5165","true","local-density","false","false","23","1000","9","1000","1000000","8087"
"5164","true","local-density","false","false","23","1000","9","1000","1000000","8147"
"5163","true","local-density","false","false","23","1000","9","1000","1000000","8356"
"5166","true","local-density","false","false","23","1000","9","1000","1000000","8271"
"5167","true","local-density","false","false","23","1000","9","1000","1000000","8294"
"5168","true","local-density","false","false","23","1000","9","1000","1000000","8305"
"5170","true","local-density","false","false","23","1000","9","1000","1000000","8082"
"5169","true","local-density","false","false","23","1000","9","1000","1000000","8181"
"5171","true","local-density","false","false","23","1000","9","1000","1000000","8236"
"5172","true","local-density","false","false","23","1000","9","1000","1000000","8008"
"5173","true","local-density","false","false","23","1000","9","1000","1000000","8074"
"5174","true","local-density","false","false","23","1000","9","1000","1000000","7999"
"5175","true","local-density","false","false","23","1000","9","1000","1000000","8037"
"5176","true","local-density","false","false","23","1000","9","1000","1000000","8190"
"5177","true","local-density","false","false","23","1000","9","1000","1000000","8227"
"5178","true","local-density","false","false","23","1000","9","1000","1000000","8396"
"5179","true","local-density","false","false","23","1000","9","1000","1000000","8059"
"5181","true","local-density","false","false","23","1000","9","1000","1000000","8090"
"5180","true","local-density","false","false","23","1000","9","1000","1000000","8360"
"5182","true","local-density","false","false","23","1000","9","1000","1000000","8055"
"5183","true","local-density","false","false","23","1000","9","1000","1000000","8326"
"5184","true","local-density","false","false","23","1000","9","1000","1000000","7949"
"5185","true","local-density","false","false","23","1000","9","1000","1000000","8158"
"5186","true","local-density","false","false","23","1000","9","1000","1000000","8288"
"5187","true","local-density","false","false","23","1000","9","1000","1000000","7874"
"5188","true","local-density","false","false","23","1000","9","1000","1000000","8279"
"5189","true","local-density","false","false","23","1000","9","1000","1000000","8059"
"5190","true","local-density","false","false","23","1000","9","1000","1000000","8348"
"5191","true","local-density","false","false","23","1000","9","1000","1000000","7964"
"5192","true","local-density","false","false","23","1000","9","1000","1000000","8323"
"5193","true","local-density","false","false","23","1000","9","1000","1000000","8191"
"5194","true","local-density","false","false","23","1000","9","1000","1000000","7968"
"5195","true","local-density","false","false","23","1000","9","1000","1000000","8277"
"5196","true","local-density","false","false","23","1000","9","1000","1000000","8150"
"5197","true","local-density","false","false","23","1000","9","1000","1000000","7909"
"5198","true","local-density","false","false","23","1000","9","1000","1000000","8060"
"5199","true","local-density","false","false","23","1000","9","1000","1000000","8202"
"5200","true","local-density","false","false","23","1000","9","1000","1000000","8338"
"5201","true","local-density","false","false","23","1000","9","1000","1000000","8139"
"5202","true","local-density","false","false","23","1000","9","1000","1000000","8243"
"5203","true","local-density","false","false","23","1000","9","1000","1000000","8162"
"5204","true","local-density","false","false","23","1000","9","1000","1000000","8235"
"5205","true","local-density","false","false","23","1000","9","1000","1000000","8233"
"5206","true","local-density","false","false","23","1000","9","1000","1000000","8407"
"5207","true","local-density","false","false","23","1000","9","1000","1000000","8434"
"5208","true","local-density","false","false","23","1000","9","1000","1000000","7967"
"5209","true","local-density","false","false","23","1000","9","1000","1000000","8192"
"5210","true","local-density","false","false","23","1000","9","1000","1000000","8262"
"5211","true","local-density","false","false","23","1000","9","1000","1000000","8146"
"5212","true","local-density","false","false","23","1000","9","1000","1000000","8104"
"5213","true","local-density","false","false","23","1000","9","1000","1000000","8195"
"5214","true","local-density","false","false","23","1000","9","1000","1000000","8121"
"5215","true","local-density","false","false","23","1000","9","1000","1000000","7982"
"5216","true","local-density","false","false","23","1000","9","1000","1000000","8181"
"5217","true","local-density","false","false","23","1000","9","1000","1000000","7931"
"5218","true","local-density","false","false","23","1000","9","1000","1000000","7737"
"5219","true","local-density","false","false","23","1000","9","1000","1000000","7881"
"5221","true","local-density","false","false","23","1","2.25","1000","1000000","13727"
"5220","true","local-density","false","false","23","1000","9","1000","1000000","8185"
"5222","true","local-density","false","false","23","1","2.25","1000","1000000","13718"
"5223","true","local-density","false","false","23","1","2.25","1000","1000000","13578"
"5224","true","local-density","false","false","23","1","2.25","1000","1000000","13593"
"5226","true","local-density","false","false","23","1","2.25","1000","1000000","13829"
"5225","true","local-density","false","false","23","1","2.25","1000","1000000","13382"
"5227","true","local-density","false","false","23","1","2.25","1000","1000000","13609"
"5228","true","local-density","false","false","23","1","2.25","1000","1000000","13633"
"5229","true","local-density","false","false","23","1","2.25","1000","1000000","13749"
"5230","true","local-density","false","false","23","1","2.25","1000","1000000","13452"
"5231","true","local-density","false","false","23","1","2.25","1000","1000000","13801"
"5232","true","local-density","false","false","23","1","2.25","1000","1000000","13448"
"5233","true","local-density","false","false","23","1","2.25","1000","1000000","13611"
"5234","true","local-density","false","false","23","1","2.25","1000","1000000","13752"
"5235","true","local-density","false","false","23","1","2.25","1000","1000000","13054"
"5236","true","local-density","false","false","23","1","2.25","1000","1000000","13935"
"5237","true","local-density","false","false","23","1","2.25","1000","1000000","13734"
"5238","true","local-density","false","false","23","1","2.25","1000","1000000","13775"
"5239","true","local-density","false","false","23","1","2.25","1000","1000000","13451"
"5240","true","local-density","false","false","23","1","2.25","1000","1000000","13887"
"5242","true","local-density","false","false","23","1","2.25","1000","1000000","13634"
"5241","true","local-density","false","false","23","1","2.25","1000","1000000","13731"
"5244","true","local-density","false","false","23","1","2.25","1000","1000000","13820"
"5243","true","local-density","false","false","23","1","2.25","1000","1000000","13745"
"5245","true","local-density","false","false","23","1","2.25","1000","1000000","13456"
"5246","true","local-density","false","false","23","1","2.25","1000","1000000","13494"
"5247","true","local-density","false","false","23","1","2.25","1000","1000000","13738"
"5248","true","local-density","false","false","23","1","2.25","1000","1000000","13705"
"5249","true","local-density","false","false","23","1","2.25","1000","1000000","13665"
"5250","true","local-density","false","false","23","1","2.25","1000","1000000","13903"
"5251","true","local-density","false","false","23","1","2.25","1000","1000000","13402"
"5252","true","local-density","false","false","23","1","2.25","1000","1000000","13444"
"5253","true","local-density","false","false","23","1","2.25","1000","1000000","13705"
"5254","true","local-density","false","false","23","1","2.25","1000","1000000","13742"
"5255","true","local-density","false","false","23","1","2.25","1000","1000000","13738"
"5256","true","local-density","false","false","23","1","2.25","1000","1000000","13909"
"5258","true","local-density","false","false","23","1","2.25","1000","1000000","13871"
"5257","true","local-density","false","false","23","1","2.25","1000","1000000","13552"
"5259","true","local-density","false","false","23","1","2.25","1000","1000000","13177"
"5260","true","local-density","false","false","23","1","2.25","1000","1000000","13661"
"5261","true","local-density","false","false","23","1","2.25","1000","1000000","13884"
"5262","true","local-density","false","false","23","1","2.25","1000","1000000","13441"
"5263","true","local-density","false","false","23","1","2.25","1000","1000000","13657"
"5264","true","local-density","false","false","23","1","2.25","1000","1000000","14002"
"5265","true","local-density","false","false","23","1","2.25","1000","1000000","13793"
"5266","true","local-density","false","false","23","1","2.25","1000","1000000","13716"
"5267","true","local-density","false","false","23","1","2.25","1000","1000000","13870"
"5268","true","local-density","false","false","23","1","2.25","1000","1000000","13434"
"5269","true","local-density","false","false","23","1","2.25","1000","1000000","13739"
"5270","true","local-density","false","false","23","1","2.25","1000","1000000","13739"
"5271","true","local-density","false","false","23","1","2.25","1000","1000000","12895"
"5272","true","local-density","false","false","23","1","2.25","1000","1000000","13422"
"5274","true","local-density","false","false","23","1","2.25","1000","1000000","13929"
"5273","true","local-density","false","false","23","1","2.25","1000","1000000","13747"
"5275","true","local-density","false","false","23","1","2.25","1000","1000000","13984"
"5276","true","local-density","false","false","23","1","2.25","1000","1000000","14026"
"5278","true","local-density","false","false","23","1","2.25","1000","1000000","13394"
"5279","true","local-density","false","false","23","1","2.25","1000","1000000","13604"
"5277","true","local-density","false","false","23","1","2.25","1000","1000000","13610"
"5280","true","local-density","false","false","23","1","2.25","1000","1000000","13817"
"5281","true","local-density","false","false","23","1","4.5","1000","1000000","15310"
"5282","true","local-density","false","false","23","1","4.5","1000","1000000","15558"
"5283","true","local-density","false","false","23","1","4.5","1000","1000000","15808"
"5284","true","local-density","false","false","23","1","4.5","1000","1000000","15607"
"5285","true","local-density","false","false","23","1","4.5","1000","1000000","15717"
"5286","true","local-density","false","false","23","1","4.5","1000","1000000","15551"
"5287","true","local-density","false","false","23","1","4.5","1000","1000000","15889"
"5288","true","local-density","false","false","23","1","4.5","1000","1000000","15617"
"5289","true","local-density","false","false","23","1","4.5","1000","1000000","15573"
"5290","true","local-density","false","false","23","1","4.5","1000","1000000","15637"
"5291","true","local-density","false","false","23","1","4.5","1000","1000000","15631"
"5292","true","local-density","false","false","23","1","4.5","1000","1000000","15955"
"5293","true","local-density","false","false","23","1","4.5","1000","1000000","15241"
"5294","true","local-density","false","false","23","1","4.5","1000","1000000","15470"
"5295","true","local-density","false","false","23","1","4.5","1000","1000000","15365"
"5296","true","local-density","false","false","23","1","4.5","1000","1000000","15714"
"5297","true","local-density","false","false","23","1","4.5","1000","1000000","15601"
"5298","true","local-density","false","false","23","1","4.5","1000","1000000","15775"
"5299","true","local-density","false","false","23","1","4.5","1000","1000000","15256"
"5301","true","local-density","false","false","23","1","4.5","1000","1000000","15395"
"5300","true","local-density","false","false","23","1","4.5","1000","1000000","15315"
"5302","true","local-density","false","false","23","1","4.5","1000","1000000","15405"
"5303","true","local-density","false","false","23","1","4.5","1000","1000000","15142"
"5304","true","local-density","false","false","23","1","4.5","1000","1000000","15523"
"5305","true","local-density","false","false","23","1","4.5","1000","1000000","15418"
"5306","true","local-density","false","false","23","1","4.5","1000","1000000","15506"
"5307","true","local-density","false","false","23","1","4.5","1000","1000000","15451"
"5308","true","local-density","false","false","23","1","4.5","1000","1000000","15538"
"5310","true","local-density","false","false","23","1","4.5","1000","1000000","15956"
"5309","true","local-density","false","false","23","1","4.5","1000","1000000","14878"
"5311","true","local-density","false","false","23","1","4.5","1000","1000000","15686"
"5312","true","local-density","false","false","23","1","4.5","1000","1000000","15643"
"5313","true","local-density","false","false","23","1","4.5","1000","1000000","15778"
"5314","true","local-density","false","false","23","1","4.5","1000","1000000","15302"
"5316","true","local-density","false","false","23","1","4.5","1000","1000000","15521"
"5315","true","local-density","false","false","23","1","4.5","1000","1000000","15458"
"5317","true","local-density","false","false","23","1","4.5","1000","1000000","15788"
"5318","true","local-density","false","false","23","1","4.5","1000","1000000","15711"
"5319","true","local-density","false","false","23","1","4.5","1000","1000000","15515"
"5320","true","local-density","false","false","23","1","4.5","1000","1000000","15981"
"5321","true","local-density","false","false","23","1","4.5","1000","1000000","16138"
"5322","true","local-density","false","false","23","1","4.5","1000","1000000","15461"
"5323","true","local-density","false","false","23","1","4.5","1000","1000000","15589"
"5325","true","local-density","false","false","23","1","4.5","1000","1000000","15497"
"5324","true","local-density","false","false","23","1","4.5","1000","1000000","15385"
"5326","true","local-density","false","false","23","1","4.5","1000","1000000","15399"
"5327","true","local-density","false","false","23","1","4.5","1000","1000000","15324"
"5328","true","local-density","false","false","23","1","4.5","1000","1000000","15660"
"5329","true","local-density","false","false","23","1","4.5","1000","1000000","15368"
"5330","true","local-density","false","false","23","1","4.5","1000","1000000","15706"
"5331","true","local-density","false","false","23","1","4.5","1000","1000000","15594"
"5332","true","local-density","false","false","23","1","4.5","1000","1000000","15423"
"5333","true","local-density","false","false","23","1","4.5","1000","1000000","15668"
"5334","true","local-density","false","false","23","1","4.5","1000","1000000","15155"
"5335","true","local-density","false","false","23","1","4.5","1000","1000000","15718"
"5336","true","local-density","false","false","23","1","4.5","1000","1000000","15251"
"5337","true","local-density","false","false","23","1","4.5","1000","1000000","15135"
"5338","true","local-density","false","false","23","1","4.5","1000","1000000","15639"
"5339","true","local-density","false","false","23","1","4.5","1000","1000000","15747"
"5340","true","local-density","false","false","23","1","4.5","1000","1000000","15660"
"5341","true","local-density","false","false","23","1","9","1000","1000000","14510"
"5342","true","local-density","false","false","23","1","9","1000","1000000","15786"
"5343","true","local-density","false","false","23","1","9","1000","1000000","14611"
"5344","true","local-density","false","false","23","1","9","1000","1000000","14439"
"5345","true","local-density","false","false","23","1","9","1000","1000000","15124"
"5346","true","local-density","false","false","23","1","9","1000","1000000","15243"
"5347","true","local-density","false","false","23","1","9","1000","1000000","15441"
"5348","true","local-density","false","false","23","1","9","1000","1000000","14804"
"5349","true","local-density","false","false","23","1","9","1000","1000000","14873"
"5350","true","local-density","false","false","23","1","9","1000","1000000","14746"
"5351","true","local-density","false","false","23","1","9","1000","1000000","14169"
"5352","true","local-density","false","false","23","1","9","1000","1000000","14294"
"5353","true","local-density","false","false","23","1","9","1000","1000000","14838"
"5354","true","local-density","false","false","23","1","9","1000","1000000","15039"
"5355","true","local-density","false","false","23","1","9","1000","1000000","14241"
"5356","true","local-density","false","false","23","1","9","1000","1000000","14955"
"5357","true","local-density","false","false","23","1","9","1000","1000000","15001"
"5358","true","local-density","false","false","23","1","9","1000","1000000","14476"
"5359","true","local-density","false","false","23","1","9","1000","1000000","15697"
"5360","true","local-density","false","false","23","1","9","1000","1000000","15194"
"5361","true","local-density","false","false","23","1","9","1000","1000000","15541"
"5362","true","local-density","false","false","23","1","9","1000","1000000","15048"
"5363","true","local-density","false","false","23","1","9","1000","1000000","14994"
"5364","true","local-density","false","false","23","1","9","1000","1000000","15068"
"5365","true","local-density","false","false","23","1","9","1000","1000000","14223"
"5366","true","local-density","false","false","23","1","9","1000","1000000","14102"
"5367","true","local-density","false","false","23","1","9","1000","1000000","15369"
"5368","true","local-density","false","false","23","1","9","1000","1000000","13853"
"5369","true","local-density","false","false","23","1","9","1000","1000000","14321"
"5370","true","local-density","false","false","23","1","9","1000","1000000","14631"
"5371","true","local-density","false","false","23","1","9","1000","1000000","14507"
"5372","true","local-density","false","false","23","1","9","1000","1000000","14435"
"5373","true","local-density","false","false","23","1","9","1000","1000000","14084"
"5374","true","local-density","false","false","23","1","9","1000","1000000","15242"
"5375","true","local-density","false","false","23","1","9","1000","1000000","14661"
"5376","true","local-density","false","false","23","1","9","1000","1000000","14614"
"5377","true","local-density","false","false","23","1","9","1000","1000000","14775"
"5378","true","local-density","false","false","23","1","9","1000","1000000","15735"
"5379","true","local-density","false","false","23","1","9","1000","1000000","14883"
"5380","true","local-density","false","false","23","1","9","1000","1000000","14917"
"5381","true","local-density","false","false","23","1","9","1000","1000000","14641"
"5382","true","local-density","false","false","23","1","9","1000","1000000","14364"
"5383","true","local-density","false","false","23","1","9","1000","1000000","15523"
"5384","true","local-density","false","false","23","1","9","1000","1000000","13960"
"5385","true","local-density","false","false","23","1","9","1000","1000000","14138"
"5387","true","local-density","false","false","23","1","9","1000","1000000","14188"
"5386","true","local-density","false","false","23","1","9","1000","1000000","14714"
"5388","true","local-density","false","false","23","1","9","1000","1000000","14739"
"5389","true","local-density","false","false","23","1","9","1000","1000000","14837"
"5390","true","local-density","false","false","23","1","9","1000","1000000","14407"
"5391","true","local-density","false","false","23","1","9","1000","1000000","15054"
"5393","true","local-density","false","false","23","1","9","1000","1000000","14878"
"5392","true","local-density","false","false","23","1","9","1000","1000000","15751"
"5394","true","local-density","false","false","23","1","9","1000","1000000","13908"
"5395","true","local-density","false","false","23","1","9","1000","1000000","14455"
"5396","true","local-density","false","false","23","1","9","1000","1000000","14223"
"5397","true","local-density","false","false","23","1","9","1000","1000000","13718"
"5398","true","local-density","false","false","23","1","9","1000","1000000","15172"
"5399","true","local-density","false","false","23","1","9","1000","1000000","14916"
"5400","true","local-density","false","false","23","1","9","1000","1000000","15330"
"5401","true","local-density","false","false","24","1000","2.25","1000","1000000","12028"
"5402","true","local-density","false","false","24","1000","2.25","1000","1000000","11995"
"5403","true","local-density","false","false","24","1000","2.25","1000","1000000","12110"
"5404","true","local-density","false","false","24","1000","2.25","1000","1000000","12007"
"5405","true","local-density","false","false","24","1000","2.25","1000","1000000","11852"
"5406","true","local-density","false","false","24","1000","2.25","1000","1000000","11795"
"5407","true","local-density","false","false","24","1000","2.25","1000","1000000","11757"
"5408","true","local-density","false","false","24","1000","2.25","1000","1000000","12024"
"5409","true","local-density","false","false","24","1000","2.25","1000","1000000","11982"
"5410","true","local-density","false","false","24","1000","2.25","1000","1000000","12075"
"5411","true","local-density","false","false","24","1000","2.25","1000","1000000","12084"
"5412","true","local-density","false","false","24","1000","2.25","1000","1000000","12019"
"5413","true","local-density","false","false","24","1000","2.25","1000","1000000","12022"
"5414","true","local-density","false","false","24","1000","2.25","1000","1000000","11927"
"5415","true","local-density","false","false","24","1000","2.25","1000","1000000","12043"
"5416","true","local-density","false","false","24","1000","2.25","1000","1000000","11902"
"5417","true","local-density","false","false","24","1000","2.25","1000","1000000","11813"
"5418","true","local-density","false","false","24","1000","2.25","1000","1000000","11994"
"5420","true","local-density","false","false","24","1000","2.25","1000","1000000","11928"
"5419","true","local-density","false","false","24","1000","2.25","1000","1000000","11960"
"5421","true","local-density","false","false","24","1000","2.25","1000","1000000","12064"
"5422","true","local-density","false","false","24","1000","2.25","1000","1000000","11950"
"5423","true","local-density","false","false","24","1000","2.25","1000","1000000","11951"
"5424","true","local-density","false","false","24","1000","2.25","1000","1000000","11892"
"5425","true","local-density","false","false","24","1000","2.25","1000","1000000","12030"
"5426","true","local-density","false","false","24","1000","2.25","1000","1000000","11808"
"5427","true","local-density","false","false","24","1000","2.25","1000","1000000","12037"
"5428","true","local-density","false","false","24","1000","2.25","1000","1000000","11932"
"5429","true","local-density","false","false","24","1000","2.25","1000","1000000","11778"
"5430","true","local-density","false","false","24","1000","2.25","1000","1000000","11959"
"5431","true","local-density","false","false","24","1000","2.25","1000","1000000","12163"
"5432","true","local-density","false","false","24","1000","2.25","1000","1000000","11843"
"5434","true","local-density","false","false","24","1000","2.25","1000","1000000","11993"
"5433","true","local-density","false","false","24","1000","2.25","1000","1000000","11930"
"5435","true","local-density","false","false","24","1000","2.25","1000","1000000","12016"
"5436","true","local-density","false","false","24","1000","2.25","1000","1000000","11666"
"5437","true","local-density","false","false","24","1000","2.25","1000","1000000","12024"
"5438","true","local-density","false","false","24","1000","2.25","1000","1000000","11862"
"5439","true","local-density","false","false","24","1000","2.25","1000","1000000","12057"
"5440","true","local-density","false","false","24","1000","2.25","1000","1000000","12029"
"5441","true","local-density","false","false","24","1000","2.25","1000","1000000","11881"
"5442","true","local-density","false","false","24","1000","2.25","1000","1000000","11806"
"5443","true","local-density","false","false","24","1000","2.25","1000","1000000","11968"
"5444","true","local-density","false","false","24","1000","2.25","1000","1000000","12031"
"5445","true","local-density","false","false","24","1000","2.25","1000","1000000","12073"
"5446","true","local-density","false","false","24","1000","2.25","1000","1000000","12054"
"5447","true","local-density","false","false","24","1000","2.25","1000","1000000","11835"
"5448","true","local-density","false","false","24","1000","2.25","1000","1000000","12167"
"5449","true","local-density","false","false","24","1000","2.25","1000","1000000","11972"
"5451","true","local-density","false","false","24","1000","2.25","1000","1000000","12026"
"5450","true","local-density","false","false","24","1000","2.25","1000","1000000","11944"
"5452","true","local-density","false","false","24","1000","2.25","1000","1000000","11938"
"5453","true","local-density","false","false","24","1000","2.25","1000","1000000","12007"
"5454","true","local-density","false","false","24","1000","2.25","1000","1000000","11938"
"5455","true","local-density","false","false","24","1000","2.25","1000","1000000","12080"
"5456","true","local-density","false","false","24","1000","2.25","1000","1000000","11904"
"5457","true","local-density","false","false","24","1000","2.25","1000","1000000","11943"
"5458","true","local-density","false","false","24","1000","2.25","1000","1000000","11837"
"5459","true","local-density","false","false","24","1000","2.25","1000","1000000","11853"
"5460","true","local-density","false","false","24","1000","2.25","1000","1000000","12023"
"5461","true","local-density","false","false","24","1000","4.5","1000","1000000","12856"
"5462","true","local-density","false","false","24","1000","4.5","1000","1000000","12869"
"5464","true","local-density","false","false","24","1000","4.5","1000","1000000","12761"
"5463","true","local-density","false","false","24","1000","4.5","1000","1000000","12887"
"5465","true","local-density","false","false","24","1000","4.5","1000","1000000","12835"
"5466","true","local-density","false","false","24","1000","4.5","1000","1000000","12748"
"5467","true","local-density","false","false","24","1000","4.5","1000","1000000","12859"
"5468","true","local-density","false","false","24","1000","4.5","1000","1000000","12932"
"5469","true","local-density","false","false","24","1000","4.5","1000","1000000","12851"
"5470","true","local-density","false","false","24","1000","4.5","1000","1000000","12883"
"5471","true","local-density","false","false","24","1000","4.5","1000","1000000","12866"
"5472","true","local-density","false","false","24","1000","4.5","1000","1000000","12927"
"5473","true","local-density","false","false","24","1000","4.5","1000","1000000","12736"
"5474","true","local-density","false","false","24","1000","4.5","1000","1000000","12813"
"5475","true","local-density","false","false","24","1000","4.5","1000","1000000","12801"
"5476","true","local-density","false","false","24","1000","4.5","1000","1000000","12727"
"5477","true","local-density","false","false","24","1000","4.5","1000","1000000","12829"
"5478","true","local-density","false","false","24","1000","4.5","1000","1000000","13009"
"5479","true","local-density","false","false","24","1000","4.5","1000","1000000","12807"
"5480","true","local-density","false","false","24","1000","4.5","1000","1000000","12917"
"5481","true","local-density","false","false","24","1000","4.5","1000","1000000","12794"
"5482","true","local-density","false","false","24","1000","4.5","1000","1000000","12995"
"5483","true","local-density","false","false","24","1000","4.5","1000","1000000","12805"
"5484","true","local-density","false","false","24","1000","4.5","1000","1000000","12766"
"5485","true","local-density","false","false","24","1000","4.5","1000","1000000","12910"
"5486","true","local-density","false","false","24","1000","4.5","1000","1000000","12938"
"5487","true","local-density","false","false","24","1000","4.5","1000","1000000","12971"
"5488","true","local-density","false","false","24","1000","4.5","1000","1000000","12851"
"5489","true","local-density","false","false","24","1000","4.5","1000","1000000","12828"
"5490","true","local-density","false","false","24","1000","4.5","1000","1000000","12733"
"5491","true","local-density","false","false","24","1000","4.5","1000","1000000","12917"
"5492","true","local-density","false","false","24","1000","4.5","1000","1000000","12935"
"5493","true","local-density","false","false","24","1000","4.5","1000","1000000","13007"
"5494","true","local-density","false","false","24","1000","4.5","1000","1000000","12826"
"5495","true","local-density","false","false","24","1000","4.5","1000","1000000","12742"
"5496","true","local-density","false","false","24","1000","4.5","1000","1000000","12677"
"5497","true","local-density","false","false","24","1000","4.5","1000","1000000","12691"
"5498","true","local-density","false","false","24","1000","4.5","1000","1000000","12965"
"5499","true","local-density","false","false","24","1000","4.5","1000","1000000","12940"
"5500","true","local-density","false","false","24","1000","4.5","1000","1000000","13046"
"5501","true","local-density","false","false","24","1000","4.5","1000","1000000","12835"
"5503","true","local-density","false","false","24","1000","4.5","1000","1000000","13003"
"5502","true","local-density","false","false","24","1000","4.5","1000","1000000","12799"
"5504","true","local-density","false","false","24","1000","4.5","1000","1000000","12669"
"5505","true","local-density","false","false","24","1000","4.5","1000","1000000","12656"
"5506","true","local-density","false","false","24","1000","4.5","1000","1000000","12817"
"5507","true","local-density","false","false","24","1000","4.5","1000","1000000","12974"
"5508","true","local-density","false","false","24","1000","4.5","1000","1000000","12816"
"5509","true","local-density","false","false","24","1000","4.5","1000","1000000","12926"
"5510","true","local-density","false","false","24","1000","4.5","1000","1000000","12974"
"5511","true","local-density","false","false","24","1000","4.5","1000","1000000","13025"
"5512","true","local-density","false","false","24","1000","4.5","1000","1000000","12726"
"5513","true","local-density","false","false","24","1000","4.5","1000","1000000","12760"
"5514","true","local-density","false","false","24","1000","4.5","1000","1000000","12907"
"5515","true","local-density","false","false","24","1000","4.5","1000","1000000","12912"
"5516","true","local-density","false","false","24","1000","4.5","1000","1000000","12881"
"5517","true","local-density","false","false","24","1000","4.5","1000","1000000","12895"
"5518","true","local-density","false","false","24","1000","4.5","1000","1000000","12741"
"5519","true","local-density","false","false","24","1000","4.5","1000","1000000","12655"
"5521","true","local-density","false","false","24","1000","9","1000","1000000","12306"
"5520","true","local-density","false","false","24","1000","4.5","1000","1000000","12874"
"5522","true","local-density","false","false","24","1000","9","1000","1000000","12563"
"5523","true","local-density","false","false","24","1000","9","1000","1000000","12617"
"5524","true","local-density","false","false","24","1000","9","1000","1000000","12349"
"5525","true","local-density","false","false","24","1000","9","1000","1000000","12173"
"5526","true","local-density","false","false","24","1000","9","1000","1000000","12119"
"5527","true","local-density","false","false","24","1000","9","1000","1000000","12389"
"5528","true","local-density","false","false","24","1000","9","1000","1000000","12326"
"5530","true","local-density","false","false","24","1000","9","1000","1000000","12300"
"5529","true","local-density","false","false","24","1000","9","1000","1000000","12386"
"5531","true","local-density","false","false","24","1000","9","1000","1000000","12160"
"5532","true","local-density","false","false","24","1000","9","1000","1000000","12429"
"5533","true","local-density","false","false","24","1000","9","1000","1000000","12554"
"5534","true","local-density","false","false","24","1000","9","1000","1000000","12324"
"5535","true","local-density","false","false","24","1000","9","1000","1000000","12440"
"5536","true","local-density","false","false","24","1000","9","1000","1000000","12456"
"5537","true","local-density","false","false","24","1000","9","1000","1000000","12311"
"5538","true","local-density","false","false","24","1000","9","1000","1000000","12316"
"5539","true","local-density","false","false","24","1000","9","1000","1000000","12395"
"5540","true","local-density","false","false","24","1000","9","1000","1000000","12295"
"5541","true","local-density","false","false","24","1000","9","1000","1000000","12342"
"5542","true","local-density","false","false","24","1000","9","1000","1000000","12299"
"5543","true","local-density","false","false","24","1000","9","1000","1000000","12261"
"5544","true","local-density","false","false","24","1000","9","1000","1000000","12203"
"5545","true","local-density","false","false","24","1000","9","1000","1000000","12251"
"5546","true","local-density","false","false","24","1000","9","1000","1000000","12582"
"5547","true","local-density","false","false","24","1000","9","1000","1000000","12157"
"5548","true","local-density","false","false","24","1000","9","1000","1000000","12149"
"5549","true","local-density","false","false","24","1000","9","1000","1000000","12589"
"5550","true","local-density","false","false","24","1000","9","1000","1000000","12448"
"5552","true","local-density","false","false","24","1000","9","1000","1000000","12458"
"5551","true","local-density","false","false","24","1000","9","1000","1000000","12513"
"5553","true","local-density","false","false","24","1000","9","1000","1000000","12192"
"5554","true","local-density","false","false","24","1000","9","1000","1000000","12343"
"5555","true","local-density","false","false","24","1000","9","1000","1000000","12234"
"5556","true","local-density","false","false","24","1000","9","1000","1000000","12368"
"5557","true","local-density","false","false","24","1000","9","1000","1000000","11966"
"5558","true","local-density","false","false","24","1000","9","1000","1000000","12566"
"5559","true","local-density","false","false","24","1000","9","1000","1000000","12292"
"5560","true","local-density","false","false","24","1000","9","1000","1000000","12321"
"5561","true","local-density","false","false","24","1000","9","1000","1000000","12200"
"5562","true","local-density","false","false","24","1000","9","1000","1000000","12511"
"5563","true","local-density","false","false","24","1000","9","1000","1000000","12387"
"5564","true","local-density","false","false","24","1000","9","1000","1000000","12189"
"5565","true","local-density","false","false","24","1000","9","1000","1000000","12285"
"5566","true","local-density","false","false","24","1000","9","1000","1000000","12392"
"5567","true","local-density","false","false","24","1000","9","1000","1000000","12384"
"5569","true","local-density","false","false","24","1000","9","1000","1000000","12418"
"5568","true","local-density","false","false","24","1000","9","1000","1000000","12459"
"5570","true","local-density","false","false","24","1000","9","1000","1000000","12209"
"5571","true","local-density","false","false","24","1000","9","1000","1000000","12181"
"5572","true","local-density","false","false","24","1000","9","1000","1000000","12390"
"5573","true","local-density","false","false","24","1000","9","1000","1000000","12535"
"5574","true","local-density","false","false","24","1000","9","1000","1000000","12318"
"5575","true","local-density","false","false","24","1000","9","1000","1000000","12247"
"5576","true","local-density","false","false","24","1000","9","1000","1000000","12145"
"5577","true","local-density","false","false","24","1000","9","1000","1000000","12320"
"5578","true","local-density","false","false","24","1000","9","1000","1000000","12338"
"5579","true","local-density","false","false","24","1000","9","1000","1000000","12060"
"5580","true","local-density","false","false","24","1000","9","1000","1000000","12478"
"5581","true","local-density","false","false","24","1","2.25","1000","1000000","20841"
"5582","true","local-density","false","false","24","1","2.25","1000","1000000","20294"
"5583","true","local-density","false","false","24","1","2.25","1000","1000000","20649"
"5584","true","local-density","false","false","24","1","2.25","1000","1000000","20280"
"5585","true","local-density","false","false","24","1","2.25","1000","1000000","20231"
"5586","true","local-density","false","false","24","1","2.25","1000","1000000","19942"
"5587","true","local-density","false","false","24","1","2.25","1000","1000000","19786"
"5588","true","local-density","false","false","24","1","2.25","1000","1000000","20371"
"5589","true","local-density","false","false","24","1","2.25","1000","1000000","19855"
"5590","true","local-density","false","false","24","1","2.25","1000","1000000","20534"
"5591","true","local-density","false","false","24","1","2.25","1000","1000000","20298"
"5592","true","local-density","false","false","24","1","2.25","1000","1000000","20421"
"5593","true","local-density","false","false","24","1","2.25","1000","1000000","20203"
"5594","true","local-density","false","false","24","1","2.25","1000","1000000","20489"
"5595","true","local-density","false","false","24","1","2.25","1000","1000000","20599"
"5596","true","local-density","false","false","24","1","2.25","1000","1000000","20726"
"5597","true","local-density","false","false","24","1","2.25","1000","1000000","20665"
"5598","true","local-density","false","false","24","1","2.25","1000","1000000","20262"
"5599","true","local-density","false","false","24","1","2.25","1000","1000000","20277"
"5600","true","local-density","false","false","24","1","2.25","1000","1000000","20139"
"5601","true","local-density","false","false","24","1","2.25","1000","1000000","20668"
"5602","true","local-density","false","false","24","1","2.25","1000","1000000","20070"
"5603","true","local-density","false","false","24","1","2.25","1000","1000000","20635"
"5604","true","local-density","false","false","24","1","2.25","1000","1000000","20540"
"5605","true","local-density","false","false","24","1","2.25","1000","1000000","20530"
"5606","true","local-density","false","false","24","1","2.25","1000","1000000","20413"
"5607","true","local-density","false","false","24","1","2.25","1000","1000000","20839"
"5608","true","local-density","false","false","24","1","2.25","1000","1000000","21060"
"5609","true","local-density","false","false","24","1","2.25","1000","1000000","20279"
"5610","true","local-density","false","false","24","1","2.25","1000","1000000","20462"
"5611","true","local-density","false","false","24","1","2.25","1000","1000000","20357"
"5612","true","local-density","false","false","24","1","2.25","1000","1000000","20637"
"5614","true","local-density","false","false","24","1","2.25","1000","1000000","19968"
"5613","true","local-density","false","false","24","1","2.25","1000","1000000","20843"
"5615","true","local-density","false","false","24","1","2.25","1000","1000000","20405"
"5616","true","local-density","false","false","24","1","2.25","1000","1000000","20269"
"5617","true","local-density","false","false","24","1","2.25","1000","1000000","20442"
"5618","true","local-density","false","false","24","1","2.25","1000","1000000","20274"
"5619","true","local-density","false","false","24","1","2.25","1000","1000000","20838"
"5620","true","local-density","false","false","24","1","2.25","1000","1000000","20510"
"5621","true","local-density","false","false","24","1","2.25","1000","1000000","20397"
"5622","true","local-density","false","false","24","1","2.25","1000","1000000","20685"
"5623","true","local-density","false","false","24","1","2.25","1000","1000000","20302"
"5624","true","local-density","false","false","24","1","2.25","1000","1000000","20465"
"5625","true","local-density","false","false","24","1","2.25","1000","1000000","20246"
"5626","true","local-density","false","false","24","1","2.25","1000","1000000","20585"
"5627","true","local-density","false","false","24","1","2.25","1000","1000000","20530"
"5629","true","local-density","false","false","24","1","2.25","1000","1000000","20705"
"5628","true","local-density","false","false","24","1","2.25","1000","1000000","20791"
"5631","true","local-density","false","false","24","1","2.25","1000","1000000","20588"
"5630","true","local-density","false","false","24","1","2.25","1000","1000000","20173"
"5632","true","local-density","false","false","24","1","2.25","1000","1000000","20526"
"5633","true","local-density","false","false","24","1","2.25","1000","1000000","20697"
"5634","true","local-density","false","false","24","1","2.25","1000","1000000","20443"
"5635","true","local-density","false","false","24","1","2.25","1000","1000000","20337"
"5636","true","local-density","false","false","24","1","2.25","1000","1000000","20559"
"5637","true","local-density","false","false","24","1","2.25","1000","1000000","20217"
"5638","true","local-density","false","false","24","1","2.25","1000","1000000","20427"
"5640","true","local-density","false","false","24","1","2.25","1000","1000000","20451"
"5639","true","local-density","false","false","24","1","2.25","1000","1000000","20278"
"5641","true","local-density","false","false","24","1","4.5","1000","1000000","22930"
"5643","true","local-density","false","false","24","1","4.5","1000","1000000","22916"
"5642","true","local-density","false","false","24","1","4.5","1000","1000000","23031"
"5644","true","local-density","false","false","24","1","4.5","1000","1000000","22762"
"5646","true","local-density","false","false","24","1","4.5","1000","1000000","22788"
"5645","true","local-density","false","false","24","1","4.5","1000","1000000","23128"
"5647","true","local-density","false","false","24","1","4.5","1000","1000000","22916"
"5648","true","local-density","false","false","24","1","4.5","1000","1000000","22428"
"5649","true","local-density","false","false","24","1","4.5","1000","1000000","23021"
"5650","true","local-density","false","false","24","1","4.5","1000","1000000","23191"
"5651","true","local-density","false","false","24","1","4.5","1000","1000000","22735"
"5652","true","local-density","false","false","24","1","4.5","1000","1000000","22195"
"5653","true","local-density","false","false","24","1","4.5","1000","1000000","23264"
"5654","true","local-density","false","false","24","1","4.5","1000","1000000","22777"
"5655","true","local-density","false","false","24","1","4.5","1000","1000000","22893"
"5656","true","local-density","false","false","24","1","4.5","1000","1000000","22605"
"5657","true","local-density","false","false","24","1","4.5","1000","1000000","22466"
"5658","true","local-density","false","false","24","1","4.5","1000","1000000","22355"
"5659","true","local-density","false","false","24","1","4.5","1000","1000000","23325"
"5660","true","local-density","false","false","24","1","4.5","1000","1000000","22457"
"5661","true","local-density","false","false","24","1","4.5","1000","1000000","22890"
"5663","true","local-density","false","false","24","1","4.5","1000","1000000","23218"
"5662","true","local-density","false","false","24","1","4.5","1000","1000000","23176"
"5664","true","local-density","false","false","24","1","4.5","1000","1000000","22605"
"5665","true","local-density","false","false","24","1","4.5","1000","1000000","22338"
"5666","true","local-density","false","false","24","1","4.5","1000","1000000","22285"
"5667","true","local-density","false","false","24","1","4.5","1000","1000000","23122"
"5669","true","local-density","false","false","24","1","4.5","1000","1000000","22837"
"5668","true","local-density","false","false","24","1","4.5","1000","1000000","22487"
"5670","true","local-density","false","false","24","1","4.5","1000","1000000","22311"
"5671","true","local-density","false","false","24","1","4.5","1000","1000000","23012"
"5672","true","local-density","false","false","24","1","4.5","1000","1000000","22504"
"5673","true","local-density","false","false","24","1","4.5","1000","1000000","22525"
"5674","true","local-density","false","false","24","1","4.5","1000","1000000","22651"
"5675","true","local-density","false","false","24","1","4.5","1000","1000000","23078"
"5676","true","local-density","false","false","24","1","4.5","1000","1000000","22548"
"5677","true","local-density","false","false","24","1","4.5","1000","1000000","23256"
"5679","true","local-density","false","false","24","1","4.5","1000","1000000","23090"
"5678","true","local-density","false","false","24","1","4.5","1000","1000000","22588"
"5680","true","local-density","false","false","24","1","4.5","1000","1000000","22036"
"5681","true","local-density","false","false","24","1","4.5","1000","1000000","21938"
"5682","true","local-density","false","false","24","1","4.5","1000","1000000","22724"
"5683","true","local-density","false","false","24","1","4.5","1000","1000000","22574"
"5684","true","local-density","false","false","24","1","4.5","1000","1000000","22867"
"5685","true","local-density","false","false","24","1","4.5","1000","1000000","22674"
"5687","true","local-density","false","false","24","1","4.5","1000","1000000","22274"
"5686","true","local-density","false","false","24","1","4.5","1000","1000000","22741"
"5688","true","local-density","false","false","24","1","4.5","1000","1000000","22763"
"5689","true","local-density","false","false","24","1","4.5","1000","1000000","22728"
"5690","true","local-density","false","false","24","1","4.5","1000","1000000","23038"
"5691","true","local-density","false","false","24","1","4.5","1000","1000000","22232"
"5692","true","local-density","false","false","24","1","4.5","1000","1000000","22576"
"5693","true","local-density","false","false","24","1","4.5","1000","1000000","23178"
"5694","true","local-density","false","false","24","1","4.5","1000","1000000","22783"
"5695","true","local-density","false","false","24","1","4.5","1000","1000000","22364"
"5696","true","local-density","false","false","24","1","4.5","1000","1000000","22787"
"5697","true","local-density","false","false","24","1","4.5","1000","1000000","22696"
"5698","true","local-density","false","false","24","1","4.5","1000","1000000","22544"
"5699","true","local-density","false","false","24","1","4.5","1000","1000000","22013"
"5700","true","local-density","false","false","24","1","4.5","1000","1000000","23301"
"5701","true","local-density","false","false","24","1","9","1000","1000000","22470"
"5702","true","local-density","false","false","24","1","9","1000","1000000","21630"
"5703","true","local-density","false","false","24","1","9","1000","1000000","21384"
"5704","true","local-density","false","false","24","1","9","1000","1000000","22749"
"5705","true","local-density","false","false","24","1","9","1000","1000000","21162"
"5706","true","local-density","false","false","24","1","9","1000","1000000","22344"
"5707","true","local-density","false","false","24","1","9","1000","1000000","21339"
"5708","true","local-density","false","false","24","1","9","1000","1000000","21631"
"5709","true","local-density","false","false","24","1","9","1000","1000000","22141"
"5710","true","local-density","false","false","24","1","9","1000","1000000","22780"
"5711","true","local-density","false","false","24","1","9","1000","1000000","22389"
"5712","true","local-density","false","false","24","1","9","1000","1000000","21567"
"5713","true","local-density","false","false","24","1","9","1000","1000000","21416"
"5714","true","local-density","false","false","24","1","9","1000","1000000","21287"
"5715","true","local-density","false","false","24","1","9","1000","1000000","21565"
"5716","true","local-density","false","false","24","1","9","1000","1000000","22374"
"5717","true","local-density","false","false","24","1","9","1000","1000000","22015"
"5718","true","local-density","false","false","24","1","9","1000","1000000","22101"
"5719","true","local-density","false","false","24","1","9","1000","1000000","21319"
"5720","true","local-density","false","false","24","1","9","1000","1000000","22415"
"5721","true","local-density","false","false","24","1","9","1000","1000000","23144"
"5722","true","local-density","false","false","24","1","9","1000","1000000","21724"
"5723","true","local-density","false","false","24","1","9","1000","1000000","22712"
"5724","true","local-density","false","false","24","1","9","1000","1000000","21942"
"5725","true","local-density","false","false","24","1","9","1000","1000000","21884"
"5726","true","local-density","false","false","24","1","9","1000","1000000","22382"
"5727","true","local-density","false","false","24","1","9","1000","1000000","21925"
"5728","true","local-density","false","false","24","1","9","1000","1000000","21900"
"5729","true","local-density","false","false","24","1","9","1000","1000000","21435"
"5730","true","local-density","false","false","24","1","9","1000","1000000","22706"
"5731","true","local-density","false","false","24","1","9","1000","1000000","22366"
"5732","true","local-density","false","false","24","1","9","1000","1000000","21740"
"5734","true","local-density","false","false","24","1","9","1000","1000000","21092"
"5733","true","local-density","false","false","24","1","9","1000","1000000","21118"
"5735","true","local-density","false","false","24","1","9","1000","1000000","21145"
"5736","true","local-density","false","false","24","1","9","1000","1000000","21341"
"5737","true","local-density","false","false","24","1","9","1000","1000000","22299"
"5738","true","local-density","false","false","24","1","9","1000","1000000","22100"
"5740","true","local-density","false","false","24","1","9","1000","1000000","22217"
"5739","true","local-density","false","false","24","1","9","1000","1000000","21787"
"5741","true","local-density","false","false","24","1","9","1000","1000000","22294"
"5742","true","local-density","false","false","24","1","9","1000","1000000","22304"
"5743","true","local-density","false","false","24","1","9","1000","1000000","21335"
"5744","true","local-density","false","false","24","1","9","1000","1000000","21085"
"5746","true","local-density","false","false","24","1","9","1000","1000000","21439"
"5745","true","local-density","false","false","24","1","9","1000","1000000","22385"
"5747","true","local-density","false","false","24","1","9","1000","1000000","21543"
"5748","true","local-density","false","false","24","1","9","1000","1000000","21698"
"5749","true","local-density","false","false","24","1","9","1000","1000000","21801"
"5750","true","local-density","false","false","24","1","9","1000","1000000","22212"
"5751","true","local-density","false","false","24","1","9","1000","1000000","22038"
"5752","true","local-density","false","false","24","1","9","1000","1000000","22712"
"5753","true","local-density","false","false","24","1","9","1000","1000000","22315"
"5754","true","local-density","false","false","24","1","9","1000","1000000","21388"
"5755","true","local-density","false","false","24","1","9","1000","1000000","22252"
"5756","true","local-density","false","false","24","1","9","1000","1000000","22450"
"5757","true","local-density","false","false","24","1","9","1000","1000000","21827"
"5758","true","local-density","false","false","24","1","9","1000","1000000","20819"
"5759","true","local-density","false","false","24","1","9","1000","1000000","20979"
"5760","true","local-density","false","false","24","1","9","1000","1000000","21910"
"5761","true","local-density","false","false","25","1000","2.25","1000","1000000","15854"
"5762","true","local-density","false","false","25","1000","2.25","1000","1000000","16156"
"5763","true","local-density","false","false","25","1000","2.25","1000","1000000","15923"
"5765","true","local-density","false","false","25","1000","2.25","1000","1000000","15883"
"5764","true","local-density","false","false","25","1000","2.25","1000","1000000","15808"
"5766","true","local-density","false","false","25","1000","2.25","1000","1000000","15829"
"5767","true","local-density","false","false","25","1000","2.25","1000","1000000","15872"
"5768","true","local-density","false","false","25","1000","2.25","1000","1000000","15812"
"5769","true","local-density","false","false","25","1000","2.25","1000","1000000","15842"
"5770","true","local-density","false","false","25","1000","2.25","1000","1000000","15925"
"5771","true","local-density","false","false","25","1000","2.25","1000","1000000","16010"
"5772","true","local-density","false","false","25","1000","2.25","1000","1000000","16002"
"5774","true","local-density","false","false","25","1000","2.25","1000","1000000","15786"
"5773","true","local-density","false","false","25","1000","2.25","1000","1000000","15942"
"5775","true","local-density","false","false","25","1000","2.25","1000","1000000","16048"
"5776","true","local-density","false","false","25","1000","2.25","1000","1000000","16006"
"5777","true","local-density","false","false","25","1000","2.25","1000","1000000","15816"
"5778","true","local-density","false","false","25","1000","2.25","1000","1000000","15848"
"5779","true","local-density","false","false","25","1000","2.25","1000","1000000","16042"
"5780","true","local-density","false","false","25","1000","2.25","1000","1000000","15973"
"5781","true","local-density","false","false","25","1000","2.25","1000","1000000","15920"
"5782","true","local-density","false","false","25","1000","2.25","1000","1000000","15900"
"5783","true","local-density","false","false","25","1000","2.25","1000","1000000","15916"
"5784","true","local-density","false","false","25","1000","2.25","1000","1000000","15993"
"5785","true","local-density","false","false","25","1000","2.25","1000","1000000","15770"
"5786","true","local-density","false","false","25","1000","2.25","1000","1000000","15804"
"5787","true","local-density","false","false","25","1000","2.25","1000","1000000","15959"
"5788","true","local-density","false","false","25","1000","2.25","1000","1000000","15860"
"5789","true","local-density","false","false","25","1000","2.25","1000","1000000","15808"
"5790","true","local-density","false","false","25","1000","2.25","1000","1000000","15869"
"5791","true","local-density","false","false","25","1000","2.25","1000","1000000","15914"
"5792","true","local-density","false","false","25","1000","2.25","1000","1000000","15931"
"5793","true","local-density","false","false","25","1000","2.25","1000","1000000","16041"
"5794","true","local-density","false","false","25","1000","2.25","1000","1000000","15967"
"5795","true","local-density","false","false","25","1000","2.25","1000","1000000","15771"
"5796","true","local-density","false","false","25","1000","2.25","1000","1000000","15931"
"5797","true","local-density","false","false","25","1000","2.25","1000","1000000","15700"
"5798","true","local-density","false","false","25","1000","2.25","1000","1000000","15895"
"5799","true","local-density","false","false","25","1000","2.25","1000","1000000","15929"
"5800","true","local-density","false","false","25","1000","2.25","1000","1000000","15896"
"5801","true","local-density","false","false","25","1000","2.25","1000","1000000","15820"
"5802","true","local-density","false","false","25","1000","2.25","1000","1000000","15981"
"5803","true","local-density","false","false","25","1000","2.25","1000","1000000","16084"
"5804","true","local-density","false","false","25","1000","2.25","1000","1000000","15894"
"5805","true","local-density","false","false","25","1000","2.25","1000","1000000","15909"
"5806","true","local-density","false","false","25","1000","2.25","1000","1000000","15947"
"5807","true","local-density","false","false","25","1000","2.25","1000","1000000","16066"
"5808","true","local-density","false","false","25","1000","2.25","1000","1000000","16134"
"5809","true","local-density","false","false","25","1000","2.25","1000","1000000","15800"
"5811","true","local-density","false","false","25","1000","2.25","1000","1000000","16124"
"5810","true","local-density","false","false","25","1000","2.25","1000","1000000","15953"
"5812","true","local-density","false","false","25","1000","2.25","1000","1000000","16021"
"5813","true","local-density","false","false","25","1000","2.25","1000","1000000","15696"
"5814","true","local-density","false","false","25","1000","2.25","1000","1000000","15865"
"5815","true","local-density","false","false","25","1000","2.25","1000","1000000","15971"
"5816","true","local-density","false","false","25","1000","2.25","1000","1000000","15852"
"5817","true","local-density","false","false","25","1000","2.25","1000","1000000","15783"
"5818","true","local-density","false","false","25","1000","2.25","1000","1000000","15744"
"5819","true","local-density","false","false","25","1000","2.25","1000","1000000","15990"
"5820","true","local-density","false","false","25","1000","2.25","1000","1000000","16129"
"5821","true","local-density","false","false","25","1000","4.5","1000","1000000","17001"
"5822","true","local-density","false","false","25","1000","4.5","1000","1000000","16875"
"5823","true","local-density","false","false","25","1000","4.5","1000","1000000","16802"
"5824","true","local-density","false","false","25","1000","4.5","1000","1000000","17102"
"5825","true","local-density","false","false","25","1000","4.5","1000","1000000","16946"
"5826","true","local-density","false","false","25","1000","4.5","1000","1000000","16763"
"5827","true","local-density","false","false","25","1000","4.5","1000","1000000","17038"
"5828","true","local-density","false","false","25","1000","4.5","1000","1000000","16786"
"5829","true","local-density","false","false","25","1000","4.5","1000","1000000","17097"
"5830","true","local-density","false","false","25","1000","4.5","1000","1000000","16927"
"5831","true","local-density","false","false","25","1000","4.5","1000","1000000","16822"
"5832","true","local-density","false","false","25","1000","4.5","1000","1000000","17044"
"5833","true","local-density","false","false","25","1000","4.5","1000","1000000","17044"
"5834","true","local-density","false","false","25","1000","4.5","1000","1000000","16863"
"5835","true","local-density","false","false","25","1000","4.5","1000","1000000","16876"
"5836","true","local-density","false","false","25","1000","4.5","1000","1000000","16897"
"5837","true","local-density","false","false","25","1000","4.5","1000","1000000","16944"
"5838","true","local-density","false","false","25","1000","4.5","1000","1000000","17122"
"5839","true","local-density","false","false","25","1000","4.5","1000","1000000","17039"
"5840","true","local-density","false","false","25","1000","4.5","1000","1000000","17077"
"5842","true","local-density","false","false","25","1000","4.5","1000","1000000","16976"
"5841","true","local-density","false","false","25","1000","4.5","1000","1000000","17000"
"5843","true","local-density","false","false","25","1000","4.5","1000","1000000","16684"
"5844","true","local-density","false","false","25","1000","4.5","1000","1000000","16730"
"5845","true","local-density","false","false","25","1000","4.5","1000","1000000","17110"
"5846","true","local-density","false","false","25","1000","4.5","1000","1000000","16773"
"5847","true","local-density","false","false","25","1000","4.5","1000","1000000","17024"
"5848","true","local-density","false","false","25","1000","4.5","1000","1000000","17146"
"5849","true","local-density","false","false","25","1000","4.5","1000","1000000","17108"
"5850","true","local-density","false","false","25","1000","4.5","1000","1000000","16974"
"5851","true","local-density","false","false","25","1000","4.5","1000","1000000","17138"
"5852","true","local-density","false","false","25","1000","4.5","1000","1000000","16976"
"5853","true","local-density","false","false","25","1000","4.5","1000","1000000","16972"
"5854","true","local-density","false","false","25","1000","4.5","1000","1000000","16755"
"5855","true","local-density","false","false","25","1000","4.5","1000","1000000","16848"
"5856","true","local-density","false","false","25","1000","4.5","1000","1000000","16972"
"5857","true","local-density","false","false","25","1000","4.5","1000","1000000","16883"
"5858","true","local-density","false","false","25","1000","4.5","1000","1000000","16826"
"5859","true","local-density","false","false","25","1000","4.5","1000","1000000","16864"
"5860","true","local-density","false","false","25","1000","4.5","1000","1000000","16890"
"5861","true","local-density","false","false","25","1000","4.5","1000","1000000","16932"
"5863","true","local-density","false","false","25","1000","4.5","1000","1000000","17055"
"5862","true","local-density","false","false","25","1000","4.5","1000","1000000","16590"
"5864","true","local-density","false","false","25","1000","4.5","1000","1000000","16890"
"5865","true","local-density","false","false","25","1000","4.5","1000","1000000","17042"
"5866","true","local-density","false","false","25","1000","4.5","1000","1000000","17169"
"5867","true","local-density","false","false","25","1000","4.5","1000","1000000","17110"
"5868","true","local-density","false","false","25","1000","4.5","1000","1000000","16759"
"5869","true","local-density","false","false","25","1000","4.5","1000","1000000","17000"
"5870","true","local-density","false","false","25","1000","4.5","1000","1000000","17024"
"5871","true","local-density","false","false","25","1000","4.5","1000","1000000","17237"
"5872","true","local-density","false","false","25","1000","4.5","1000","1000000","17079"
"5873","true","local-density","false","false","25","1000","4.5","1000","1000000","16996"
"5874","true","local-density","false","false","25","1000","4.5","1000","1000000","17001"
"5876","true","local-density","false","false","25","1000","4.5","1000","1000000","17015"
"5875","true","local-density","false","false","25","1000","4.5","1000","1000000","16887"
"5877","true","local-density","false","false","25","1000","4.5","1000","1000000","17077"
"5878","true","local-density","false","false","25","1000","4.5","1000","1000000","17090"
"5879","true","local-density","false","false","25","1000","4.5","1000","1000000","17116"
"5880","true","local-density","false","false","25","1000","4.5","1000","1000000","17110"
"5881","true","local-density","false","false","25","1000","9","1000","1000000","15910"
"5882","true","local-density","false","false","25","1000","9","1000","1000000","15778"
"5883","true","local-density","false","false","25","1000","9","1000","1000000","16027"
"5884","true","local-density","false","false","25","1000","9","1000","1000000","16073"
"5885","true","local-density","false","false","25","1000","9","1000","1000000","16238"
"5886","true","local-density","false","false","25","1000","9","1000","1000000","15960"
"5887","true","local-density","false","false","25","1000","9","1000","1000000","15995"
"5888","true","local-density","false","false","25","1000","9","1000","1000000","16313"
"5889","true","local-density","false","false","25","1000","9","1000","1000000","15703"
"5890","true","local-density","false","false","25","1000","9","1000","1000000","15737"
"5891","true","local-density","false","false","25","1000","9","1000","1000000","16023"
"5892","true","local-density","false","false","25","1000","9","1000","1000000","15833"
"5893","true","local-density","false","false","25","1000","9","1000","1000000","15838"
"5894","true","local-density","false","false","25","1000","9","1000","1000000","16065"
"5895","true","local-density","false","false","25","1000","9","1000","1000000","15713"
"5896","true","local-density","false","false","25","1000","9","1000","1000000","15907"
"5897","true","local-density","false","false","25","1000","9","1000","1000000","15722"
"5899","true","local-density","false","false","25","1000","9","1000","1000000","16050"
"5898","true","local-density","false","false","25","1000","9","1000","1000000","16002"
"5900","true","local-density","false","false","25","1000","9","1000","1000000","15865"
"5901","true","local-density","false","false","25","1000","9","1000","1000000","16266"
"5902","true","local-density","false","false","25","1000","9","1000","1000000","15727"
"5903","true","local-density","false","false","25","1000","9","1000","1000000","15900"
"5904","true","local-density","false","false","25","1000","9","1000","1000000","15741"
"5905","true","local-density","false","false","25","1000","9","1000","1000000","15730"
"5906","true","local-density","false","false","25","1000","9","1000","1000000","15896"
"5907","true","local-density","false","false","25","1000","9","1000","1000000","15968"
"5908","true","local-density","false","false","25","1000","9","1000","1000000","15773"
"5909","true","local-density","false","false","25","1000","9","1000","1000000","15756"
"5910","true","local-density","false","false","25","1000","9","1000","1000000","16046"
"5911","true","local-density","false","false","25","1000","9","1000","1000000","15859"
"5912","true","local-density","false","false","25","1000","9","1000","1000000","15807"
"5913","true","local-density","false","false","25","1000","9","1000","1000000","15860"
"5914","true","local-density","false","false","25","1000","9","1000","1000000","16041"
"5915","true","local-density","false","false","25","1000","9","1000","1000000","15653"
"5916","true","local-density","false","false","25","1000","9","1000","1000000","15633"
"5917","true","local-density","false","false","25","1000","9","1000","1000000","16040"
"5918","true","local-density","false","false","25","1000","9","1000","1000000","15731"
"5919","true","local-density","false","false","25","1000","9","1000","1000000","15844"
"5920","true","local-density","false","false","25","1000","9","1000","1000000","16139"
"5921","true","local-density","false","false","25","1000","9","1000","1000000","15885"
"5922","true","local-density","false","false","25","1000","9","1000","1000000","15909"
"5923","true","local-density","false","false","25","1000","9","1000","1000000","15615"
"5924","true","local-density","false","false","25","1000","9","1000","1000000","15756"
"5925","true","local-density","false","false","25","1000","9","1000","1000000","15775"
"5926","true","local-density","false","false","25","1000","9","1000","1000000","15975"
"5927","true","local-density","false","false","25","1000","9","1000","1000000","16041"
"5928","true","local-density","false","false","25","1000","9","1000","1000000","15761"
"5929","true","local-density","false","false","25","1000","9","1000","1000000","15953"
"5930","true","local-density","false","false","25","1000","9","1000","1000000","15816"
"5931","true","local-density","false","false","25","1000","9","1000","1000000","16305"
"5932","true","local-density","false","false","25","1000","9","1000","1000000","16029"
"5933","true","local-density","false","false","25","1000","9","1000","1000000","15996"
"5934","true","local-density","false","false","25","1000","9","1000","1000000","15867"
"5935","true","local-density","false","false","25","1000","9","1000","1000000","15744"
"5936","true","local-density","false","false","25","1000","9","1000","1000000","15696"
"5937","true","local-density","false","false","25","1000","9","1000","1000000","15973"
"5938","true","local-density","false","false","25","1000","9","1000","1000000","15885"
"5941","true","local-density","false","false","25","1","2.25","1000","1000000","26798"
"5939","true","local-density","false","false","25","1000","9","1000","1000000","15982"
"5940","true","local-density","false","false","25","1000","9","1000","1000000","15826"
"5942","true","local-density","false","false","25","1","2.25","1000","1000000","27283"
"5943","true","local-density","false","false","25","1","2.25","1000","1000000","27477"
"5944","true","local-density","false","false","25","1","2.25","1000","1000000","27419"
"5945","true","local-density","false","false","25","1","2.25","1000","1000000","27087"
"5946","true","local-density","false","false","25","1","2.25","1000","1000000","27644"
"5947","true","local-density","false","false","25","1","2.25","1000","1000000","26878"
"5948","true","local-density","false","false","25","1","2.25","1000","1000000","26788"
"5949","true","local-density","false","false","25","1","2.25","1000","1000000","26990"
"5950","true","local-density","false","false","25","1","2.25","1000","1000000","27428"
"5951","true","local-density","false","false","25","1","2.25","1000","1000000","27122"
"5952","true","local-density","false","false","25","1","2.25","1000","1000000","26353"
"5953","true","local-density","false","false","25","1","2.25","1000","1000000","26845"
"5954","true","local-density","false","false","25","1","2.25","1000","1000000","27236"
"5955","true","local-density","false","false","25","1","2.25","1000","1000000","27047"
"5956","true","local-density","false","false","25","1","2.25","1000","1000000","26825"
"5957","true","local-density","false","false","25","1","2.25","1000","1000000","26977"
"5958","true","local-density","false","false","25","1","2.25","1000","1000000","26991"
"5959","true","local-density","false","false","25","1","2.25","1000","1000000","27177"
"5960","true","local-density","false","false","25","1","2.25","1000","1000000","27061"
"5961","true","local-density","false","false","25","1","2.25","1000","1000000","26802"
"5962","true","local-density","false","false","25","1","2.25","1000","1000000","27077"
"5963","true","local-density","false","false","25","1","2.25","1000","1000000","27380"
"5964","true","local-density","false","false","25","1","2.25","1000","1000000","26904"
"5965","true","local-density","false","false","25","1","2.25","1000","1000000","27676"
"5966","true","local-density","false","false","25","1","2.25","1000","1000000","27546"
"5967","true","local-density","false","false","25","1","2.25","1000","1000000","27001"
"5968","true","local-density","false","false","25","1","2.25","1000","1000000","27338"
"5969","true","local-density","false","false","25","1","2.25","1000","1000000","27515"
"5970","true","local-density","false","false","25","1","2.25","1000","1000000","27154"
"5971","true","local-density","false","false","25","1","2.25","1000","1000000","27148"
"5972","true","local-density","false","false","25","1","2.25","1000","1000000","27043"
"5973","true","local-density","false","false","25","1","2.25","1000","1000000","27413"
"5974","true","local-density","false","false","25","1","2.25","1000","1000000","26952"
"5975","true","local-density","false","false","25","1","2.25","1000","1000000","26996"
"5976","true","local-density","false","false","25","1","2.25","1000","1000000","26568"
"5977","true","local-density","false","false","25","1","2.25","1000","1000000","27207"
"5978","true","local-density","false","false","25","1","2.25","1000","1000000","26729"
"5979","true","local-density","false","false","25","1","2.25","1000","1000000","27788"
"5980","true","local-density","false","false","25","1","2.25","1000","1000000","27037"
"5981","true","local-density","false","false","25","1","2.25","1000","1000000","27708"
"5982","true","local-density","false","false","25","1","2.25","1000","1000000","27514"
"5983","true","local-density","false","false","25","1","2.25","1000","1000000","27136"
"5984","true","local-density","false","false","25","1","2.25","1000","1000000","26531"
"5985","true","local-density","false","false","25","1","2.25","1000","1000000","26938"
"5986","true","local-density","false","false","25","1","2.25","1000","1000000","27365"
"5987","true","local-density","false","false","25","1","2.25","1000","1000000","26932"
"5988","true","local-density","false","false","25","1","2.25","1000","1000000","26785"
"5989","true","local-density","false","false","25","1","2.25","1000","1000000","26695"
"5990","true","local-density","false","false","25","1","2.25","1000","1000000","26890"
"5993","true","local-density","false","false","25","1","2.25","1000","1000000","27358"
"5991","true","local-density","false","false","25","1","2.25","1000","1000000","26963"
"5992","true","local-density","false","false","25","1","2.25","1000","1000000","27494"
"5994","true","local-density","false","false","25","1","2.25","1000","1000000","27608"
"5995","true","local-density","false","false","25","1","2.25","1000","1000000","26964"
"5996","true","local-density","false","false","25","1","2.25","1000","1000000","27328"
"5997","true","local-density","false","false","25","1","2.25","1000","1000000","27091"
"5998","true","local-density","false","false","25","1","2.25","1000","1000000","26988"
"5999","true","local-density","false","false","25","1","2.25","1000","1000000","26683"
"6001","true","local-density","false","false","25","1","4.5","1000","1000000","29190"
"6000","true","local-density","false","false","25","1","2.25","1000","1000000","27372"
"6002","true","local-density","false","false","25","1","4.5","1000","1000000","30451"
"6003","true","local-density","false","false","25","1","4.5","1000","1000000","29228"
"6004","true","local-density","false","false","25","1","4.5","1000","1000000","29858"
"6005","true","local-density","false","false","25","1","4.5","1000","1000000","29738"
"6006","true","local-density","false","false","25","1","4.5","1000","1000000","29760"
"6007","true","local-density","false","false","25","1","4.5","1000","1000000","29402"
"6008","true","local-density","false","false","25","1","4.5","1000","1000000","29288"
"6009","true","local-density","false","false","25","1","4.5","1000","1000000","29861"
"6010","true","local-density","false","false","25","1","4.5","1000","1000000","30201"
"6011","true","local-density","false","false","25","1","4.5","1000","1000000","30148"
"6012","true","local-density","false","false","25","1","4.5","1000","1000000","29378"
"6013","true","local-density","false","false","25","1","4.5","1000","1000000","29527"
"6014","true","local-density","false","false","25","1","4.5","1000","1000000","29462"
"6015","true","local-density","false","false","25","1","4.5","1000","1000000","29985"
"6016","true","local-density","false","false","25","1","4.5","1000","1000000","30179"
"6017","true","local-density","false","false","25","1","4.5","1000","1000000","30055"
"6018","true","local-density","false","false","25","1","4.5","1000","1000000","30074"
"6019","true","local-density","false","false","25","1","4.5","1000","1000000","29123"
"6020","true","local-density","false","false","25","1","4.5","1000","1000000","29611"
"6021","true","local-density","false","false","25","1","4.5","1000","1000000","29753"
"6022","true","local-density","false","false","25","1","4.5","1000","1000000","30267"
"6023","true","local-density","false","false","25","1","4.5","1000","1000000","30330"
"6024","true","local-density","false","false","25","1","4.5","1000","1000000","29153"
"6026","true","local-density","false","false","25","1","4.5","1000","1000000","29321"
"6025","true","local-density","false","false","25","1","4.5","1000","1000000","29850"
"6028","true","local-density","false","false","25","1","4.5","1000","1000000","29388"
"6027","true","local-density","false","false","25","1","4.5","1000","1000000","29993"
"6029","true","local-density","false","false","25","1","4.5","1000","1000000","29864"
"6030","true","local-density","false","false","25","1","4.5","1000","1000000","29670"
"6031","true","local-density","false","false","25","1","4.5","1000","1000000","29975"
"6032","true","local-density","false","false","25","1","4.5","1000","1000000","29563"
"6033","true","local-density","false","false","25","1","4.5","1000","1000000","28779"
"6034","true","local-density","false","false","25","1","4.5","1000","1000000","28998"
"6036","true","local-density","false","false","25","1","4.5","1000","1000000","30166"
"6035","true","local-density","false","false","25","1","4.5","1000","1000000","29832"
"6037","true","local-density","false","false","25","1","4.5","1000","1000000","28986"
"6038","true","local-density","false","false","25","1","4.5","1000","1000000","30539"
"6039","true","local-density","false","false","25","1","4.5","1000","1000000","29864"
"6040","true","local-density","false","false","25","1","4.5","1000","1000000","29607"
"6041","true","local-density","false","false","25","1","4.5","1000","1000000","29697"
"6042","true","local-density","false","false","25","1","4.5","1000","1000000","30583"
"6044","true","local-density","false","false","25","1","4.5","1000","1000000","30227"
"6043","true","local-density","false","false","25","1","4.5","1000","1000000","29250"
"6045","true","local-density","false","false","25","1","4.5","1000","1000000","29975"
"6046","true","local-density","false","false","25","1","4.5","1000","1000000","30289"
"6047","true","local-density","false","false","25","1","4.5","1000","1000000","29408"
"6049","true","local-density","false","false","25","1","4.5","1000","1000000","29780"
"6048","true","local-density","false","false","25","1","4.5","1000","1000000","29979"
"6050","true","local-density","false","false","25","1","4.5","1000","1000000","29691"
"6051","true","local-density","false","false","25","1","4.5","1000","1000000","30120"
"6052","true","local-density","false","false","25","1","4.5","1000","1000000","29413"
"6053","true","local-density","false","false","25","1","4.5","1000","1000000","29847"
"6054","true","local-density","false","false","25","1","4.5","1000","1000000","29714"
"6055","true","local-density","false","false","25","1","4.5","1000","1000000","29740"
"6056","true","local-density","false","false","25","1","4.5","1000","1000000","30267"
"6057","true","local-density","false","false","25","1","4.5","1000","1000000","29736"
"6059","true","local-density","false","false","25","1","4.5","1000","1000000","30113"
"6060","true","local-density","false","false","25","1","4.5","1000","1000000","28954"
"6058","true","local-density","false","false","25","1","4.5","1000","1000000","29027"
"6062","true","local-density","false","false","25","1","9","1000","1000000","27416"
"6063","true","local-density","false","false","25","1","9","1000","1000000","27098"
"6061","true","local-density","false","false","25","1","9","1000","1000000","28310"
"6064","true","local-density","false","false","25","1","9","1000","1000000","28423"
"6065","true","local-density","false","false","25","1","9","1000","1000000","29083"
"6066","true","local-density","false","false","25","1","9","1000","1000000","28902"
"6067","true","local-density","false","false","25","1","9","1000","1000000","28442"
"6068","true","local-density","false","false","25","1","9","1000","1000000","27702"
"6070","true","local-density","false","false","25","1","9","1000","1000000","29105"
"6069","true","local-density","false","false","25","1","9","1000","1000000","29324"
"6071","true","local-density","false","false","25","1","9","1000","1000000","28386"
"6072","true","local-density","false","false","25","1","9","1000","1000000","28046"
"6073","true","local-density","false","false","25","1","9","1000","1000000","27185"
"6074","true","local-density","false","false","25","1","9","1000","1000000","29025"
"6075","true","local-density","false","false","25","1","9","1000","1000000","28984"
"6076","true","local-density","false","false","25","1","9","1000","1000000","28692"
"6077","true","local-density","false","false","25","1","9","1000","1000000","28926"
"6078","true","local-density","false","false","25","1","9","1000","1000000","28087"
"6079","true","local-density","false","false","25","1","9","1000","1000000","26922"
"6080","true","local-density","false","false","25","1","9","1000","1000000","26231"
"6081","true","local-density","false","false","25","1","9","1000","1000000","28532"
"6082","true","local-density","false","false","25","1","9","1000","1000000","27595"
"6083","true","local-density","false","false","25","1","9","1000","1000000","27086"
"6084","true","local-density","false","false","25","1","9","1000","1000000","27580"
"6085","true","local-density","false","false","25","1","9","1000","1000000","27591"
"6086","true","local-density","false","false","25","1","9","1000","1000000","27723"
"6087","true","local-density","false","false","25","1","9","1000","1000000","28513"
"6088","true","local-density","false","false","25","1","9","1000","1000000","29007"
"6089","true","local-density","false","false","25","1","9","1000","1000000","28391"
"6090","true","local-density","false","false","25","1","9","1000","1000000","29022"
"6091","true","local-density","false","false","25","1","9","1000","1000000","27221"
"6092","true","local-density","false","false","25","1","9","1000","1000000","28183"
"6093","true","local-density","false","false","25","1","9","1000","1000000","29629"
"6094","true","local-density","false","false","25","1","9","1000","1000000","26696"
"6095","true","local-density","false","false","25","1","9","1000","1000000","28723"
"6096","true","local-density","false","false","25","1","9","1000","1000000","29503"
"6097","true","local-density","false","false","25","1","9","1000","1000000","27548"
"6098","true","local-density","false","false","25","1","9","1000","1000000","28994"
"6099","true","local-density","false","false","25","1","9","1000","1000000","28599"
"6100","true","local-density","false","false","25","1","9","1000","1000000","28340"
"6101","true","local-density","false","false","25","1","9","1000","1000000","29148"
"6102","true","local-density","false","false","25","1","9","1000","1000000","27904"
"6103","true","local-density","false","false","25","1","9","1000","1000000","28752"
"6104","true","local-density","false","false","25","1","9","1000","1000000","28138"
"6105","true","local-density","false","false","25","1","9","1000","1000000","28135"
"6106","true","local-density","false","false","25","1","9","1000","1000000","28295"
"6107","true","local-density","false","false","25","1","9","1000","1000000","29449"
"6108","true","local-density","false","false","25","1","9","1000","1000000","28064"
"6109","true","local-density","false","false","25","1","9","1000","1000000","28354"
"6110","true","local-density","false","false","25","1","9","1000","1000000","28275"
"6111","true","local-density","false","false","25","1","9","1000","1000000","28980"
"6112","true","local-density","false","false","25","1","9","1000","1000000","26841"
"6113","true","local-density","false","false","25","1","9","1000","1000000","28528"
"6114","true","local-density","false","false","25","1","9","1000","1000000","28495"
"6115","true","local-density","false","false","25","1","9","1000","1000000","27660"
"6116","true","local-density","false","false","25","1","9","1000","1000000","28422"
"6117","true","local-density","false","false","25","1","9","1000","1000000","27310"
"6118","true","local-density","false","false","25","1","9","1000","1000000","28889"
"6119","true","local-density","false","false","25","1","9","1000","1000000","28172"
"6120","true","local-density","false","false","25","1","9","1000","1000000","28977"
"6121","true","local-density","false","false","26","1000","2.25","1000","1000000","19431"
"6122","true","local-density","false","false","26","1000","2.25","1000","1000000","19261"
"6123","true","local-density","false","false","26","1000","2.25","1000","1000000","19698"
"6124","true","local-density","false","false","26","1000","2.25","1000","1000000","19569"
"6125","true","local-density","false","false","26","1000","2.25","1000","1000000","19369"
"6126","true","local-density","false","false","26","1000","2.25","1000","1000000","19380"
"6127","true","local-density","false","false","26","1000","2.25","1000","1000000","19557"
"6128","true","local-density","false","false","26","1000","2.25","1000","1000000","19269"
"6129","true","local-density","false","false","26","1000","2.25","1000","1000000","19408"
"6130","true","local-density","false","false","26","1000","2.25","1000","1000000","19588"
"6131","true","local-density","false","false","26","1000","2.25","1000","1000000","19634"
"6132","true","local-density","false","false","26","1000","2.25","1000","1000000","19321"
"6133","true","local-density","false","false","26","1000","2.25","1000","1000000","19463"
"6134","true","local-density","false","false","26","1000","2.25","1000","1000000","19574"
"6135","true","local-density","false","false","26","1000","2.25","1000","1000000","19222"
"6136","true","local-density","false","false","26","1000","2.25","1000","1000000","19474"
"6139","true","local-density","false","false","26","1000","2.25","1000","1000000","19669"
"6137","true","local-density","false","false","26","1000","2.25","1000","1000000","19481"
"6138","true","local-density","false","false","26","1000","2.25","1000","1000000","19619"
"6141","true","local-density","false","false","26","1000","2.25","1000","1000000","19443"
"6140","true","local-density","false","false","26","1000","2.25","1000","1000000","19323"
"6142","true","local-density","false","false","26","1000","2.25","1000","1000000","19451"
"6143","true","local-density","false","false","26","1000","2.25","1000","1000000","19190"
"6144","true","local-density","false","false","26","1000","2.25","1000","1000000","19367"
"6145","true","local-density","false","false","26","1000","2.25","1000","1000000","19473"
"6146","true","local-density","false","false","26","1000","2.25","1000","1000000","19366"
"6147","true","local-density","false","false","26","1000","2.25","1000","1000000","19577"
"6148","true","local-density","false","false","26","1000","2.25","1000","1000000","19364"
"6149","true","local-density","false","false","26","1000","2.25","1000","1000000","19617"
"6150","true","local-density","false","false","26","1000","2.25","1000","1000000","19386"
"6151","true","local-density","false","false","26","1000","2.25","1000","1000000","19384"
"6152","true","local-density","false","false","26","1000","2.25","1000","1000000","19318"
"6153","true","local-density","false","false","26","1000","2.25","1000","1000000","19460"
"6154","true","local-density","false","false","26","1000","2.25","1000","1000000","19414"
"6155","true","local-density","false","false","26","1000","2.25","1000","1000000","19255"
"6156","true","local-density","false","false","26","1000","2.25","1000","1000000","19435"
"6157","true","local-density","false","false","26","1000","2.25","1000","1000000","19522"
"6158","true","local-density","false","false","26","1000","2.25","1000","1000000","19606"
"6160","true","local-density","false","false","26","1000","2.25","1000","1000000","19296"
"6159","true","local-density","false","false","26","1000","2.25","1000","1000000","19584"
"6161","true","local-density","false","false","26","1000","2.25","1000","1000000","19400"
"6163","true","local-density","false","false","26","1000","2.25","1000","1000000","19357"
"6162","true","local-density","false","false","26","1000","2.25","1000","1000000","19325"
"6164","true","local-density","false","false","26","1000","2.25","1000","1000000","19598"
"6165","true","local-density","false","false","26","1000","2.25","1000","1000000","19686"
"6166","true","local-density","false","false","26","1000","2.25","1000","1000000","19609"
"6167","true","local-density","false","false","26","1000","2.25","1000","1000000","19524"
"6168","true","local-density","false","false","26","1000","2.25","1000","1000000","19738"
"6169","true","local-density","false","false","26","1000","2.25","1000","1000000","19592"
"6171","true","local-density","false","false","26","1000","2.25","1000","1000000","19398"
"6170","true","local-density","false","false","26","1000","2.25","1000","1000000","19631"
"6172","true","local-density","false","false","26","1000","2.25","1000","1000000","19492"
"6173","true","local-density","false","false","26","1000","2.25","1000","1000000","19380"
"6174","true","local-density","false","false","26","1000","2.25","1000","1000000","19587"
"6175","true","local-density","false","false","26","1000","2.25","1000","1000000","19514"
"6176","true","local-density","false","false","26","1000","2.25","1000","1000000","19688"
"6177","true","local-density","false","false","26","1000","2.25","1000","1000000","19456"
"6179","true","local-density","false","false","26","1000","2.25","1000","1000000","19413"
"6178","true","local-density","false","false","26","1000","2.25","1000","1000000","19644"
"6180","true","local-density","false","false","26","1000","2.25","1000","1000000","19537"
"6181","true","local-density","false","false","26","1000","4.5","1000","1000000","20402"
"6182","true","local-density","false","false","26","1000","4.5","1000","1000000","20533"
"6183","true","local-density","false","false","26","1000","4.5","1000","1000000","20653"
"6184","true","local-density","false","false","26","1000","4.5","1000","1000000","20880"
"6185","true","local-density","false","false","26","1000","4.5","1000","1000000","20943"
"6186","true","local-density","false","false","26","1000","4.5","1000","1000000","20600"
"6187","true","local-density","false","false","26","1000","4.5","1000","1000000","20623"
"6188","true","local-density","false","false","26","1000","4.5","1000","1000000","20845"
"6189","true","local-density","false","false","26","1000","4.5","1000","1000000","20642"
"6190","true","local-density","false","false","26","1000","4.5","1000","1000000","20429"
"6191","true","local-density","false","false","26","1000","4.5","1000","1000000","20773"
"6192","true","local-density","false","false","26","1000","4.5","1000","1000000","20807"
"6193","true","local-density","false","false","26","1000","4.5","1000","1000000","20694"
"6194","true","local-density","false","false","26","1000","4.5","1000","1000000","20617"
"6195","true","local-density","false","false","26","1000","4.5","1000","1000000","20790"
"6196","true","local-density","false","false","26","1000","4.5","1000","1000000","20687"
"6197","true","local-density","false","false","26","1000","4.5","1000","1000000","20595"
"6198","true","local-density","false","false","26","1000","4.5","1000","1000000","20781"
"6199","true","local-density","false","false","26","1000","4.5","1000","1000000","20447"
"6200","true","local-density","false","false","26","1000","4.5","1000","1000000","20492"
"6201","true","local-density","false","false","26","1000","4.5","1000","1000000","20938"
"6202","true","local-density","false","false","26","1000","4.5","1000","1000000","20763"
"6203","true","local-density","false","false","26","1000","4.5","1000","1000000","20950"
"6204","true","local-density","false","false","26","1000","4.5","1000","1000000","20522"
"6205","true","local-density","false","false","26","1000","4.5","1000","1000000","20817"
"6206","true","local-density","false","false","26","1000","4.5","1000","1000000","20415"
"6207","true","local-density","false","false","26","1000","4.5","1000","1000000","20720"
"6208","true","local-density","false","false","26","1000","4.5","1000","1000000","20658"
"6209","true","local-density","false","false","26","1000","4.5","1000","1000000","20373"
"6210","true","local-density","false","false","26","1000","4.5","1000","1000000","20747"
"6211","true","local-density","false","false","26","1000","4.5","1000","1000000","20787"
"6212","true","local-density","false","false","26","1000","4.5","1000","1000000","20744"
"6213","true","local-density","false","false","26","1000","4.5","1000","1000000","20695"
"6215","true","local-density","false","false","26","1000","4.5","1000","1000000","20671"
"6214","true","local-density","false","false","26","1000","4.5","1000","1000000","20468"
"6216","true","local-density","false","false","26","1000","4.5","1000","1000000","20692"
"6217","true","local-density","false","false","26","1000","4.5","1000","1000000","20567"
"6218","true","local-density","false","false","26","1000","4.5","1000","1000000","20653"
"6219","true","local-density","false","false","26","1000","4.5","1000","1000000","20623"
"6220","true","local-density","false","false","26","1000","4.5","1000","1000000","20629"
"6221","true","local-density","false","false","26","1000","4.5","1000","1000000","20673"
"6222","true","local-density","false","false","26","1000","4.5","1000","1000000","20611"
"6223","true","local-density","false","false","26","1000","4.5","1000","1000000","20616"
"6224","true","local-density","false","false","26","1000","4.5","1000","1000000","20656"
"6225","true","local-density","false","false","26","1000","4.5","1000","1000000","20633"
"6228","true","local-density","false","false","26","1000","4.5","1000","1000000","20470"
"6226","true","local-density","false","false","26","1000","4.5","1000","1000000","20443"
"6227","true","local-density","false","false","26","1000","4.5","1000","1000000","20248"
"6229","true","local-density","false","false","26","1000","4.5","1000","1000000","20590"
"6230","true","local-density","false","false","26","1000","4.5","1000","1000000","20493"
"6231","true","local-density","false","false","26","1000","4.5","1000","1000000","20742"
"6232","true","local-density","false","false","26","1000","4.5","1000","1000000","20386"
"6233","true","local-density","false","false","26","1000","4.5","1000","1000000","20722"
"6234","true","local-density","false","false","26","1000","4.5","1000","1000000","20606"
"6235","true","local-density","false","false","26","1000","4.5","1000","1000000","20784"
"6236","true","local-density","false","false","26","1000","4.5","1000","1000000","20761"
"6238","true","local-density","false","false","26","1000","4.5","1000","1000000","20604"
"6237","true","local-density","false","false","26","1000","4.5","1000","1000000","20394"
"6239","true","local-density","false","false","26","1000","4.5","1000","1000000","20531"
"6240","true","local-density","false","false","26","1000","4.5","1000","1000000","20425"
"6241","true","local-density","false","false","26","1000","9","1000","1000000","20055"
"6242","true","local-density","false","false","26","1000","9","1000","1000000","19181"
"6243","true","local-density","false","false","26","1000","9","1000","1000000","19848"
"6244","true","local-density","false","false","26","1000","9","1000","1000000","19444"
"6245","true","local-density","false","false","26","1000","9","1000","1000000","19620"
"6246","true","local-density","false","false","26","1000","9","1000","1000000","19535"
"6247","true","local-density","false","false","26","1000","9","1000","1000000","19564"
"6248","true","local-density","false","false","26","1000","9","1000","1000000","19379"
"6249","true","local-density","false","false","26","1000","9","1000","1000000","19443"
"6250","true","local-density","false","false","26","1000","9","1000","1000000","19684"
"6252","true","local-density","false","false","26","1000","9","1000","1000000","19717"
"6251","true","local-density","false","false","26","1000","9","1000","1000000","19418"
"6253","true","local-density","false","false","26","1000","9","1000","1000000","19718"
"6255","true","local-density","false","false","26","1000","9","1000","1000000","19954"
"6254","true","local-density","false","false","26","1000","9","1000","1000000","19726"
"6256","true","local-density","false","false","26","1000","9","1000","1000000","19959"
"6257","true","local-density","false","false","26","1000","9","1000","1000000","19629"
"6258","true","local-density","false","false","26","1000","9","1000","1000000","19831"
"6259","true","local-density","false","false","26","1000","9","1000","1000000","19348"
"6260","true","local-density","false","false","26","1000","9","1000","1000000","19625"
"6261","true","local-density","false","false","26","1000","9","1000","1000000","19367"
"6262","true","local-density","false","false","26","1000","9","1000","1000000","19250"
"6263","true","local-density","false","false","26","1000","9","1000","1000000","19802"
"6264","true","local-density","false","false","26","1000","9","1000","1000000","19413"
"6265","true","local-density","false","false","26","1000","9","1000","1000000","19651"
"6266","true","local-density","false","false","26","1000","9","1000","1000000","19523"
"6267","true","local-density","false","false","26","1000","9","1000","1000000","19383"
"6268","true","local-density","false","false","26","1000","9","1000","1000000","19241"
"6269","true","local-density","false","false","26","1000","9","1000","1000000","19614"
"6270","true","local-density","false","false","26","1000","9","1000","1000000","19494"
"6271","true","local-density","false","false","26","1000","9","1000","1000000","19670"
"6272","true","local-density","false","false","26","1000","9","1000","1000000","19652"
"6273","true","local-density","false","false","26","1000","9","1000","1000000","19734"
"6274","true","local-density","false","false","26","1000","9","1000","1000000","19401"
"6275","true","local-density","false","false","26","1000","9","1000","1000000","19461"
"6276","true","local-density","false","false","26","1000","9","1000","1000000","19637"
"6277","true","local-density","false","false","26","1000","9","1000","1000000","20193"
"6278","true","local-density","false","false","26","1000","9","1000","1000000","19302"
"6279","true","local-density","false","false","26","1000","9","1000","1000000","19979"
"6280","true","local-density","false","false","26","1000","9","1000","1000000","19801"
"6281","true","local-density","false","false","26","1000","9","1000","1000000","19539"
"6282","true","local-density","false","false","26","1000","9","1000","1000000","20009"
"6283","true","local-density","false","false","26","1000","9","1000","1000000","19734"
"6284","true","local-density","false","false","26","1000","9","1000","1000000","19695"
"6285","true","local-density","false","false","26","1000","9","1000","1000000","19612"
"6286","true","local-density","false","false","26","1000","9","1000","1000000","19605"
"6287","true","local-density","false","false","26","1000","9","1000","1000000","19832"
"6288","true","local-density","false","false","26","1000","9","1000","1000000","19662"
"6289","true","local-density","false","false","26","1000","9","1000","1000000","19289"
"6290","true","local-density","false","false","26","1000","9","1000","1000000","19589"
"6292","true","local-density","false","false","26","1000","9","1000","1000000","19709"
"6291","true","local-density","false","false","26","1000","9","1000","1000000","19687"
"6293","true","local-density","false","false","26","1000","9","1000","1000000","19703"
"6294","true","local-density","false","false","26","1000","9","1000","1000000","19775"
"6295","true","local-density","false","false","26","1000","9","1000","1000000","19468"
"6296","true","local-density","false","false","26","1000","9","1000","1000000","19420"
"6297","true","local-density","false","false","26","1000","9","1000","1000000","19900"
"6298","true","local-density","false","false","26","1000","9","1000","1000000","19468"
"6301","true","local-density","false","false","26","1","2.25","1000","1000000","31154"
"6299","true","local-density","false","false","26","1000","9","1000","1000000","19475"
"6300","true","local-density","false","false","26","1000","9","1000","1000000","19621"
"6302","true","local-density","false","false","26","1","2.25","1000","1000000","33105"
"6303","true","local-density","false","false","26","1","2.25","1000","1000000","33586"
"6304","true","local-density","false","false","26","1","2.25","1000","1000000","32460"
"6305","true","local-density","false","false","26","1","2.25","1000","1000000","33150"
"6306","true","local-density","false","false","26","1","2.25","1000","1000000","32980"
"6307","true","local-density","false","false","26","1","2.25","1000","1000000","32524"
"6308","true","local-density","false","false","26","1","2.25","1000","1000000","32690"
"6309","true","local-density","false","false","26","1","2.25","1000","1000000","32066"
"6310","true","local-density","false","false","26","1","2.25","1000","1000000","33734"
"6311","true","local-density","false","false","26","1","2.25","1000","1000000","32707"
"6312","true","local-density","false","false","26","1","2.25","1000","1000000","33238"
"6313","true","local-density","false","false","26","1","2.25","1000","1000000","33077"
"6314","true","local-density","false","false","26","1","2.25","1000","1000000","33210"
"6315","true","local-density","false","false","26","1","2.25","1000","1000000","32825"
"6316","true","local-density","false","false","26","1","2.25","1000","1000000","32862"
"6317","true","local-density","false","false","26","1","2.25","1000","1000000","32904"
"6318","true","local-density","false","false","26","1","2.25","1000","1000000","33102"
"6319","true","local-density","false","false","26","1","2.25","1000","1000000","33345"
"6320","true","local-density","false","false","26","1","2.25","1000","1000000","32779"
"6321","true","local-density","false","false","26","1","2.25","1000","1000000","33294"
"6322","true","local-density","false","false","26","1","2.25","1000","1000000","32797"
"6323","true","local-density","false","false","26","1","2.25","1000","1000000","32960"
"6324","true","local-density","false","false","26","1","2.25","1000","1000000","32632"
"6325","true","local-density","false","false","26","1","2.25","1000","1000000","33992"
"6326","true","local-density","false","false","26","1","2.25","1000","1000000","32799"
"6327","true","local-density","false","false","26","1","2.25","1000","1000000","33672"
"6328","true","local-density","false","false","26","1","2.25","1000","1000000","32753"
"6329","true","local-density","false","false","26","1","2.25","1000","1000000","33125"
"6330","true","local-density","false","false","26","1","2.25","1000","1000000","33204"
"6331","true","local-density","false","false","26","1","2.25","1000","1000000","32922"
"6332","true","local-density","false","false","26","1","2.25","1000","1000000","32648"
"6333","true","local-density","false","false","26","1","2.25","1000","1000000","33208"
"6334","true","local-density","false","false","26","1","2.25","1000","1000000","32500"
"6335","true","local-density","false","false","26","1","2.25","1000","1000000","33217"
"6336","true","local-density","false","false","26","1","2.25","1000","1000000","32758"
"6337","true","local-density","false","false","26","1","2.25","1000","1000000","33231"
"6338","true","local-density","false","false","26","1","2.25","1000","1000000","33702"
"6339","true","local-density","false","false","26","1","2.25","1000","1000000","32577"
"6340","true","local-density","false","false","26","1","2.25","1000","1000000","33393"
"6341","true","local-density","false","false","26","1","2.25","1000","1000000","33406"
"6342","true","local-density","false","false","26","1","2.25","1000","1000000","33310"
"6343","true","local-density","false","false","26","1","2.25","1000","1000000","32681"
"6344","true","local-density","false","false","26","1","2.25","1000","1000000","33020"
"6345","true","local-density","false","false","26","1","2.25","1000","1000000","33754"
"6346","true","local-density","false","false","26","1","2.25","1000","1000000","32985"
"6347","true","local-density","false","false","26","1","2.25","1000","1000000","32970"
"6348","true","local-density","false","false","26","1","2.25","1000","1000000","32913"
"6349","true","local-density","false","false","26","1","2.25","1000","1000000","32429"
"6350","true","local-density","false","false","26","1","2.25","1000","1000000","33803"
"6351","true","local-density","false","false","26","1","2.25","1000","1000000","33138"
"6352","true","local-density","false","false","26","1","2.25","1000","1000000","32498"
"6353","true","local-density","false","false","26","1","2.25","1000","1000000","32829"
"6354","true","local-density","false","false","26","1","2.25","1000","1000000","33267"
"6355","true","local-density","false","false","26","1","2.25","1000","1000000","33568"
"6356","true","local-density","false","false","26","1","2.25","1000","1000000","32961"
"6357","true","local-density","false","false","26","1","2.25","1000","1000000","33622"
"6358","true","local-density","false","false","26","1","2.25","1000","1000000","33176"
"6359","true","local-density","false","false","26","1","2.25","1000","1000000","33333"
"6360","true","local-density","false","false","26","1","2.25","1000","1000000","33507"
"6361","true","local-density","false","false","26","1","4.5","1000","1000000","35526"
"6362","true","local-density","false","false","26","1","4.5","1000","1000000","35388"
"6363","true","local-density","false","false","26","1","4.5","1000","1000000","35870"
"6364","true","local-density","false","false","26","1","4.5","1000","1000000","35292"
"6365","true","local-density","false","false","26","1","4.5","1000","1000000","35339"
"6366","true","local-density","false","false","26","1","4.5","1000","1000000","35670"
"6367","true","local-density","false","false","26","1","4.5","1000","1000000","34879"
"6368","true","local-density","false","false","26","1","4.5","1000","1000000","36757"
"6369","true","local-density","false","false","26","1","4.5","1000","1000000","36352"
"6370","true","local-density","false","false","26","1","4.5","1000","1000000","36268"
"6371","true","local-density","false","false","26","1","4.5","1000","1000000","35245"
"6372","true","local-density","false","false","26","1","4.5","1000","1000000","35750"
"6373","true","local-density","false","false","26","1","4.5","1000","1000000","35432"
"6374","true","local-density","false","false","26","1","4.5","1000","1000000","34454"
"6375","true","local-density","false","false","26","1","4.5","1000","1000000","35822"
"6376","true","local-density","false","false","26","1","4.5","1000","1000000","35347"
"6377","true","local-density","false","false","26","1","4.5","1000","1000000","35859"
"6378","true","local-density","false","false","26","1","4.5","1000","1000000","34739"
"6379","true","local-density","false","false","26","1","4.5","1000","1000000","34942"
"6380","true","local-density","false","false","26","1","4.5","1000","1000000","34751"
"6381","true","local-density","false","false","26","1","4.5","1000","1000000","35534"
"6382","true","local-density","false","false","26","1","4.5","1000","1000000","35214"
"6383","true","local-density","false","false","26","1","4.5","1000","1000000","35941"
"6384","true","local-density","false","false","26","1","4.5","1000","1000000","36016"
"6385","true","local-density","false","false","26","1","4.5","1000","1000000","35566"
"6386","true","local-density","false","false","26","1","4.5","1000","1000000","35724"
"6387","true","local-density","false","false","26","1","4.5","1000","1000000","35538"
"6388","true","local-density","false","false","26","1","4.5","1000","1000000","35318"
"6389","true","local-density","false","false","26","1","4.5","1000","1000000","36270"
"6390","true","local-density","false","false","26","1","4.5","1000","1000000","35283"
"6391","true","local-density","false","false","26","1","4.5","1000","1000000","34396"
"6392","true","local-density","false","false","26","1","4.5","1000","1000000","35593"
"6393","true","local-density","false","false","26","1","4.5","1000","1000000","36568"
"6394","true","local-density","false","false","26","1","4.5","1000","1000000","34712"
"6395","true","local-density","false","false","26","1","4.5","1000","1000000","35817"
"6396","true","local-density","false","false","26","1","4.5","1000","1000000","35591"
"6397","true","local-density","false","false","26","1","4.5","1000","1000000","34589"
"6398","true","local-density","false","false","26","1","4.5","1000","1000000","35201"
"6399","true","local-density","false","false","26","1","4.5","1000","1000000","35807"
"6400","true","local-density","false","false","26","1","4.5","1000","1000000","35739"
"6401","true","local-density","false","false","26","1","4.5","1000","1000000","34923"
"6402","true","local-density","false","false","26","1","4.5","1000","1000000","34726"
"6403","true","local-density","false","false","26","1","4.5","1000","1000000","34763"
"6404","true","local-density","false","false","26","1","4.5","1000","1000000","35984"
"6405","true","local-density","false","false","26","1","4.5","1000","1000000","35702"
"6406","true","local-density","false","false","26","1","4.5","1000","1000000","35862"
"6407","true","local-density","false","false","26","1","4.5","1000","1000000","35556"
"6408","true","local-density","false","false","26","1","4.5","1000","1000000","35938"
"6409","true","local-density","false","false","26","1","4.5","1000","1000000","35148"
"6410","true","local-density","false","false","26","1","4.5","1000","1000000","35585"
"6411","true","local-density","false","false","26","1","4.5","1000","1000000","36289"
"6412","true","local-density","false","false","26","1","4.5","1000","1000000","35218"
"6413","true","local-density","false","false","26","1","4.5","1000","1000000","34669"
"6414","true","local-density","false","false","26","1","4.5","1000","1000000","35115"
"6415","true","local-density","false","false","26","1","4.5","1000","1000000","35713"
"6416","true","local-density","false","false","26","1","4.5","1000","1000000","35285"
"6417","true","local-density","false","false","26","1","4.5","1000","1000000","35830"
"6418","true","local-density","false","false","26","1","4.5","1000","1000000","35538"
"6419","true","local-density","false","false","26","1","4.5","1000","1000000","36645"
"6420","true","local-density","false","false","26","1","4.5","1000","1000000","35220"
"6421","true","local-density","false","false","26","1","9","1000","1000000","34875"
"6422","true","local-density","false","false","26","1","9","1000","1000000","34344"
"6424","true","local-density","false","false","26","1","9","1000","1000000","33639"
"6425","true","local-density","false","false","26","1","9","1000","1000000","34231"
"6423","true","local-density","false","false","26","1","9","1000","1000000","35180"
"6426","true","local-density","false","false","26","1","9","1000","1000000","34014"
"6427","true","local-density","false","false","26","1","9","1000","1000000","34046"
"6428","true","local-density","false","false","26","1","9","1000","1000000","35247"
"6429","true","local-density","false","false","26","1","9","1000","1000000","35378"
"6430","true","local-density","false","false","26","1","9","1000","1000000","33987"
"6432","true","local-density","false","false","26","1","9","1000","1000000","34362"
"6431","true","local-density","false","false","26","1","9","1000","1000000","34141"
"6433","true","local-density","false","false","26","1","9","1000","1000000","34214"
"6434","true","local-density","false","false","26","1","9","1000","1000000","33481"
"6435","true","local-density","false","false","26","1","9","1000","1000000","34338"
"6436","true","local-density","false","false","26","1","9","1000","1000000","34352"
"6437","true","local-density","false","false","26","1","9","1000","1000000","33906"
"6438","true","local-density","false","false","26","1","9","1000","1000000","34612"
"6439","true","local-density","false","false","26","1","9","1000","1000000","33744"
"6440","true","local-density","false","false","26","1","9","1000","1000000","34265"
"6441","true","local-density","false","false","26","1","9","1000","1000000","33481"
"6442","true","local-density","false","false","26","1","9","1000","1000000","34172"
"6443","true","local-density","false","false","26","1","9","1000","1000000","35229"
"6444","true","local-density","false","false","26","1","9","1000","1000000","34844"
"6445","true","local-density","false","false","26","1","9","1000","1000000","34230"
"6446","true","local-density","false","false","26","1","9","1000","1000000","33695"
"6447","true","local-density","false","false","26","1","9","1000","1000000","33956"
"6448","true","local-density","false","false","26","1","9","1000","1000000","34859"
"6449","true","local-density","false","false","26","1","9","1000","1000000","35352"
"6450","true","local-density","false","false","26","1","9","1000","1000000","34307"
"6451","true","local-density","false","false","26","1","9","1000","1000000","34238"
"6452","true","local-density","false","false","26","1","9","1000","1000000","34659"
"6453","true","local-density","false","false","26","1","9","1000","1000000","34914"
"6454","true","local-density","false","false","26","1","9","1000","1000000","35397"
"6455","true","local-density","false","false","26","1","9","1000","1000000","33901"
"6456","true","local-density","false","false","26","1","9","1000","1000000","33116"
"6457","true","local-density","false","false","26","1","9","1000","1000000","34887"
"6458","true","local-density","false","false","26","1","9","1000","1000000","34796"
"6459","true","local-density","false","false","26","1","9","1000","1000000","34480"
"6460","true","local-density","false","false","26","1","9","1000","1000000","34072"
"6461","true","local-density","false","false","26","1","9","1000","1000000","34905"
"6462","true","local-density","false","false","26","1","9","1000","1000000","35081"
"6463","true","local-density","false","false","26","1","9","1000","1000000","35050"
"6464","true","local-density","false","false","26","1","9","1000","1000000","34159"
"6465","true","local-density","false","false","26","1","9","1000","1000000","34211"
"6466","true","local-density","false","false","26","1","9","1000","1000000","35049"
"6467","true","local-density","false","false","26","1","9","1000","1000000","35365"
"6468","true","local-density","false","false","26","1","9","1000","1000000","34284"
"6469","true","local-density","false","false","26","1","9","1000","1000000","34467"
"6470","true","local-density","false","false","26","1","9","1000","1000000","35473"
"6471","true","local-density","false","false","26","1","9","1000","1000000","33167"
"6472","true","local-density","false","false","26","1","9","1000","1000000","34568"
"6473","true","local-density","false","false","26","1","9","1000","1000000","34473"
"6474","true","local-density","false","false","26","1","9","1000","1000000","34128"
"6475","true","local-density","false","false","26","1","9","1000","1000000","34556"
"6476","true","local-density","false","false","26","1","9","1000","1000000","34996"
"6477","true","local-density","false","false","26","1","9","1000","1000000","35582"
"6478","true","local-density","false","false","26","1","9","1000","1000000","34994"
"6479","true","local-density","false","false","26","1","9","1000","1000000","36184"
"6480","true","local-density","false","false","26","1","9","1000","1000000","34031"
