"BehaviorSpace results (NetLogo 7.0.4)","Table version 2.0"
"plaice-search-model.nlogox"
"local-density-r2.25"
"10/01/2026 10:30:50:918 -0700"
"min-pxcor","max-pxcor","min-pycor","max-pycor"
"0","71","0","71"
"[run number]","use-scenario?","search-tactic","pen-down?","scenario","regeneration-time","response-radius","[step]","ticks","sum [prey-captured] of predators"
"1","true","local-density","false","1","1000","2.25","1000","1000000","18352"
"5","true","local-density","false","1","1000","2.25","1000","1000000","19069"
"3","true","local-density","false","1","1000","2.25","1000","1000000","18711"
"7","true","local-density","false","1","1000","2.25","1000","1000000","18499"
"6","true","local-density","false","1","1000","2.25","1000","1000000","18143"
"8","true","local-density","false","1","1000","2.25","1000","1000000","18330"
"2","true","local-density","false","1","1000","2.25","1000","1000000","18780"
"4","true","local-density","false","1","1000","2.25","1000","1000000","18684"
"9","true","local-density","false","1","1000","2.25","1000","1000000","18301"
"10","true","local-density","false","1","1000","2.25","1000","1000000","18422"
"11","true","local-density","false","1","1000","2.25","1000","1000000","18093"
"12","true","local-density","false","1","1000","2.25","1000","1000000","18336"
"13","true","local-density","false","1","1000","2.25","1000","1000000","18608"
"14","true","local-density","false","1","1000","2.25","1000","1000000","18177"
"15","true","local-density","false","1","1000","2.25","1000","1000000","18550"
"16","true","local-density","false","1","1000","2.25","1000","1000000","18328"
"17","true","local-density","false","1","1000","2.25","1000","1000000","18402"
"18","true","local-density","false","1","1000","2.25","1000","1000000","18021"
"19","true","local-density","false","1","1000","2.25","1000","1000000","18406"
"20","true","local-density","false","1","1000","2.25","1000","1000000","18875"
"22","true","local-density","false","1","1000","2.25","1000","1000000","18733"
"21","true","local-density","false","1","1000","2.25","1000","1000000","18145"
"24","true","local-density","false","1","1000","2.25","1000","1000000","18582"
"23","true","local-density","false","1","1000","2.25","1000","1000000","18541"
"25","true","local-density","false","1","1000","2.25","1000","1000000","18607"
"26","true","local-density","false","1","1000","2.25","1000","1000000","18443"
"28","true","local-density","false","1","1000","2.25","1000","1000000","18047"
"27","true","local-density","false","1","1000","2.25","1000","1000000","18683"
"30","true","local-density","false","1","1000","2.25","1000","1000000","18475"
"29","true","local-density","false","1","1000","2.25","1000","1000000","18616"
"32","true","local-density","false","1","1000","2.25","1000","1000000","18293"
"31","true","local-density","false","1","1000","2.25","1000","1000000","18546"
"33","true","local-density","false","1","1000","2.25","1000","1000000","18270"
"34","true","local-density","false","1","1000","2.25","1000","1000000","18160"
"35","true","local-density","false","1","1000","2.25","1000","1000000","18783"
"36","true","local-density","false","1","1000","2.25","1000","1000000","18950"
"38","true","local-density","false","1","1000","2.25","1000","1000000","18501"
"37","true","local-density","false","1","1000","2.25","1000","1000000","18135"
"39","true","local-density","false","1","1000","2.25","1000","1000000","17472"
"40","true","local-density","false","1","1000","2.25","1000","1000000","18594"
"41","true","local-density","false","1","1000","2.25","1000","1000000","18176"
"42","true","local-density","false","1","1000","2.25","1000","1000000","18643"
"43","true","local-density","false","1","1000","2.25","1000","1000000","18311"
"44","true","local-density","false","1","1000","2.25","1000","1000000","18810"
"45","true","local-density","false","1","1000","2.25","1000","1000000","18451"
"46","true","local-density","false","1","1000","2.25","1000","1000000","18421"
"47","true","local-density","false","1","1000","2.25","1000","1000000","18875"
"48","true","local-density","false","1","1000","2.25","1000","1000000","18180"
"49","true","local-density","false","1","1000","2.25","1000","1000000","18341"
"50","true","local-density","false","1","1000","2.25","1000","1000000","18759"
"51","true","local-density","false","1","1000","2.25","1000","1000000","18217"
"52","true","local-density","false","1","1000","2.25","1000","1000000","18333"
"53","true","local-density","false","1","1000","2.25","1000","1000000","17941"
"54","true","local-density","false","1","1000","2.25","1000","1000000","18565"
"55","true","local-density","false","1","1000","2.25","1000","1000000","18778"
"56","true","local-density","false","1","1000","2.25","1000","1000000","18655"
"57","true","local-density","false","1","1000","2.25","1000","1000000","18875"
"58","true","local-density","false","1","1000","2.25","1000","1000000","17995"
"61","true","local-density","false","1","1","2.25","1000","1000000","27244"
"59","true","local-density","false","1","1000","2.25","1000","1000000","18254"
"62","true","local-density","false","1","1","2.25","1000","1000000","26429"
"60","true","local-density","false","1","1000","2.25","1000","1000000","18654"
"63","true","local-density","false","1","1","2.25","1000","1000000","26347"
"64","true","local-density","false","1","1","2.25","1000","1000000","26443"
"65","true","local-density","false","1","1","2.25","1000","1000000","25989"
"66","true","local-density","false","1","1","2.25","1000","1000000","27832"
"68","true","local-density","false","1","1","2.25","1000","1000000","27089"
"67","true","local-density","false","1","1","2.25","1000","1000000","26118"
"69","true","local-density","false","1","1","2.25","1000","1000000","25980"
"70","true","local-density","false","1","1","2.25","1000","1000000","26953"
"71","true","local-density","false","1","1","2.25","1000","1000000","24966"
"72","true","local-density","false","1","1","2.25","1000","1000000","24810"
"73","true","local-density","false","1","1","2.25","1000","1000000","28494"
"74","true","local-density","false","1","1","2.25","1000","1000000","26940"
"76","true","local-density","false","1","1","2.25","1000","1000000","25886"
"75","true","local-density","false","1","1","2.25","1000","1000000","25386"
"77","true","local-density","false","1","1","2.25","1000","1000000","26913"
"78","true","local-density","false","1","1","2.25","1000","1000000","26439"
"79","true","local-density","false","1","1","2.25","1000","1000000","26721"
"80","true","local-density","false","1","1","2.25","1000","1000000","26453"
"81","true","local-density","false","1","1","2.25","1000","1000000","25633"
"82","true","local-density","false","1","1","2.25","1000","1000000","27856"
"83","true","local-density","false","1","1","2.25","1000","1000000","27100"
"84","true","local-density","false","1","1","2.25","1000","1000000","26612"
"85","true","local-density","false","1","1","2.25","1000","1000000","26493"
"86","true","local-density","false","1","1","2.25","1000","1000000","26956"
"87","true","local-density","false","1","1","2.25","1000","1000000","26357"
"88","true","local-density","false","1","1","2.25","1000","1000000","26891"
"89","true","local-density","false","1","1","2.25","1000","1000000","26321"
"90","true","local-density","false","1","1","2.25","1000","1000000","26685"
"91","true","local-density","false","1","1","2.25","1000","1000000","27621"
"92","true","local-density","false","1","1","2.25","1000","1000000","27294"
"93","true","local-density","false","1","1","2.25","1000","1000000","25846"
"94","true","local-density","false","1","1","2.25","1000","1000000","25969"
"95","true","local-density","false","1","1","2.25","1000","1000000","25534"
"96","true","local-density","false","1","1","2.25","1000","1000000","27465"
"97","true","local-density","false","1","1","2.25","1000","1000000","27176"
"98","true","local-density","false","1","1","2.25","1000","1000000","27566"
"100","true","local-density","false","1","1","2.25","1000","1000000","26607"
"99","true","local-density","false","1","1","2.25","1000","1000000","25165"
"101","true","local-density","false","1","1","2.25","1000","1000000","26924"
"102","true","local-density","false","1","1","2.25","1000","1000000","27657"
"103","true","local-density","false","1","1","2.25","1000","1000000","25628"
"104","true","local-density","false","1","1","2.25","1000","1000000","26164"
"105","true","local-density","false","1","1","2.25","1000","1000000","26703"
"106","true","local-density","false","1","1","2.25","1000","1000000","26152"
"107","true","local-density","false","1","1","2.25","1000","1000000","27824"
"108","true","local-density","false","1","1","2.25","1000","1000000","26120"
"109","true","local-density","false","1","1","2.25","1000","1000000","26588"
"110","true","local-density","false","1","1","2.25","1000","1000000","25335"
"111","true","local-density","false","1","1","2.25","1000","1000000","26460"
"112","true","local-density","false","1","1","2.25","1000","1000000","26474"
"113","true","local-density","false","1","1","2.25","1000","1000000","26265"
"114","true","local-density","false","1","1","2.25","1000","1000000","26243"
"115","true","local-density","false","1","1","2.25","1000","1000000","26852"
"116","true","local-density","false","1","1","2.25","1000","1000000","27249"
"117","true","local-density","false","1","1","2.25","1000","1000000","25875"
"118","true","local-density","false","1","1","2.25","1000","1000000","26815"
"119","true","local-density","false","1","1","2.25","1000","1000000","26294"
"120","true","local-density","false","1","1","2.25","1000","1000000","26518"
"121","true","local-density","false","2","1000","2.25","1000","1000000","20357"
"122","true","local-density","false","2","1000","2.25","1000","1000000","19721"
"123","true","local-density","false","2","1000","2.25","1000","1000000","20599"
"124","true","local-density","false","2","1000","2.25","1000","1000000","19953"
"125","true","local-density","false","2","1000","2.25","1000","1000000","20187"
"126","true","local-density","false","2","1000","2.25","1000","1000000","19832"
"127","true","local-density","false","2","1000","2.25","1000","1000000","20491"
"128","true","local-density","false","2","1000","2.25","1000","1000000","19895"
"129","true","local-density","false","2","1000","2.25","1000","1000000","19915"
"130","true","local-density","false","2","1000","2.25","1000","1000000","20494"
"131","true","local-density","false","2","1000","2.25","1000","1000000","20609"
"132","true","local-density","false","2","1000","2.25","1000","1000000","19711"
"133","true","local-density","false","2","1000","2.25","1000","1000000","20064"
"134","true","local-density","false","2","1000","2.25","1000","1000000","20301"
"137","true","local-density","false","2","1000","2.25","1000","1000000","20233"
"135","true","local-density","false","2","1000","2.25","1000","1000000","20245"
"136","true","local-density","false","2","1000","2.25","1000","1000000","20429"
"138","true","local-density","false","2","1000","2.25","1000","1000000","20077"
"139","true","local-density","false","2","1000","2.25","1000","1000000","19967"
"140","true","local-density","false","2","1000","2.25","1000","1000000","19350"
"141","true","local-density","false","2","1000","2.25","1000","1000000","19987"
"142","true","local-density","false","2","1000","2.25","1000","1000000","20582"
"143","true","local-density","false","2","1000","2.25","1000","1000000","20040"
"144","true","local-density","false","2","1000","2.25","1000","1000000","20600"
"145","true","local-density","false","2","1000","2.25","1000","1000000","19785"
"146","true","local-density","false","2","1000","2.25","1000","1000000","20246"
"147","true","local-density","false","2","1000","2.25","1000","1000000","20177"
"148","true","local-density","false","2","1000","2.25","1000","1000000","20523"
"149","true","local-density","false","2","1000","2.25","1000","1000000","20143"
"150","true","local-density","false","2","1000","2.25","1000","1000000","20457"
"151","true","local-density","false","2","1000","2.25","1000","1000000","20336"
"154","true","local-density","false","2","1000","2.25","1000","1000000","20233"
"155","true","local-density","false","2","1000","2.25","1000","1000000","19789"
"152","true","local-density","false","2","1000","2.25","1000","1000000","19621"
"153","true","local-density","false","2","1000","2.25","1000","1000000","19812"
"156","true","local-density","false","2","1000","2.25","1000","1000000","20069"
"157","true","local-density","false","2","1000","2.25","1000","1000000","20104"
"158","true","local-density","false","2","1000","2.25","1000","1000000","20208"
"159","true","local-density","false","2","1000","2.25","1000","1000000","19857"
"160","true","local-density","false","2","1000","2.25","1000","1000000","19598"
"161","true","local-density","false","2","1000","2.25","1000","1000000","20044"
"162","true","local-density","false","2","1000","2.25","1000","1000000","19717"
"163","true","local-density","false","2","1000","2.25","1000","1000000","20132"
"164","true","local-density","false","2","1000","2.25","1000","1000000","20580"
"165","true","local-density","false","2","1000","2.25","1000","1000000","20359"
"166","true","local-density","false","2","1000","2.25","1000","1000000","20659"
"167","true","local-density","false","2","1000","2.25","1000","1000000","20448"
"168","true","local-density","false","2","1000","2.25","1000","1000000","20421"
"169","true","local-density","false","2","1000","2.25","1000","1000000","20329"
"172","true","local-density","false","2","1000","2.25","1000","1000000","20158"
"170","true","local-density","false","2","1000","2.25","1000","1000000","20267"
"171","true","local-density","false","2","1000","2.25","1000","1000000","19667"
"173","true","local-density","false","2","1000","2.25","1000","1000000","19846"
"174","true","local-density","false","2","1000","2.25","1000","1000000","20317"
"175","true","local-density","false","2","1000","2.25","1000","1000000","19657"
"176","true","local-density","false","2","1000","2.25","1000","1000000","20258"
"177","true","local-density","false","2","1000","2.25","1000","1000000","19963"
"181","true","local-density","false","2","1","2.25","1000","1000000","33371"
"178","true","local-density","false","2","1000","2.25","1000","1000000","19740"
"182","true","local-density","false","2","1","2.25","1000","1000000","34614"
"179","true","local-density","false","2","1000","2.25","1000","1000000","20467"
"180","true","local-density","false","2","1000","2.25","1000","1000000","20001"
"183","true","local-density","false","2","1","2.25","1000","1000000","35413"
"184","true","local-density","false","2","1","2.25","1000","1000000","35190"
"185","true","local-density","false","2","1","2.25","1000","1000000","34047"
"186","true","local-density","false","2","1","2.25","1000","1000000","34161"
"187","true","local-density","false","2","1","2.25","1000","1000000","36597"
"188","true","local-density","false","2","1","2.25","1000","1000000","34965"
"189","true","local-density","false","2","1","2.25","1000","1000000","34880"
"191","true","local-density","false","2","1","2.25","1000","1000000","33455"
"190","true","local-density","false","2","1","2.25","1000","1000000","36156"
"192","true","local-density","false","2","1","2.25","1000","1000000","34153"
"193","true","local-density","false","2","1","2.25","1000","1000000","35868"
"194","true","local-density","false","2","1","2.25","1000","1000000","34631"
"195","true","local-density","false","2","1","2.25","1000","1000000","35047"
"196","true","local-density","false","2","1","2.25","1000","1000000","34203"
"197","true","local-density","false","2","1","2.25","1000","1000000","36190"
"198","true","local-density","false","2","1","2.25","1000","1000000","34052"
"199","true","local-density","false","2","1","2.25","1000","1000000","33809"
"200","true","local-density","false","2","1","2.25","1000","1000000","34043"
"201","true","local-density","false","2","1","2.25","1000","1000000","32825"
"203","true","local-density","false","2","1","2.25","1000","1000000","34414"
"202","true","local-density","false","2","1","2.25","1000","1000000","35913"
"204","true","local-density","false","2","1","2.25","1000","1000000","35700"
"205","true","local-density","false","2","1","2.25","1000","1000000","35194"
"206","true","local-density","false","2","1","2.25","1000","1000000","35503"
"207","true","local-density","false","2","1","2.25","1000","1000000","33349"
"208","true","local-density","false","2","1","2.25","1000","1000000","33319"
"209","true","local-density","false","2","1","2.25","1000","1000000","36319"
"210","true","local-density","false","2","1","2.25","1000","1000000","36403"
"211","true","local-density","false","2","1","2.25","1000","1000000","34404"
"212","true","local-density","false","2","1","2.25","1000","1000000","36159"
"213","true","local-density","false","2","1","2.25","1000","1000000","33915"
"214","true","local-density","false","2","1","2.25","1000","1000000","34641"
"215","true","local-density","false","2","1","2.25","1000","1000000","35098"
"216","true","local-density","false","2","1","2.25","1000","1000000","32496"
"217","true","local-density","false","2","1","2.25","1000","1000000","35510"
"218","true","local-density","false","2","1","2.25","1000","1000000","34591"
"219","true","local-density","false","2","1","2.25","1000","1000000","34566"
"220","true","local-density","false","2","1","2.25","1000","1000000","33738"
"221","true","local-density","false","2","1","2.25","1000","1000000","34897"
"222","true","local-density","false","2","1","2.25","1000","1000000","34514"
"223","true","local-density","false","2","1","2.25","1000","1000000","32822"
"224","true","local-density","false","2","1","2.25","1000","1000000","34622"
"225","true","local-density","false","2","1","2.25","1000","1000000","33498"
"226","true","local-density","false","2","1","2.25","1000","1000000","33641"
"227","true","local-density","false","2","1","2.25","1000","1000000","33326"
"228","true","local-density","false","2","1","2.25","1000","1000000","34501"
"229","true","local-density","false","2","1","2.25","1000","1000000","36097"
"230","true","local-density","false","2","1","2.25","1000","1000000","34529"
"231","true","local-density","false","2","1","2.25","1000","1000000","33349"
"232","true","local-density","false","2","1","2.25","1000","1000000","35022"
"233","true","local-density","false","2","1","2.25","1000","1000000","32343"
"234","true","local-density","false","2","1","2.25","1000","1000000","35593"
"235","true","local-density","false","2","1","2.25","1000","1000000","35612"
"236","true","local-density","false","2","1","2.25","1000","1000000","34992"
"238","true","local-density","false","2","1","2.25","1000","1000000","34264"
"237","true","local-density","false","2","1","2.25","1000","1000000","33825"
"240","true","local-density","false","2","1","2.25","1000","1000000","33199"
"239","true","local-density","false","2","1","2.25","1000","1000000","35011"
"241","true","local-density","false","3","1000","2.25","1000","1000000","21059"
"242","true","local-density","false","3","1000","2.25","1000","1000000","21018"
"243","true","local-density","false","3","1000","2.25","1000","1000000","21081"
"244","true","local-density","false","3","1000","2.25","1000","1000000","20825"
"245","true","local-density","false","3","1000","2.25","1000","1000000","20973"
"247","true","local-density","false","3","1000","2.25","1000","1000000","20969"
"246","true","local-density","false","3","1000","2.25","1000","1000000","20981"
"248","true","local-density","false","3","1000","2.25","1000","1000000","20757"
"249","true","local-density","false","3","1000","2.25","1000","1000000","20818"
"250","true","local-density","false","3","1000","2.25","1000","1000000","20945"
"252","true","local-density","false","3","1000","2.25","1000","1000000","21031"
"251","true","local-density","false","3","1000","2.25","1000","1000000","20807"
"253","true","local-density","false","3","1000","2.25","1000","1000000","20999"
"254","true","local-density","false","3","1000","2.25","1000","1000000","20883"
"255","true","local-density","false","3","1000","2.25","1000","1000000","20831"
"256","true","local-density","false","3","1000","2.25","1000","1000000","21004"
"257","true","local-density","false","3","1000","2.25","1000","1000000","20739"
"258","true","local-density","false","3","1000","2.25","1000","1000000","20879"
"259","true","local-density","false","3","1000","2.25","1000","1000000","20914"
"260","true","local-density","false","3","1000","2.25","1000","1000000","20850"
"261","true","local-density","false","3","1000","2.25","1000","1000000","20792"
"262","true","local-density","false","3","1000","2.25","1000","1000000","21131"
"265","true","local-density","false","3","1000","2.25","1000","1000000","21161"
"263","true","local-density","false","3","1000","2.25","1000","1000000","21010"
"264","true","local-density","false","3","1000","2.25","1000","1000000","20807"
"266","true","local-density","false","3","1000","2.25","1000","1000000","20799"
"267","true","local-density","false","3","1000","2.25","1000","1000000","20942"
"268","true","local-density","false","3","1000","2.25","1000","1000000","21002"
"269","true","local-density","false","3","1000","2.25","1000","1000000","21197"
"270","true","local-density","false","3","1000","2.25","1000","1000000","21168"
"271","true","local-density","false","3","1000","2.25","1000","1000000","21018"
"272","true","local-density","false","3","1000","2.25","1000","1000000","20839"
"273","true","local-density","false","3","1000","2.25","1000","1000000","20713"
"274","true","local-density","false","3","1000","2.25","1000","1000000","20920"
"275","true","local-density","false","3","1000","2.25","1000","1000000","21153"
"276","true","local-density","false","3","1000","2.25","1000","1000000","20956"
"277","true","local-density","false","3","1000","2.25","1000","1000000","20926"
"278","true","local-density","false","3","1000","2.25","1000","1000000","20852"
"279","true","local-density","false","3","1000","2.25","1000","1000000","21252"
"280","true","local-density","false","3","1000","2.25","1000","1000000","21123"
"282","true","local-density","false","3","1000","2.25","1000","1000000","20975"
"283","true","local-density","false","3","1000","2.25","1000","1000000","21080"
"285","true","local-density","false","3","1000","2.25","1000","1000000","20891"
"284","true","local-density","false","3","1000","2.25","1000","1000000","20861"
"281","true","local-density","false","3","1000","2.25","1000","1000000","20811"
"286","true","local-density","false","3","1000","2.25","1000","1000000","21085"
"287","true","local-density","false","3","1000","2.25","1000","1000000","20868"
"290","true","local-density","false","3","1000","2.25","1000","1000000","21086"
"289","true","local-density","false","3","1000","2.25","1000","1000000","21070"
"291","true","local-density","false","3","1000","2.25","1000","1000000","20915"
"288","true","local-density","false","3","1000","2.25","1000","1000000","20840"
"292","true","local-density","false","3","1000","2.25","1000","1000000","20920"
"294","true","local-density","false","3","1000","2.25","1000","1000000","20713"
"293","true","local-density","false","3","1000","2.25","1000","1000000","20832"
"295","true","local-density","false","3","1000","2.25","1000","1000000","21034"
"298","true","local-density","false","3","1000","2.25","1000","1000000","20982"
"301","true","local-density","false","3","1","2.25","1000","1000000","38614"
"296","true","local-density","false","3","1000","2.25","1000","1000000","20959"
"297","true","local-density","false","3","1000","2.25","1000","1000000","20801"
"300","true","local-density","false","3","1000","2.25","1000","1000000","21125"
"302","true","local-density","false","3","1","2.25","1000","1000000","38829"
"299","true","local-density","false","3","1000","2.25","1000","1000000","21181"
"303","true","local-density","false","3","1","2.25","1000","1000000","38856"
"304","true","local-density","false","3","1","2.25","1000","1000000","38788"
"306","true","local-density","false","3","1","2.25","1000","1000000","40407"
"305","true","local-density","false","3","1","2.25","1000","1000000","39400"
"307","true","local-density","false","3","1","2.25","1000","1000000","39899"
"308","true","local-density","false","3","1","2.25","1000","1000000","39729"
"309","true","local-density","false","3","1","2.25","1000","1000000","40057"
"310","true","local-density","false","3","1","2.25","1000","1000000","40338"
"311","true","local-density","false","3","1","2.25","1000","1000000","40529"
"314","true","local-density","false","3","1","2.25","1000","1000000","40073"
"313","true","local-density","false","3","1","2.25","1000","1000000","39782"
"312","true","local-density","false","3","1","2.25","1000","1000000","39585"
"315","true","local-density","false","3","1","2.25","1000","1000000","39940"
"316","true","local-density","false","3","1","2.25","1000","1000000","39830"
"317","true","local-density","false","3","1","2.25","1000","1000000","40605"
"318","true","local-density","false","3","1","2.25","1000","1000000","39442"
"319","true","local-density","false","3","1","2.25","1000","1000000","40555"
"320","true","local-density","false","3","1","2.25","1000","1000000","39595"
"321","true","local-density","false","3","1","2.25","1000","1000000","40108"
"323","true","local-density","false","3","1","2.25","1000","1000000","39919"
"322","true","local-density","false","3","1","2.25","1000","1000000","39285"
"324","true","local-density","false","3","1","2.25","1000","1000000","40929"
"326","true","local-density","false","3","1","2.25","1000","1000000","40608"
"325","true","local-density","false","3","1","2.25","1000","1000000","38343"
"327","true","local-density","false","3","1","2.25","1000","1000000","39353"
"328","true","local-density","false","3","1","2.25","1000","1000000","39576"
"330","true","local-density","false","3","1","2.25","1000","1000000","38853"
"329","true","local-density","false","3","1","2.25","1000","1000000","41362"
"331","true","local-density","false","3","1","2.25","1000","1000000","40009"
"332","true","local-density","false","3","1","2.25","1000","1000000","40113"
"333","true","local-density","false","3","1","2.25","1000","1000000","38924"
"334","true","local-density","false","3","1","2.25","1000","1000000","39871"
"335","true","local-density","false","3","1","2.25","1000","1000000","39771"
"336","true","local-density","false","3","1","2.25","1000","1000000","38825"
"337","true","local-density","false","3","1","2.25","1000","1000000","38147"
"338","true","local-density","false","3","1","2.25","1000","1000000","40334"
"339","true","local-density","false","3","1","2.25","1000","1000000","40021"
"340","true","local-density","false","3","1","2.25","1000","1000000","38531"
"341","true","local-density","false","3","1","2.25","1000","1000000","39425"
"342","true","local-density","false","3","1","2.25","1000","1000000","39440"
"343","true","local-density","false","3","1","2.25","1000","1000000","40998"
"345","true","local-density","false","3","1","2.25","1000","1000000","38751"
"344","true","local-density","false","3","1","2.25","1000","1000000","40218"
"346","true","local-density","false","3","1","2.25","1000","1000000","39371"
"347","true","local-density","false","3","1","2.25","1000","1000000","39843"
"348","true","local-density","false","3","1","2.25","1000","1000000","39287"
"349","true","local-density","false","3","1","2.25","1000","1000000","40278"
"350","true","local-density","false","3","1","2.25","1000","1000000","40492"
"351","true","local-density","false","3","1","2.25","1000","1000000","39392"
"353","true","local-density","false","3","1","2.25","1000","1000000","40072"
"352","true","local-density","false","3","1","2.25","1000","1000000","39000"
"355","true","local-density","false","3","1","2.25","1000","1000000","40712"
"354","true","local-density","false","3","1","2.25","1000","1000000","39453"
"356","true","local-density","false","3","1","2.25","1000","1000000","38386"
"357","true","local-density","false","3","1","2.25","1000","1000000","37879"
"358","true","local-density","false","3","1","2.25","1000","1000000","39493"
"359","true","local-density","false","3","1","2.25","1000","1000000","39047"
"360","true","local-density","false","3","1","2.25","1000","1000000","39600"
"361","true","local-density","false","4","1000","2.25","1000","1000000","20399"
"362","true","local-density","false","4","1000","2.25","1000","1000000","20336"
"363","true","local-density","false","4","1000","2.25","1000","1000000","20430"
"364","true","local-density","false","4","1000","2.25","1000","1000000","20414"
"367","true","local-density","false","4","1000","2.25","1000","1000000","20420"
"365","true","local-density","false","4","1000","2.25","1000","1000000","20268"
"366","true","local-density","false","4","1000","2.25","1000","1000000","20509"
"368","true","local-density","false","4","1000","2.25","1000","1000000","20409"
"370","true","local-density","false","4","1000","2.25","1000","1000000","20572"
"369","true","local-density","false","4","1000","2.25","1000","1000000","20445"
"371","true","local-density","false","4","1000","2.25","1000","1000000","20493"
"372","true","local-density","false","4","1000","2.25","1000","1000000","20423"
"373","true","local-density","false","4","1000","2.25","1000","1000000","20520"
"374","true","local-density","false","4","1000","2.25","1000","1000000","20327"
"375","true","local-density","false","4","1000","2.25","1000","1000000","20510"
"376","true","local-density","false","4","1000","2.25","1000","1000000","20585"
"377","true","local-density","false","4","1000","2.25","1000","1000000","20413"
"379","true","local-density","false","4","1000","2.25","1000","1000000","20360"
"378","true","local-density","false","4","1000","2.25","1000","1000000","20528"
"381","true","local-density","false","4","1000","2.25","1000","1000000","20439"
"380","true","local-density","false","4","1000","2.25","1000","1000000","20512"
"384","true","local-density","false","4","1000","2.25","1000","1000000","20407"
"382","true","local-density","false","4","1000","2.25","1000","1000000","20437"
"383","true","local-density","false","4","1000","2.25","1000","1000000","20550"
"385","true","local-density","false","4","1000","2.25","1000","1000000","20335"
"386","true","local-density","false","4","1000","2.25","1000","1000000","20401"
"387","true","local-density","false","4","1000","2.25","1000","1000000","20365"
"388","true","local-density","false","4","1000","2.25","1000","1000000","20477"
"389","true","local-density","false","4","1000","2.25","1000","1000000","20342"
"390","true","local-density","false","4","1000","2.25","1000","1000000","20376"
"391","true","local-density","false","4","1000","2.25","1000","1000000","20399"
"393","true","local-density","false","4","1000","2.25","1000","1000000","20363"
"394","true","local-density","false","4","1000","2.25","1000","1000000","20428"
"392","true","local-density","false","4","1000","2.25","1000","1000000","20320"
"395","true","local-density","false","4","1000","2.25","1000","1000000","20627"
"396","true","local-density","false","4","1000","2.25","1000","1000000","20493"
"397","true","local-density","false","4","1000","2.25","1000","1000000","20596"
"398","true","local-density","false","4","1000","2.25","1000","1000000","20390"
"400","true","local-density","false","4","1000","2.25","1000","1000000","20285"
"401","true","local-density","false","4","1000","2.25","1000","1000000","20310"
"399","true","local-density","false","4","1000","2.25","1000","1000000","20641"
"403","true","local-density","false","4","1000","2.25","1000","1000000","20392"
"402","true","local-density","false","4","1000","2.25","1000","1000000","20454"
"404","true","local-density","false","4","1000","2.25","1000","1000000","20339"
"405","true","local-density","false","4","1000","2.25","1000","1000000","20429"
"406","true","local-density","false","4","1000","2.25","1000","1000000","20338"
"407","true","local-density","false","4","1000","2.25","1000","1000000","20556"
"408","true","local-density","false","4","1000","2.25","1000","1000000","20352"
"410","true","local-density","false","4","1000","2.25","1000","1000000","20433"
"409","true","local-density","false","4","1000","2.25","1000","1000000","20217"
"412","true","local-density","false","4","1000","2.25","1000","1000000","20551"
"411","true","local-density","false","4","1000","2.25","1000","1000000","20252"
"413","true","local-density","false","4","1000","2.25","1000","1000000","20565"
"414","true","local-density","false","4","1000","2.25","1000","1000000","20414"
"415","true","local-density","false","4","1000","2.25","1000","1000000","20568"
"416","true","local-density","false","4","1000","2.25","1000","1000000","20345"
"417","true","local-density","false","4","1000","2.25","1000","1000000","20508"
"419","true","local-density","false","4","1000","2.25","1000","1000000","20711"
"418","true","local-density","false","4","1000","2.25","1000","1000000","20453"
"421","true","local-density","false","4","1","2.25","1000","1000000","37823"
"422","true","local-density","false","4","1","2.25","1000","1000000","37142"
"420","true","local-density","false","4","1000","2.25","1000","1000000","20582"
"423","true","local-density","false","4","1","2.25","1000","1000000","37452"
"424","true","local-density","false","4","1","2.25","1000","1000000","38129"
"425","true","local-density","false","4","1","2.25","1000","1000000","37408"
"426","true","local-density","false","4","1","2.25","1000","1000000","37142"
"428","true","local-density","false","4","1","2.25","1000","1000000","37191"
"427","true","local-density","false","4","1","2.25","1000","1000000","37242"
"429","true","local-density","false","4","1","2.25","1000","1000000","38406"
"430","true","local-density","false","4","1","2.25","1000","1000000","37173"
"431","true","local-density","false","4","1","2.25","1000","1000000","37037"
"432","true","local-density","false","4","1","2.25","1000","1000000","37281"
"433","true","local-density","false","4","1","2.25","1000","1000000","37416"
"434","true","local-density","false","4","1","2.25","1000","1000000","38174"
"435","true","local-density","false","4","1","2.25","1000","1000000","37685"
"436","true","local-density","false","4","1","2.25","1000","1000000","37565"
"437","true","local-density","false","4","1","2.25","1000","1000000","37235"
"438","true","local-density","false","4","1","2.25","1000","1000000","37146"
"439","true","local-density","false","4","1","2.25","1000","1000000","37796"
"440","true","local-density","false","4","1","2.25","1000","1000000","37178"
"441","true","local-density","false","4","1","2.25","1000","1000000","38593"
"442","true","local-density","false","4","1","2.25","1000","1000000","36713"
"443","true","local-density","false","4","1","2.25","1000","1000000","37027"
"444","true","local-density","false","4","1","2.25","1000","1000000","37191"
"445","true","local-density","false","4","1","2.25","1000","1000000","37951"
"446","true","local-density","false","4","1","2.25","1000","1000000","37452"
"447","true","local-density","false","4","1","2.25","1000","1000000","36917"
"448","true","local-density","false","4","1","2.25","1000","1000000","37566"
"449","true","local-density","false","4","1","2.25","1000","1000000","37725"
"450","true","local-density","false","4","1","2.25","1000","1000000","37694"
"451","true","local-density","false","4","1","2.25","1000","1000000","37799"
"452","true","local-density","false","4","1","2.25","1000","1000000","37616"
"453","true","local-density","false","4","1","2.25","1000","1000000","37801"
"454","true","local-density","false","4","1","2.25","1000","1000000","37841"
"455","true","local-density","false","4","1","2.25","1000","1000000","37878"
"456","true","local-density","false","4","1","2.25","1000","1000000","37820"
"457","true","local-density","false","4","1","2.25","1000","1000000","37474"
"458","true","local-density","false","4","1","2.25","1000","1000000","36932"
"459","true","local-density","false","4","1","2.25","1000","1000000","37282"
"460","true","local-density","false","4","1","2.25","1000","1000000","37332"
"461","true","local-density","false","4","1","2.25","1000","1000000","37039"
"462","true","local-density","false","4","1","2.25","1000","1000000","37362"
"463","true","local-density","false","4","1","2.25","1000","1000000","36938"
"464","true","local-density","false","4","1","2.25","1000","1000000","36656"
"465","true","local-density","false","4","1","2.25","1000","1000000","37252"
"466","true","local-density","false","4","1","2.25","1000","1000000","37927"
"467","true","local-density","false","4","1","2.25","1000","1000000","37778"
"468","true","local-density","false","4","1","2.25","1000","1000000","37241"
"469","true","local-density","false","4","1","2.25","1000","1000000","38100"
"470","true","local-density","false","4","1","2.25","1000","1000000","37514"
"471","true","local-density","false","4","1","2.25","1000","1000000","37122"
"472","true","local-density","false","4","1","2.25","1000","1000000","38625"
"473","true","local-density","false","4","1","2.25","1000","1000000","37853"
"474","true","local-density","false","4","1","2.25","1000","1000000","36872"
"475","true","local-density","false","4","1","2.25","1000","1000000","37389"
"476","true","local-density","false","4","1","2.25","1000","1000000","37573"
"477","true","local-density","false","4","1","2.25","1000","1000000","37777"
"478","true","local-density","false","4","1","2.25","1000","1000000","37434"
"479","true","local-density","false","4","1","2.25","1000","1000000","36870"
"480","true","local-density","false","4","1","2.25","1000","1000000","37127"
"481","true","local-density","false","5","1000","2.25","1000","1000000","20071"
"482","true","local-density","false","5","1000","2.25","1000","1000000","19999"
"483","true","local-density","false","5","1000","2.25","1000","1000000","19999"
"485","true","local-density","false","5","1000","2.25","1000","1000000","20150"
"484","true","local-density","false","5","1000","2.25","1000","1000000","20022"
"487","true","local-density","false","5","1000","2.25","1000","1000000","19921"
"486","true","local-density","false","5","1000","2.25","1000","1000000","20067"
"488","true","local-density","false","5","1000","2.25","1000","1000000","20031"
"490","true","local-density","false","5","1000","2.25","1000","1000000","19891"
"489","true","local-density","false","5","1000","2.25","1000","1000000","20014"
"491","true","local-density","false","5","1000","2.25","1000","1000000","20034"
"492","true","local-density","false","5","1000","2.25","1000","1000000","20026"
"494","true","local-density","false","5","1000","2.25","1000","1000000","20194"
"493","true","local-density","false","5","1000","2.25","1000","1000000","20063"
"496","true","local-density","false","5","1000","2.25","1000","1000000","20061"
"495","true","local-density","false","5","1000","2.25","1000","1000000","20125"
"497","true","local-density","false","5","1000","2.25","1000","1000000","19868"
"498","true","local-density","false","5","1000","2.25","1000","1000000","20016"
"500","true","local-density","false","5","1000","2.25","1000","1000000","20094"
"499","true","local-density","false","5","1000","2.25","1000","1000000","20160"
"501","true","local-density","false","5","1000","2.25","1000","1000000","20052"
"502","true","local-density","false","5","1000","2.25","1000","1000000","20240"
"503","true","local-density","false","5","1000","2.25","1000","1000000","20078"
"505","true","local-density","false","5","1000","2.25","1000","1000000","20086"
"504","true","local-density","false","5","1000","2.25","1000","1000000","20216"
"506","true","local-density","false","5","1000","2.25","1000","1000000","20074"
"507","true","local-density","false","5","1000","2.25","1000","1000000","20154"
"508","true","local-density","false","5","1000","2.25","1000","1000000","20132"
"509","true","local-density","false","5","1000","2.25","1000","1000000","20029"
"511","true","local-density","false","5","1000","2.25","1000","1000000","20201"
"510","true","local-density","false","5","1000","2.25","1000","1000000","19952"
"512","true","local-density","false","5","1000","2.25","1000","1000000","19970"
"514","true","local-density","false","5","1000","2.25","1000","1000000","19857"
"515","true","local-density","false","5","1000","2.25","1000","1000000","20077"
"513","true","local-density","false","5","1000","2.25","1000","1000000","19954"
"516","true","local-density","false","5","1000","2.25","1000","1000000","20105"
"517","true","local-density","false","5","1000","2.25","1000","1000000","19911"
"518","true","local-density","false","5","1000","2.25","1000","1000000","20017"
"519","true","local-density","false","5","1000","2.25","1000","1000000","19915"
"520","true","local-density","false","5","1000","2.25","1000","1000000","20085"
"522","true","local-density","false","5","1000","2.25","1000","1000000","20016"
"521","true","local-density","false","5","1000","2.25","1000","1000000","19946"
"524","true","local-density","false","5","1000","2.25","1000","1000000","19994"
"523","true","local-density","false","5","1000","2.25","1000","1000000","20080"
"525","true","local-density","false","5","1000","2.25","1000","1000000","20048"
"526","true","local-density","false","5","1000","2.25","1000","1000000","20156"
"528","true","local-density","false","5","1000","2.25","1000","1000000","19957"
"527","true","local-density","false","5","1000","2.25","1000","1000000","19994"
"529","true","local-density","false","5","1000","2.25","1000","1000000","20049"
"530","true","local-density","false","5","1000","2.25","1000","1000000","20019"
"531","true","local-density","false","5","1000","2.25","1000","1000000","19922"
"533","true","local-density","false","5","1000","2.25","1000","1000000","20009"
"532","true","local-density","false","5","1000","2.25","1000","1000000","19944"
"534","true","local-density","false","5","1000","2.25","1000","1000000","20110"
"535","true","local-density","false","5","1000","2.25","1000","1000000","19800"
"537","true","local-density","false","5","1000","2.25","1000","1000000","20027"
"538","true","local-density","false","5","1000","2.25","1000","1000000","20114"
"536","true","local-density","false","5","1000","2.25","1000","1000000","20081"
"540","true","local-density","false","5","1000","2.25","1000","1000000","20072"
"539","true","local-density","false","5","1000","2.25","1000","1000000","19881"
"541","true","local-density","false","5","1","2.25","1000","1000000","35022"
"542","true","local-density","false","5","1","2.25","1000","1000000","35333"
"543","true","local-density","false","5","1","2.25","1000","1000000","35220"
"544","true","local-density","false","5","1","2.25","1000","1000000","35254"
"545","true","local-density","false","5","1","2.25","1000","1000000","34866"
"546","true","local-density","false","5","1","2.25","1000","1000000","35406"
"547","true","local-density","false","5","1","2.25","1000","1000000","34912"
"548","true","local-density","false","5","1","2.25","1000","1000000","35021"
"549","true","local-density","false","5","1","2.25","1000","1000000","34836"
"550","true","local-density","false","5","1","2.25","1000","1000000","35124"
"551","true","local-density","false","5","1","2.25","1000","1000000","34783"
"552","true","local-density","false","5","1","2.25","1000","1000000","35306"
"553","true","local-density","false","5","1","2.25","1000","1000000","34565"
"554","true","local-density","false","5","1","2.25","1000","1000000","35279"
"555","true","local-density","false","5","1","2.25","1000","1000000","35058"
"556","true","local-density","false","5","1","2.25","1000","1000000","34770"
"557","true","local-density","false","5","1","2.25","1000","1000000","34918"
"558","true","local-density","false","5","1","2.25","1000","1000000","35057"
"559","true","local-density","false","5","1","2.25","1000","1000000","34582"
"560","true","local-density","false","5","1","2.25","1000","1000000","34953"
"561","true","local-density","false","5","1","2.25","1000","1000000","34701"
"562","true","local-density","false","5","1","2.25","1000","1000000","35209"
"563","true","local-density","false","5","1","2.25","1000","1000000","35201"
"564","true","local-density","false","5","1","2.25","1000","1000000","35639"
"565","true","local-density","false","5","1","2.25","1000","1000000","35273"
"566","true","local-density","false","5","1","2.25","1000","1000000","35102"
"567","true","local-density","false","5","1","2.25","1000","1000000","35112"
"568","true","local-density","false","5","1","2.25","1000","1000000","34753"
"569","true","local-density","false","5","1","2.25","1000","1000000","34511"
"570","true","local-density","false","5","1","2.25","1000","1000000","34920"
"571","true","local-density","false","5","1","2.25","1000","1000000","35244"
"572","true","local-density","false","5","1","2.25","1000","1000000","35170"
"573","true","local-density","false","5","1","2.25","1000","1000000","34903"
"574","true","local-density","false","5","1","2.25","1000","1000000","35409"
"575","true","local-density","false","5","1","2.25","1000","1000000","35091"
"576","true","local-density","false","5","1","2.25","1000","1000000","34914"
"577","true","local-density","false","5","1","2.25","1000","1000000","35142"
"578","true","local-density","false","5","1","2.25","1000","1000000","34831"
"579","true","local-density","false","5","1","2.25","1000","1000000","34717"
"580","true","local-density","false","5","1","2.25","1000","1000000","34782"
"581","true","local-density","false","5","1","2.25","1000","1000000","35286"
"582","true","local-density","false","5","1","2.25","1000","1000000","35233"
"583","true","local-density","false","5","1","2.25","1000","1000000","34904"
"584","true","local-density","false","5","1","2.25","1000","1000000","35180"
"585","true","local-density","false","5","1","2.25","1000","1000000","35045"
"586","true","local-density","false","5","1","2.25","1000","1000000","34801"
"587","true","local-density","false","5","1","2.25","1000","1000000","35158"
"588","true","local-density","false","5","1","2.25","1000","1000000","35067"
"589","true","local-density","false","5","1","2.25","1000","1000000","34834"
"590","true","local-density","false","5","1","2.25","1000","1000000","35046"
"591","true","local-density","false","5","1","2.25","1000","1000000","34859"
"592","true","local-density","false","5","1","2.25","1000","1000000","35124"
"593","true","local-density","false","5","1","2.25","1000","1000000","35056"
"594","true","local-density","false","5","1","2.25","1000","1000000","34987"
"595","true","local-density","false","5","1","2.25","1000","1000000","35398"
"596","true","local-density","false","5","1","2.25","1000","1000000","35609"
"597","true","local-density","false","5","1","2.25","1000","1000000","35377"
"598","true","local-density","false","5","1","2.25","1000","1000000","35010"
"599","true","local-density","false","5","1","2.25","1000","1000000","34803"
"600","true","local-density","false","5","1","2.25","1000","1000000","35052"
"601","true","local-density","false","6","1000","2.25","1000","1000000","19633"
"603","true","local-density","false","6","1000","2.25","1000","1000000","19620"
"602","true","local-density","false","6","1000","2.25","1000","1000000","19749"
"604","true","local-density","false","6","1000","2.25","1000","1000000","19654"
"606","true","local-density","false","6","1000","2.25","1000","1000000","19582"
"605","true","local-density","false","6","1000","2.25","1000","1000000","19610"
"607","true","local-density","false","6","1000","2.25","1000","1000000","19596"
"608","true","local-density","false","6","1000","2.25","1000","1000000","19587"
"609","true","local-density","false","6","1000","2.25","1000","1000000","19599"
"610","true","local-density","false","6","1000","2.25","1000","1000000","19647"
"612","true","local-density","false","6","1000","2.25","1000","1000000","19718"
"611","true","local-density","false","6","1000","2.25","1000","1000000","19511"
"613","true","local-density","false","6","1000","2.25","1000","1000000","19629"
"615","true","local-density","false","6","1000","2.25","1000","1000000","19635"
"614","true","local-density","false","6","1000","2.25","1000","1000000","19688"
"616","true","local-density","false","6","1000","2.25","1000","1000000","19726"
"618","true","local-density","false","6","1000","2.25","1000","1000000","19774"
"617","true","local-density","false","6","1000","2.25","1000","1000000","19660"
"619","true","local-density","false","6","1000","2.25","1000","1000000","19714"
"621","true","local-density","false","6","1000","2.25","1000","1000000","19723"
"620","true","local-density","false","6","1000","2.25","1000","1000000","19776"
"622","true","local-density","false","6","1000","2.25","1000","1000000","19831"
"624","true","local-density","false","6","1000","2.25","1000","1000000","19804"
"623","true","local-density","false","6","1000","2.25","1000","1000000","19606"
"625","true","local-density","false","6","1000","2.25","1000","1000000","19877"
"626","true","local-density","false","6","1000","2.25","1000","1000000","19618"
"627","true","local-density","false","6","1000","2.25","1000","1000000","19737"
"628","true","local-density","false","6","1000","2.25","1000","1000000","19743"
"630","true","local-density","false","6","1000","2.25","1000","1000000","19602"
"629","true","local-density","false","6","1000","2.25","1000","1000000","19640"
"631","true","local-density","false","6","1000","2.25","1000","1000000","19716"
"632","true","local-density","false","6","1000","2.25","1000","1000000","19722"
"633","true","local-density","false","6","1000","2.25","1000","1000000","19582"
"634","true","local-density","false","6","1000","2.25","1000","1000000","19660"
"636","true","local-density","false","6","1000","2.25","1000","1000000","19583"
"635","true","local-density","false","6","1000","2.25","1000","1000000","19810"
"637","true","local-density","false","6","1000","2.25","1000","1000000","19829"
"639","true","local-density","false","6","1000","2.25","1000","1000000","19731"
"638","true","local-density","false","6","1000","2.25","1000","1000000","19582"
"641","true","local-density","false","6","1000","2.25","1000","1000000","19723"
"642","true","local-density","false","6","1000","2.25","1000","1000000","19605"
"640","true","local-density","false","6","1000","2.25","1000","1000000","19805"
"643","true","local-density","false","6","1000","2.25","1000","1000000","19762"
"644","true","local-density","false","6","1000","2.25","1000","1000000","19728"
"645","true","local-density","false","6","1000","2.25","1000","1000000","19825"
"646","true","local-density","false","6","1000","2.25","1000","1000000","19621"
"647","true","local-density","false","6","1000","2.25","1000","1000000","19751"
"648","true","local-density","false","6","1000","2.25","1000","1000000","19553"
"649","true","local-density","false","6","1000","2.25","1000","1000000","19676"
"650","true","local-density","false","6","1000","2.25","1000","1000000","19841"
"651","true","local-density","false","6","1000","2.25","1000","1000000","19621"
"652","true","local-density","false","6","1000","2.25","1000","1000000","19660"
"653","true","local-density","false","6","1000","2.25","1000","1000000","19703"
"654","true","local-density","false","6","1000","2.25","1000","1000000","19638"
"656","true","local-density","false","6","1000","2.25","1000","1000000","19672"
"655","true","local-density","false","6","1000","2.25","1000","1000000","19733"
"657","true","local-density","false","6","1000","2.25","1000","1000000","19645"
"661","true","local-density","false","6","1","2.25","1000","1000000","33718"
"662","true","local-density","false","6","1","2.25","1000","1000000","33589"
"659","true","local-density","false","6","1000","2.25","1000","1000000","19639"
"658","true","local-density","false","6","1000","2.25","1000","1000000","19599"
"660","true","local-density","false","6","1000","2.25","1000","1000000","19821"
"663","true","local-density","false","6","1","2.25","1000","1000000","33541"
"664","true","local-density","false","6","1","2.25","1000","1000000","33476"
"665","true","local-density","false","6","1","2.25","1000","1000000","33638"
"666","true","local-density","false","6","1","2.25","1000","1000000","33188"
"667","true","local-density","false","6","1","2.25","1000","1000000","33718"
"668","true","local-density","false","6","1","2.25","1000","1000000","33454"
"669","true","local-density","false","6","1","2.25","1000","1000000","33410"
"670","true","local-density","false","6","1","2.25","1000","1000000","33516"
"671","true","local-density","false","6","1","2.25","1000","1000000","33474"
"673","true","local-density","false","6","1","2.25","1000","1000000","33441"
"672","true","local-density","false","6","1","2.25","1000","1000000","33861"
"674","true","local-density","false","6","1","2.25","1000","1000000","33419"
"676","true","local-density","false","6","1","2.25","1000","1000000","33605"
"675","true","local-density","false","6","1","2.25","1000","1000000","33278"
"677","true","local-density","false","6","1","2.25","1000","1000000","33410"
"678","true","local-density","false","6","1","2.25","1000","1000000","33537"
"679","true","local-density","false","6","1","2.25","1000","1000000","33247"
"680","true","local-density","false","6","1","2.25","1000","1000000","33405"
"681","true","local-density","false","6","1","2.25","1000","1000000","33193"
"682","true","local-density","false","6","1","2.25","1000","1000000","33287"
"684","true","local-density","false","6","1","2.25","1000","1000000","33288"
"683","true","local-density","false","6","1","2.25","1000","1000000","33257"
"686","true","local-density","false","6","1","2.25","1000","1000000","33042"
"685","true","local-density","false","6","1","2.25","1000","1000000","33627"
"687","true","local-density","false","6","1","2.25","1000","1000000","33528"
"688","true","local-density","false","6","1","2.25","1000","1000000","33813"
"689","true","local-density","false","6","1","2.25","1000","1000000","33773"
"690","true","local-density","false","6","1","2.25","1000","1000000","33433"
"691","true","local-density","false","6","1","2.25","1000","1000000","33142"
"692","true","local-density","false","6","1","2.25","1000","1000000","33486"
"694","true","local-density","false","6","1","2.25","1000","1000000","33263"
"693","true","local-density","false","6","1","2.25","1000","1000000","33361"
"695","true","local-density","false","6","1","2.25","1000","1000000","33807"
"696","true","local-density","false","6","1","2.25","1000","1000000","33350"
"697","true","local-density","false","6","1","2.25","1000","1000000","33211"
"699","true","local-density","false","6","1","2.25","1000","1000000","33580"
"698","true","local-density","false","6","1","2.25","1000","1000000","33480"
"700","true","local-density","false","6","1","2.25","1000","1000000","33207"
"702","true","local-density","false","6","1","2.25","1000","1000000","33317"
"701","true","local-density","false","6","1","2.25","1000","1000000","33449"
"703","true","local-density","false","6","1","2.25","1000","1000000","33707"
"704","true","local-density","false","6","1","2.25","1000","1000000","33159"
"705","true","local-density","false","6","1","2.25","1000","1000000","33069"
"707","true","local-density","false","6","1","2.25","1000","1000000","33178"
"706","true","local-density","false","6","1","2.25","1000","1000000","33546"
"708","true","local-density","false","6","1","2.25","1000","1000000","33808"
"709","true","local-density","false","6","1","2.25","1000","1000000","33318"
"710","true","local-density","false","6","1","2.25","1000","1000000","33098"
"711","true","local-density","false","6","1","2.25","1000","1000000","33437"
"712","true","local-density","false","6","1","2.25","1000","1000000","33425"
"713","true","local-density","false","6","1","2.25","1000","1000000","33782"
"714","true","local-density","false","6","1","2.25","1000","1000000","33420"
"715","true","local-density","false","6","1","2.25","1000","1000000","33407"
"716","true","local-density","false","6","1","2.25","1000","1000000","33615"
"717","true","local-density","false","6","1","2.25","1000","1000000","33349"
"718","true","local-density","false","6","1","2.25","1000","1000000","33235"
"719","true","local-density","false","6","1","2.25","1000","1000000","33432"
"720","true","local-density","false","6","1","2.25","1000","1000000","33253"
"722","true","local-density","false","7","1000","2.25","1000","1000000","19472"
"721","true","local-density","false","7","1000","2.25","1000","1000000","19494"
"723","true","local-density","false","7","1000","2.25","1000","1000000","19384"
"724","true","local-density","false","7","1000","2.25","1000","1000000","19606"
"725","true","local-density","false","7","1000","2.25","1000","1000000","19554"
"726","true","local-density","false","7","1000","2.25","1000","1000000","19582"
"727","true","local-density","false","7","1000","2.25","1000","1000000","19623"
"728","true","local-density","false","7","1000","2.25","1000","1000000","19530"
"729","true","local-density","false","7","1000","2.25","1000","1000000","19658"
"731","true","local-density","false","7","1000","2.25","1000","1000000","19485"
"732","true","local-density","false","7","1000","2.25","1000","1000000","19599"
"730","true","local-density","false","7","1000","2.25","1000","1000000","19578"
"733","true","local-density","false","7","1000","2.25","1000","1000000","19471"
"735","true","local-density","false","7","1000","2.25","1000","1000000","19566"
"734","true","local-density","false","7","1000","2.25","1000","1000000","19623"
"736","true","local-density","false","7","1000","2.25","1000","1000000","19451"
"738","true","local-density","false","7","1000","2.25","1000","1000000","19630"
"737","true","local-density","false","7","1000","2.25","1000","1000000","19484"
"739","true","local-density","false","7","1000","2.25","1000","1000000","19521"
"740","true","local-density","false","7","1000","2.25","1000","1000000","19576"
"741","true","local-density","false","7","1000","2.25","1000","1000000","19589"
"742","true","local-density","false","7","1000","2.25","1000","1000000","19611"
"744","true","local-density","false","7","1000","2.25","1000","1000000","19497"
"743","true","local-density","false","7","1000","2.25","1000","1000000","19574"
"745","true","local-density","false","7","1000","2.25","1000","1000000","19680"
"746","true","local-density","false","7","1000","2.25","1000","1000000","19679"
"747","true","local-density","false","7","1000","2.25","1000","1000000","19543"
"750","true","local-density","false","7","1000","2.25","1000","1000000","19300"
"749","true","local-density","false","7","1000","2.25","1000","1000000","19526"
"748","true","local-density","false","7","1000","2.25","1000","1000000","19670"
"751","true","local-density","false","7","1000","2.25","1000","1000000","19519"
"752","true","local-density","false","7","1000","2.25","1000","1000000","19647"
"753","true","local-density","false","7","1000","2.25","1000","1000000","19499"
"754","true","local-density","false","7","1000","2.25","1000","1000000","19528"
"755","true","local-density","false","7","1000","2.25","1000","1000000","19554"
"756","true","local-density","false","7","1000","2.25","1000","1000000","19470"
"757","true","local-density","false","7","1000","2.25","1000","1000000","19629"
"758","true","local-density","false","7","1000","2.25","1000","1000000","19599"
"759","true","local-density","false","7","1000","2.25","1000","1000000","19460"
"761","true","local-density","false","7","1000","2.25","1000","1000000","19504"
"762","true","local-density","false","7","1000","2.25","1000","1000000","19494"
"760","true","local-density","false","7","1000","2.25","1000","1000000","19521"
"763","true","local-density","false","7","1000","2.25","1000","1000000","19658"
"764","true","local-density","false","7","1000","2.25","1000","1000000","19505"
"765","true","local-density","false","7","1000","2.25","1000","1000000","19526"
"766","true","local-density","false","7","1000","2.25","1000","1000000","19558"
"767","true","local-density","false","7","1000","2.25","1000","1000000","19447"
"768","true","local-density","false","7","1000","2.25","1000","1000000","19541"
"769","true","local-density","false","7","1000","2.25","1000","1000000","19566"
"771","true","local-density","false","7","1000","2.25","1000","1000000","19565"
"770","true","local-density","false","7","1000","2.25","1000","1000000","19551"
"772","true","local-density","false","7","1000","2.25","1000","1000000","19584"
"773","true","local-density","false","7","1000","2.25","1000","1000000","19442"
"775","true","local-density","false","7","1000","2.25","1000","1000000","19647"
"774","true","local-density","false","7","1000","2.25","1000","1000000","19451"
"776","true","local-density","false","7","1000","2.25","1000","1000000","19557"
"777","true","local-density","false","7","1000","2.25","1000","1000000","19555"
"778","true","local-density","false","7","1000","2.25","1000","1000000","19518"
"780","true","local-density","false","7","1000","2.25","1000","1000000","19517"
"781","true","local-density","false","7","1","2.25","1000","1000000","32802"
"779","true","local-density","false","7","1000","2.25","1000","1000000","19542"
"782","true","local-density","false","7","1","2.25","1000","1000000","32934"
"784","true","local-density","false","7","1","2.25","1000","1000000","32957"
"783","true","local-density","false","7","1","2.25","1000","1000000","32794"
"785","true","local-density","false","7","1","2.25","1000","1000000","32919"
"786","true","local-density","false","7","1","2.25","1000","1000000","32793"
"787","true","local-density","false","7","1","2.25","1000","1000000","32865"
"788","true","local-density","false","7","1","2.25","1000","1000000","32709"
"789","true","local-density","false","7","1","2.25","1000","1000000","32915"
"790","true","local-density","false","7","1","2.25","1000","1000000","32714"
"791","true","local-density","false","7","1","2.25","1000","1000000","33096"
"792","true","local-density","false","7","1","2.25","1000","1000000","32925"
"793","true","local-density","false","7","1","2.25","1000","1000000","33121"
"794","true","local-density","false","7","1","2.25","1000","1000000","33006"
"795","true","local-density","false","7","1","2.25","1000","1000000","32785"
"796","true","local-density","false","7","1","2.25","1000","1000000","33191"
"797","true","local-density","false","7","1","2.25","1000","1000000","33119"
"798","true","local-density","false","7","1","2.25","1000","1000000","32896"
"799","true","local-density","false","7","1","2.25","1000","1000000","33074"
"800","true","local-density","false","7","1","2.25","1000","1000000","33283"
"801","true","local-density","false","7","1","2.25","1000","1000000","32843"
"803","true","local-density","false","7","1","2.25","1000","1000000","33114"
"802","true","local-density","false","7","1","2.25","1000","1000000","32850"
"804","true","local-density","false","7","1","2.25","1000","1000000","32898"
"805","true","local-density","false","7","1","2.25","1000","1000000","32648"
"806","true","local-density","false","7","1","2.25","1000","1000000","32570"
"807","true","local-density","false","7","1","2.25","1000","1000000","33014"
"808","true","local-density","false","7","1","2.25","1000","1000000","33045"
"809","true","local-density","false","7","1","2.25","1000","1000000","32913"
"810","true","local-density","false","7","1","2.25","1000","1000000","32779"
"811","true","local-density","false","7","1","2.25","1000","1000000","32989"
"812","true","local-density","false","7","1","2.25","1000","1000000","33189"
"813","true","local-density","false","7","1","2.25","1000","1000000","32955"
"814","true","local-density","false","7","1","2.25","1000","1000000","33083"
"815","true","local-density","false","7","1","2.25","1000","1000000","32986"
"816","true","local-density","false","7","1","2.25","1000","1000000","33199"
"817","true","local-density","false","7","1","2.25","1000","1000000","32723"
"819","true","local-density","false","7","1","2.25","1000","1000000","32934"
"818","true","local-density","false","7","1","2.25","1000","1000000","32665"
"820","true","local-density","false","7","1","2.25","1000","1000000","32824"
"821","true","local-density","false","7","1","2.25","1000","1000000","32680"
"822","true","local-density","false","7","1","2.25","1000","1000000","32747"
"823","true","local-density","false","7","1","2.25","1000","1000000","33145"
"825","true","local-density","false","7","1","2.25","1000","1000000","32913"
"824","true","local-density","false","7","1","2.25","1000","1000000","32805"
"826","true","local-density","false","7","1","2.25","1000","1000000","32675"
"827","true","local-density","false","7","1","2.25","1000","1000000","33063"
"828","true","local-density","false","7","1","2.25","1000","1000000","32810"
"829","true","local-density","false","7","1","2.25","1000","1000000","33239"
"831","true","local-density","false","7","1","2.25","1000","1000000","32889"
"830","true","local-density","false","7","1","2.25","1000","1000000","33084"
"832","true","local-density","false","7","1","2.25","1000","1000000","32803"
"833","true","local-density","false","7","1","2.25","1000","1000000","33150"
"834","true","local-density","false","7","1","2.25","1000","1000000","33056"
"835","true","local-density","false","7","1","2.25","1000","1000000","32876"
"836","true","local-density","false","7","1","2.25","1000","1000000","32917"
"837","true","local-density","false","7","1","2.25","1000","1000000","33057"
"838","true","local-density","false","7","1","2.25","1000","1000000","33225"
"839","true","local-density","false","7","1","2.25","1000","1000000","32838"
"840","true","local-density","false","7","1","2.25","1000","1000000","33062"
"841","true","local-density","false","8","1000","2.25","1000","1000000","19402"
"842","true","local-density","false","8","1000","2.25","1000","1000000","19170"
"843","true","local-density","false","8","1000","2.25","1000","1000000","19132"
"844","true","local-density","false","8","1000","2.25","1000","1000000","19137"
"846","true","local-density","false","8","1000","2.25","1000","1000000","19358"
"847","true","local-density","false","8","1000","2.25","1000","1000000","19151"
"848","true","local-density","false","8","1000","2.25","1000","1000000","19485"
"845","true","local-density","false","8","1000","2.25","1000","1000000","19311"
"850","true","local-density","false","8","1000","2.25","1000","1000000","19305"
"851","true","local-density","false","8","1000","2.25","1000","1000000","19184"
"849","true","local-density","false","8","1000","2.25","1000","1000000","19145"
"852","true","local-density","false","8","1000","2.25","1000","1000000","19293"
"853","true","local-density","false","8","1000","2.25","1000","1000000","19376"
"855","true","local-density","false","8","1000","2.25","1000","1000000","19508"
"854","true","local-density","false","8","1000","2.25","1000","1000000","19282"
"856","true","local-density","false","8","1000","2.25","1000","1000000","19266"
"857","true","local-density","false","8","1000","2.25","1000","1000000","19515"
"858","true","local-density","false","8","1000","2.25","1000","1000000","19179"
"859","true","local-density","false","8","1000","2.25","1000","1000000","19228"
"861","true","local-density","false","8","1000","2.25","1000","1000000","19281"
"860","true","local-density","false","8","1000","2.25","1000","1000000","19335"
"862","true","local-density","false","8","1000","2.25","1000","1000000","19058"
"863","true","local-density","false","8","1000","2.25","1000","1000000","19397"
"864","true","local-density","false","8","1000","2.25","1000","1000000","19117"
"865","true","local-density","false","8","1000","2.25","1000","1000000","19240"
"866","true","local-density","false","8","1000","2.25","1000","1000000","19085"
"868","true","local-density","false","8","1000","2.25","1000","1000000","19398"
"867","true","local-density","false","8","1000","2.25","1000","1000000","19421"
"869","true","local-density","false","8","1000","2.25","1000","1000000","19419"
"870","true","local-density","false","8","1000","2.25","1000","1000000","19372"
"871","true","local-density","false","8","1000","2.25","1000","1000000","19215"
"873","true","local-density","false","8","1000","2.25","1000","1000000","19302"
"874","true","local-density","false","8","1000","2.25","1000","1000000","19487"
"872","true","local-density","false","8","1000","2.25","1000","1000000","19354"
"875","true","local-density","false","8","1000","2.25","1000","1000000","19366"
"878","true","local-density","false","8","1000","2.25","1000","1000000","19228"
"877","true","local-density","false","8","1000","2.25","1000","1000000","19535"
"879","true","local-density","false","8","1000","2.25","1000","1000000","19310"
"876","true","local-density","false","8","1000","2.25","1000","1000000","19263"
"881","true","local-density","false","8","1000","2.25","1000","1000000","19144"
"880","true","local-density","false","8","1000","2.25","1000","1000000","19457"
"882","true","local-density","false","8","1000","2.25","1000","1000000","19134"
"883","true","local-density","false","8","1000","2.25","1000","1000000","19401"
"884","true","local-density","false","8","1000","2.25","1000","1000000","19229"
"885","true","local-density","false","8","1000","2.25","1000","1000000","19253"
"886","true","local-density","false","8","1000","2.25","1000","1000000","19315"
"887","true","local-density","false","8","1000","2.25","1000","1000000","19569"
"888","true","local-density","false","8","1000","2.25","1000","1000000","19561"
"889","true","local-density","false","8","1000","2.25","1000","1000000","19083"
"891","true","local-density","false","8","1000","2.25","1000","1000000","19315"
"890","true","local-density","false","8","1000","2.25","1000","1000000","19300"
"892","true","local-density","false","8","1000","2.25","1000","1000000","19078"
"893","true","local-density","false","8","1000","2.25","1000","1000000","19406"
"894","true","local-density","false","8","1000","2.25","1000","1000000","19369"
"896","true","local-density","false","8","1000","2.25","1000","1000000","19134"
"895","true","local-density","false","8","1000","2.25","1000","1000000","19322"
"897","true","local-density","false","8","1000","2.25","1000","1000000","19199"
"898","true","local-density","false","8","1000","2.25","1000","1000000","19167"
"901","true","local-density","false","8","1","2.25","1000","1000000","32168"
"900","true","local-density","false","8","1000","2.25","1000","1000000","19238"
"902","true","local-density","false","8","1","2.25","1000","1000000","32026"
"899","true","local-density","false","8","1000","2.25","1000","1000000","19192"
"903","true","local-density","false","8","1","2.25","1000","1000000","32626"
"904","true","local-density","false","8","1","2.25","1000","1000000","32736"
"905","true","local-density","false","8","1","2.25","1000","1000000","32451"
"906","true","local-density","false","8","1","2.25","1000","1000000","32624"
"907","true","local-density","false","8","1","2.25","1000","1000000","32194"
"908","true","local-density","false","8","1","2.25","1000","1000000","32047"
"909","true","local-density","false","8","1","2.25","1000","1000000","32277"
"910","true","local-density","false","8","1","2.25","1000","1000000","32063"
"911","true","local-density","false","8","1","2.25","1000","1000000","32875"
"912","true","local-density","false","8","1","2.25","1000","1000000","32623"
"913","true","local-density","false","8","1","2.25","1000","1000000","32304"
"914","true","local-density","false","8","1","2.25","1000","1000000","32174"
"916","true","local-density","false","8","1","2.25","1000","1000000","32432"
"915","true","local-density","false","8","1","2.25","1000","1000000","32557"
"917","true","local-density","false","8","1","2.25","1000","1000000","32180"
"918","true","local-density","false","8","1","2.25","1000","1000000","32777"
"919","true","local-density","false","8","1","2.25","1000","1000000","32468"
"920","true","local-density","false","8","1","2.25","1000","1000000","31837"
"921","true","local-density","false","8","1","2.25","1000","1000000","32439"
"922","true","local-density","false","8","1","2.25","1000","1000000","32371"
"923","true","local-density","false","8","1","2.25","1000","1000000","32127"
"924","true","local-density","false","8","1","2.25","1000","1000000","32533"
"925","true","local-density","false","8","1","2.25","1000","1000000","32362"
"926","true","local-density","false","8","1","2.25","1000","1000000","32403"
"927","true","local-density","false","8","1","2.25","1000","1000000","32665"
"928","true","local-density","false","8","1","2.25","1000","1000000","32318"
"929","true","local-density","false","8","1","2.25","1000","1000000","32768"
"930","true","local-density","false","8","1","2.25","1000","1000000","32619"
"931","true","local-density","false","8","1","2.25","1000","1000000","32332"
"933","true","local-density","false","8","1","2.25","1000","1000000","32292"
"932","true","local-density","false","8","1","2.25","1000","1000000","32596"
"934","true","local-density","false","8","1","2.25","1000","1000000","32358"
"935","true","local-density","false","8","1","2.25","1000","1000000","31877"
"937","true","local-density","false","8","1","2.25","1000","1000000","32114"
"936","true","local-density","false","8","1","2.25","1000","1000000","32482"
"938","true","local-density","false","8","1","2.25","1000","1000000","33297"
"939","true","local-density","false","8","1","2.25","1000","1000000","32417"
"941","true","local-density","false","8","1","2.25","1000","1000000","31696"
"940","true","local-density","false","8","1","2.25","1000","1000000","32518"
"942","true","local-density","false","8","1","2.25","1000","1000000","32345"
"943","true","local-density","false","8","1","2.25","1000","1000000","32457"
"944","true","local-density","false","8","1","2.25","1000","1000000","32506"
"945","true","local-density","false","8","1","2.25","1000","1000000","32206"
"946","true","local-density","false","8","1","2.25","1000","1000000","32662"
"947","true","local-density","false","8","1","2.25","1000","1000000","32385"
"948","true","local-density","false","8","1","2.25","1000","1000000","32436"
"949","true","local-density","false","8","1","2.25","1000","1000000","32123"
"950","true","local-density","false","8","1","2.25","1000","1000000","32615"
"951","true","local-density","false","8","1","2.25","1000","1000000","32349"
"952","true","local-density","false","8","1","2.25","1000","1000000","32283"
"953","true","local-density","false","8","1","2.25","1000","1000000","32334"
"954","true","local-density","false","8","1","2.25","1000","1000000","32642"
"961","true","local-density","false","9","1000","2.25","1000","1000000","2009"
"955","true","local-density","false","8","1","2.25","1000","1000000","32895"
"957","true","local-density","false","8","1","2.25","1000","1000000","32727"
"956","true","local-density","false","8","1","2.25","1000","1000000","31680"
"962","true","local-density","false","9","1000","2.25","1000","1000000","2083"
"958","true","local-density","false","8","1","2.25","1000","1000000","32309"
"963","true","local-density","false","9","1000","2.25","1000","1000000","2040"
"959","true","local-density","false","8","1","2.25","1000","1000000","32167"
"964","true","local-density","false","9","1000","2.25","1000","1000000","1992"
"960","true","local-density","false","8","1","2.25","1000","1000000","32038"
"965","true","local-density","false","9","1000","2.25","1000","1000000","2044"
"966","true","local-density","false","9","1000","2.25","1000","1000000","2050"
"967","true","local-density","false","9","1000","2.25","1000","1000000","2038"
"968","true","local-density","false","9","1000","2.25","1000","1000000","2030"
"969","true","local-density","false","9","1000","2.25","1000","1000000","2037"
"970","true","local-density","false","9","1000","2.25","1000","1000000","2028"
"971","true","local-density","false","9","1000","2.25","1000","1000000","2051"
"972","true","local-density","false","9","1000","2.25","1000","1000000","1991"
"973","true","local-density","false","9","1000","2.25","1000","1000000","2026"
"974","true","local-density","false","9","1000","2.25","1000","1000000","2015"
"975","true","local-density","false","9","1000","2.25","1000","1000000","2058"
"976","true","local-density","false","9","1000","2.25","1000","1000000","2031"
"977","true","local-density","false","9","1000","2.25","1000","1000000","2055"
"978","true","local-density","false","9","1000","2.25","1000","1000000","2043"
"979","true","local-density","false","9","1000","2.25","1000","1000000","2010"
"980","true","local-density","false","9","1000","2.25","1000","1000000","1957"
"982","true","local-density","false","9","1000","2.25","1000","1000000","1995"
"981","true","local-density","false","9","1000","2.25","1000","1000000","2064"
"983","true","local-density","false","9","1000","2.25","1000","1000000","1999"
"984","true","local-density","false","9","1000","2.25","1000","1000000","2023"
"985","true","local-density","false","9","1000","2.25","1000","1000000","2035"
"986","true","local-density","false","9","1000","2.25","1000","1000000","2054"
"987","true","local-density","false","9","1000","2.25","1000","1000000","2030"
"988","true","local-density","false","9","1000","2.25","1000","1000000","2000"
"989","true","local-density","false","9","1000","2.25","1000","1000000","2034"
"990","true","local-density","false","9","1000","2.25","1000","1000000","2014"
"991","true","local-density","false","9","1000","2.25","1000","1000000","1992"
"992","true","local-density","false","9","1000","2.25","1000","1000000","2054"
"993","true","local-density","false","9","1000","2.25","1000","1000000","2050"
"994","true","local-density","false","9","1000","2.25","1000","1000000","1993"
"995","true","local-density","false","9","1000","2.25","1000","1000000","2036"
"996","true","local-density","false","9","1000","2.25","1000","1000000","2045"
"997","true","local-density","false","9","1000","2.25","1000","1000000","1996"
"998","true","local-density","false","9","1000","2.25","1000","1000000","2005"
"999","true","local-density","false","9","1000","2.25","1000","1000000","2018"
"1000","true","local-density","false","9","1000","2.25","1000","1000000","2024"
"1001","true","local-density","false","9","1000","2.25","1000","1000000","2066"
"1002","true","local-density","false","9","1000","2.25","1000","1000000","2003"
"1003","true","local-density","false","9","1000","2.25","1000","1000000","2012"
"1004","true","local-density","false","9","1000","2.25","1000","1000000","1987"
"1005","true","local-density","false","9","1000","2.25","1000","1000000","2082"
"1006","true","local-density","false","9","1000","2.25","1000","1000000","2033"
"1007","true","local-density","false","9","1000","2.25","1000","1000000","2020"
"1008","true","local-density","false","9","1000","2.25","1000","1000000","2056"
"1009","true","local-density","false","9","1000","2.25","1000","1000000","1972"
"1010","true","local-density","false","9","1000","2.25","1000","1000000","2027"
"1011","true","local-density","false","9","1000","2.25","1000","1000000","2027"
"1012","true","local-density","false","9","1000","2.25","1000","1000000","2054"
"1013","true","local-density","false","9","1000","2.25","1000","1000000","2026"
"1014","true","local-density","false","9","1000","2.25","1000","1000000","2013"
"1015","true","local-density","false","9","1000","2.25","1000","1000000","2050"
"1016","true","local-density","false","9","1000","2.25","1000","1000000","2019"
"1017","true","local-density","false","9","1000","2.25","1000","1000000","2019"
"1018","true","local-density","false","9","1000","2.25","1000","1000000","2008"
"1019","true","local-density","false","9","1000","2.25","1000","1000000","2031"
"1020","true","local-density","false","9","1000","2.25","1000","1000000","2040"
"1021","true","local-density","false","9","1","2.25","1000","1000000","3530"
"1022","true","local-density","false","9","1","2.25","1000","1000000","3464"
"1023","true","local-density","false","9","1","2.25","1000","1000000","3482"
"1024","true","local-density","false","9","1","2.25","1000","1000000","3493"
"1025","true","local-density","false","9","1","2.25","1000","1000000","3431"
"1026","true","local-density","false","9","1","2.25","1000","1000000","3446"
"1027","true","local-density","false","9","1","2.25","1000","1000000","3457"
"1028","true","local-density","false","9","1","2.25","1000","1000000","3367"
"1029","true","local-density","false","9","1","2.25","1000","1000000","3432"
"1030","true","local-density","false","9","1","2.25","1000","1000000","3410"
"1031","true","local-density","false","9","1","2.25","1000","1000000","3505"
"1032","true","local-density","false","9","1","2.25","1000","1000000","3387"
"1033","true","local-density","false","9","1","2.25","1000","1000000","3535"
"1034","true","local-density","false","9","1","2.25","1000","1000000","3471"
"1035","true","local-density","false","9","1","2.25","1000","1000000","3496"
"1036","true","local-density","false","9","1","2.25","1000","1000000","3449"
"1037","true","local-density","false","9","1","2.25","1000","1000000","3409"
"1038","true","local-density","false","9","1","2.25","1000","1000000","3540"
"1039","true","local-density","false","9","1","2.25","1000","1000000","3395"
"1040","true","local-density","false","9","1","2.25","1000","1000000","3383"
"1041","true","local-density","false","9","1","2.25","1000","1000000","3424"
"1042","true","local-density","false","9","1","2.25","1000","1000000","3409"
"1043","true","local-density","false","9","1","2.25","1000","1000000","3534"
"1046","true","local-density","false","9","1","2.25","1000","1000000","3423"
"1045","true","local-density","false","9","1","2.25","1000","1000000","3513"
"1044","true","local-density","false","9","1","2.25","1000","1000000","3437"
"1047","true","local-density","false","9","1","2.25","1000","1000000","3345"
"1048","true","local-density","false","9","1","2.25","1000","1000000","3458"
"1049","true","local-density","false","9","1","2.25","1000","1000000","3468"
"1050","true","local-density","false","9","1","2.25","1000","1000000","3518"
"1051","true","local-density","false","9","1","2.25","1000","1000000","3610"
"1052","true","local-density","false","9","1","2.25","1000","1000000","3451"
"1053","true","local-density","false","9","1","2.25","1000","1000000","3424"
"1054","true","local-density","false","9","1","2.25","1000","1000000","3389"
"1055","true","local-density","false","9","1","2.25","1000","1000000","3577"
"1056","true","local-density","false","9","1","2.25","1000","1000000","3549"
"1057","true","local-density","false","9","1","2.25","1000","1000000","3459"
"1058","true","local-density","false","9","1","2.25","1000","1000000","3548"
"1059","true","local-density","false","9","1","2.25","1000","1000000","3457"
"1060","true","local-density","false","9","1","2.25","1000","1000000","3483"
"1062","true","local-density","false","9","1","2.25","1000","1000000","3580"
"1061","true","local-density","false","9","1","2.25","1000","1000000","3489"
"1063","true","local-density","false","9","1","2.25","1000","1000000","3428"
"1064","true","local-density","false","9","1","2.25","1000","1000000","3350"
"1065","true","local-density","false","9","1","2.25","1000","1000000","3496"
"1066","true","local-density","false","9","1","2.25","1000","1000000","3507"
"1067","true","local-density","false","9","1","2.25","1000","1000000","3451"
"1068","true","local-density","false","9","1","2.25","1000","1000000","3455"
"1069","true","local-density","false","9","1","2.25","1000","1000000","3473"
"1070","true","local-density","false","9","1","2.25","1000","1000000","3407"
"1071","true","local-density","false","9","1","2.25","1000","1000000","3483"
"1072","true","local-density","false","9","1","2.25","1000","1000000","3506"
"1073","true","local-density","false","9","1","2.25","1000","1000000","3515"
"1074","true","local-density","false","9","1","2.25","1000","1000000","3502"
"1075","true","local-density","false","9","1","2.25","1000","1000000","3435"
"1076","true","local-density","false","9","1","2.25","1000","1000000","3491"
"1077","true","local-density","false","9","1","2.25","1000","1000000","3504"
"1078","true","local-density","false","9","1","2.25","1000","1000000","3474"
"1079","true","local-density","false","9","1","2.25","1000","1000000","3541"
"1080","true","local-density","false","9","1","2.25","1000","1000000","3422"
"1081","true","local-density","false","10","1000","2.25","1000","1000000","4014"
"1082","true","local-density","false","10","1000","2.25","1000","1000000","4114"
"1083","true","local-density","false","10","1000","2.25","1000","1000000","3984"
"1084","true","local-density","false","10","1000","2.25","1000","1000000","4049"
"1085","true","local-density","false","10","1000","2.25","1000","1000000","4131"
"1086","true","local-density","false","10","1000","2.25","1000","1000000","4064"
"1088","true","local-density","false","10","1000","2.25","1000","1000000","4088"
"1087","true","local-density","false","10","1000","2.25","1000","1000000","4039"
"1089","true","local-density","false","10","1000","2.25","1000","1000000","4035"
"1090","true","local-density","false","10","1000","2.25","1000","1000000","4049"
"1091","true","local-density","false","10","1000","2.25","1000","1000000","4059"
"1092","true","local-density","false","10","1000","2.25","1000","1000000","4065"
"1093","true","local-density","false","10","1000","2.25","1000","1000000","4142"
"1094","true","local-density","false","10","1000","2.25","1000","1000000","4115"
"1096","true","local-density","false","10","1000","2.25","1000","1000000","4007"
"1095","true","local-density","false","10","1000","2.25","1000","1000000","4126"
"1097","true","local-density","false","10","1000","2.25","1000","1000000","4088"
"1099","true","local-density","false","10","1000","2.25","1000","1000000","4112"
"1098","true","local-density","false","10","1000","2.25","1000","1000000","4139"
"1100","true","local-density","false","10","1000","2.25","1000","1000000","4044"
"1101","true","local-density","false","10","1000","2.25","1000","1000000","4152"
"1102","true","local-density","false","10","1000","2.25","1000","1000000","4049"
"1103","true","local-density","false","10","1000","2.25","1000","1000000","4090"
"1104","true","local-density","false","10","1000","2.25","1000","1000000","4054"
"1107","true","local-density","false","10","1000","2.25","1000","1000000","4084"
"1105","true","local-density","false","10","1000","2.25","1000","1000000","4111"
"1106","true","local-density","false","10","1000","2.25","1000","1000000","4113"
"1108","true","local-density","false","10","1000","2.25","1000","1000000","4057"
"1109","true","local-density","false","10","1000","2.25","1000","1000000","4106"
"1110","true","local-density","false","10","1000","2.25","1000","1000000","4051"
"1111","true","local-density","false","10","1000","2.25","1000","1000000","4032"
"1112","true","local-density","false","10","1000","2.25","1000","1000000","4104"
"1115","true","local-density","false","10","1000","2.25","1000","1000000","4052"
"1113","true","local-density","false","10","1000","2.25","1000","1000000","4149"
"1114","true","local-density","false","10","1000","2.25","1000","1000000","4032"
"1116","true","local-density","false","10","1000","2.25","1000","1000000","4009"
"1117","true","local-density","false","10","1000","2.25","1000","1000000","4066"
"1118","true","local-density","false","10","1000","2.25","1000","1000000","4046"
"1119","true","local-density","false","10","1000","2.25","1000","1000000","4127"
"1120","true","local-density","false","10","1000","2.25","1000","1000000","4115"
"1121","true","local-density","false","10","1000","2.25","1000","1000000","4152"
"1122","true","local-density","false","10","1000","2.25","1000","1000000","4040"
"1123","true","local-density","false","10","1000","2.25","1000","1000000","4094"
"1124","true","local-density","false","10","1000","2.25","1000","1000000","4088"
"1125","true","local-density","false","10","1000","2.25","1000","1000000","4043"
"1126","true","local-density","false","10","1000","2.25","1000","1000000","4124"
"1127","true","local-density","false","10","1000","2.25","1000","1000000","4117"
"1128","true","local-density","false","10","1000","2.25","1000","1000000","4125"
"1129","true","local-density","false","10","1000","2.25","1000","1000000","4035"
"1130","true","local-density","false","10","1000","2.25","1000","1000000","4093"
"1131","true","local-density","false","10","1000","2.25","1000","1000000","4079"
"1132","true","local-density","false","10","1000","2.25","1000","1000000","4065"
"1133","true","local-density","false","10","1000","2.25","1000","1000000","4093"
"1134","true","local-density","false","10","1000","2.25","1000","1000000","4091"
"1135","true","local-density","false","10","1000","2.25","1000","1000000","4004"
"1136","true","local-density","false","10","1000","2.25","1000","1000000","4058"
"1137","true","local-density","false","10","1000","2.25","1000","1000000","4078"
"1138","true","local-density","false","10","1000","2.25","1000","1000000","4067"
"1139","true","local-density","false","10","1000","2.25","1000","1000000","4057"
"1141","true","local-density","false","10","1","2.25","1000","1000000","7114"
"1140","true","local-density","false","10","1000","2.25","1000","1000000","4089"
"1142","true","local-density","false","10","1","2.25","1000","1000000","6974"
"1143","true","local-density","false","10","1","2.25","1000","1000000","7039"
"1144","true","local-density","false","10","1","2.25","1000","1000000","7145"
"1145","true","local-density","false","10","1","2.25","1000","1000000","6975"
"1146","true","local-density","false","10","1","2.25","1000","1000000","7146"
"1147","true","local-density","false","10","1","2.25","1000","1000000","7037"
"1149","true","local-density","false","10","1","2.25","1000","1000000","7015"
"1148","true","local-density","false","10","1","2.25","1000","1000000","7166"
"1150","true","local-density","false","10","1","2.25","1000","1000000","7149"
"1151","true","local-density","false","10","1","2.25","1000","1000000","6987"
"1152","true","local-density","false","10","1","2.25","1000","1000000","7096"
"1153","true","local-density","false","10","1","2.25","1000","1000000","7091"
"1154","true","local-density","false","10","1","2.25","1000","1000000","7044"
"1155","true","local-density","false","10","1","2.25","1000","1000000","7257"
"1156","true","local-density","false","10","1","2.25","1000","1000000","7090"
"1157","true","local-density","false","10","1","2.25","1000","1000000","7128"
"1158","true","local-density","false","10","1","2.25","1000","1000000","7068"
"1159","true","local-density","false","10","1","2.25","1000","1000000","7014"
"1160","true","local-density","false","10","1","2.25","1000","1000000","7052"
"1162","true","local-density","false","10","1","2.25","1000","1000000","7218"
"1161","true","local-density","false","10","1","2.25","1000","1000000","7042"
"1163","true","local-density","false","10","1","2.25","1000","1000000","7165"
"1164","true","local-density","false","10","1","2.25","1000","1000000","7152"
"1165","true","local-density","false","10","1","2.25","1000","1000000","7108"
"1166","true","local-density","false","10","1","2.25","1000","1000000","7075"
"1167","true","local-density","false","10","1","2.25","1000","1000000","7104"
"1168","true","local-density","false","10","1","2.25","1000","1000000","7165"
"1169","true","local-density","false","10","1","2.25","1000","1000000","7179"
"1170","true","local-density","false","10","1","2.25","1000","1000000","7179"
"1171","true","local-density","false","10","1","2.25","1000","1000000","7179"
"1172","true","local-density","false","10","1","2.25","1000","1000000","7080"
"1173","true","local-density","false","10","1","2.25","1000","1000000","7091"
"1174","true","local-density","false","10","1","2.25","1000","1000000","6914"
"1175","true","local-density","false","10","1","2.25","1000","1000000","7102"
"1176","true","local-density","false","10","1","2.25","1000","1000000","7006"
"1178","true","local-density","false","10","1","2.25","1000","1000000","7043"
"1177","true","local-density","false","10","1","2.25","1000","1000000","7172"
"1179","true","local-density","false","10","1","2.25","1000","1000000","6969"
"1180","true","local-density","false","10","1","2.25","1000","1000000","7155"
"1181","true","local-density","false","10","1","2.25","1000","1000000","6899"
"1182","true","local-density","false","10","1","2.25","1000","1000000","7098"
"1184","true","local-density","false","10","1","2.25","1000","1000000","7047"
"1183","true","local-density","false","10","1","2.25","1000","1000000","6938"
"1185","true","local-density","false","10","1","2.25","1000","1000000","7138"
"1186","true","local-density","false","10","1","2.25","1000","1000000","7046"
"1187","true","local-density","false","10","1","2.25","1000","1000000","7274"
"1188","true","local-density","false","10","1","2.25","1000","1000000","7075"
"1189","true","local-density","false","10","1","2.25","1000","1000000","7121"
"1190","true","local-density","false","10","1","2.25","1000","1000000","6997"
"1191","true","local-density","false","10","1","2.25","1000","1000000","7094"
"1192","true","local-density","false","10","1","2.25","1000","1000000","7010"
"1193","true","local-density","false","10","1","2.25","1000","1000000","7084"
"1194","true","local-density","false","10","1","2.25","1000","1000000","7187"
"1195","true","local-density","false","10","1","2.25","1000","1000000","7080"
"1196","true","local-density","false","10","1","2.25","1000","1000000","6923"
"1197","true","local-density","false","10","1","2.25","1000","1000000","7163"
"1198","true","local-density","false","10","1","2.25","1000","1000000","7151"
"1199","true","local-density","false","10","1","2.25","1000","1000000","7019"
"1200","true","local-density","false","10","1","2.25","1000","1000000","7158"
"1202","true","local-density","false","11","1000","2.25","1000","1000000","8299"
"1201","true","local-density","false","11","1000","2.25","1000","1000000","8366"
"1203","true","local-density","false","11","1000","2.25","1000","1000000","8359"
"1204","true","local-density","false","11","1000","2.25","1000","1000000","8382"
"1205","true","local-density","false","11","1000","2.25","1000","1000000","8337"
"1206","true","local-density","false","11","1000","2.25","1000","1000000","8299"
"1208","true","local-density","false","11","1000","2.25","1000","1000000","8345"
"1207","true","local-density","false","11","1000","2.25","1000","1000000","8376"
"1209","true","local-density","false","11","1000","2.25","1000","1000000","8356"
"1210","true","local-density","false","11","1000","2.25","1000","1000000","8403"
"1211","true","local-density","false","11","1000","2.25","1000","1000000","8454"
"1212","true","local-density","false","11","1000","2.25","1000","1000000","8396"
"1213","true","local-density","false","11","1000","2.25","1000","1000000","8312"
"1214","true","local-density","false","11","1000","2.25","1000","1000000","8419"
"1215","true","local-density","false","11","1000","2.25","1000","1000000","8287"
"1216","true","local-density","false","11","1000","2.25","1000","1000000","8325"
"1217","true","local-density","false","11","1000","2.25","1000","1000000","8267"
"1218","true","local-density","false","11","1000","2.25","1000","1000000","8239"
"1219","true","local-density","false","11","1000","2.25","1000","1000000","8344"
"1220","true","local-density","false","11","1000","2.25","1000","1000000","8306"
"1221","true","local-density","false","11","1000","2.25","1000","1000000","8284"
"1222","true","local-density","false","11","1000","2.25","1000","1000000","8272"
"1223","true","local-density","false","11","1000","2.25","1000","1000000","8420"
"1224","true","local-density","false","11","1000","2.25","1000","1000000","8391"
"1225","true","local-density","false","11","1000","2.25","1000","1000000","8375"
"1226","true","local-density","false","11","1000","2.25","1000","1000000","8205"
"1228","true","local-density","false","11","1000","2.25","1000","1000000","8376"
"1229","true","local-density","false","11","1000","2.25","1000","1000000","8406"
"1227","true","local-density","false","11","1000","2.25","1000","1000000","8422"
"1230","true","local-density","false","11","1000","2.25","1000","1000000","8387"
"1231","true","local-density","false","11","1000","2.25","1000","1000000","8213"
"1232","true","local-density","false","11","1000","2.25","1000","1000000","8318"
"1233","true","local-density","false","11","1000","2.25","1000","1000000","8457"
"1234","true","local-density","false","11","1000","2.25","1000","1000000","8326"
"1235","true","local-density","false","11","1000","2.25","1000","1000000","8300"
"1236","true","local-density","false","11","1000","2.25","1000","1000000","8372"
"1237","true","local-density","false","11","1000","2.25","1000","1000000","8260"
"1238","true","local-density","false","11","1000","2.25","1000","1000000","8297"
"1239","true","local-density","false","11","1000","2.25","1000","1000000","8296"
"1240","true","local-density","false","11","1000","2.25","1000","1000000","8273"
"1241","true","local-density","false","11","1000","2.25","1000","1000000","8263"
"1242","true","local-density","false","11","1000","2.25","1000","1000000","8436"
"1243","true","local-density","false","11","1000","2.25","1000","1000000","8313"
"1244","true","local-density","false","11","1000","2.25","1000","1000000","8363"
"1245","true","local-density","false","11","1000","2.25","1000","1000000","8220"
"1246","true","local-density","false","11","1000","2.25","1000","1000000","8290"
"1247","true","local-density","false","11","1000","2.25","1000","1000000","8334"
"1248","true","local-density","false","11","1000","2.25","1000","1000000","8356"
"1249","true","local-density","false","11","1000","2.25","1000","1000000","8318"
"1250","true","local-density","false","11","1000","2.25","1000","1000000","8354"
"1252","true","local-density","false","11","1000","2.25","1000","1000000","8302"
"1251","true","local-density","false","11","1000","2.25","1000","1000000","8374"
"1253","true","local-density","false","11","1000","2.25","1000","1000000","8445"
"1254","true","local-density","false","11","1000","2.25","1000","1000000","8450"
"1255","true","local-density","false","11","1000","2.25","1000","1000000","8504"
"1256","true","local-density","false","11","1000","2.25","1000","1000000","8318"
"1257","true","local-density","false","11","1000","2.25","1000","1000000","8216"
"1258","true","local-density","false","11","1000","2.25","1000","1000000","8395"
"1261","true","local-density","false","11","1","2.25","1000","1000000","15126"
"1260","true","local-density","false","11","1000","2.25","1000","1000000","8281"
"1262","true","local-density","false","11","1","2.25","1000","1000000","15027"
"1259","true","local-density","false","11","1000","2.25","1000","1000000","8298"
"1263","true","local-density","false","11","1","2.25","1000","1000000","15226"
"1264","true","local-density","false","11","1","2.25","1000","1000000","14939"
"1265","true","local-density","false","11","1","2.25","1000","1000000","15242"
"1266","true","local-density","false","11","1","2.25","1000","1000000","15641"
"1267","true","local-density","false","11","1","2.25","1000","1000000","15202"
"1268","true","local-density","false","11","1","2.25","1000","1000000","15249"
"1269","true","local-density","false","11","1","2.25","1000","1000000","15213"
"1270","true","local-density","false","11","1","2.25","1000","1000000","15048"
"1271","true","local-density","false","11","1","2.25","1000","1000000","15061"
"1272","true","local-density","false","11","1","2.25","1000","1000000","15056"
"1273","true","local-density","false","11","1","2.25","1000","1000000","15288"
"1274","true","local-density","false","11","1","2.25","1000","1000000","14967"
"1275","true","local-density","false","11","1","2.25","1000","1000000","14945"
"1277","true","local-density","false","11","1","2.25","1000","1000000","15427"
"1278","true","local-density","false","11","1","2.25","1000","1000000","15104"
"1276","true","local-density","false","11","1","2.25","1000","1000000","15077"
"1279","true","local-density","false","11","1","2.25","1000","1000000","15080"
"1280","true","local-density","false","11","1","2.25","1000","1000000","14787"
"1281","true","local-density","false","11","1","2.25","1000","1000000","15177"
"1282","true","local-density","false","11","1","2.25","1000","1000000","15133"
"1283","true","local-density","false","11","1","2.25","1000","1000000","15485"
"1284","true","local-density","false","11","1","2.25","1000","1000000","15051"
"1286","true","local-density","false","11","1","2.25","1000","1000000","15364"
"1285","true","local-density","false","11","1","2.25","1000","1000000","15034"
"1287","true","local-density","false","11","1","2.25","1000","1000000","15181"
"1288","true","local-density","false","11","1","2.25","1000","1000000","14970"
"1289","true","local-density","false","11","1","2.25","1000","1000000","15010"
"1290","true","local-density","false","11","1","2.25","1000","1000000","15262"
"1291","true","local-density","false","11","1","2.25","1000","1000000","14999"
"1294","true","local-density","false","11","1","2.25","1000","1000000","14956"
"1292","true","local-density","false","11","1","2.25","1000","1000000","14994"
"1293","true","local-density","false","11","1","2.25","1000","1000000","14954"
"1295","true","local-density","false","11","1","2.25","1000","1000000","15305"
"1296","true","local-density","false","11","1","2.25","1000","1000000","15077"
"1297","true","local-density","false","11","1","2.25","1000","1000000","15340"
"1298","true","local-density","false","11","1","2.25","1000","1000000","15506"
"1299","true","local-density","false","11","1","2.25","1000","1000000","15253"
"1300","true","local-density","false","11","1","2.25","1000","1000000","15264"
"1301","true","local-density","false","11","1","2.25","1000","1000000","15073"
"1302","true","local-density","false","11","1","2.25","1000","1000000","14942"
"1303","true","local-density","false","11","1","2.25","1000","1000000","14863"
"1304","true","local-density","false","11","1","2.25","1000","1000000","15137"
"1305","true","local-density","false","11","1","2.25","1000","1000000","14806"
"1306","true","local-density","false","11","1","2.25","1000","1000000","15297"
"1307","true","local-density","false","11","1","2.25","1000","1000000","15444"
"1308","true","local-density","false","11","1","2.25","1000","1000000","14877"
"1309","true","local-density","false","11","1","2.25","1000","1000000","14985"
"1310","true","local-density","false","11","1","2.25","1000","1000000","15238"
"1311","true","local-density","false","11","1","2.25","1000","1000000","15228"
"1312","true","local-density","false","11","1","2.25","1000","1000000","15208"
"1313","true","local-density","false","11","1","2.25","1000","1000000","15187"
"1314","true","local-density","false","11","1","2.25","1000","1000000","15139"
"1315","true","local-density","false","11","1","2.25","1000","1000000","14892"
"1316","true","local-density","false","11","1","2.25","1000","1000000","14992"
"1319","true","local-density","false","11","1","2.25","1000","1000000","15186"
"1318","true","local-density","false","11","1","2.25","1000","1000000","14920"
"1317","true","local-density","false","11","1","2.25","1000","1000000","15553"
"1320","true","local-density","false","11","1","2.25","1000","1000000","15201"
"1321","true","local-density","false","12","1000","2.25","1000","1000000","12709"
"1322","true","local-density","false","12","1000","2.25","1000","1000000","12806"
"1324","true","local-density","false","12","1000","2.25","1000","1000000","12708"
"1325","true","local-density","false","12","1000","2.25","1000","1000000","12672"
"1327","true","local-density","false","12","1000","2.25","1000","1000000","12729"
"1323","true","local-density","false","12","1000","2.25","1000","1000000","12603"
"1326","true","local-density","false","12","1000","2.25","1000","1000000","12607"
"1328","true","local-density","false","12","1000","2.25","1000","1000000","12708"
"1329","true","local-density","false","12","1000","2.25","1000","1000000","12708"
"1330","true","local-density","false","12","1000","2.25","1000","1000000","12603"
"1331","true","local-density","false","12","1000","2.25","1000","1000000","12740"
"1332","true","local-density","false","12","1000","2.25","1000","1000000","12740"
"1333","true","local-density","false","12","1000","2.25","1000","1000000","12783"
"1334","true","local-density","false","12","1000","2.25","1000","1000000","12673"
"1335","true","local-density","false","12","1000","2.25","1000","1000000","12668"
"1336","true","local-density","false","12","1000","2.25","1000","1000000","12695"
"1337","true","local-density","false","12","1000","2.25","1000","1000000","12581"
"1338","true","local-density","false","12","1000","2.25","1000","1000000","12842"
"1340","true","local-density","false","12","1000","2.25","1000","1000000","12737"
"1341","true","local-density","false","12","1000","2.25","1000","1000000","12805"
"1339","true","local-density","false","12","1000","2.25","1000","1000000","12796"
"1343","true","local-density","false","12","1000","2.25","1000","1000000","12760"
"1342","true","local-density","false","12","1000","2.25","1000","1000000","12730"
"1344","true","local-density","false","12","1000","2.25","1000","1000000","12907"
"1345","true","local-density","false","12","1000","2.25","1000","1000000","12765"
"1346","true","local-density","false","12","1000","2.25","1000","1000000","12691"
"1347","true","local-density","false","12","1000","2.25","1000","1000000","12670"
"1348","true","local-density","false","12","1000","2.25","1000","1000000","12769"
"1349","true","local-density","false","12","1000","2.25","1000","1000000","12761"
"1350","true","local-density","false","12","1000","2.25","1000","1000000","12585"
"1351","true","local-density","false","12","1000","2.25","1000","1000000","12694"
"1352","true","local-density","false","12","1000","2.25","1000","1000000","12720"
"1353","true","local-density","false","12","1000","2.25","1000","1000000","12701"
"1354","true","local-density","false","12","1000","2.25","1000","1000000","12718"
"1355","true","local-density","false","12","1000","2.25","1000","1000000","12685"
"1356","true","local-density","false","12","1000","2.25","1000","1000000","12829"
"1357","true","local-density","false","12","1000","2.25","1000","1000000","12671"
"1358","true","local-density","false","12","1000","2.25","1000","1000000","12659"
"1359","true","local-density","false","12","1000","2.25","1000","1000000","12661"
"1360","true","local-density","false","12","1000","2.25","1000","1000000","12792"
"1361","true","local-density","false","12","1000","2.25","1000","1000000","12858"
"1362","true","local-density","false","12","1000","2.25","1000","1000000","12688"
"1363","true","local-density","false","12","1000","2.25","1000","1000000","12715"
"1364","true","local-density","false","12","1000","2.25","1000","1000000","12793"
"1365","true","local-density","false","12","1000","2.25","1000","1000000","12699"
"1366","true","local-density","false","12","1000","2.25","1000","1000000","12753"
"1367","true","local-density","false","12","1000","2.25","1000","1000000","12678"
"1369","true","local-density","false","12","1000","2.25","1000","1000000","12580"
"1368","true","local-density","false","12","1000","2.25","1000","1000000","12701"
"1370","true","local-density","false","12","1000","2.25","1000","1000000","12740"
"1371","true","local-density","false","12","1000","2.25","1000","1000000","12690"
"1373","true","local-density","false","12","1000","2.25","1000","1000000","12802"
"1372","true","local-density","false","12","1000","2.25","1000","1000000","12759"
"1374","true","local-density","false","12","1000","2.25","1000","1000000","12785"
"1375","true","local-density","false","12","1000","2.25","1000","1000000","12579"
"1376","true","local-density","false","12","1000","2.25","1000","1000000","12511"
"1377","true","local-density","false","12","1000","2.25","1000","1000000","12731"
"1378","true","local-density","false","12","1000","2.25","1000","1000000","12752"
"1381","true","local-density","false","12","1","2.25","1000","1000000","23445"
"1379","true","local-density","false","12","1000","2.25","1000","1000000","12670"
"1382","true","local-density","false","12","1","2.25","1000","1000000","23687"
"1380","true","local-density","false","12","1000","2.25","1000","1000000","12809"
"1383","true","local-density","false","12","1","2.25","1000","1000000","23700"
"1384","true","local-density","false","12","1","2.25","1000","1000000","24327"
"1385","true","local-density","false","12","1","2.25","1000","1000000","23969"
"1386","true","local-density","false","12","1","2.25","1000","1000000","23835"
"1387","true","local-density","false","12","1","2.25","1000","1000000","23897"
"1388","true","local-density","false","12","1","2.25","1000","1000000","24090"
"1389","true","local-density","false","12","1","2.25","1000","1000000","23661"
"1390","true","local-density","false","12","1","2.25","1000","1000000","24005"
"1391","true","local-density","false","12","1","2.25","1000","1000000","23694"
"1392","true","local-density","false","12","1","2.25","1000","1000000","23681"
"1393","true","local-density","false","12","1","2.25","1000","1000000","23101"
"1394","true","local-density","false","12","1","2.25","1000","1000000","23866"
"1395","true","local-density","false","12","1","2.25","1000","1000000","24308"
"1396","true","local-density","false","12","1","2.25","1000","1000000","23696"
"1397","true","local-density","false","12","1","2.25","1000","1000000","24449"
"1398","true","local-density","false","12","1","2.25","1000","1000000","24069"
"1399","true","local-density","false","12","1","2.25","1000","1000000","24001"
"1400","true","local-density","false","12","1","2.25","1000","1000000","24222"
"1401","true","local-density","false","12","1","2.25","1000","1000000","23791"
"1402","true","local-density","false","12","1","2.25","1000","1000000","24015"
"1403","true","local-density","false","12","1","2.25","1000","1000000","23539"
"1404","true","local-density","false","12","1","2.25","1000","1000000","23939"
"1405","true","local-density","false","12","1","2.25","1000","1000000","24151"
"1406","true","local-density","false","12","1","2.25","1000","1000000","23224"
"1407","true","local-density","false","12","1","2.25","1000","1000000","24361"
"1408","true","local-density","false","12","1","2.25","1000","1000000","23891"
"1409","true","local-density","false","12","1","2.25","1000","1000000","24064"
"1410","true","local-density","false","12","1","2.25","1000","1000000","23722"
"1411","true","local-density","false","12","1","2.25","1000","1000000","23664"
"1412","true","local-density","false","12","1","2.25","1000","1000000","23730"
"1413","true","local-density","false","12","1","2.25","1000","1000000","24094"
"1414","true","local-density","false","12","1","2.25","1000","1000000","23429"
"1415","true","local-density","false","12","1","2.25","1000","1000000","24064"
"1416","true","local-density","false","12","1","2.25","1000","1000000","23704"
"1417","true","local-density","false","12","1","2.25","1000","1000000","23560"
"1418","true","local-density","false","12","1","2.25","1000","1000000","23752"
"1419","true","local-density","false","12","1","2.25","1000","1000000","23633"
"1420","true","local-density","false","12","1","2.25","1000","1000000","23431"
"1421","true","local-density","false","12","1","2.25","1000","1000000","23454"
"1422","true","local-density","false","12","1","2.25","1000","1000000","23818"
"1423","true","local-density","false","12","1","2.25","1000","1000000","23755"
"1424","true","local-density","false","12","1","2.25","1000","1000000","24107"
"1425","true","local-density","false","12","1","2.25","1000","1000000","23839"
"1426","true","local-density","false","12","1","2.25","1000","1000000","23752"
"1427","true","local-density","false","12","1","2.25","1000","1000000","23658"
"1428","true","local-density","false","12","1","2.25","1000","1000000","24091"
"1429","true","local-density","false","12","1","2.25","1000","1000000","23658"
"1430","true","local-density","false","12","1","2.25","1000","1000000","23673"
"1432","true","local-density","false","12","1","2.25","1000","1000000","24381"
"1431","true","local-density","false","12","1","2.25","1000","1000000","23390"
"1433","true","local-density","false","12","1","2.25","1000","1000000","23655"
"1434","true","local-density","false","12","1","2.25","1000","1000000","24023"
"1435","true","local-density","false","12","1","2.25","1000","1000000","23894"
"1436","true","local-density","false","12","1","2.25","1000","1000000","23497"
"1437","true","local-density","false","12","1","2.25","1000","1000000","23811"
"1438","true","local-density","false","12","1","2.25","1000","1000000","23717"
"1439","true","local-density","false","12","1","2.25","1000","1000000","24689"
"1440","true","local-density","false","12","1","2.25","1000","1000000","23659"
"1442","true","local-density","false","13","1000","2.25","1000","1000000","16983"
"1441","true","local-density","false","13","1000","2.25","1000","1000000","16905"
"1443","true","local-density","false","13","1000","2.25","1000","1000000","17034"
"1444","true","local-density","false","13","1000","2.25","1000","1000000","17071"
"1445","true","local-density","false","13","1000","2.25","1000","1000000","17080"
"1446","true","local-density","false","13","1000","2.25","1000","1000000","17134"
"1447","true","local-density","false","13","1000","2.25","1000","1000000","16949"
"1448","true","local-density","false","13","1000","2.25","1000","1000000","16903"
"1449","true","local-density","false","13","1000","2.25","1000","1000000","17081"
"1450","true","local-density","false","13","1000","2.25","1000","1000000","16934"
"1451","true","local-density","false","13","1000","2.25","1000","1000000","17131"
"1452","true","local-density","false","13","1000","2.25","1000","1000000","17121"
"1454","true","local-density","false","13","1000","2.25","1000","1000000","17215"
"1453","true","local-density","false","13","1000","2.25","1000","1000000","16896"
"1455","true","local-density","false","13","1000","2.25","1000","1000000","17092"
"1456","true","local-density","false","13","1000","2.25","1000","1000000","16643"
"1457","true","local-density","false","13","1000","2.25","1000","1000000","17021"
"1458","true","local-density","false","13","1000","2.25","1000","1000000","16967"
"1460","true","local-density","false","13","1000","2.25","1000","1000000","17088"
"1459","true","local-density","false","13","1000","2.25","1000","1000000","16999"
"1463","true","local-density","false","13","1000","2.25","1000","1000000","17156"
"1461","true","local-density","false","13","1000","2.25","1000","1000000","16931"
"1462","true","local-density","false","13","1000","2.25","1000","1000000","16993"
"1464","true","local-density","false","13","1000","2.25","1000","1000000","16891"
"1465","true","local-density","false","13","1000","2.25","1000","1000000","17039"
"1466","true","local-density","false","13","1000","2.25","1000","1000000","16736"
"1467","true","local-density","false","13","1000","2.25","1000","1000000","16757"
"1468","true","local-density","false","13","1000","2.25","1000","1000000","17268"
"1469","true","local-density","false","13","1000","2.25","1000","1000000","16878"
"1470","true","local-density","false","13","1000","2.25","1000","1000000","16842"
"1471","true","local-density","false","13","1000","2.25","1000","1000000","16858"
"1472","true","local-density","false","13","1000","2.25","1000","1000000","17002"
"1473","true","local-density","false","13","1000","2.25","1000","1000000","16721"
"1474","true","local-density","false","13","1000","2.25","1000","1000000","17074"
"1475","true","local-density","false","13","1000","2.25","1000","1000000","16941"
"1476","true","local-density","false","13","1000","2.25","1000","1000000","17217"
"1477","true","local-density","false","13","1000","2.25","1000","1000000","17103"
"1478","true","local-density","false","13","1000","2.25","1000","1000000","17015"
"1479","true","local-density","false","13","1000","2.25","1000","1000000","16827"
"1480","true","local-density","false","13","1000","2.25","1000","1000000","17004"
"1481","true","local-density","false","13","1000","2.25","1000","1000000","16873"
"1482","true","local-density","false","13","1000","2.25","1000","1000000","16827"
"1483","true","local-density","false","13","1000","2.25","1000","1000000","16949"
"1485","true","local-density","false","13","1000","2.25","1000","1000000","16757"
"1484","true","local-density","false","13","1000","2.25","1000","1000000","16979"
"1486","true","local-density","false","13","1000","2.25","1000","1000000","17057"
"1487","true","local-density","false","13","1000","2.25","1000","1000000","17264"
"1488","true","local-density","false","13","1000","2.25","1000","1000000","17162"
"1489","true","local-density","false","13","1000","2.25","1000","1000000","16864"
"1491","true","local-density","false","13","1000","2.25","1000","1000000","16918"
"1492","true","local-density","false","13","1000","2.25","1000","1000000","16980"
"1490","true","local-density","false","13","1000","2.25","1000","1000000","17037"
"1493","true","local-density","false","13","1000","2.25","1000","1000000","16716"
"1494","true","local-density","false","13","1000","2.25","1000","1000000","17016"
"1495","true","local-density","false","13","1000","2.25","1000","1000000","17097"
"1496","true","local-density","false","13","1000","2.25","1000","1000000","16986"
"1497","true","local-density","false","13","1000","2.25","1000","1000000","17247"
"1498","true","local-density","false","13","1000","2.25","1000","1000000","16974"
"1501","true","local-density","false","13","1","2.25","1000","1000000","32239"
"1499","true","local-density","false","13","1000","2.25","1000","1000000","17019"
"1502","true","local-density","false","13","1","2.25","1000","1000000","32874"
"1500","true","local-density","false","13","1000","2.25","1000","1000000","17021"
"1503","true","local-density","false","13","1","2.25","1000","1000000","31202"
"1504","true","local-density","false","13","1","2.25","1000","1000000","31921"
"1505","true","local-density","false","13","1","2.25","1000","1000000","31718"
"1506","true","local-density","false","13","1","2.25","1000","1000000","31551"
"1508","true","local-density","false","13","1","2.25","1000","1000000","31634"
"1507","true","local-density","false","13","1","2.25","1000","1000000","31865"
"1509","true","local-density","false","13","1","2.25","1000","1000000","32043"
"1510","true","local-density","false","13","1","2.25","1000","1000000","31169"
"1511","true","local-density","false","13","1","2.25","1000","1000000","31983"
"1512","true","local-density","false","13","1","2.25","1000","1000000","31205"
"1513","true","local-density","false","13","1","2.25","1000","1000000","31998"
"1515","true","local-density","false","13","1","2.25","1000","1000000","31180"
"1516","true","local-density","false","13","1","2.25","1000","1000000","32963"
"1514","true","local-density","false","13","1","2.25","1000","1000000","32905"
"1517","true","local-density","false","13","1","2.25","1000","1000000","32064"
"1518","true","local-density","false","13","1","2.25","1000","1000000","32052"
"1519","true","local-density","false","13","1","2.25","1000","1000000","31158"
"1520","true","local-density","false","13","1","2.25","1000","1000000","31846"
"1521","true","local-density","false","13","1","2.25","1000","1000000","32623"
"1522","true","local-density","false","13","1","2.25","1000","1000000","32512"
"1524","true","local-density","false","13","1","2.25","1000","1000000","31742"
"1523","true","local-density","false","13","1","2.25","1000","1000000","30941"
"1525","true","local-density","false","13","1","2.25","1000","1000000","32310"
"1526","true","local-density","false","13","1","2.25","1000","1000000","32835"
"1527","true","local-density","false","13","1","2.25","1000","1000000","32307"
"1529","true","local-density","false","13","1","2.25","1000","1000000","31318"
"1528","true","local-density","false","13","1","2.25","1000","1000000","31421"
"1530","true","local-density","false","13","1","2.25","1000","1000000","31897"
"1531","true","local-density","false","13","1","2.25","1000","1000000","32375"
"1532","true","local-density","false","13","1","2.25","1000","1000000","31702"
"1533","true","local-density","false","13","1","2.25","1000","1000000","32189"
"1534","true","local-density","false","13","1","2.25","1000","1000000","32457"
"1535","true","local-density","false","13","1","2.25","1000","1000000","32194"
"1536","true","local-density","false","13","1","2.25","1000","1000000","31496"
"1537","true","local-density","false","13","1","2.25","1000","1000000","32770"
"1538","true","local-density","false","13","1","2.25","1000","1000000","31830"
"1539","true","local-density","false","13","1","2.25","1000","1000000","31675"
"1540","true","local-density","false","13","1","2.25","1000","1000000","32846"
"1541","true","local-density","false","13","1","2.25","1000","1000000","31809"
"1542","true","local-density","false","13","1","2.25","1000","1000000","32465"
"1543","true","local-density","false","13","1","2.25","1000","1000000","32357"
"1544","true","local-density","false","13","1","2.25","1000","1000000","31723"
"1545","true","local-density","false","13","1","2.25","1000","1000000","32288"
"1546","true","local-density","false","13","1","2.25","1000","1000000","32047"
"1547","true","local-density","false","13","1","2.25","1000","1000000","31782"
"1548","true","local-density","false","13","1","2.25","1000","1000000","32054"
"1549","true","local-density","false","13","1","2.25","1000","1000000","31479"
"1550","true","local-density","false","13","1","2.25","1000","1000000","32003"
"1551","true","local-density","false","13","1","2.25","1000","1000000","31498"
"1552","true","local-density","false","13","1","2.25","1000","1000000","31546"
"1553","true","local-density","false","13","1","2.25","1000","1000000","31815"
"1554","true","local-density","false","13","1","2.25","1000","1000000","31884"
"1555","true","local-density","false","13","1","2.25","1000","1000000","31818"
"1556","true","local-density","false","13","1","2.25","1000","1000000","31215"
"1557","true","local-density","false","13","1","2.25","1000","1000000","32279"
"1558","true","local-density","false","13","1","2.25","1000","1000000","30924"
"1559","true","local-density","false","13","1","2.25","1000","1000000","32481"
"1560","true","local-density","false","13","1","2.25","1000","1000000","32821"
"1562","true","local-density","false","14","1000","2.25","1000","1000000","20957"
"1561","true","local-density","false","14","1000","2.25","1000","1000000","21120"
"1563","true","local-density","false","14","1000","2.25","1000","1000000","21003"
"1564","true","local-density","false","14","1000","2.25","1000","1000000","20852"
"1565","true","local-density","false","14","1000","2.25","1000","1000000","20803"
"1567","true","local-density","false","14","1000","2.25","1000","1000000","21068"
"1566","true","local-density","false","14","1000","2.25","1000","1000000","21101"
"1568","true","local-density","false","14","1000","2.25","1000","1000000","21249"
"1569","true","local-density","false","14","1000","2.25","1000","1000000","20826"
"1571","true","local-density","false","14","1000","2.25","1000","1000000","20871"
"1570","true","local-density","false","14","1000","2.25","1000","1000000","20947"
"1572","true","local-density","false","14","1000","2.25","1000","1000000","20893"
"1573","true","local-density","false","14","1000","2.25","1000","1000000","21069"
"1574","true","local-density","false","14","1000","2.25","1000","1000000","20965"
"1575","true","local-density","false","14","1000","2.25","1000","1000000","20840"
"1576","true","local-density","false","14","1000","2.25","1000","1000000","20933"
"1577","true","local-density","false","14","1000","2.25","1000","1000000","21131"
"1578","true","local-density","false","14","1000","2.25","1000","1000000","20812"
"1579","true","local-density","false","14","1000","2.25","1000","1000000","21047"
"1580","true","local-density","false","14","1000","2.25","1000","1000000","20963"
"1581","true","local-density","false","14","1000","2.25","1000","1000000","20873"
"1582","true","local-density","false","14","1000","2.25","1000","1000000","20782"
"1584","true","local-density","false","14","1000","2.25","1000","1000000","20657"
"1583","true","local-density","false","14","1000","2.25","1000","1000000","21103"
"1585","true","local-density","false","14","1000","2.25","1000","1000000","20714"
"1586","true","local-density","false","14","1000","2.25","1000","1000000","20994"
"1587","true","local-density","false","14","1000","2.25","1000","1000000","20762"
"1589","true","local-density","false","14","1000","2.25","1000","1000000","21004"
"1588","true","local-density","false","14","1000","2.25","1000","1000000","20915"
"1591","true","local-density","false","14","1000","2.25","1000","1000000","20904"
"1590","true","local-density","false","14","1000","2.25","1000","1000000","20926"
"1592","true","local-density","false","14","1000","2.25","1000","1000000","20831"
"1593","true","local-density","false","14","1000","2.25","1000","1000000","20875"
"1594","true","local-density","false","14","1000","2.25","1000","1000000","20925"
"1596","true","local-density","false","14","1000","2.25","1000","1000000","21320"
"1598","true","local-density","false","14","1000","2.25","1000","1000000","20967"
"1597","true","local-density","false","14","1000","2.25","1000","1000000","20903"
"1595","true","local-density","false","14","1000","2.25","1000","1000000","21066"
"1599","true","local-density","false","14","1000","2.25","1000","1000000","20913"
"1601","true","local-density","false","14","1000","2.25","1000","1000000","20936"
"1602","true","local-density","false","14","1000","2.25","1000","1000000","20840"
"1600","true","local-density","false","14","1000","2.25","1000","1000000","21066"
"1604","true","local-density","false","14","1000","2.25","1000","1000000","20959"
"1603","true","local-density","false","14","1000","2.25","1000","1000000","20757"
"1605","true","local-density","false","14","1000","2.25","1000","1000000","20824"
"1607","true","local-density","false","14","1000","2.25","1000","1000000","21008"
"1606","true","local-density","false","14","1000","2.25","1000","1000000","21273"
"1608","true","local-density","false","14","1000","2.25","1000","1000000","20893"
"1609","true","local-density","false","14","1000","2.25","1000","1000000","20875"
"1610","true","local-density","false","14","1000","2.25","1000","1000000","20927"
"1611","true","local-density","false","14","1000","2.25","1000","1000000","21116"
"1612","true","local-density","false","14","1000","2.25","1000","1000000","20842"
"1613","true","local-density","false","14","1000","2.25","1000","1000000","20906"
"1616","true","local-density","false","14","1000","2.25","1000","1000000","21286"
"1614","true","local-density","false","14","1000","2.25","1000","1000000","20950"
"1615","true","local-density","false","14","1000","2.25","1000","1000000","21197"
"1617","true","local-density","false","14","1000","2.25","1000","1000000","21046"
"1618","true","local-density","false","14","1000","2.25","1000","1000000","20949"
"1619","true","local-density","false","14","1000","2.25","1000","1000000","20927"
"1620","true","local-density","false","14","1000","2.25","1000","1000000","20921"
"1621","true","local-density","false","14","1","2.25","1000","1000000","41097"
"1622","true","local-density","false","14","1","2.25","1000","1000000","39249"
"1623","true","local-density","false","14","1","2.25","1000","1000000","39686"
"1625","true","local-density","false","14","1","2.25","1000","1000000","39345"
"1624","true","local-density","false","14","1","2.25","1000","1000000","40463"
"1626","true","local-density","false","14","1","2.25","1000","1000000","41140"
"1627","true","local-density","false","14","1","2.25","1000","1000000","39746"
"1628","true","local-density","false","14","1","2.25","1000","1000000","40766"
"1629","true","local-density","false","14","1","2.25","1000","1000000","39655"
"1630","true","local-density","false","14","1","2.25","1000","1000000","40506"
"1631","true","local-density","false","14","1","2.25","1000","1000000","40994"
"1632","true","local-density","false","14","1","2.25","1000","1000000","39730"
"1633","true","local-density","false","14","1","2.25","1000","1000000","39242"
"1634","true","local-density","false","14","1","2.25","1000","1000000","40642"
"1635","true","local-density","false","14","1","2.25","1000","1000000","39957"
"1636","true","local-density","false","14","1","2.25","1000","1000000","40197"
"1637","true","local-density","false","14","1","2.25","1000","1000000","39755"
"1638","true","local-density","false","14","1","2.25","1000","1000000","39088"
"1639","true","local-density","false","14","1","2.25","1000","1000000","39776"
"1640","true","local-density","false","14","1","2.25","1000","1000000","39927"
"1641","true","local-density","false","14","1","2.25","1000","1000000","39315"
"1642","true","local-density","false","14","1","2.25","1000","1000000","38820"
"1643","true","local-density","false","14","1","2.25","1000","1000000","39876"
"1644","true","local-density","false","14","1","2.25","1000","1000000","38601"
"1645","true","local-density","false","14","1","2.25","1000","1000000","39694"
"1646","true","local-density","false","14","1","2.25","1000","1000000","39592"
"1647","true","local-density","false","14","1","2.25","1000","1000000","39531"
"1648","true","local-density","false","14","1","2.25","1000","1000000","38994"
"1649","true","local-density","false","14","1","2.25","1000","1000000","39221"
"1650","true","local-density","false","14","1","2.25","1000","1000000","39464"
"1651","true","local-density","false","14","1","2.25","1000","1000000","40240"
"1652","true","local-density","false","14","1","2.25","1000","1000000","39453"
"1653","true","local-density","false","14","1","2.25","1000","1000000","40091"
"1654","true","local-density","false","14","1","2.25","1000","1000000","39586"
"1655","true","local-density","false","14","1","2.25","1000","1000000","38899"
"1656","true","local-density","false","14","1","2.25","1000","1000000","39044"
"1657","true","local-density","false","14","1","2.25","1000","1000000","39701"
"1658","true","local-density","false","14","1","2.25","1000","1000000","40199"
"1659","true","local-density","false","14","1","2.25","1000","1000000","38491"
"1660","true","local-density","false","14","1","2.25","1000","1000000","38994"
"1661","true","local-density","false","14","1","2.25","1000","1000000","39578"
"1662","true","local-density","false","14","1","2.25","1000","1000000","39345"
"1663","true","local-density","false","14","1","2.25","1000","1000000","39712"
"1664","true","local-density","false","14","1","2.25","1000","1000000","39686"
"1665","true","local-density","false","14","1","2.25","1000","1000000","40247"
"1666","true","local-density","false","14","1","2.25","1000","1000000","39543"
"1667","true","local-density","false","14","1","2.25","1000","1000000","39611"
"1670","true","local-density","false","14","1","2.25","1000","1000000","39608"
"1669","true","local-density","false","14","1","2.25","1000","1000000","39486"
"1668","true","local-density","false","14","1","2.25","1000","1000000","39396"
"1671","true","local-density","false","14","1","2.25","1000","1000000","39115"
"1672","true","local-density","false","14","1","2.25","1000","1000000","39258"
"1673","true","local-density","false","14","1","2.25","1000","1000000","39727"
"1681","true","local-density","false","15","1000","2.25","1000","1000000","1954"
"1675","true","local-density","false","14","1","2.25","1000","1000000","39314"
"1674","true","local-density","false","14","1","2.25","1000","1000000","38776"
"1676","true","local-density","false","14","1","2.25","1000","1000000","39048"
"1677","true","local-density","false","14","1","2.25","1000","1000000","39376"
"1678","true","local-density","false","14","1","2.25","1000","1000000","39736"
"1679","true","local-density","false","14","1","2.25","1000","1000000","39573"
"1680","true","local-density","false","14","1","2.25","1000","1000000","40165"
"1682","true","local-density","false","15","1000","2.25","1000","1000000","1999"
"1683","true","local-density","false","15","1000","2.25","1000","1000000","2065"
"1684","true","local-density","false","15","1000","2.25","1000","1000000","2063"
"1685","true","local-density","false","15","1000","2.25","1000","1000000","2020"
"1686","true","local-density","false","15","1000","2.25","1000","1000000","1913"
"1687","true","local-density","false","15","1000","2.25","1000","1000000","1821"
"1688","true","local-density","false","15","1000","2.25","1000","1000000","1995"
"1689","true","local-density","false","15","1000","2.25","1000","1000000","1892"
"1690","true","local-density","false","15","1000","2.25","1000","1000000","2025"
"1691","true","local-density","false","15","1000","2.25","1000","1000000","2017"
"1692","true","local-density","false","15","1000","2.25","1000","1000000","1997"
"1693","true","local-density","false","15","1000","2.25","1000","1000000","2011"
"1694","true","local-density","false","15","1000","2.25","1000","1000000","1993"
"1695","true","local-density","false","15","1000","2.25","1000","1000000","2046"
"1696","true","local-density","false","15","1000","2.25","1000","1000000","2041"
"1697","true","local-density","false","15","1000","2.25","1000","1000000","1938"
"1698","true","local-density","false","15","1000","2.25","1000","1000000","2080"
"1699","true","local-density","false","15","1000","2.25","1000","1000000","2005"
"1700","true","local-density","false","15","1000","2.25","1000","1000000","1910"
"1701","true","local-density","false","15","1000","2.25","1000","1000000","2024"
"1702","true","local-density","false","15","1000","2.25","1000","1000000","2010"
"1703","true","local-density","false","15","1000","2.25","1000","1000000","2067"
"1704","true","local-density","false","15","1000","2.25","1000","1000000","2008"
"1705","true","local-density","false","15","1000","2.25","1000","1000000","1992"
"1706","true","local-density","false","15","1000","2.25","1000","1000000","2107"
"1707","true","local-density","false","15","1000","2.25","1000","1000000","1981"
"1708","true","local-density","false","15","1000","2.25","1000","1000000","1995"
"1709","true","local-density","false","15","1000","2.25","1000","1000000","1954"
"1710","true","local-density","false","15","1000","2.25","1000","1000000","2041"
"1711","true","local-density","false","15","1000","2.25","1000","1000000","2007"
"1712","true","local-density","false","15","1000","2.25","1000","1000000","2070"
"1713","true","local-density","false","15","1000","2.25","1000","1000000","2041"
"1714","true","local-density","false","15","1000","2.25","1000","1000000","2066"
"1715","true","local-density","false","15","1000","2.25","1000","1000000","1957"
"1716","true","local-density","false","15","1000","2.25","1000","1000000","1990"
"1717","true","local-density","false","15","1000","2.25","1000","1000000","1999"
"1718","true","local-density","false","15","1000","2.25","1000","1000000","2051"
"1719","true","local-density","false","15","1000","2.25","1000","1000000","2039"
"1720","true","local-density","false","15","1000","2.25","1000","1000000","2039"
"1722","true","local-density","false","15","1000","2.25","1000","1000000","1936"
"1721","true","local-density","false","15","1000","2.25","1000","1000000","1854"
"1723","true","local-density","false","15","1000","2.25","1000","1000000","2038"
"1724","true","local-density","false","15","1000","2.25","1000","1000000","1984"
"1725","true","local-density","false","15","1000","2.25","1000","1000000","2091"
"1726","true","local-density","false","15","1000","2.25","1000","1000000","2067"
"1727","true","local-density","false","15","1000","2.25","1000","1000000","2006"
"1728","true","local-density","false","15","1000","2.25","1000","1000000","2072"
"1730","true","local-density","false","15","1000","2.25","1000","1000000","1870"
"1729","true","local-density","false","15","1000","2.25","1000","1000000","2021"
"1731","true","local-density","false","15","1000","2.25","1000","1000000","2050"
"1732","true","local-density","false","15","1000","2.25","1000","1000000","1912"
"1733","true","local-density","false","15","1000","2.25","1000","1000000","2047"
"1735","true","local-density","false","15","1000","2.25","1000","1000000","2025"
"1734","true","local-density","false","15","1000","2.25","1000","1000000","2044"
"1736","true","local-density","false","15","1000","2.25","1000","1000000","1973"
"1737","true","local-density","false","15","1000","2.25","1000","1000000","1969"
"1738","true","local-density","false","15","1000","2.25","1000","1000000","2061"
"1739","true","local-density","false","15","1000","2.25","1000","1000000","1954"
"1740","true","local-density","false","15","1000","2.25","1000","1000000","1895"
"1741","true","local-density","false","15","1","2.25","1000","1000000","3497"
"1742","true","local-density","false","15","1","2.25","1000","1000000","3461"
"1743","true","local-density","false","15","1","2.25","1000","1000000","2742"
"1744","true","local-density","false","15","1","2.25","1000","1000000","3564"
"1745","true","local-density","false","15","1","2.25","1000","1000000","3375"
"1746","true","local-density","false","15","1","2.25","1000","1000000","3706"
"1747","true","local-density","false","15","1","2.25","1000","1000000","3662"
"1748","true","local-density","false","15","1","2.25","1000","1000000","2606"
"1749","true","local-density","false","15","1","2.25","1000","1000000","3533"
"1750","true","local-density","false","15","1","2.25","1000","1000000","3819"
"1751","true","local-density","false","15","1","2.25","1000","1000000","3411"
"1752","true","local-density","false","15","1","2.25","1000","1000000","3502"
"1753","true","local-density","false","15","1","2.25","1000","1000000","3734"
"1755","true","local-density","false","15","1","2.25","1000","1000000","3575"
"1754","true","local-density","false","15","1","2.25","1000","1000000","2900"
"1756","true","local-density","false","15","1","2.25","1000","1000000","3612"
"1757","true","local-density","false","15","1","2.25","1000","1000000","3421"
"1758","true","local-density","false","15","1","2.25","1000","1000000","3491"
"1759","true","local-density","false","15","1","2.25","1000","1000000","3459"
"1760","true","local-density","false","15","1","2.25","1000","1000000","3364"
"1762","true","local-density","false","15","1","2.25","1000","1000000","3510"
"1763","true","local-density","false","15","1","2.25","1000","1000000","3598"
"1761","true","local-density","false","15","1","2.25","1000","1000000","3241"
"1764","true","local-density","false","15","1","2.25","1000","1000000","2735"
"1765","true","local-density","false","15","1","2.25","1000","1000000","3220"
"1766","true","local-density","false","15","1","2.25","1000","1000000","3506"
"1767","true","local-density","false","15","1","2.25","1000","1000000","3412"
"1768","true","local-density","false","15","1","2.25","1000","1000000","3365"
"1769","true","local-density","false","15","1","2.25","1000","1000000","2864"
"1770","true","local-density","false","15","1","2.25","1000","1000000","3559"
"1771","true","local-density","false","15","1","2.25","1000","1000000","3430"
"1772","true","local-density","false","15","1","2.25","1000","1000000","3257"
"1774","true","local-density","false","15","1","2.25","1000","1000000","3380"
"1773","true","local-density","false","15","1","2.25","1000","1000000","3210"
"1775","true","local-density","false","15","1","2.25","1000","1000000","3412"
"1776","true","local-density","false","15","1","2.25","1000","1000000","3522"
"1777","true","local-density","false","15","1","2.25","1000","1000000","3581"
"1778","true","local-density","false","15","1","2.25","1000","1000000","3350"
"1779","true","local-density","false","15","1","2.25","1000","1000000","3551"
"1780","true","local-density","false","15","1","2.25","1000","1000000","3366"
"1781","true","local-density","false","15","1","2.25","1000","1000000","3517"
"1782","true","local-density","false","15","1","2.25","1000","1000000","3339"
"1783","true","local-density","false","15","1","2.25","1000","1000000","3514"
"1784","true","local-density","false","15","1","2.25","1000","1000000","3454"
"1785","true","local-density","false","15","1","2.25","1000","1000000","3753"
"1786","true","local-density","false","15","1","2.25","1000","1000000","3806"
"1787","true","local-density","false","15","1","2.25","1000","1000000","3379"
"1788","true","local-density","false","15","1","2.25","1000","1000000","3401"
"1789","true","local-density","false","15","1","2.25","1000","1000000","3200"
"1790","true","local-density","false","15","1","2.25","1000","1000000","3179"
"1791","true","local-density","false","15","1","2.25","1000","1000000","2844"
"1792","true","local-density","false","15","1","2.25","1000","1000000","3175"
"1793","true","local-density","false","15","1","2.25","1000","1000000","3244"
"1795","true","local-density","false","15","1","2.25","1000","1000000","3856"
"1794","true","local-density","false","15","1","2.25","1000","1000000","3719"
"1796","true","local-density","false","15","1","2.25","1000","1000000","3487"
"1798","true","local-density","false","15","1","2.25","1000","1000000","3605"
"1797","true","local-density","false","15","1","2.25","1000","1000000","3545"
"1799","true","local-density","false","15","1","2.25","1000","1000000","3774"
"1800","true","local-density","false","15","1","2.25","1000","1000000","3122"
"1801","true","local-density","false","16","1000","2.25","1000","1000000","3990"
"1802","true","local-density","false","16","1000","2.25","1000","1000000","4096"
"1803","true","local-density","false","16","1000","2.25","1000","1000000","4040"
"1804","true","local-density","false","16","1000","2.25","1000","1000000","4031"
"1805","true","local-density","false","16","1000","2.25","1000","1000000","4187"
"1806","true","local-density","false","16","1000","2.25","1000","1000000","4004"
"1807","true","local-density","false","16","1000","2.25","1000","1000000","4080"
"1808","true","local-density","false","16","1000","2.25","1000","1000000","4175"
"1809","true","local-density","false","16","1000","2.25","1000","1000000","3943"
"1810","true","local-density","false","16","1000","2.25","1000","1000000","4031"
"1811","true","local-density","false","16","1000","2.25","1000","1000000","4085"
"1812","true","local-density","false","16","1000","2.25","1000","1000000","4145"
"1814","true","local-density","false","16","1000","2.25","1000","1000000","4182"
"1813","true","local-density","false","16","1000","2.25","1000","1000000","4058"
"1815","true","local-density","false","16","1000","2.25","1000","1000000","3989"
"1816","true","local-density","false","16","1000","2.25","1000","1000000","4112"
"1817","true","local-density","false","16","1000","2.25","1000","1000000","4233"
"1818","true","local-density","false","16","1000","2.25","1000","1000000","3980"
"1819","true","local-density","false","16","1000","2.25","1000","1000000","3977"
"1820","true","local-density","false","16","1000","2.25","1000","1000000","4208"
"1822","true","local-density","false","16","1000","2.25","1000","1000000","4072"
"1821","true","local-density","false","16","1000","2.25","1000","1000000","4108"
"1823","true","local-density","false","16","1000","2.25","1000","1000000","4160"
"1824","true","local-density","false","16","1000","2.25","1000","1000000","3985"
"1825","true","local-density","false","16","1000","2.25","1000","1000000","3970"
"1826","true","local-density","false","16","1000","2.25","1000","1000000","4064"
"1827","true","local-density","false","16","1000","2.25","1000","1000000","4144"
"1828","true","local-density","false","16","1000","2.25","1000","1000000","4134"
"1829","true","local-density","false","16","1000","2.25","1000","1000000","4186"
"1830","true","local-density","false","16","1000","2.25","1000","1000000","4024"
"1831","true","local-density","false","16","1000","2.25","1000","1000000","4193"
"1832","true","local-density","false","16","1000","2.25","1000","1000000","4081"
"1833","true","local-density","false","16","1000","2.25","1000","1000000","4133"
"1834","true","local-density","false","16","1000","2.25","1000","1000000","4271"
"1835","true","local-density","false","16","1000","2.25","1000","1000000","4195"
"1836","true","local-density","false","16","1000","2.25","1000","1000000","4096"
"1837","true","local-density","false","16","1000","2.25","1000","1000000","4143"
"1838","true","local-density","false","16","1000","2.25","1000","1000000","4107"
"1839","true","local-density","false","16","1000","2.25","1000","1000000","4080"
"1840","true","local-density","false","16","1000","2.25","1000","1000000","4068"
"1841","true","local-density","false","16","1000","2.25","1000","1000000","4087"
"1842","true","local-density","false","16","1000","2.25","1000","1000000","3958"
"1843","true","local-density","false","16","1000","2.25","1000","1000000","4009"
"1844","true","local-density","false","16","1000","2.25","1000","1000000","4009"
"1845","true","local-density","false","16","1000","2.25","1000","1000000","4010"
"1846","true","local-density","false","16","1000","2.25","1000","1000000","4166"
"1848","true","local-density","false","16","1000","2.25","1000","1000000","4006"
"1847","true","local-density","false","16","1000","2.25","1000","1000000","3965"
"1849","true","local-density","false","16","1000","2.25","1000","1000000","4101"
"1850","true","local-density","false","16","1000","2.25","1000","1000000","4154"
"1851","true","local-density","false","16","1000","2.25","1000","1000000","4064"
"1852","true","local-density","false","16","1000","2.25","1000","1000000","3999"
"1854","true","local-density","false","16","1000","2.25","1000","1000000","4022"
"1853","true","local-density","false","16","1000","2.25","1000","1000000","4029"
"1855","true","local-density","false","16","1000","2.25","1000","1000000","4246"
"1856","true","local-density","false","16","1000","2.25","1000","1000000","4083"
"1857","true","local-density","false","16","1000","2.25","1000","1000000","3995"
"1858","true","local-density","false","16","1000","2.25","1000","1000000","4080"
"1859","true","local-density","false","16","1000","2.25","1000","1000000","4171"
"1862","true","local-density","false","16","1","2.25","1000","1000000","7340"
"1861","true","local-density","false","16","1","2.25","1000","1000000","6511"
"1860","true","local-density","false","16","1000","2.25","1000","1000000","4014"
"1863","true","local-density","false","16","1","2.25","1000","1000000","7451"
"1864","true","local-density","false","16","1","2.25","1000","1000000","6683"
"1865","true","local-density","false","16","1","2.25","1000","1000000","7702"
"1866","true","local-density","false","16","1","2.25","1000","1000000","7676"
"1867","true","local-density","false","16","1","2.25","1000","1000000","7515"
"1868","true","local-density","false","16","1","2.25","1000","1000000","7214"
"1870","true","local-density","false","16","1","2.25","1000","1000000","7283"
"1869","true","local-density","false","16","1","2.25","1000","1000000","6095"
"1871","true","local-density","false","16","1","2.25","1000","1000000","7496"
"1872","true","local-density","false","16","1","2.25","1000","1000000","7056"
"1873","true","local-density","false","16","1","2.25","1000","1000000","7176"
"1874","true","local-density","false","16","1","2.25","1000","1000000","7698"
"1875","true","local-density","false","16","1","2.25","1000","1000000","7371"
"1876","true","local-density","false","16","1","2.25","1000","1000000","7091"
"1877","true","local-density","false","16","1","2.25","1000","1000000","7763"
"1878","true","local-density","false","16","1","2.25","1000","1000000","7464"
"1879","true","local-density","false","16","1","2.25","1000","1000000","7045"
"1880","true","local-density","false","16","1","2.25","1000","1000000","7781"
"1881","true","local-density","false","16","1","2.25","1000","1000000","7004"
"1882","true","local-density","false","16","1","2.25","1000","1000000","6753"
"1883","true","local-density","false","16","1","2.25","1000","1000000","7065"
"1884","true","local-density","false","16","1","2.25","1000","1000000","7734"
"1885","true","local-density","false","16","1","2.25","1000","1000000","7089"
"1886","true","local-density","false","16","1","2.25","1000","1000000","6776"
"1887","true","local-density","false","16","1","2.25","1000","1000000","7079"
"1888","true","local-density","false","16","1","2.25","1000","1000000","6878"
"1889","true","local-density","false","16","1","2.25","1000","1000000","7537"
"1890","true","local-density","false","16","1","2.25","1000","1000000","7050"
"1891","true","local-density","false","16","1","2.25","1000","1000000","6732"
"1892","true","local-density","false","16","1","2.25","1000","1000000","7207"
"1893","true","local-density","false","16","1","2.25","1000","1000000","7444"
"1894","true","local-density","false","16","1","2.25","1000","1000000","7599"
"1895","true","local-density","false","16","1","2.25","1000","1000000","6913"
"1896","true","local-density","false","16","1","2.25","1000","1000000","7782"
"1897","true","local-density","false","16","1","2.25","1000","1000000","6843"
"1898","true","local-density","false","16","1","2.25","1000","1000000","6998"
"1900","true","local-density","false","16","1","2.25","1000","1000000","7286"
"1899","true","local-density","false","16","1","2.25","1000","1000000","6961"
"1901","true","local-density","false","16","1","2.25","1000","1000000","6578"
"1902","true","local-density","false","16","1","2.25","1000","1000000","7470"
"1903","true","local-density","false","16","1","2.25","1000","1000000","7100"
"1904","true","local-density","false","16","1","2.25","1000","1000000","6323"
"1905","true","local-density","false","16","1","2.25","1000","1000000","7972"
"1906","true","local-density","false","16","1","2.25","1000","1000000","7449"
"1907","true","local-density","false","16","1","2.25","1000","1000000","6920"
"1908","true","local-density","false","16","1","2.25","1000","1000000","7338"
"1910","true","local-density","false","16","1","2.25","1000","1000000","7040"
"1909","true","local-density","false","16","1","2.25","1000","1000000","7235"
"1911","true","local-density","false","16","1","2.25","1000","1000000","6963"
"1912","true","local-density","false","16","1","2.25","1000","1000000","6992"
"1913","true","local-density","false","16","1","2.25","1000","1000000","7656"
"1914","true","local-density","false","16","1","2.25","1000","1000000","7257"
"1915","true","local-density","false","16","1","2.25","1000","1000000","6346"
"1916","true","local-density","false","16","1","2.25","1000","1000000","7441"
"1917","true","local-density","false","16","1","2.25","1000","1000000","7724"
"1918","true","local-density","false","16","1","2.25","1000","1000000","7597"
"1919","true","local-density","false","16","1","2.25","1000","1000000","7273"
"1920","true","local-density","false","16","1","2.25","1000","1000000","7055"
"1921","true","local-density","false","17","1000","2.25","1000","1000000","8312"
"1922","true","local-density","false","17","1000","2.25","1000","1000000","8432"
"1923","true","local-density","false","17","1000","2.25","1000","1000000","8143"
"1924","true","local-density","false","17","1000","2.25","1000","1000000","8396"
"1925","true","local-density","false","17","1000","2.25","1000","1000000","8491"
"1927","true","local-density","false","17","1000","2.25","1000","1000000","8369"
"1926","true","local-density","false","17","1000","2.25","1000","1000000","8359"
"1928","true","local-density","false","17","1000","2.25","1000","1000000","7924"
"1929","true","local-density","false","17","1000","2.25","1000","1000000","8200"
"1930","true","local-density","false","17","1000","2.25","1000","1000000","8343"
"1931","true","local-density","false","17","1000","2.25","1000","1000000","8020"
"1933","true","local-density","false","17","1000","2.25","1000","1000000","8213"
"1932","true","local-density","false","17","1000","2.25","1000","1000000","7931"
"1934","true","local-density","false","17","1000","2.25","1000","1000000","8326"
"1935","true","local-density","false","17","1000","2.25","1000","1000000","8208"
"1936","true","local-density","false","17","1000","2.25","1000","1000000","8334"
"1937","true","local-density","false","17","1000","2.25","1000","1000000","8323"
"1938","true","local-density","false","17","1000","2.25","1000","1000000","8032"
"1939","true","local-density","false","17","1000","2.25","1000","1000000","8355"
"1940","true","local-density","false","17","1000","2.25","1000","1000000","8265"
"1941","true","local-density","false","17","1000","2.25","1000","1000000","8335"
"1942","true","local-density","false","17","1000","2.25","1000","1000000","8313"
"1943","true","local-density","false","17","1000","2.25","1000","1000000","8283"
"1944","true","local-density","false","17","1000","2.25","1000","1000000","8335"
"1945","true","local-density","false","17","1000","2.25","1000","1000000","8239"
"1946","true","local-density","false","17","1000","2.25","1000","1000000","8435"
"1947","true","local-density","false","17","1000","2.25","1000","1000000","8481"
"1948","true","local-density","false","17","1000","2.25","1000","1000000","8242"
"1949","true","local-density","false","17","1000","2.25","1000","1000000","8400"
"1950","true","local-density","false","17","1000","2.25","1000","1000000","8470"
"1952","true","local-density","false","17","1000","2.25","1000","1000000","8443"
"1951","true","local-density","false","17","1000","2.25","1000","1000000","7948"
"1953","true","local-density","false","17","1000","2.25","1000","1000000","8401"
"1954","true","local-density","false","17","1000","2.25","1000","1000000","8502"
"1955","true","local-density","false","17","1000","2.25","1000","1000000","8167"
"1956","true","local-density","false","17","1000","2.25","1000","1000000","7876"
"1958","true","local-density","false","17","1000","2.25","1000","1000000","8276"
"1957","true","local-density","false","17","1000","2.25","1000","1000000","8362"
"1959","true","local-density","false","17","1000","2.25","1000","1000000","8202"
"1960","true","local-density","false","17","1000","2.25","1000","1000000","8151"
"1961","true","local-density","false","17","1000","2.25","1000","1000000","8170"
"1963","true","local-density","false","17","1000","2.25","1000","1000000","8439"
"1962","true","local-density","false","17","1000","2.25","1000","1000000","8224"
"1964","true","local-density","false","17","1000","2.25","1000","1000000","8232"
"1965","true","local-density","false","17","1000","2.25","1000","1000000","8225"
"1966","true","local-density","false","17","1000","2.25","1000","1000000","8128"
"1967","true","local-density","false","17","1000","2.25","1000","1000000","8273"
"1968","true","local-density","false","17","1000","2.25","1000","1000000","8226"
"1969","true","local-density","false","17","1000","2.25","1000","1000000","8494"
"1971","true","local-density","false","17","1000","2.25","1000","1000000","8347"
"1970","true","local-density","false","17","1000","2.25","1000","1000000","8481"
"1972","true","local-density","false","17","1000","2.25","1000","1000000","8264"
"1973","true","local-density","false","17","1000","2.25","1000","1000000","8150"
"1974","true","local-density","false","17","1000","2.25","1000","1000000","8146"
"1975","true","local-density","false","17","1000","2.25","1000","1000000","8416"
"1976","true","local-density","false","17","1000","2.25","1000","1000000","8275"
"1977","true","local-density","false","17","1000","2.25","1000","1000000","8166"
"1978","true","local-density","false","17","1000","2.25","1000","1000000","8399"
"1979","true","local-density","false","17","1000","2.25","1000","1000000","8504"
"1980","true","local-density","false","17","1000","2.25","1000","1000000","8403"
"1981","true","local-density","false","17","1","2.25","1000","1000000","14582"
"1982","true","local-density","false","17","1","2.25","1000","1000000","13528"
"1983","true","local-density","false","17","1","2.25","1000","1000000","15641"
"1984","true","local-density","false","17","1","2.25","1000","1000000","15554"
"1985","true","local-density","false","17","1","2.25","1000","1000000","15149"
"1986","true","local-density","false","17","1","2.25","1000","1000000","14236"
"1987","true","local-density","false","17","1","2.25","1000","1000000","14633"
"1988","true","local-density","false","17","1","2.25","1000","1000000","14913"
"1989","true","local-density","false","17","1","2.25","1000","1000000","14789"
"1990","true","local-density","false","17","1","2.25","1000","1000000","15006"
"1991","true","local-density","false","17","1","2.25","1000","1000000","12985"
"1992","true","local-density","false","17","1","2.25","1000","1000000","15245"
"1993","true","local-density","false","17","1","2.25","1000","1000000","14419"
"1994","true","local-density","false","17","1","2.25","1000","1000000","13958"
"1995","true","local-density","false","17","1","2.25","1000","1000000","14787"
"1996","true","local-density","false","17","1","2.25","1000","1000000","14623"
"1997","true","local-density","false","17","1","2.25","1000","1000000","13963"
"1999","true","local-density","false","17","1","2.25","1000","1000000","15806"
"1998","true","local-density","false","17","1","2.25","1000","1000000","14781"
"2000","true","local-density","false","17","1","2.25","1000","1000000","15192"
"2001","true","local-density","false","17","1","2.25","1000","1000000","14110"
"2003","true","local-density","false","17","1","2.25","1000","1000000","14622"
"2002","true","local-density","false","17","1","2.25","1000","1000000","14878"
"2004","true","local-density","false","17","1","2.25","1000","1000000","15059"
"2006","true","local-density","false","17","1","2.25","1000","1000000","14897"
"2005","true","local-density","false","17","1","2.25","1000","1000000","15076"
"2007","true","local-density","false","17","1","2.25","1000","1000000","14925"
"2008","true","local-density","false","17","1","2.25","1000","1000000","14704"
"2009","true","local-density","false","17","1","2.25","1000","1000000","14807"
"2010","true","local-density","false","17","1","2.25","1000","1000000","15650"
"2011","true","local-density","false","17","1","2.25","1000","1000000","15480"
"2012","true","local-density","false","17","1","2.25","1000","1000000","14264"
"2013","true","local-density","false","17","1","2.25","1000","1000000","14659"
"2014","true","local-density","false","17","1","2.25","1000","1000000","14534"
"2015","true","local-density","false","17","1","2.25","1000","1000000","15215"
"2016","true","local-density","false","17","1","2.25","1000","1000000","13936"
"2017","true","local-density","false","17","1","2.25","1000","1000000","14874"
"2018","true","local-density","false","17","1","2.25","1000","1000000","14305"
"2019","true","local-density","false","17","1","2.25","1000","1000000","14011"
"2020","true","local-density","false","17","1","2.25","1000","1000000","15145"
"2022","true","local-density","false","17","1","2.25","1000","1000000","14719"
"2021","true","local-density","false","17","1","2.25","1000","1000000","14016"
"2023","true","local-density","false","17","1","2.25","1000","1000000","14447"
"2024","true","local-density","false","17","1","2.25","1000","1000000","13611"
"2025","true","local-density","false","17","1","2.25","1000","1000000","15279"
"2026","true","local-density","false","17","1","2.25","1000","1000000","15421"
"2027","true","local-density","false","17","1","2.25","1000","1000000","14548"
"2028","true","local-density","false","17","1","2.25","1000","1000000","14449"
"2030","true","local-density","false","17","1","2.25","1000","1000000","14621"
"2029","true","local-density","false","17","1","2.25","1000","1000000","14531"
"2031","true","local-density","false","17","1","2.25","1000","1000000","13424"
"2032","true","local-density","false","17","1","2.25","1000","1000000","14051"
"2033","true","local-density","false","17","1","2.25","1000","1000000","15391"
"2034","true","local-density","false","17","1","2.25","1000","1000000","15758"
"2035","true","local-density","false","17","1","2.25","1000","1000000","14304"
"2036","true","local-density","false","17","1","2.25","1000","1000000","15283"
"2038","true","local-density","false","17","1","2.25","1000","1000000","15361"
"2037","true","local-density","false","17","1","2.25","1000","1000000","13863"
"2039","true","local-density","false","17","1","2.25","1000","1000000","15023"
"2040","true","local-density","false","17","1","2.25","1000","1000000","14057"
"2041","true","local-density","false","18","1000","2.25","1000","1000000","12580"
"2042","true","local-density","false","18","1000","2.25","1000","1000000","12714"
"2043","true","local-density","false","18","1000","2.25","1000","1000000","12454"
"2044","true","local-density","false","18","1000","2.25","1000","1000000","12371"
"2045","true","local-density","false","18","1000","2.25","1000","1000000","12332"
"2046","true","local-density","false","18","1000","2.25","1000","1000000","12609"
"2047","true","local-density","false","18","1000","2.25","1000","1000000","12829"
"2048","true","local-density","false","18","1000","2.25","1000","1000000","12462"
"2049","true","local-density","false","18","1000","2.25","1000","1000000","12472"
"2050","true","local-density","false","18","1000","2.25","1000","1000000","12660"
"2051","true","local-density","false","18","1000","2.25","1000","1000000","12357"
"2052","true","local-density","false","18","1000","2.25","1000","1000000","12331"
"2053","true","local-density","false","18","1000","2.25","1000","1000000","12745"
"2054","true","local-density","false","18","1000","2.25","1000","1000000","12468"
"2056","true","local-density","false","18","1000","2.25","1000","1000000","12640"
"2055","true","local-density","false","18","1000","2.25","1000","1000000","12669"
"2057","true","local-density","false","18","1000","2.25","1000","1000000","12334"
"2058","true","local-density","false","18","1000","2.25","1000","1000000","12616"
"2059","true","local-density","false","18","1000","2.25","1000","1000000","12472"
"2060","true","local-density","false","18","1000","2.25","1000","1000000","12293"
"2061","true","local-density","false","18","1000","2.25","1000","1000000","12332"
"2062","true","local-density","false","18","1000","2.25","1000","1000000","12467"
"2063","true","local-density","false","18","1000","2.25","1000","1000000","12550"
"2064","true","local-density","false","18","1000","2.25","1000","1000000","12484"
"2065","true","local-density","false","18","1000","2.25","1000","1000000","12413"
"2066","true","local-density","false","18","1000","2.25","1000","1000000","12275"
"2067","true","local-density","false","18","1000","2.25","1000","1000000","12406"
"2068","true","local-density","false","18","1000","2.25","1000","1000000","12581"
"2069","true","local-density","false","18","1000","2.25","1000","1000000","12357"
"2070","true","local-density","false","18","1000","2.25","1000","1000000","12194"
"2071","true","local-density","false","18","1000","2.25","1000","1000000","12407"
"2072","true","local-density","false","18","1000","2.25","1000","1000000","12362"
"2073","true","local-density","false","18","1000","2.25","1000","1000000","12247"
"2074","true","local-density","false","18","1000","2.25","1000","1000000","12361"
"2075","true","local-density","false","18","1000","2.25","1000","1000000","12259"
"2076","true","local-density","false","18","1000","2.25","1000","1000000","12509"
"2077","true","local-density","false","18","1000","2.25","1000","1000000","12128"
"2078","true","local-density","false","18","1000","2.25","1000","1000000","12225"
"2079","true","local-density","false","18","1000","2.25","1000","1000000","12502"
"2080","true","local-density","false","18","1000","2.25","1000","1000000","12714"
"2081","true","local-density","false","18","1000","2.25","1000","1000000","12656"
"2082","true","local-density","false","18","1000","2.25","1000","1000000","12492"
"2083","true","local-density","false","18","1000","2.25","1000","1000000","12256"
"2084","true","local-density","false","18","1000","2.25","1000","1000000","12340"
"2085","true","local-density","false","18","1000","2.25","1000","1000000","12553"
"2086","true","local-density","false","18","1000","2.25","1000","1000000","12469"
"2087","true","local-density","false","18","1000","2.25","1000","1000000","12446"
"2088","true","local-density","false","18","1000","2.25","1000","1000000","12479"
"2089","true","local-density","false","18","1000","2.25","1000","1000000","12466"
"2090","true","local-density","false","18","1000","2.25","1000","1000000","12427"
"2091","true","local-density","false","18","1000","2.25","1000","1000000","12445"
"2092","true","local-density","false","18","1000","2.25","1000","1000000","12454"
"2093","true","local-density","false","18","1000","2.25","1000","1000000","12589"
"2094","true","local-density","false","18","1000","2.25","1000","1000000","12449"
"2095","true","local-density","false","18","1000","2.25","1000","1000000","12301"
"2096","true","local-density","false","18","1000","2.25","1000","1000000","12456"
"2097","true","local-density","false","18","1000","2.25","1000","1000000","12848"
"2098","true","local-density","false","18","1000","2.25","1000","1000000","12404"
"2099","true","local-density","false","18","1000","2.25","1000","1000000","12221"
"2100","true","local-density","false","18","1000","2.25","1000","1000000","12509"
"2101","true","local-density","false","18","1","2.25","1000","1000000","22802"
"2102","true","local-density","false","18","1","2.25","1000","1000000","21671"
"2103","true","local-density","false","18","1","2.25","1000","1000000","22413"
"2104","true","local-density","false","18","1","2.25","1000","1000000","22684"
"2105","true","local-density","false","18","1","2.25","1000","1000000","22156"
"2106","true","local-density","false","18","1","2.25","1000","1000000","23638"
"2107","true","local-density","false","18","1","2.25","1000","1000000","22860"
"2108","true","local-density","false","18","1","2.25","1000","1000000","22174"
"2109","true","local-density","false","18","1","2.25","1000","1000000","21940"
"2110","true","local-density","false","18","1","2.25","1000","1000000","21080"
"2111","true","local-density","false","18","1","2.25","1000","1000000","21215"
"2112","true","local-density","false","18","1","2.25","1000","1000000","22854"
"2114","true","local-density","false","18","1","2.25","1000","1000000","22054"
"2113","true","local-density","false","18","1","2.25","1000","1000000","22321"
"2115","true","local-density","false","18","1","2.25","1000","1000000","24298"
"2116","true","local-density","false","18","1","2.25","1000","1000000","23181"
"2117","true","local-density","false","18","1","2.25","1000","1000000","23654"
"2118","true","local-density","false","18","1","2.25","1000","1000000","22136"
"2119","true","local-density","false","18","1","2.25","1000","1000000","21834"
"2120","true","local-density","false","18","1","2.25","1000","1000000","22608"
"2121","true","local-density","false","18","1","2.25","1000","1000000","21864"
"2122","true","local-density","false","18","1","2.25","1000","1000000","20192"
"2123","true","local-density","false","18","1","2.25","1000","1000000","22026"
"2124","true","local-density","false","18","1","2.25","1000","1000000","21502"
"2125","true","local-density","false","18","1","2.25","1000","1000000","20542"
"2126","true","local-density","false","18","1","2.25","1000","1000000","22304"
"2127","true","local-density","false","18","1","2.25","1000","1000000","21271"
"2128","true","local-density","false","18","1","2.25","1000","1000000","22506"
"2129","true","local-density","false","18","1","2.25","1000","1000000","22597"
"2130","true","local-density","false","18","1","2.25","1000","1000000","20573"
"2131","true","local-density","false","18","1","2.25","1000","1000000","23085"
"2132","true","local-density","false","18","1","2.25","1000","1000000","21416"
"2133","true","local-density","false","18","1","2.25","1000","1000000","22004"
"2134","true","local-density","false","18","1","2.25","1000","1000000","23000"
"2135","true","local-density","false","18","1","2.25","1000","1000000","23663"
"2136","true","local-density","false","18","1","2.25","1000","1000000","23396"
"2137","true","local-density","false","18","1","2.25","1000","1000000","20744"
"2138","true","local-density","false","18","1","2.25","1000","1000000","21808"
"2139","true","local-density","false","18","1","2.25","1000","1000000","21561"
"2140","true","local-density","false","18","1","2.25","1000","1000000","24211"
"2141","true","local-density","false","18","1","2.25","1000","1000000","22484"
"2142","true","local-density","false","18","1","2.25","1000","1000000","20906"
"2143","true","local-density","false","18","1","2.25","1000","1000000","22871"
"2144","true","local-density","false","18","1","2.25","1000","1000000","20927"
"2145","true","local-density","false","18","1","2.25","1000","1000000","22276"
"2146","true","local-density","false","18","1","2.25","1000","1000000","22506"
"2147","true","local-density","false","18","1","2.25","1000","1000000","22761"
"2148","true","local-density","false","18","1","2.25","1000","1000000","20782"
"2149","true","local-density","false","18","1","2.25","1000","1000000","21975"
"2150","true","local-density","false","18","1","2.25","1000","1000000","20559"
"2151","true","local-density","false","18","1","2.25","1000","1000000","21636"
"2153","true","local-density","false","18","1","2.25","1000","1000000","22042"
"2152","true","local-density","false","18","1","2.25","1000","1000000","22134"
"2154","true","local-density","false","18","1","2.25","1000","1000000","22998"
"2155","true","local-density","false","18","1","2.25","1000","1000000","21912"
"2156","true","local-density","false","18","1","2.25","1000","1000000","22799"
"2157","true","local-density","false","18","1","2.25","1000","1000000","21136"
"2158","true","local-density","false","18","1","2.25","1000","1000000","20811"
"2159","true","local-density","false","18","1","2.25","1000","1000000","21721"
"2160","true","local-density","false","18","1","2.25","1000","1000000","21636"
"2162","true","local-density","false","19","1000","2.25","1000","1000000","16768"
"2161","true","local-density","false","19","1000","2.25","1000","1000000","16387"
"2163","true","local-density","false","19","1000","2.25","1000","1000000","17184"
"2164","true","local-density","false","19","1000","2.25","1000","1000000","16657"
"2165","true","local-density","false","19","1000","2.25","1000","1000000","16628"
"2166","true","local-density","false","19","1000","2.25","1000","1000000","16168"
"2168","true","local-density","false","19","1000","2.25","1000","1000000","16417"
"2167","true","local-density","false","19","1000","2.25","1000","1000000","16458"
"2169","true","local-density","false","19","1000","2.25","1000","1000000","16250"
"2170","true","local-density","false","19","1000","2.25","1000","1000000","16794"
"2171","true","local-density","false","19","1000","2.25","1000","1000000","16567"
"2172","true","local-density","false","19","1000","2.25","1000","1000000","16966"
"2173","true","local-density","false","19","1000","2.25","1000","1000000","17152"
"2174","true","local-density","false","19","1000","2.25","1000","1000000","16802"
"2175","true","local-density","false","19","1000","2.25","1000","1000000","16269"
"2176","true","local-density","false","19","1000","2.25","1000","1000000","16638"
"2177","true","local-density","false","19","1000","2.25","1000","1000000","16571"
"2178","true","local-density","false","19","1000","2.25","1000","1000000","16697"
"2179","true","local-density","false","19","1000","2.25","1000","1000000","16607"
"2180","true","local-density","false","19","1000","2.25","1000","1000000","16449"
"2181","true","local-density","false","19","1000","2.25","1000","1000000","16678"
"2182","true","local-density","false","19","1000","2.25","1000","1000000","16809"
"2183","true","local-density","false","19","1000","2.25","1000","1000000","16866"
"2184","true","local-density","false","19","1000","2.25","1000","1000000","17077"
"2185","true","local-density","false","19","1000","2.25","1000","1000000","16491"
"2187","true","local-density","false","19","1000","2.25","1000","1000000","16729"
"2186","true","local-density","false","19","1000","2.25","1000","1000000","16574"
"2188","true","local-density","false","19","1000","2.25","1000","1000000","16582"
"2190","true","local-density","false","19","1000","2.25","1000","1000000","16612"
"2189","true","local-density","false","19","1000","2.25","1000","1000000","16871"
"2191","true","local-density","false","19","1000","2.25","1000","1000000","16230"
"2192","true","local-density","false","19","1000","2.25","1000","1000000","16515"
"2193","true","local-density","false","19","1000","2.25","1000","1000000","16764"
"2194","true","local-density","false","19","1000","2.25","1000","1000000","16364"
"2195","true","local-density","false","19","1000","2.25","1000","1000000","16745"
"2196","true","local-density","false","19","1000","2.25","1000","1000000","16578"
"2198","true","local-density","false","19","1000","2.25","1000","1000000","16735"
"2197","true","local-density","false","19","1000","2.25","1000","1000000","16941"
"2199","true","local-density","false","19","1000","2.25","1000","1000000","16845"
"2200","true","local-density","false","19","1000","2.25","1000","1000000","16777"
"2201","true","local-density","false","19","1000","2.25","1000","1000000","16580"
"2202","true","local-density","false","19","1000","2.25","1000","1000000","16338"
"2203","true","local-density","false","19","1000","2.25","1000","1000000","17049"
"2204","true","local-density","false","19","1000","2.25","1000","1000000","16811"
"2207","true","local-density","false","19","1000","2.25","1000","1000000","16734"
"2205","true","local-density","false","19","1000","2.25","1000","1000000","16392"
"2206","true","local-density","false","19","1000","2.25","1000","1000000","16437"
"2208","true","local-density","false","19","1000","2.25","1000","1000000","16462"
"2209","true","local-density","false","19","1000","2.25","1000","1000000","16604"
"2210","true","local-density","false","19","1000","2.25","1000","1000000","16415"
"2212","true","local-density","false","19","1000","2.25","1000","1000000","16732"
"2211","true","local-density","false","19","1000","2.25","1000","1000000","16548"
"2213","true","local-density","false","19","1000","2.25","1000","1000000","16477"
"2215","true","local-density","false","19","1000","2.25","1000","1000000","16502"
"2214","true","local-density","false","19","1000","2.25","1000","1000000","16961"
"2217","true","local-density","false","19","1000","2.25","1000","1000000","16567"
"2216","true","local-density","false","19","1000","2.25","1000","1000000","16818"
"2218","true","local-density","false","19","1000","2.25","1000","1000000","16682"
"2219","true","local-density","false","19","1000","2.25","1000","1000000","16418"
"2221","true","local-density","false","19","1","2.25","1000","1000000","30711"
"2220","true","local-density","false","19","1000","2.25","1000","1000000","16640"
"2222","true","local-density","false","19","1","2.25","1000","1000000","28987"
"2223","true","local-density","false","19","1","2.25","1000","1000000","28074"
"2224","true","local-density","false","19","1","2.25","1000","1000000","30023"
"2226","true","local-density","false","19","1","2.25","1000","1000000","28147"
"2225","true","local-density","false","19","1","2.25","1000","1000000","30820"
"2227","true","local-density","false","19","1","2.25","1000","1000000","30129"
"2228","true","local-density","false","19","1","2.25","1000","1000000","30304"
"2229","true","local-density","false","19","1","2.25","1000","1000000","28045"
"2230","true","local-density","false","19","1","2.25","1000","1000000","29052"
"2231","true","local-density","false","19","1","2.25","1000","1000000","30382"
"2232","true","local-density","false","19","1","2.25","1000","1000000","29751"
"2233","true","local-density","false","19","1","2.25","1000","1000000","29394"
"2234","true","local-density","false","19","1","2.25","1000","1000000","29231"
"2236","true","local-density","false","19","1","2.25","1000","1000000","30451"
"2235","true","local-density","false","19","1","2.25","1000","1000000","28327"
"2237","true","local-density","false","19","1","2.25","1000","1000000","28185"
"2238","true","local-density","false","19","1","2.25","1000","1000000","28943"
"2239","true","local-density","false","19","1","2.25","1000","1000000","28550"
"2240","true","local-density","false","19","1","2.25","1000","1000000","29717"
"2241","true","local-density","false","19","1","2.25","1000","1000000","29891"
"2242","true","local-density","false","19","1","2.25","1000","1000000","27702"
"2243","true","local-density","false","19","1","2.25","1000","1000000","30542"
"2244","true","local-density","false","19","1","2.25","1000","1000000","28643"
"2245","true","local-density","false","19","1","2.25","1000","1000000","28277"
"2246","true","local-density","false","19","1","2.25","1000","1000000","30746"
"2247","true","local-density","false","19","1","2.25","1000","1000000","31552"
"2248","true","local-density","false","19","1","2.25","1000","1000000","30013"
"2249","true","local-density","false","19","1","2.25","1000","1000000","29235"
"2250","true","local-density","false","19","1","2.25","1000","1000000","29670"
"2251","true","local-density","false","19","1","2.25","1000","1000000","29870"
"2252","true","local-density","false","19","1","2.25","1000","1000000","29089"
"2254","true","local-density","false","19","1","2.25","1000","1000000","28558"
"2253","true","local-density","false","19","1","2.25","1000","1000000","30170"
"2255","true","local-density","false","19","1","2.25","1000","1000000","29617"
"2256","true","local-density","false","19","1","2.25","1000","1000000","28809"
"2257","true","local-density","false","19","1","2.25","1000","1000000","30632"
"2258","true","local-density","false","19","1","2.25","1000","1000000","29733"
"2259","true","local-density","false","19","1","2.25","1000","1000000","29397"
"2260","true","local-density","false","19","1","2.25","1000","1000000","29550"
"2261","true","local-density","false","19","1","2.25","1000","1000000","28421"
"2262","true","local-density","false","19","1","2.25","1000","1000000","30425"
"2263","true","local-density","false","19","1","2.25","1000","1000000","27959"
"2264","true","local-density","false","19","1","2.25","1000","1000000","29382"
"2265","true","local-density","false","19","1","2.25","1000","1000000","30332"
"2266","true","local-density","false","19","1","2.25","1000","1000000","29664"
"2267","true","local-density","false","19","1","2.25","1000","1000000","30220"
"2268","true","local-density","false","19","1","2.25","1000","1000000","29221"
"2269","true","local-density","false","19","1","2.25","1000","1000000","30282"
"2270","true","local-density","false","19","1","2.25","1000","1000000","30366"
"2271","true","local-density","false","19","1","2.25","1000","1000000","29975"
"2272","true","local-density","false","19","1","2.25","1000","1000000","30595"
"2273","true","local-density","false","19","1","2.25","1000","1000000","29587"
"2274","true","local-density","false","19","1","2.25","1000","1000000","29347"
"2275","true","local-density","false","19","1","2.25","1000","1000000","29336"
"2276","true","local-density","false","19","1","2.25","1000","1000000","29804"
"2277","true","local-density","false","19","1","2.25","1000","1000000","30485"
"2278","true","local-density","false","19","1","2.25","1000","1000000","28480"
"2279","true","local-density","false","19","1","2.25","1000","1000000","29932"
"2280","true","local-density","false","19","1","2.25","1000","1000000","27894"
"2281","true","local-density","false","20","1000","2.25","1000","1000000","20218"
"2283","true","local-density","false","20","1000","2.25","1000","1000000","20355"
"2282","true","local-density","false","20","1000","2.25","1000","1000000","20433"
"2284","true","local-density","false","20","1000","2.25","1000","1000000","20452"
"2285","true","local-density","false","20","1000","2.25","1000","1000000","20372"
"2287","true","local-density","false","20","1000","2.25","1000","1000000","20327"
"2286","true","local-density","false","20","1000","2.25","1000","1000000","20072"
"2288","true","local-density","false","20","1000","2.25","1000","1000000","20393"
"2289","true","local-density","false","20","1000","2.25","1000","1000000","20332"
"2290","true","local-density","false","20","1000","2.25","1000","1000000","20388"
"2291","true","local-density","false","20","1000","2.25","1000","1000000","20608"
"2292","true","local-density","false","20","1000","2.25","1000","1000000","20560"
"2293","true","local-density","false","20","1000","2.25","1000","1000000","20596"
"2294","true","local-density","false","20","1000","2.25","1000","1000000","20446"
"2295","true","local-density","false","20","1000","2.25","1000","1000000","20072"
"2296","true","local-density","false","20","1000","2.25","1000","1000000","20126"
"2297","true","local-density","false","20","1000","2.25","1000","1000000","20265"
"2298","true","local-density","false","20","1000","2.25","1000","1000000","20242"
"2300","true","local-density","false","20","1000","2.25","1000","1000000","20243"
"2299","true","local-density","false","20","1000","2.25","1000","1000000","20030"
"2301","true","local-density","false","20","1000","2.25","1000","1000000","19785"
"2302","true","local-density","false","20","1000","2.25","1000","1000000","20104"
"2303","true","local-density","false","20","1000","2.25","1000","1000000","20658"
"2304","true","local-density","false","20","1000","2.25","1000","1000000","20232"
"2305","true","local-density","false","20","1000","2.25","1000","1000000","20025"
"2306","true","local-density","false","20","1000","2.25","1000","1000000","20206"
"2307","true","local-density","false","20","1000","2.25","1000","1000000","20528"
"2308","true","local-density","false","20","1000","2.25","1000","1000000","20492"
"2309","true","local-density","false","20","1000","2.25","1000","1000000","20672"
"2310","true","local-density","false","20","1000","2.25","1000","1000000","20209"
"2311","true","local-density","false","20","1000","2.25","1000","1000000","20367"
"2312","true","local-density","false","20","1000","2.25","1000","1000000","20527"
"2313","true","local-density","false","20","1000","2.25","1000","1000000","20055"
"2314","true","local-density","false","20","1000","2.25","1000","1000000","20008"
"2315","true","local-density","false","20","1000","2.25","1000","1000000","20225"
"2317","true","local-density","false","20","1000","2.25","1000","1000000","20337"
"2318","true","local-density","false","20","1000","2.25","1000","1000000","20457"
"2316","true","local-density","false","20","1000","2.25","1000","1000000","20506"
"2319","true","local-density","false","20","1000","2.25","1000","1000000","20361"
"2320","true","local-density","false","20","1000","2.25","1000","1000000","20524"
"2321","true","local-density","false","20","1000","2.25","1000","1000000","20359"
"2322","true","local-density","false","20","1000","2.25","1000","1000000","20511"
"2323","true","local-density","false","20","1000","2.25","1000","1000000","19729"
"2324","true","local-density","false","20","1000","2.25","1000","1000000","20580"
"2325","true","local-density","false","20","1000","2.25","1000","1000000","20536"
"2326","true","local-density","false","20","1000","2.25","1000","1000000","20184"
"2328","true","local-density","false","20","1000","2.25","1000","1000000","20828"
"2327","true","local-density","false","20","1000","2.25","1000","1000000","20253"
"2329","true","local-density","false","20","1000","2.25","1000","1000000","20345"
"2330","true","local-density","false","20","1000","2.25","1000","1000000","20950"
"2331","true","local-density","false","20","1000","2.25","1000","1000000","20316"
"2333","true","local-density","false","20","1000","2.25","1000","1000000","19821"
"2332","true","local-density","false","20","1000","2.25","1000","1000000","19923"
"2334","true","local-density","false","20","1000","2.25","1000","1000000","20374"
"2335","true","local-density","false","20","1000","2.25","1000","1000000","20059"
"2336","true","local-density","false","20","1000","2.25","1000","1000000","20149"
"2337","true","local-density","false","20","1000","2.25","1000","1000000","20122"
"2338","true","local-density","false","20","1000","2.25","1000","1000000","19867"
"2339","true","local-density","false","20","1000","2.25","1000","1000000","19843"
"2341","true","local-density","false","20","1","2.25","1000","1000000","35623"
"2340","true","local-density","false","20","1000","2.25","1000","1000000","20491"
"2342","true","local-density","false","20","1","2.25","1000","1000000","36420"
"2343","true","local-density","false","20","1","2.25","1000","1000000","35270"
"2344","true","local-density","false","20","1","2.25","1000","1000000","35820"
"2345","true","local-density","false","20","1","2.25","1000","1000000","35237"
"2346","true","local-density","false","20","1","2.25","1000","1000000","35458"
"2348","true","local-density","false","20","1","2.25","1000","1000000","36208"
"2347","true","local-density","false","20","1","2.25","1000","1000000","35761"
"2349","true","local-density","false","20","1","2.25","1000","1000000","36530"
"2350","true","local-density","false","20","1","2.25","1000","1000000","37032"
"2351","true","local-density","false","20","1","2.25","1000","1000000","36006"
"2352","true","local-density","false","20","1","2.25","1000","1000000","35656"
"2354","true","local-density","false","20","1","2.25","1000","1000000","36379"
"2353","true","local-density","false","20","1","2.25","1000","1000000","34643"
"2355","true","local-density","false","20","1","2.25","1000","1000000","36226"
"2356","true","local-density","false","20","1","2.25","1000","1000000","37042"
"2357","true","local-density","false","20","1","2.25","1000","1000000","37540"
"2358","true","local-density","false","20","1","2.25","1000","1000000","36605"
"2359","true","local-density","false","20","1","2.25","1000","1000000","36526"
"2361","true","local-density","false","20","1","2.25","1000","1000000","35224"
"2360","true","local-density","false","20","1","2.25","1000","1000000","36373"
"2362","true","local-density","false","20","1","2.25","1000","1000000","35006"
"2363","true","local-density","false","20","1","2.25","1000","1000000","36635"
"2364","true","local-density","false","20","1","2.25","1000","1000000","35098"
"2365","true","local-density","false","20","1","2.25","1000","1000000","37061"
"2367","true","local-density","false","20","1","2.25","1000","1000000","34406"
"2366","true","local-density","false","20","1","2.25","1000","1000000","35362"
"2368","true","local-density","false","20","1","2.25","1000","1000000","34956"
"2370","true","local-density","false","20","1","2.25","1000","1000000","35620"
"2369","true","local-density","false","20","1","2.25","1000","1000000","35996"
"2371","true","local-density","false","20","1","2.25","1000","1000000","36076"
"2372","true","local-density","false","20","1","2.25","1000","1000000","36585"
"2373","true","local-density","false","20","1","2.25","1000","1000000","35871"
"2374","true","local-density","false","20","1","2.25","1000","1000000","37078"
"2375","true","local-density","false","20","1","2.25","1000","1000000","35006"
"2376","true","local-density","false","20","1","2.25","1000","1000000","39102"
"2377","true","local-density","false","20","1","2.25","1000","1000000","34293"
"2378","true","local-density","false","20","1","2.25","1000","1000000","36794"
"2379","true","local-density","false","20","1","2.25","1000","1000000","36039"
"2380","true","local-density","false","20","1","2.25","1000","1000000","36261"
"2381","true","local-density","false","20","1","2.25","1000","1000000","34129"
"2382","true","local-density","false","20","1","2.25","1000","1000000","35227"
"2383","true","local-density","false","20","1","2.25","1000","1000000","38066"
"2384","true","local-density","false","20","1","2.25","1000","1000000","37172"
"2385","true","local-density","false","20","1","2.25","1000","1000000","36253"
"2386","true","local-density","false","20","1","2.25","1000","1000000","35544"
"2387","true","local-density","false","20","1","2.25","1000","1000000","37029"
"2388","true","local-density","false","20","1","2.25","1000","1000000","36593"
"2389","true","local-density","false","20","1","2.25","1000","1000000","34034"
"2390","true","local-density","false","20","1","2.25","1000","1000000","34877"
"2392","true","local-density","false","20","1","2.25","1000","1000000","36495"
"2391","true","local-density","false","20","1","2.25","1000","1000000","36521"
"2393","true","local-density","false","20","1","2.25","1000","1000000","33005"
"2394","true","local-density","false","20","1","2.25","1000","1000000","35262"
"2401","true","local-density","false","21","1000","2.25","1000","1000000","1924"
"2395","true","local-density","false","20","1","2.25","1000","1000000","35515"
"2402","true","local-density","false","21","1000","2.25","1000","1000000","1978"
"2396","true","local-density","false","20","1","2.25","1000","1000000","37480"
"2397","true","local-density","false","20","1","2.25","1000","1000000","34197"
"2398","true","local-density","false","20","1","2.25","1000","1000000","37263"
"2403","true","local-density","false","21","1000","2.25","1000","1000000","1999"
"2399","true","local-density","false","20","1","2.25","1000","1000000","36589"
"2404","true","local-density","false","21","1000","2.25","1000","1000000","2011"
"2405","true","local-density","false","21","1000","2.25","1000","1000000","1881"
"2400","true","local-density","false","20","1","2.25","1000","1000000","36789"
"2406","true","local-density","false","21","1000","2.25","1000","1000000","1968"
"2407","true","local-density","false","21","1000","2.25","1000","1000000","2016"
"2408","true","local-density","false","21","1000","2.25","1000","1000000","2028"
"2409","true","local-density","false","21","1000","2.25","1000","1000000","2048"
"2410","true","local-density","false","21","1000","2.25","1000","1000000","2071"
"2411","true","local-density","false","21","1000","2.25","1000","1000000","2006"
"2412","true","local-density","false","21","1000","2.25","1000","1000000","1999"
"2413","true","local-density","false","21","1000","2.25","1000","1000000","2062"
"2414","true","local-density","false","21","1000","2.25","1000","1000000","2006"
"2415","true","local-density","false","21","1000","2.25","1000","1000000","2039"
"2416","true","local-density","false","21","1000","2.25","1000","1000000","1991"
"2417","true","local-density","false","21","1000","2.25","1000","1000000","1965"
"2418","true","local-density","false","21","1000","2.25","1000","1000000","2044"
"2420","true","local-density","false","21","1000","2.25","1000","1000000","2067"
"2419","true","local-density","false","21","1000","2.25","1000","1000000","2023"
"2421","true","local-density","false","21","1000","2.25","1000","1000000","1983"
"2422","true","local-density","false","21","1000","2.25","1000","1000000","1985"
"2423","true","local-density","false","21","1000","2.25","1000","1000000","2003"
"2424","true","local-density","false","21","1000","2.25","1000","1000000","1969"
"2425","true","local-density","false","21","1000","2.25","1000","1000000","1911"
"2426","true","local-density","false","21","1000","2.25","1000","1000000","1976"
"2427","true","local-density","false","21","1000","2.25","1000","1000000","2035"
"2428","true","local-density","false","21","1000","2.25","1000","1000000","1960"
"2429","true","local-density","false","21","1000","2.25","1000","1000000","2031"
"2430","true","local-density","false","21","1000","2.25","1000","1000000","2039"
"2431","true","local-density","false","21","1000","2.25","1000","1000000","2020"
"2432","true","local-density","false","21","1000","2.25","1000","1000000","2028"
"2433","true","local-density","false","21","1000","2.25","1000","1000000","2013"
"2434","true","local-density","false","21","1000","2.25","1000","1000000","1947"
"2435","true","local-density","false","21","1000","2.25","1000","1000000","2013"
"2436","true","local-density","false","21","1000","2.25","1000","1000000","1996"
"2437","true","local-density","false","21","1000","2.25","1000","1000000","2017"
"2438","true","local-density","false","21","1000","2.25","1000","1000000","2019"
"2439","true","local-density","false","21","1000","2.25","1000","1000000","2014"
"2440","true","local-density","false","21","1000","2.25","1000","1000000","2040"
"2441","true","local-density","false","21","1000","2.25","1000","1000000","1965"
"2442","true","local-density","false","21","1000","2.25","1000","1000000","1982"
"2443","true","local-density","false","21","1000","2.25","1000","1000000","2007"
"2444","true","local-density","false","21","1000","2.25","1000","1000000","1962"
"2445","true","local-density","false","21","1000","2.25","1000","1000000","1936"
"2446","true","local-density","false","21","1000","2.25","1000","1000000","1985"
"2447","true","local-density","false","21","1000","2.25","1000","1000000","2023"
"2448","true","local-density","false","21","1000","2.25","1000","1000000","1988"
"2449","true","local-density","false","21","1000","2.25","1000","1000000","1988"
"2450","true","local-density","false","21","1000","2.25","1000","1000000","2015"
"2452","true","local-density","false","21","1000","2.25","1000","1000000","2027"
"2453","true","local-density","false","21","1000","2.25","1000","1000000","1963"
"2451","true","local-density","false","21","1000","2.25","1000","1000000","1997"
"2454","true","local-density","false","21","1000","2.25","1000","1000000","1897"
"2455","true","local-density","false","21","1000","2.25","1000","1000000","2031"
"2456","true","local-density","false","21","1000","2.25","1000","1000000","1936"
"2457","true","local-density","false","21","1000","2.25","1000","1000000","1949"
"2458","true","local-density","false","21","1000","2.25","1000","1000000","2046"
"2461","true","local-density","false","21","1","2.25","1000","1000000","3482"
"2459","true","local-density","false","21","1000","2.25","1000","1000000","1880"
"2460","true","local-density","false","21","1000","2.25","1000","1000000","2017"
"2462","true","local-density","false","21","1","2.25","1000","1000000","3505"
"2463","true","local-density","false","21","1","2.25","1000","1000000","3490"
"2464","true","local-density","false","21","1","2.25","1000","1000000","3406"
"2465","true","local-density","false","21","1","2.25","1000","1000000","3512"
"2466","true","local-density","false","21","1","2.25","1000","1000000","3335"
"2468","true","local-density","false","21","1","2.25","1000","1000000","3376"
"2467","true","local-density","false","21","1","2.25","1000","1000000","3527"
"2469","true","local-density","false","21","1","2.25","1000","1000000","3479"
"2470","true","local-density","false","21","1","2.25","1000","1000000","3420"
"2471","true","local-density","false","21","1","2.25","1000","1000000","3365"
"2472","true","local-density","false","21","1","2.25","1000","1000000","3404"
"2473","true","local-density","false","21","1","2.25","1000","1000000","3143"
"2474","true","local-density","false","21","1","2.25","1000","1000000","3559"
"2476","true","local-density","false","21","1","2.25","1000","1000000","3459"
"2475","true","local-density","false","21","1","2.25","1000","1000000","3405"
"2477","true","local-density","false","21","1","2.25","1000","1000000","3399"
"2478","true","local-density","false","21","1","2.25","1000","1000000","3402"
"2479","true","local-density","false","21","1","2.25","1000","1000000","3359"
"2480","true","local-density","false","21","1","2.25","1000","1000000","3411"
"2481","true","local-density","false","21","1","2.25","1000","1000000","3397"
"2482","true","local-density","false","21","1","2.25","1000","1000000","3399"
"2483","true","local-density","false","21","1","2.25","1000","1000000","3532"
"2485","true","local-density","false","21","1","2.25","1000","1000000","3264"
"2484","true","local-density","false","21","1","2.25","1000","1000000","3443"
"2486","true","local-density","false","21","1","2.25","1000","1000000","3299"
"2487","true","local-density","false","21","1","2.25","1000","1000000","3502"
"2488","true","local-density","false","21","1","2.25","1000","1000000","3366"
"2489","true","local-density","false","21","1","2.25","1000","1000000","3410"
"2490","true","local-density","false","21","1","2.25","1000","1000000","3308"
"2491","true","local-density","false","21","1","2.25","1000","1000000","3435"
"2492","true","local-density","false","21","1","2.25","1000","1000000","3542"
"2493","true","local-density","false","21","1","2.25","1000","1000000","3596"
"2494","true","local-density","false","21","1","2.25","1000","1000000","3460"
"2495","true","local-density","false","21","1","2.25","1000","1000000","3540"
"2496","true","local-density","false","21","1","2.25","1000","1000000","3474"
"2497","true","local-density","false","21","1","2.25","1000","1000000","3475"
"2498","true","local-density","false","21","1","2.25","1000","1000000","3549"
"2500","true","local-density","false","21","1","2.25","1000","1000000","3505"
"2499","true","local-density","false","21","1","2.25","1000","1000000","3212"
"2501","true","local-density","false","21","1","2.25","1000","1000000","3468"
"2502","true","local-density","false","21","1","2.25","1000","1000000","3400"
"2503","true","local-density","false","21","1","2.25","1000","1000000","3422"
"2504","true","local-density","false","21","1","2.25","1000","1000000","3401"
"2505","true","local-density","false","21","1","2.25","1000","1000000","3332"
"2506","true","local-density","false","21","1","2.25","1000","1000000","3335"
"2508","true","local-density","false","21","1","2.25","1000","1000000","3578"
"2507","true","local-density","false","21","1","2.25","1000","1000000","3250"
"2509","true","local-density","false","21","1","2.25","1000","1000000","3535"
"2510","true","local-density","false","21","1","2.25","1000","1000000","3590"
"2511","true","local-density","false","21","1","2.25","1000","1000000","3475"
"2512","true","local-density","false","21","1","2.25","1000","1000000","3440"
"2513","true","local-density","false","21","1","2.25","1000","1000000","3488"
"2514","true","local-density","false","21","1","2.25","1000","1000000","3295"
"2516","true","local-density","false","21","1","2.25","1000","1000000","3396"
"2515","true","local-density","false","21","1","2.25","1000","1000000","3551"
"2518","true","local-density","false","21","1","2.25","1000","1000000","3563"
"2517","true","local-density","false","21","1","2.25","1000","1000000","3472"
"2519","true","local-density","false","21","1","2.25","1000","1000000","3520"
"2520","true","local-density","false","21","1","2.25","1000","1000000","3589"
"2521","true","local-density","false","22","1000","2.25","1000","1000000","4007"
"2522","true","local-density","false","22","1000","2.25","1000","1000000","4008"
"2523","true","local-density","false","22","1000","2.25","1000","1000000","4075"
"2524","true","local-density","false","22","1000","2.25","1000","1000000","3929"
"2525","true","local-density","false","22","1000","2.25","1000","1000000","4065"
"2526","true","local-density","false","22","1000","2.25","1000","1000000","3949"
"2527","true","local-density","false","22","1000","2.25","1000","1000000","3998"
"2528","true","local-density","false","22","1000","2.25","1000","1000000","3891"
"2529","true","local-density","false","22","1000","2.25","1000","1000000","3952"
"2530","true","local-density","false","22","1000","2.25","1000","1000000","3988"
"2532","true","local-density","false","22","1000","2.25","1000","1000000","4032"
"2531","true","local-density","false","22","1000","2.25","1000","1000000","3975"
"2533","true","local-density","false","22","1000","2.25","1000","1000000","4064"
"2534","true","local-density","false","22","1000","2.25","1000","1000000","4021"
"2535","true","local-density","false","22","1000","2.25","1000","1000000","3965"
"2536","true","local-density","false","22","1000","2.25","1000","1000000","4100"
"2537","true","local-density","false","22","1000","2.25","1000","1000000","4076"
"2538","true","local-density","false","22","1000","2.25","1000","1000000","4008"
"2540","true","local-density","false","22","1000","2.25","1000","1000000","4040"
"2539","true","local-density","false","22","1000","2.25","1000","1000000","4034"
"2541","true","local-density","false","22","1000","2.25","1000","1000000","3951"
"2542","true","local-density","false","22","1000","2.25","1000","1000000","4041"
"2543","true","local-density","false","22","1000","2.25","1000","1000000","3985"
"2544","true","local-density","false","22","1000","2.25","1000","1000000","3923"
"2545","true","local-density","false","22","1000","2.25","1000","1000000","3959"
"2546","true","local-density","false","22","1000","2.25","1000","1000000","4008"
"2548","true","local-density","false","22","1000","2.25","1000","1000000","4032"
"2547","true","local-density","false","22","1000","2.25","1000","1000000","3948"
"2549","true","local-density","false","22","1000","2.25","1000","1000000","4028"
"2550","true","local-density","false","22","1000","2.25","1000","1000000","3959"
"2551","true","local-density","false","22","1000","2.25","1000","1000000","4002"
"2552","true","local-density","false","22","1000","2.25","1000","1000000","4022"
"2553","true","local-density","false","22","1000","2.25","1000","1000000","4037"
"2554","true","local-density","false","22","1000","2.25","1000","1000000","3912"
"2556","true","local-density","false","22","1000","2.25","1000","1000000","3917"
"2555","true","local-density","false","22","1000","2.25","1000","1000000","4073"
"2557","true","local-density","false","22","1000","2.25","1000","1000000","3990"
"2558","true","local-density","false","22","1000","2.25","1000","1000000","3887"
"2559","true","local-density","false","22","1000","2.25","1000","1000000","3990"
"2560","true","local-density","false","22","1000","2.25","1000","1000000","4056"
"2561","true","local-density","false","22","1000","2.25","1000","1000000","4005"
"2562","true","local-density","false","22","1000","2.25","1000","1000000","3976"
"2563","true","local-density","false","22","1000","2.25","1000","1000000","4157"
"2564","true","local-density","false","22","1000","2.25","1000","1000000","3942"
"2565","true","local-density","false","22","1000","2.25","1000","1000000","3957"
"2566","true","local-density","false","22","1000","2.25","1000","1000000","3810"
"2567","true","local-density","false","22","1000","2.25","1000","1000000","4003"
"2568","true","local-density","false","22","1000","2.25","1000","1000000","4012"
"2569","true","local-density","false","22","1000","2.25","1000","1000000","4081"
"2570","true","local-density","false","22","1000","2.25","1000","1000000","3895"
"2572","true","local-density","false","22","1000","2.25","1000","1000000","3956"
"2571","true","local-density","false","22","1000","2.25","1000","1000000","3991"
"2573","true","local-density","false","22","1000","2.25","1000","1000000","3973"
"2574","true","local-density","false","22","1000","2.25","1000","1000000","3912"
"2575","true","local-density","false","22","1000","2.25","1000","1000000","4008"
"2576","true","local-density","false","22","1000","2.25","1000","1000000","3966"
"2577","true","local-density","false","22","1000","2.25","1000","1000000","3966"
"2578","true","local-density","false","22","1000","2.25","1000","1000000","3989"
"2579","true","local-density","false","22","1000","2.25","1000","1000000","4050"
"2581","true","local-density","false","22","1","2.25","1000","1000000","6887"
"2580","true","local-density","false","22","1000","2.25","1000","1000000","3900"
"2582","true","local-density","false","22","1","2.25","1000","1000000","6923"
"2583","true","local-density","false","22","1","2.25","1000","1000000","6986"
"2584","true","local-density","false","22","1","2.25","1000","1000000","6871"
"2585","true","local-density","false","22","1","2.25","1000","1000000","7073"
"2586","true","local-density","false","22","1","2.25","1000","1000000","6897"
"2589","true","local-density","false","22","1","2.25","1000","1000000","6799"
"2588","true","local-density","false","22","1","2.25","1000","1000000","6867"
"2587","true","local-density","false","22","1","2.25","1000","1000000","6865"
"2590","true","local-density","false","22","1","2.25","1000","1000000","6691"
"2591","true","local-density","false","22","1","2.25","1000","1000000","6738"
"2592","true","local-density","false","22","1","2.25","1000","1000000","6712"
"2593","true","local-density","false","22","1","2.25","1000","1000000","6699"
"2594","true","local-density","false","22","1","2.25","1000","1000000","6314"
"2597","true","local-density","false","22","1","2.25","1000","1000000","6873"
"2596","true","local-density","false","22","1","2.25","1000","1000000","6787"
"2595","true","local-density","false","22","1","2.25","1000","1000000","6595"
"2598","true","local-density","false","22","1","2.25","1000","1000000","6858"
"2599","true","local-density","false","22","1","2.25","1000","1000000","6908"
"2600","true","local-density","false","22","1","2.25","1000","1000000","6940"
"2601","true","local-density","false","22","1","2.25","1000","1000000","6888"
"2602","true","local-density","false","22","1","2.25","1000","1000000","6750"
"2603","true","local-density","false","22","1","2.25","1000","1000000","6731"
"2605","true","local-density","false","22","1","2.25","1000","1000000","6533"
"2604","true","local-density","false","22","1","2.25","1000","1000000","6853"
"2606","true","local-density","false","22","1","2.25","1000","1000000","6878"
"2607","true","local-density","false","22","1","2.25","1000","1000000","6585"
"2608","true","local-density","false","22","1","2.25","1000","1000000","6659"
"2609","true","local-density","false","22","1","2.25","1000","1000000","6851"
"2610","true","local-density","false","22","1","2.25","1000","1000000","6696"
"2612","true","local-density","false","22","1","2.25","1000","1000000","6721"
"2611","true","local-density","false","22","1","2.25","1000","1000000","6867"
"2613","true","local-density","false","22","1","2.25","1000","1000000","7037"
"2614","true","local-density","false","22","1","2.25","1000","1000000","6629"
"2615","true","local-density","false","22","1","2.25","1000","1000000","6977"
"2616","true","local-density","false","22","1","2.25","1000","1000000","6651"
"2617","true","local-density","false","22","1","2.25","1000","1000000","6791"
"2618","true","local-density","false","22","1","2.25","1000","1000000","6687"
"2619","true","local-density","false","22","1","2.25","1000","1000000","6801"
"2620","true","local-density","false","22","1","2.25","1000","1000000","6864"
"2621","true","local-density","false","22","1","2.25","1000","1000000","6590"
"2622","true","local-density","false","22","1","2.25","1000","1000000","6928"
"2623","true","local-density","false","22","1","2.25","1000","1000000","6690"
"2624","true","local-density","false","22","1","2.25","1000","1000000","6822"
"2626","true","local-density","false","22","1","2.25","1000","1000000","6947"
"2625","true","local-density","false","22","1","2.25","1000","1000000","6893"
"2627","true","local-density","false","22","1","2.25","1000","1000000","6866"
"2629","true","local-density","false","22","1","2.25","1000","1000000","6722"
"2628","true","local-density","false","22","1","2.25","1000","1000000","6749"
"2630","true","local-density","false","22","1","2.25","1000","1000000","6658"
"2631","true","local-density","false","22","1","2.25","1000","1000000","6542"
"2632","true","local-density","false","22","1","2.25","1000","1000000","6925"
"2633","true","local-density","false","22","1","2.25","1000","1000000","6820"
"2634","true","local-density","false","22","1","2.25","1000","1000000","6843"
"2635","true","local-density","false","22","1","2.25","1000","1000000","6962"
"2637","true","local-density","false","22","1","2.25","1000","1000000","6732"
"2636","true","local-density","false","22","1","2.25","1000","1000000","6842"
"2638","true","local-density","false","22","1","2.25","1000","1000000","6891"
"2639","true","local-density","false","22","1","2.25","1000","1000000","6867"
"2640","true","local-density","false","22","1","2.25","1000","1000000","6766"
"2641","true","local-density","false","23","1000","2.25","1000","1000000","7860"
"2642","true","local-density","false","23","1000","2.25","1000","1000000","7950"
"2645","true","local-density","false","23","1000","2.25","1000","1000000","8042"
"2643","true","local-density","false","23","1000","2.25","1000","1000000","7941"
"2644","true","local-density","false","23","1000","2.25","1000","1000000","8047"
"2646","true","local-density","false","23","1000","2.25","1000","1000000","7886"
"2647","true","local-density","false","23","1000","2.25","1000","1000000","7959"
"2648","true","local-density","false","23","1000","2.25","1000","1000000","7989"
"2649","true","local-density","false","23","1000","2.25","1000","1000000","7930"
"2650","true","local-density","false","23","1000","2.25","1000","1000000","7932"
"2651","true","local-density","false","23","1000","2.25","1000","1000000","7989"
"2652","true","local-density","false","23","1000","2.25","1000","1000000","7908"
"2653","true","local-density","false","23","1000","2.25","1000","1000000","7885"
"2654","true","local-density","false","23","1000","2.25","1000","1000000","7917"
"2655","true","local-density","false","23","1000","2.25","1000","1000000","7898"
"2656","true","local-density","false","23","1000","2.25","1000","1000000","7898"
"2657","true","local-density","false","23","1000","2.25","1000","1000000","7985"
"2658","true","local-density","false","23","1000","2.25","1000","1000000","7933"
"2659","true","local-density","false","23","1000","2.25","1000","1000000","7992"
"2661","true","local-density","false","23","1000","2.25","1000","1000000","7914"
"2660","true","local-density","false","23","1000","2.25","1000","1000000","7856"
"2662","true","local-density","false","23","1000","2.25","1000","1000000","7990"
"2663","true","local-density","false","23","1000","2.25","1000","1000000","7968"
"2664","true","local-density","false","23","1000","2.25","1000","1000000","7970"
"2665","true","local-density","false","23","1000","2.25","1000","1000000","8054"
"2666","true","local-density","false","23","1000","2.25","1000","1000000","7859"
"2667","true","local-density","false","23","1000","2.25","1000","1000000","7878"
"2670","true","local-density","false","23","1000","2.25","1000","1000000","7985"
"2669","true","local-density","false","23","1000","2.25","1000","1000000","8000"
"2668","true","local-density","false","23","1000","2.25","1000","1000000","8011"
"2671","true","local-density","false","23","1000","2.25","1000","1000000","8016"
"2672","true","local-density","false","23","1000","2.25","1000","1000000","7949"
"2673","true","local-density","false","23","1000","2.25","1000","1000000","7823"
"2674","true","local-density","false","23","1000","2.25","1000","1000000","7959"
"2675","true","local-density","false","23","1000","2.25","1000","1000000","7940"
"2676","true","local-density","false","23","1000","2.25","1000","1000000","7856"
"2678","true","local-density","false","23","1000","2.25","1000","1000000","7791"
"2677","true","local-density","false","23","1000","2.25","1000","1000000","7891"
"2679","true","local-density","false","23","1000","2.25","1000","1000000","7972"
"2680","true","local-density","false","23","1000","2.25","1000","1000000","7836"
"2681","true","local-density","false","23","1000","2.25","1000","1000000","7730"
"2682","true","local-density","false","23","1000","2.25","1000","1000000","7748"
"2683","true","local-density","false","23","1000","2.25","1000","1000000","8021"
"2684","true","local-density","false","23","1000","2.25","1000","1000000","7861"
"2685","true","local-density","false","23","1000","2.25","1000","1000000","7935"
"2686","true","local-density","false","23","1000","2.25","1000","1000000","7986"
"2687","true","local-density","false","23","1000","2.25","1000","1000000","7821"
"2688","true","local-density","false","23","1000","2.25","1000","1000000","7902"
"2689","true","local-density","false","23","1000","2.25","1000","1000000","7933"
"2690","true","local-density","false","23","1000","2.25","1000","1000000","7858"
"2691","true","local-density","false","23","1000","2.25","1000","1000000","7850"
"2692","true","local-density","false","23","1000","2.25","1000","1000000","8109"
"2694","true","local-density","false","23","1000","2.25","1000","1000000","8071"
"2695","true","local-density","false","23","1000","2.25","1000","1000000","7955"
"2693","true","local-density","false","23","1000","2.25","1000","1000000","7956"
"2696","true","local-density","false","23","1000","2.25","1000","1000000","7912"
"2697","true","local-density","false","23","1000","2.25","1000","1000000","7987"
"2698","true","local-density","false","23","1000","2.25","1000","1000000","7983"
"2699","true","local-density","false","23","1000","2.25","1000","1000000","7973"
"2702","true","local-density","false","23","1","2.25","1000","1000000","13062"
"2700","true","local-density","false","23","1000","2.25","1000","1000000","7783"
"2701","true","local-density","false","23","1","2.25","1000","1000000","13499"
"2703","true","local-density","false","23","1","2.25","1000","1000000","13680"
"2704","true","local-density","false","23","1","2.25","1000","1000000","13264"
"2705","true","local-density","false","23","1","2.25","1000","1000000","13644"
"2706","true","local-density","false","23","1","2.25","1000","1000000","13235"
"2707","true","local-density","false","23","1","2.25","1000","1000000","13246"
"2708","true","local-density","false","23","1","2.25","1000","1000000","13260"
"2709","true","local-density","false","23","1","2.25","1000","1000000","13338"
"2711","true","local-density","false","23","1","2.25","1000","1000000","13355"
"2710","true","local-density","false","23","1","2.25","1000","1000000","13174"
"2712","true","local-density","false","23","1","2.25","1000","1000000","13382"
"2713","true","local-density","false","23","1","2.25","1000","1000000","13285"
"2714","true","local-density","false","23","1","2.25","1000","1000000","13592"
"2715","true","local-density","false","23","1","2.25","1000","1000000","13742"
"2716","true","local-density","false","23","1","2.25","1000","1000000","13637"
"2718","true","local-density","false","23","1","2.25","1000","1000000","13491"
"2719","true","local-density","false","23","1","2.25","1000","1000000","13301"
"2717","true","local-density","false","23","1","2.25","1000","1000000","13430"
"2720","true","local-density","false","23","1","2.25","1000","1000000","13440"
"2721","true","local-density","false","23","1","2.25","1000","1000000","13683"
"2722","true","local-density","false","23","1","2.25","1000","1000000","13375"
"2723","true","local-density","false","23","1","2.25","1000","1000000","13350"
"2724","true","local-density","false","23","1","2.25","1000","1000000","13243"
"2728","true","local-density","false","23","1","2.25","1000","1000000","13432"
"2726","true","local-density","false","23","1","2.25","1000","1000000","13449"
"2725","true","local-density","false","23","1","2.25","1000","1000000","13635"
"2727","true","local-density","false","23","1","2.25","1000","1000000","13477"
"2729","true","local-density","false","23","1","2.25","1000","1000000","13336"
"2730","true","local-density","false","23","1","2.25","1000","1000000","13412"
"2731","true","local-density","false","23","1","2.25","1000","1000000","13709"
"2732","true","local-density","false","23","1","2.25","1000","1000000","13316"
"2733","true","local-density","false","23","1","2.25","1000","1000000","13553"
"2734","true","local-density","false","23","1","2.25","1000","1000000","13378"
"2736","true","local-density","false","23","1","2.25","1000","1000000","13369"
"2735","true","local-density","false","23","1","2.25","1000","1000000","13384"
"2737","true","local-density","false","23","1","2.25","1000","1000000","13371"
"2738","true","local-density","false","23","1","2.25","1000","1000000","13509"
"2739","true","local-density","false","23","1","2.25","1000","1000000","13658"
"2741","true","local-density","false","23","1","2.25","1000","1000000","13581"
"2740","true","local-density","false","23","1","2.25","1000","1000000","13373"
"2743","true","local-density","false","23","1","2.25","1000","1000000","13520"
"2742","true","local-density","false","23","1","2.25","1000","1000000","13451"
"2744","true","local-density","false","23","1","2.25","1000","1000000","13540"
"2745","true","local-density","false","23","1","2.25","1000","1000000","13678"
"2746","true","local-density","false","23","1","2.25","1000","1000000","13400"
"2747","true","local-density","false","23","1","2.25","1000","1000000","13136"
"2748","true","local-density","false","23","1","2.25","1000","1000000","13657"
"2749","true","local-density","false","23","1","2.25","1000","1000000","13742"
"2750","true","local-density","false","23","1","2.25","1000","1000000","13263"
"2752","true","local-density","false","23","1","2.25","1000","1000000","13419"
"2751","true","local-density","false","23","1","2.25","1000","1000000","13456"
"2753","true","local-density","false","23","1","2.25","1000","1000000","13638"
"2754","true","local-density","false","23","1","2.25","1000","1000000","13323"
"2755","true","local-density","false","23","1","2.25","1000","1000000","13508"
"2756","true","local-density","false","23","1","2.25","1000","1000000","13617"
"2757","true","local-density","false","23","1","2.25","1000","1000000","13777"
"2758","true","local-density","false","23","1","2.25","1000","1000000","13628"
"2759","true","local-density","false","23","1","2.25","1000","1000000","13673"
"2760","true","local-density","false","23","1","2.25","1000","1000000","13348"
"2761","true","local-density","false","24","1000","2.25","1000","1000000","11615"
"2762","true","local-density","false","24","1000","2.25","1000","1000000","11646"
"2763","true","local-density","false","24","1000","2.25","1000","1000000","11895"
"2764","true","local-density","false","24","1000","2.25","1000","1000000","12047"
"2765","true","local-density","false","24","1000","2.25","1000","1000000","11752"
"2766","true","local-density","false","24","1000","2.25","1000","1000000","11657"
"2768","true","local-density","false","24","1000","2.25","1000","1000000","11759"
"2767","true","local-density","false","24","1000","2.25","1000","1000000","11803"
"2769","true","local-density","false","24","1000","2.25","1000","1000000","11716"
"2770","true","local-density","false","24","1000","2.25","1000","1000000","11824"
"2771","true","local-density","false","24","1000","2.25","1000","1000000","11945"
"2772","true","local-density","false","24","1000","2.25","1000","1000000","11561"
"2773","true","local-density","false","24","1000","2.25","1000","1000000","11834"
"2774","true","local-density","false","24","1000","2.25","1000","1000000","11779"
"2776","true","local-density","false","24","1000","2.25","1000","1000000","11822"
"2775","true","local-density","false","24","1000","2.25","1000","1000000","11903"
"2777","true","local-density","false","24","1000","2.25","1000","1000000","11814"
"2778","true","local-density","false","24","1000","2.25","1000","1000000","11680"
"2779","true","local-density","false","24","1000","2.25","1000","1000000","11922"
"2780","true","local-density","false","24","1000","2.25","1000","1000000","11906"
"2781","true","local-density","false","24","1000","2.25","1000","1000000","11720"
"2782","true","local-density","false","24","1000","2.25","1000","1000000","11836"
"2784","true","local-density","false","24","1000","2.25","1000","1000000","11680"
"2783","true","local-density","false","24","1000","2.25","1000","1000000","11882"
"2785","true","local-density","false","24","1000","2.25","1000","1000000","11881"
"2786","true","local-density","false","24","1000","2.25","1000","1000000","11648"
"2787","true","local-density","false","24","1000","2.25","1000","1000000","11778"
"2788","true","local-density","false","24","1000","2.25","1000","1000000","11820"
"2789","true","local-density","false","24","1000","2.25","1000","1000000","11826"
"2790","true","local-density","false","24","1000","2.25","1000","1000000","11850"
"2792","true","local-density","false","24","1000","2.25","1000","1000000","11962"
"2791","true","local-density","false","24","1000","2.25","1000","1000000","11896"
"2793","true","local-density","false","24","1000","2.25","1000","1000000","11855"
"2794","true","local-density","false","24","1000","2.25","1000","1000000","11876"
"2795","true","local-density","false","24","1000","2.25","1000","1000000","11721"
"2796","true","local-density","false","24","1000","2.25","1000","1000000","11967"
"2797","true","local-density","false","24","1000","2.25","1000","1000000","11755"
"2798","true","local-density","false","24","1000","2.25","1000","1000000","12012"
"2799","true","local-density","false","24","1000","2.25","1000","1000000","11642"
"2800","true","local-density","false","24","1000","2.25","1000","1000000","11744"
"2801","true","local-density","false","24","1000","2.25","1000","1000000","11733"
"2802","true","local-density","false","24","1000","2.25","1000","1000000","11656"
"2803","true","local-density","false","24","1000","2.25","1000","1000000","11583"
"2804","true","local-density","false","24","1000","2.25","1000","1000000","11577"
"2805","true","local-density","false","24","1000","2.25","1000","1000000","12031"
"2806","true","local-density","false","24","1000","2.25","1000","1000000","11780"
"2807","true","local-density","false","24","1000","2.25","1000","1000000","11822"
"2808","true","local-density","false","24","1000","2.25","1000","1000000","11646"
"2809","true","local-density","false","24","1000","2.25","1000","1000000","11783"
"2810","true","local-density","false","24","1000","2.25","1000","1000000","11805"
"2811","true","local-density","false","24","1000","2.25","1000","1000000","11821"
"2812","true","local-density","false","24","1000","2.25","1000","1000000","11964"
"2813","true","local-density","false","24","1000","2.25","1000","1000000","11953"
"2814","true","local-density","false","24","1000","2.25","1000","1000000","11721"
"2815","true","local-density","false","24","1000","2.25","1000","1000000","11873"
"2816","true","local-density","false","24","1000","2.25","1000","1000000","11845"
"2817","true","local-density","false","24","1000","2.25","1000","1000000","11773"
"2818","true","local-density","false","24","1000","2.25","1000","1000000","11793"
"2819","true","local-density","false","24","1000","2.25","1000","1000000","11804"
"2820","true","local-density","false","24","1000","2.25","1000","1000000","11762"
"2821","true","local-density","false","24","1","2.25","1000","1000000","20061"
"2822","true","local-density","false","24","1","2.25","1000","1000000","20307"
"2823","true","local-density","false","24","1","2.25","1000","1000000","19711"
"2824","true","local-density","false","24","1","2.25","1000","1000000","19729"
"2825","true","local-density","false","24","1","2.25","1000","1000000","19682"
"2826","true","local-density","false","24","1","2.25","1000","1000000","20184"
"2827","true","local-density","false","24","1","2.25","1000","1000000","19718"
"2828","true","local-density","false","24","1","2.25","1000","1000000","19918"
"2829","true","local-density","false","24","1","2.25","1000","1000000","19971"
"2830","true","local-density","false","24","1","2.25","1000","1000000","20077"
"2831","true","local-density","false","24","1","2.25","1000","1000000","19660"
"2833","true","local-density","false","24","1","2.25","1000","1000000","19831"
"2832","true","local-density","false","24","1","2.25","1000","1000000","19921"
"2834","true","local-density","false","24","1","2.25","1000","1000000","19826"
"2835","true","local-density","false","24","1","2.25","1000","1000000","19696"
"2836","true","local-density","false","24","1","2.25","1000","1000000","19876"
"2837","true","local-density","false","24","1","2.25","1000","1000000","20021"
"2838","true","local-density","false","24","1","2.25","1000","1000000","20094"
"2840","true","local-density","false","24","1","2.25","1000","1000000","19690"
"2839","true","local-density","false","24","1","2.25","1000","1000000","19744"
"2841","true","local-density","false","24","1","2.25","1000","1000000","19711"
"2842","true","local-density","false","24","1","2.25","1000","1000000","20017"
"2843","true","local-density","false","24","1","2.25","1000","1000000","19616"
"2844","true","local-density","false","24","1","2.25","1000","1000000","19925"
"2845","true","local-density","false","24","1","2.25","1000","1000000","20139"
"2846","true","local-density","false","24","1","2.25","1000","1000000","20041"
"2847","true","local-density","false","24","1","2.25","1000","1000000","20074"
"2848","true","local-density","false","24","1","2.25","1000","1000000","20086"
"2849","true","local-density","false","24","1","2.25","1000","1000000","20086"
"2850","true","local-density","false","24","1","2.25","1000","1000000","19959"
"2851","true","local-density","false","24","1","2.25","1000","1000000","19980"
"2852","true","local-density","false","24","1","2.25","1000","1000000","19797"
"2853","true","local-density","false","24","1","2.25","1000","1000000","20190"
"2854","true","local-density","false","24","1","2.25","1000","1000000","19974"
"2855","true","local-density","false","24","1","2.25","1000","1000000","20194"
"2856","true","local-density","false","24","1","2.25","1000","1000000","20136"
"2857","true","local-density","false","24","1","2.25","1000","1000000","19787"
"2858","true","local-density","false","24","1","2.25","1000","1000000","19624"
"2859","true","local-density","false","24","1","2.25","1000","1000000","20152"
"2860","true","local-density","false","24","1","2.25","1000","1000000","19379"
"2861","true","local-density","false","24","1","2.25","1000","1000000","19571"
"2862","true","local-density","false","24","1","2.25","1000","1000000","20258"
"2863","true","local-density","false","24","1","2.25","1000","1000000","19550"
"2864","true","local-density","false","24","1","2.25","1000","1000000","19968"
"2865","true","local-density","false","24","1","2.25","1000","1000000","20090"
"2866","true","local-density","false","24","1","2.25","1000","1000000","20061"
"2868","true","local-density","false","24","1","2.25","1000","1000000","20110"
"2867","true","local-density","false","24","1","2.25","1000","1000000","20108"
"2869","true","local-density","false","24","1","2.25","1000","1000000","19717"
"2870","true","local-density","false","24","1","2.25","1000","1000000","19787"
"2871","true","local-density","false","24","1","2.25","1000","1000000","20327"
"2872","true","local-density","false","24","1","2.25","1000","1000000","20071"
"2873","true","local-density","false","24","1","2.25","1000","1000000","20017"
"2874","true","local-density","false","24","1","2.25","1000","1000000","20332"
"2876","true","local-density","false","24","1","2.25","1000","1000000","20034"
"2875","true","local-density","false","24","1","2.25","1000","1000000","19600"
"2877","true","local-density","false","24","1","2.25","1000","1000000","19905"
"2878","true","local-density","false","24","1","2.25","1000","1000000","19545"
"2879","true","local-density","false","24","1","2.25","1000","1000000","19922"
"2880","true","local-density","false","24","1","2.25","1000","1000000","19927"
"2881","true","local-density","false","25","1000","2.25","1000","1000000","15659"
"2882","true","local-density","false","25","1000","2.25","1000","1000000","15786"
"2884","true","local-density","false","25","1000","2.25","1000","1000000","15942"
"2883","true","local-density","false","25","1000","2.25","1000","1000000","15809"
"2885","true","local-density","false","25","1000","2.25","1000","1000000","15967"
"2886","true","local-density","false","25","1000","2.25","1000","1000000","15802"
"2887","true","local-density","false","25","1000","2.25","1000","1000000","15818"
"2888","true","local-density","false","25","1000","2.25","1000","1000000","15937"
"2889","true","local-density","false","25","1000","2.25","1000","1000000","15623"
"2890","true","local-density","false","25","1000","2.25","1000","1000000","15800"
"2891","true","local-density","false","25","1000","2.25","1000","1000000","15798"
"2892","true","local-density","false","25","1000","2.25","1000","1000000","15661"
"2893","true","local-density","false","25","1000","2.25","1000","1000000","15757"
"2895","true","local-density","false","25","1000","2.25","1000","1000000","15901"
"2894","true","local-density","false","25","1000","2.25","1000","1000000","15713"
"2896","true","local-density","false","25","1000","2.25","1000","1000000","15829"
"2897","true","local-density","false","25","1000","2.25","1000","1000000","15709"
"2898","true","local-density","false","25","1000","2.25","1000","1000000","15955"
"2899","true","local-density","false","25","1000","2.25","1000","1000000","15883"
"2900","true","local-density","false","25","1000","2.25","1000","1000000","15671"
"2902","true","local-density","false","25","1000","2.25","1000","1000000","15683"
"2901","true","local-density","false","25","1000","2.25","1000","1000000","15609"
"2903","true","local-density","false","25","1000","2.25","1000","1000000","15660"
"2904","true","local-density","false","25","1000","2.25","1000","1000000","15832"
"2906","true","local-density","false","25","1000","2.25","1000","1000000","15772"
"2905","true","local-density","false","25","1000","2.25","1000","1000000","15766"
"2907","true","local-density","false","25","1000","2.25","1000","1000000","15807"
"2908","true","local-density","false","25","1000","2.25","1000","1000000","15863"
"2909","true","local-density","false","25","1000","2.25","1000","1000000","15794"
"2910","true","local-density","false","25","1000","2.25","1000","1000000","15879"
"2911","true","local-density","false","25","1000","2.25","1000","1000000","15832"
"2912","true","local-density","false","25","1000","2.25","1000","1000000","15763"
"2913","true","local-density","false","25","1000","2.25","1000","1000000","16053"
"2914","true","local-density","false","25","1000","2.25","1000","1000000","15684"
"2915","true","local-density","false","25","1000","2.25","1000","1000000","15719"
"2917","true","local-density","false","25","1000","2.25","1000","1000000","15892"
"2916","true","local-density","false","25","1000","2.25","1000","1000000","16040"
"2918","true","local-density","false","25","1000","2.25","1000","1000000","15802"
"2919","true","local-density","false","25","1000","2.25","1000","1000000","16024"
"2920","true","local-density","false","25","1000","2.25","1000","1000000","15849"
"2921","true","local-density","false","25","1000","2.25","1000","1000000","15877"
"2922","true","local-density","false","25","1000","2.25","1000","1000000","15642"
"2924","true","local-density","false","25","1000","2.25","1000","1000000","15653"
"2923","true","local-density","false","25","1000","2.25","1000","1000000","15884"
"2925","true","local-density","false","25","1000","2.25","1000","1000000","15688"
"2926","true","local-density","false","25","1000","2.25","1000","1000000","15921"
"2927","true","local-density","false","25","1000","2.25","1000","1000000","15829"
"2928","true","local-density","false","25","1000","2.25","1000","1000000","15732"
"2929","true","local-density","false","25","1000","2.25","1000","1000000","15867"
"2930","true","local-density","false","25","1000","2.25","1000","1000000","15908"
"2931","true","local-density","false","25","1000","2.25","1000","1000000","15626"
"2932","true","local-density","false","25","1000","2.25","1000","1000000","15581"
"2933","true","local-density","false","25","1000","2.25","1000","1000000","15879"
"2935","true","local-density","false","25","1000","2.25","1000","1000000","15571"
"2934","true","local-density","false","25","1000","2.25","1000","1000000","15741"
"2936","true","local-density","false","25","1000","2.25","1000","1000000","15892"
"2937","true","local-density","false","25","1000","2.25","1000","1000000","15869"
"2939","true","local-density","false","25","1000","2.25","1000","1000000","15542"
"2941","true","local-density","false","25","1","2.25","1000","1000000","26835"
"2938","true","local-density","false","25","1000","2.25","1000","1000000","15965"
"2940","true","local-density","false","25","1000","2.25","1000","1000000","15826"
"2942","true","local-density","false","25","1","2.25","1000","1000000","26889"
"2943","true","local-density","false","25","1","2.25","1000","1000000","26731"
"2945","true","local-density","false","25","1","2.25","1000","1000000","26754"
"2944","true","local-density","false","25","1","2.25","1000","1000000","26678"
"2946","true","local-density","false","25","1","2.25","1000","1000000","26517"
"2947","true","local-density","false","25","1","2.25","1000","1000000","26790"
"2949","true","local-density","false","25","1","2.25","1000","1000000","26810"
"2948","true","local-density","false","25","1","2.25","1000","1000000","26318"
"2950","true","local-density","false","25","1","2.25","1000","1000000","26678"
"2951","true","local-density","false","25","1","2.25","1000","1000000","26667"
"2952","true","local-density","false","25","1","2.25","1000","1000000","26935"
"2953","true","local-density","false","25","1","2.25","1000","1000000","26659"
"2954","true","local-density","false","25","1","2.25","1000","1000000","26540"
"2955","true","local-density","false","25","1","2.25","1000","1000000","26275"
"2956","true","local-density","false","25","1","2.25","1000","1000000","26630"
"2957","true","local-density","false","25","1","2.25","1000","1000000","26560"
"2958","true","local-density","false","25","1","2.25","1000","1000000","26121"
"2959","true","local-density","false","25","1","2.25","1000","1000000","26582"
"2960","true","local-density","false","25","1","2.25","1000","1000000","27035"
"2961","true","local-density","false","25","1","2.25","1000","1000000","26245"
"2962","true","local-density","false","25","1","2.25","1000","1000000","26845"
"2964","true","local-density","false","25","1","2.25","1000","1000000","26196"
"2963","true","local-density","false","25","1","2.25","1000","1000000","26993"
"2965","true","local-density","false","25","1","2.25","1000","1000000","26798"
"2966","true","local-density","false","25","1","2.25","1000","1000000","26688"
"2967","true","local-density","false","25","1","2.25","1000","1000000","26331"
"2969","true","local-density","false","25","1","2.25","1000","1000000","26606"
"2968","true","local-density","false","25","1","2.25","1000","1000000","26504"
"2970","true","local-density","false","25","1","2.25","1000","1000000","26579"
"2971","true","local-density","false","25","1","2.25","1000","1000000","26504"
"2972","true","local-density","false","25","1","2.25","1000","1000000","26851"
"2973","true","local-density","false","25","1","2.25","1000","1000000","26415"
"2974","true","local-density","false","25","1","2.25","1000","1000000","26361"
"2975","true","local-density","false","25","1","2.25","1000","1000000","26776"
"2977","true","local-density","false","25","1","2.25","1000","1000000","26248"
"2976","true","local-density","false","25","1","2.25","1000","1000000","26607"
"2978","true","local-density","false","25","1","2.25","1000","1000000","26414"
"2979","true","local-density","false","25","1","2.25","1000","1000000","26526"
"2980","true","local-density","false","25","1","2.25","1000","1000000","26404"
"2981","true","local-density","false","25","1","2.25","1000","1000000","26565"
"2982","true","local-density","false","25","1","2.25","1000","1000000","26624"
"2983","true","local-density","false","25","1","2.25","1000","1000000","26627"
"2984","true","local-density","false","25","1","2.25","1000","1000000","26568"
"2985","true","local-density","false","25","1","2.25","1000","1000000","26649"
"2986","true","local-density","false","25","1","2.25","1000","1000000","26950"
"2987","true","local-density","false","25","1","2.25","1000","1000000","26660"
"2988","true","local-density","false","25","1","2.25","1000","1000000","26493"
"2989","true","local-density","false","25","1","2.25","1000","1000000","26874"
"2990","true","local-density","false","25","1","2.25","1000","1000000","26439"
"2991","true","local-density","false","25","1","2.25","1000","1000000","26656"
"2992","true","local-density","false","25","1","2.25","1000","1000000","26397"
"2993","true","local-density","false","25","1","2.25","1000","1000000","26645"
"2994","true","local-density","false","25","1","2.25","1000","1000000","26634"
"2995","true","local-density","false","25","1","2.25","1000","1000000","26197"
"2996","true","local-density","false","25","1","2.25","1000","1000000","26812"
"2997","true","local-density","false","25","1","2.25","1000","1000000","26964"
"2998","true","local-density","false","25","1","2.25","1000","1000000","26562"
"2999","true","local-density","false","25","1","2.25","1000","1000000","26714"
"3000","true","local-density","false","25","1","2.25","1000","1000000","27028"
"3002","true","local-density","false","26","1000","2.25","1000","1000000","19152"
"3001","true","local-density","false","26","1000","2.25","1000","1000000","19150"
"3003","true","local-density","false","26","1000","2.25","1000","1000000","19253"
"3004","true","local-density","false","26","1000","2.25","1000","1000000","19304"
"3006","true","local-density","false","26","1000","2.25","1000","1000000","19142"
"3007","true","local-density","false","26","1000","2.25","1000","1000000","19435"
"3005","true","local-density","false","26","1000","2.25","1000","1000000","19484"
"3008","true","local-density","false","26","1000","2.25","1000","1000000","19440"
"3009","true","local-density","false","26","1000","2.25","1000","1000000","19232"
"3010","true","local-density","false","26","1000","2.25","1000","1000000","19189"
"3011","true","local-density","false","26","1000","2.25","1000","1000000","19356"
"3012","true","local-density","false","26","1000","2.25","1000","1000000","19235"
"3013","true","local-density","false","26","1000","2.25","1000","1000000","19419"
"3014","true","local-density","false","26","1000","2.25","1000","1000000","19355"
"3015","true","local-density","false","26","1000","2.25","1000","1000000","19124"
"3016","true","local-density","false","26","1000","2.25","1000","1000000","19330"
"3017","true","local-density","false","26","1000","2.25","1000","1000000","19491"
"3019","true","local-density","false","26","1000","2.25","1000","1000000","19346"
"3018","true","local-density","false","26","1000","2.25","1000","1000000","19323"
"3020","true","local-density","false","26","1000","2.25","1000","1000000","19415"
"3021","true","local-density","false","26","1000","2.25","1000","1000000","19311"
"3022","true","local-density","false","26","1000","2.25","1000","1000000","18985"
"3023","true","local-density","false","26","1000","2.25","1000","1000000","19358"
"3024","true","local-density","false","26","1000","2.25","1000","1000000","19433"
"3025","true","local-density","false","26","1000","2.25","1000","1000000","19425"
"3026","true","local-density","false","26","1000","2.25","1000","1000000","19392"
"3027","true","local-density","false","26","1000","2.25","1000","1000000","19378"
"3028","true","local-density","false","26","1000","2.25","1000","1000000","19343"
"3029","true","local-density","false","26","1000","2.25","1000","1000000","19293"
"3030","true","local-density","false","26","1000","2.25","1000","1000000","19284"
"3031","true","local-density","false","26","1000","2.25","1000","1000000","19408"
"3032","true","local-density","false","26","1000","2.25","1000","1000000","19344"
"3033","true","local-density","false","26","1000","2.25","1000","1000000","19360"
"3034","true","local-density","false","26","1000","2.25","1000","1000000","19225"
"3036","true","local-density","false","26","1000","2.25","1000","1000000","19372"
"3035","true","local-density","false","26","1000","2.25","1000","1000000","19191"
"3037","true","local-density","false","26","1000","2.25","1000","1000000","19518"
"3038","true","local-density","false","26","1000","2.25","1000","1000000","19121"
"3039","true","local-density","false","26","1000","2.25","1000","1000000","19413"
"3040","true","local-density","false","26","1000","2.25","1000","1000000","19067"
"3041","true","local-density","false","26","1000","2.25","1000","1000000","19490"
"3042","true","local-density","false","26","1000","2.25","1000","1000000","19304"
"3043","true","local-density","false","26","1000","2.25","1000","1000000","19259"
"3044","true","local-density","false","26","1000","2.25","1000","1000000","19499"
"3045","true","local-density","false","26","1000","2.25","1000","1000000","19461"
"3046","true","local-density","false","26","1000","2.25","1000","1000000","19316"
"3047","true","local-density","false","26","1000","2.25","1000","1000000","19213"
"3048","true","local-density","false","26","1000","2.25","1000","1000000","19241"
"3049","true","local-density","false","26","1000","2.25","1000","1000000","19179"
"3050","true","local-density","false","26","1000","2.25","1000","1000000","19190"
"3051","true","local-density","false","26","1000","2.25","1000","1000000","19386"
"3052","true","local-density","false","26","1000","2.25","1000","1000000","19245"
"3053","true","local-density","false","26","1000","2.25","1000","1000000","19466"
"3054","true","local-density","false","26","1000","2.25","1000","1000000","19411"
"3056","true","local-density","false","26","1000","2.25","1000","1000000","19257"
"3055","true","local-density","false","26","1000","2.25","1000","1000000","19213"
"3057","true","local-density","false","26","1000","2.25","1000","1000000","18989"
"3058","true","local-density","false","26","1000","2.25","1000","1000000","19417"
"3061","true","local-density","false","26","1","2.25","1000","1000000","32306"
"3062","true","local-density","false","26","1","2.25","1000","1000000","32419"
"3059","true","local-density","false","26","1000","2.25","1000","1000000","19404"
"3060","true","local-density","false","26","1000","2.25","1000","1000000","19281"
"3063","true","local-density","false","26","1","2.25","1000","1000000","32276"
"3064","true","local-density","false","26","1","2.25","1000","1000000","32679"
"3065","true","local-density","false","26","1","2.25","1000","1000000","31955"
"3066","true","local-density","false","26","1","2.25","1000","1000000","32344"
"3067","true","local-density","false","26","1","2.25","1000","1000000","32582"
"3068","true","local-density","false","26","1","2.25","1000","1000000","32216"
"3069","true","local-density","false","26","1","2.25","1000","1000000","31854"
"3070","true","local-density","false","26","1","2.25","1000","1000000","32187"
"3071","true","local-density","false","26","1","2.25","1000","1000000","32367"
"3072","true","local-density","false","26","1","2.25","1000","1000000","32349"
"3073","true","local-density","false","26","1","2.25","1000","1000000","32107"
"3074","true","local-density","false","26","1","2.25","1000","1000000","32192"
"3075","true","local-density","false","26","1","2.25","1000","1000000","32811"
"3076","true","local-density","false","26","1","2.25","1000","1000000","32347"
"3077","true","local-density","false","26","1","2.25","1000","1000000","31692"
"3078","true","local-density","false","26","1","2.25","1000","1000000","32632"
"3079","true","local-density","false","26","1","2.25","1000","1000000","32676"
"3080","true","local-density","false","26","1","2.25","1000","1000000","32172"
"3081","true","local-density","false","26","1","2.25","1000","1000000","32547"
"3082","true","local-density","false","26","1","2.25","1000","1000000","32375"
"3083","true","local-density","false","26","1","2.25","1000","1000000","32347"
"3084","true","local-density","false","26","1","2.25","1000","1000000","31747"
"3085","true","local-density","false","26","1","2.25","1000","1000000","32400"
"3086","true","local-density","false","26","1","2.25","1000","1000000","32303"
"3087","true","local-density","false","26","1","2.25","1000","1000000","32538"
"3089","true","local-density","false","26","1","2.25","1000","1000000","31886"
"3088","true","local-density","false","26","1","2.25","1000","1000000","32276"
"3090","true","local-density","false","26","1","2.25","1000","1000000","31964"
"3091","true","local-density","false","26","1","2.25","1000","1000000","32391"
"3092","true","local-density","false","26","1","2.25","1000","1000000","31850"
"3093","true","local-density","false","26","1","2.25","1000","1000000","32593"
"3095","true","local-density","false","26","1","2.25","1000","1000000","32643"
"3094","true","local-density","false","26","1","2.25","1000","1000000","32091"
"3096","true","local-density","false","26","1","2.25","1000","1000000","33220"
"3097","true","local-density","false","26","1","2.25","1000","1000000","32180"
"3098","true","local-density","false","26","1","2.25","1000","1000000","32113"
"3100","true","local-density","false","26","1","2.25","1000","1000000","32451"
"3099","true","local-density","false","26","1","2.25","1000","1000000","32108"
"3101","true","local-density","false","26","1","2.25","1000","1000000","32375"
"3102","true","local-density","false","26","1","2.25","1000","1000000","32329"
"3103","true","local-density","false","26","1","2.25","1000","1000000","31803"
"3104","true","local-density","false","26","1","2.25","1000","1000000","32555"
"3105","true","local-density","false","26","1","2.25","1000","1000000","32399"
"3106","true","local-density","false","26","1","2.25","1000","1000000","32900"
"3108","true","local-density","false","26","1","2.25","1000","1000000","32803"
"3107","true","local-density","false","26","1","2.25","1000","1000000","32266"
"3109","true","local-density","false","26","1","2.25","1000","1000000","32195"
"3110","true","local-density","false","26","1","2.25","1000","1000000","32681"
"3111","true","local-density","false","26","1","2.25","1000","1000000","32625"
"3112","true","local-density","false","26","1","2.25","1000","1000000","32596"
"3113","true","local-density","false","26","1","2.25","1000","1000000","33026"
"3114","true","local-density","false","26","1","2.25","1000","1000000","32383"
"3116","true","local-density","false","26","1","2.25","1000","1000000","32660"
"3115","true","local-density","false","26","1","2.25","1000","1000000","32753"
"3117","true","local-density","false","26","1","2.25","1000","1000000","32517"
"3118","true","local-density","false","26","1","2.25","1000","1000000","32120"
"3120","true","local-density","false","26","1","2.25","1000","1000000","32692"
"3119","true","local-density","false","26","1","2.25","1000","1000000","32122"
