"BehaviorSpace results (NetLogo 7.0.4)","Table version 2.0"
"plaice-search-model.nlogox"
"local-density"
"10/01/2026 06:50:22:040 -0700"
"min-pxcor","max-pxcor","min-pycor","max-pycor"
"0","71","0","71"
"[run number]","use-scenario?","search-tactic","pen-down?","scenario","regeneration-time","response-radius","[step]","ticks","sum [prey-captured] of predators"
"7","true","local-density","false","1","1000","4.5","1000","1000000","19747"
"6","true","local-density","false","1","1000","4.5","1000","1000000","19629"
"2","true","local-density","false","1","1000","4.5","1000","1000000","20025"
"4","true","local-density","false","1","1000","4.5","1000","1000000","19683"
"8","true","local-density","false","1","1000","4.5","1000","1000000","19740"
"1","true","local-density","false","1","1000","4.5","1000","1000000","19625"
"5","true","local-density","false","1","1000","4.5","1000","1000000","20091"
"3","true","local-density","false","1","1000","4.5","1000","1000000","19648"
"10","true","local-density","false","1","1000","4.5","1000","1000000","19191"
"9","true","local-density","false","1","1000","4.5","1000","1000000","20290"
"13","true","local-density","false","1","1000","4.5","1000","1000000","19714"
"15","true","local-density","false","1","1000","4.5","1000","1000000","19377"
"11","true","local-density","false","1","1000","4.5","1000","1000000","19965"
"12","true","local-density","false","1","1000","4.5","1000","1000000","19878"
"16","true","local-density","false","1","1000","4.5","1000","1000000","18971"
"14","true","local-density","false","1","1000","4.5","1000","1000000","19719"
"17","true","local-density","false","1","1000","4.5","1000","1000000","19397"
"18","true","local-density","false","1","1000","4.5","1000","1000000","19368"
"20","true","local-density","false","1","1000","4.5","1000","1000000","19845"
"22","true","local-density","false","1","1000","4.5","1000","1000000","19687"
"24","true","local-density","false","1","1000","4.5","1000","1000000","19839"
"21","true","local-density","false","1","1000","4.5","1000","1000000","19565"
"23","true","local-density","false","1","1000","4.5","1000","1000000","20111"
"19","true","local-density","false","1","1000","4.5","1000","1000000","19826"
"25","true","local-density","false","1","1000","4.5","1000","1000000","18933"
"26","true","local-density","false","1","1000","4.5","1000","1000000","19684"
"30","true","local-density","false","1","1000","4.5","1000","1000000","19681"
"28","true","local-density","false","1","1000","4.5","1000","1000000","19647"
"31","true","local-density","false","1","1000","4.5","1000","1000000","19825"
"29","true","local-density","false","1","1000","4.5","1000","1000000","19723"
"27","true","local-density","false","1","1000","4.5","1000","1000000","19426"
"32","true","local-density","false","1","1000","4.5","1000","1000000","19636"
"33","true","local-density","false","1","1000","4.5","1000","1000000","19982"
"35","true","local-density","false","1","1000","4.5","1000","1000000","19847"
"34","true","local-density","false","1","1000","4.5","1000","1000000","19595"
"37","true","local-density","false","1","1000","4.5","1000","1000000","19791"
"36","true","local-density","false","1","1000","4.5","1000","1000000","19004"
"39","true","local-density","false","1","1000","4.5","1000","1000000","19746"
"38","true","local-density","false","1","1000","4.5","1000","1000000","20163"
"40","true","local-density","false","1","1000","4.5","1000","1000000","20085"
"42","true","local-density","false","1","1000","4.5","1000","1000000","18561"
"41","true","local-density","false","1","1000","4.5","1000","1000000","19831"
"45","true","local-density","false","1","1000","4.5","1000","1000000","19121"
"43","true","local-density","false","1","1000","4.5","1000","1000000","19483"
"44","true","local-density","false","1","1000","4.5","1000","1000000","19993"
"48","true","local-density","false","1","1000","4.5","1000","1000000","19792"
"46","true","local-density","false","1","1000","4.5","1000","1000000","19972"
"47","true","local-density","false","1","1000","4.5","1000","1000000","19594"
"49","true","local-density","false","1","1000","4.5","1000","1000000","19861"
"50","true","local-density","false","1","1000","4.5","1000","1000000","19344"
"51","true","local-density","false","1","1000","4.5","1000","1000000","19167"
"52","true","local-density","false","1","1000","4.5","1000","1000000","19863"
"53","true","local-density","false","1","1000","4.5","1000","1000000","19962"
"55","true","local-density","false","1","1000","4.5","1000","1000000","19725"
"54","true","local-density","false","1","1000","4.5","1000","1000000","19151"
"56","true","local-density","false","1","1000","4.5","1000","1000000","19761"
"57","true","local-density","false","1","1000","4.5","1000","1000000","19621"
"58","true","local-density","false","1","1000","4.5","1000","1000000","19759"
"59","true","local-density","false","1","1000","4.5","1000","1000000","19845"
"60","true","local-density","false","1","1000","4.5","1000","1000000","19415"
"62","true","local-density","false","1","1000","9","1000","1000000","20212"
"61","true","local-density","false","1","1000","9","1000","1000000","20765"
"63","true","local-density","false","1","1000","9","1000","1000000","19866"
"64","true","local-density","false","1","1000","9","1000","1000000","20351"
"65","true","local-density","false","1","1000","9","1000","1000000","20053"
"66","true","local-density","false","1","1000","9","1000","1000000","20138"
"67","true","local-density","false","1","1000","9","1000","1000000","20305"
"68","true","local-density","false","1","1000","9","1000","1000000","20734"
"69","true","local-density","false","1","1000","9","1000","1000000","20105"
"70","true","local-density","false","1","1000","9","1000","1000000","19867"
"71","true","local-density","false","1","1000","9","1000","1000000","20411"
"72","true","local-density","false","1","1000","9","1000","1000000","20574"
"73","true","local-density","false","1","1000","9","1000","1000000","20322"
"74","true","local-density","false","1","1000","9","1000","1000000","19702"
"75","true","local-density","false","1","1000","9","1000","1000000","20548"
"76","true","local-density","false","1","1000","9","1000","1000000","19790"
"78","true","local-density","false","1","1000","9","1000","1000000","20362"
"77","true","local-density","false","1","1000","9","1000","1000000","19859"
"79","true","local-density","false","1","1000","9","1000","1000000","20065"
"80","true","local-density","false","1","1000","9","1000","1000000","20114"
"81","true","local-density","false","1","1000","9","1000","1000000","19805"
"82","true","local-density","false","1","1000","9","1000","1000000","20097"
"83","true","local-density","false","1","1000","9","1000","1000000","19883"
"84","true","local-density","false","1","1000","9","1000","1000000","19641"
"85","true","local-density","false","1","1000","9","1000","1000000","20300"
"86","true","local-density","false","1","1000","9","1000","1000000","20409"
"87","true","local-density","false","1","1000","9","1000","1000000","20041"
"88","true","local-density","false","1","1000","9","1000","1000000","20133"
"89","true","local-density","false","1","1000","9","1000","1000000","20070"
"90","true","local-density","false","1","1000","9","1000","1000000","19904"
"92","true","local-density","false","1","1000","9","1000","1000000","19862"
"91","true","local-density","false","1","1000","9","1000","1000000","20363"
"93","true","local-density","false","1","1000","9","1000","1000000","20549"
"95","true","local-density","false","1","1000","9","1000","1000000","19874"
"94","true","local-density","false","1","1000","9","1000","1000000","19878"
"96","true","local-density","false","1","1000","9","1000","1000000","20024"
"97","true","local-density","false","1","1000","9","1000","1000000","19904"
"98","true","local-density","false","1","1000","9","1000","1000000","20066"
"100","true","local-density","false","1","1000","9","1000","1000000","20368"
"99","true","local-density","false","1","1000","9","1000","1000000","20008"
"101","true","local-density","false","1","1000","9","1000","1000000","19932"
"102","true","local-density","false","1","1000","9","1000","1000000","19966"
"103","true","local-density","false","1","1000","9","1000","1000000","20073"
"104","true","local-density","false","1","1000","9","1000","1000000","19709"
"105","true","local-density","false","1","1000","9","1000","1000000","20191"
"106","true","local-density","false","1","1000","9","1000","1000000","20447"
"107","true","local-density","false","1","1000","9","1000","1000000","19748"
"108","true","local-density","false","1","1000","9","1000","1000000","19890"
"109","true","local-density","false","1","1000","9","1000","1000000","20187"
"110","true","local-density","false","1","1000","9","1000","1000000","19987"
"111","true","local-density","false","1","1000","9","1000","1000000","19746"
"112","true","local-density","false","1","1000","9","1000","1000000","20340"
"113","true","local-density","false","1","1000","9","1000","1000000","20104"
"114","true","local-density","false","1","1000","9","1000","1000000","20190"
"115","true","local-density","false","1","1000","9","1000","1000000","20448"
"116","true","local-density","false","1","1000","9","1000","1000000","20144"
"117","true","local-density","false","1","1000","9","1000","1000000","19984"
"118","true","local-density","false","1","1000","9","1000","1000000","20328"
"119","true","local-density","false","1","1000","9","1000","1000000","20636"
"120","true","local-density","false","1","1000","9","1000","1000000","19754"
"121","true","local-density","false","1","1","4.5","1000","1000000","30044"
"122","true","local-density","false","1","1","4.5","1000","1000000","29131"
"123","true","local-density","false","1","1","4.5","1000","1000000","29018"
"124","true","local-density","false","1","1","4.5","1000","1000000","28779"
"125","true","local-density","false","1","1","4.5","1000","1000000","26580"
"126","true","local-density","false","1","1","4.5","1000","1000000","28113"
"127","true","local-density","false","1","1","4.5","1000","1000000","28778"
"128","true","local-density","false","1","1","4.5","1000","1000000","30080"
"129","true","local-density","false","1","1","4.5","1000","1000000","27582"
"131","true","local-density","false","1","1","4.5","1000","1000000","28561"
"130","true","local-density","false","1","1","4.5","1000","1000000","27944"
"132","true","local-density","false","1","1","4.5","1000","1000000","29621"
"133","true","local-density","false","1","1","4.5","1000","1000000","28963"
"134","true","local-density","false","1","1","4.5","1000","1000000","29560"
"136","true","local-density","false","1","1","4.5","1000","1000000","26925"
"135","true","local-density","false","1","1","4.5","1000","1000000","27349"
"137","true","local-density","false","1","1","4.5","1000","1000000","29288"
"139","true","local-density","false","1","1","4.5","1000","1000000","29795"
"138","true","local-density","false","1","1","4.5","1000","1000000","28750"
"140","true","local-density","false","1","1","4.5","1000","1000000","27777"
"141","true","local-density","false","1","1","4.5","1000","1000000","28260"
"143","true","local-density","false","1","1","4.5","1000","1000000","28131"
"142","true","local-density","false","1","1","4.5","1000","1000000","29802"
"144","true","local-density","false","1","1","4.5","1000","1000000","27341"
"145","true","local-density","false","1","1","4.5","1000","1000000","29157"
"146","true","local-density","false","1","1","4.5","1000","1000000","28502"
"147","true","local-density","false","1","1","4.5","1000","1000000","29136"
"148","true","local-density","false","1","1","4.5","1000","1000000","27651"
"149","true","local-density","false","1","1","4.5","1000","1000000","29175"
"151","true","local-density","false","1","1","4.5","1000","1000000","28005"
"150","true","local-density","false","1","1","4.5","1000","1000000","28302"
"152","true","local-density","false","1","1","4.5","1000","1000000","26658"
"153","true","local-density","false","1","1","4.5","1000","1000000","28325"
"154","true","local-density","false","1","1","4.5","1000","1000000","27986"
"155","true","local-density","false","1","1","4.5","1000","1000000","26528"
"156","true","local-density","false","1","1","4.5","1000","1000000","28639"
"157","true","local-density","false","1","1","4.5","1000","1000000","28677"
"158","true","local-density","false","1","1","4.5","1000","1000000","27901"
"159","true","local-density","false","1","1","4.5","1000","1000000","28699"
"160","true","local-density","false","1","1","4.5","1000","1000000","28376"
"161","true","local-density","false","1","1","4.5","1000","1000000","29983"
"163","true","local-density","false","1","1","4.5","1000","1000000","27654"
"162","true","local-density","false","1","1","4.5","1000","1000000","28943"
"164","true","local-density","false","1","1","4.5","1000","1000000","27444"
"165","true","local-density","false","1","1","4.5","1000","1000000","28148"
"167","true","local-density","false","1","1","4.5","1000","1000000","27944"
"166","true","local-density","false","1","1","4.5","1000","1000000","28765"
"168","true","local-density","false","1","1","4.5","1000","1000000","29819"
"169","true","local-density","false","1","1","4.5","1000","1000000","28340"
"171","true","local-density","false","1","1","4.5","1000","1000000","27908"
"170","true","local-density","false","1","1","4.5","1000","1000000","28117"
"172","true","local-density","false","1","1","4.5","1000","1000000","29691"
"173","true","local-density","false","1","1","4.5","1000","1000000","28499"
"175","true","local-density","false","1","1","4.5","1000","1000000","27511"
"174","true","local-density","false","1","1","4.5","1000","1000000","28050"
"176","true","local-density","false","1","1","4.5","1000","1000000","29116"
"177","true","local-density","false","1","1","4.5","1000","1000000","28813"
"178","true","local-density","false","1","1","4.5","1000","1000000","28653"
"181","true","local-density","false","1","1","9","1000","1000000","30207"
"180","true","local-density","false","1","1","4.5","1000","1000000","27940"
"179","true","local-density","false","1","1","4.5","1000","1000000","29139"
"182","true","local-density","false","1","1","9","1000","1000000","30561"
"183","true","local-density","false","1","1","9","1000","1000000","31409"
"184","true","local-density","false","1","1","9","1000","1000000","29407"
"185","true","local-density","false","1","1","9","1000","1000000","27396"
"186","true","local-density","false","1","1","9","1000","1000000","30181"
"187","true","local-density","false","1","1","9","1000","1000000","27966"
"188","true","local-density","false","1","1","9","1000","1000000","28913"
"189","true","local-density","false","1","1","9","1000","1000000","29628"
"190","true","local-density","false","1","1","9","1000","1000000","28807"
"191","true","local-density","false","1","1","9","1000","1000000","28612"
"192","true","local-density","false","1","1","9","1000","1000000","29917"
"193","true","local-density","false","1","1","9","1000","1000000","29462"
"196","true","local-density","false","1","1","9","1000","1000000","30369"
"194","true","local-density","false","1","1","9","1000","1000000","31325"
"195","true","local-density","false","1","1","9","1000","1000000","28884"
"197","true","local-density","false","1","1","9","1000","1000000","29086"
"198","true","local-density","false","1","1","9","1000","1000000","29508"
"199","true","local-density","false","1","1","9","1000","1000000","29454"
"200","true","local-density","false","1","1","9","1000","1000000","29941"
"201","true","local-density","false","1","1","9","1000","1000000","28934"
"202","true","local-density","false","1","1","9","1000","1000000","30107"
"204","true","local-density","false","1","1","9","1000","1000000","28796"
"203","true","local-density","false","1","1","9","1000","1000000","29684"
"205","true","local-density","false","1","1","9","1000","1000000","29560"
"206","true","local-density","false","1","1","9","1000","1000000","29529"
"207","true","local-density","false","1","1","9","1000","1000000","30240"
"208","true","local-density","false","1","1","9","1000","1000000","29479"
"209","true","local-density","false","1","1","9","1000","1000000","31636"
"210","true","local-density","false","1","1","9","1000","1000000","30135"
"211","true","local-density","false","1","1","9","1000","1000000","28940"
"212","true","local-density","false","1","1","9","1000","1000000","29693"
"213","true","local-density","false","1","1","9","1000","1000000","29592"
"214","true","local-density","false","1","1","9","1000","1000000","29083"
"215","true","local-density","false","1","1","9","1000","1000000","29758"
"216","true","local-density","false","1","1","9","1000","1000000","29075"
"217","true","local-density","false","1","1","9","1000","1000000","29882"
"218","true","local-density","false","1","1","9","1000","1000000","30055"
"220","true","local-density","false","1","1","9","1000","1000000","28942"
"219","true","local-density","false","1","1","9","1000","1000000","28829"
"221","true","local-density","false","1","1","9","1000","1000000","28896"
"222","true","local-density","false","1","1","9","1000","1000000","27297"
"223","true","local-density","false","1","1","9","1000","1000000","30725"
"224","true","local-density","false","1","1","9","1000","1000000","30107"
"225","true","local-density","false","1","1","9","1000","1000000","28893"
"226","true","local-density","false","1","1","9","1000","1000000","30934"
"228","true","local-density","false","1","1","9","1000","1000000","28869"
"227","true","local-density","false","1","1","9","1000","1000000","28100"
"229","true","local-density","false","1","1","9","1000","1000000","29282"
"230","true","local-density","false","1","1","9","1000","1000000","29376"
"231","true","local-density","false","1","1","9","1000","1000000","29653"
"232","true","local-density","false","1","1","9","1000","1000000","29183"
"233","true","local-density","false","1","1","9","1000","1000000","29413"
"234","true","local-density","false","1","1","9","1000","1000000","30221"
"235","true","local-density","false","1","1","9","1000","1000000","28121"
"236","true","local-density","false","1","1","9","1000","1000000","29652"
"237","true","local-density","false","1","1","9","1000","1000000","29284"
"238","true","local-density","false","1","1","9","1000","1000000","28770"
"239","true","local-density","false","1","1","9","1000","1000000","29682"
"240","true","local-density","false","1","1","9","1000","1000000","29448"
"241","true","local-density","false","2","1000","4.5","1000","1000000","21463"
"242","true","local-density","false","2","1000","4.5","1000","1000000","21218"
"243","true","local-density","false","2","1000","4.5","1000","1000000","21635"
"244","true","local-density","false","2","1000","4.5","1000","1000000","21363"
"245","true","local-density","false","2","1000","4.5","1000","1000000","21781"
"246","true","local-density","false","2","1000","4.5","1000","1000000","21723"
"247","true","local-density","false","2","1000","4.5","1000","1000000","22135"
"248","true","local-density","false","2","1000","4.5","1000","1000000","21166"
"249","true","local-density","false","2","1000","4.5","1000","1000000","21641"
"250","true","local-density","false","2","1000","4.5","1000","1000000","21372"
"251","true","local-density","false","2","1000","4.5","1000","1000000","21830"
"252","true","local-density","false","2","1000","4.5","1000","1000000","21065"
"253","true","local-density","false","2","1000","4.5","1000","1000000","21598"
"254","true","local-density","false","2","1000","4.5","1000","1000000","21519"
"255","true","local-density","false","2","1000","4.5","1000","1000000","21794"
"256","true","local-density","false","2","1000","4.5","1000","1000000","21997"
"257","true","local-density","false","2","1000","4.5","1000","1000000","21397"
"258","true","local-density","false","2","1000","4.5","1000","1000000","21203"
"259","true","local-density","false","2","1000","4.5","1000","1000000","21133"
"260","true","local-density","false","2","1000","4.5","1000","1000000","21932"
"261","true","local-density","false","2","1000","4.5","1000","1000000","21524"
"262","true","local-density","false","2","1000","4.5","1000","1000000","21839"
"263","true","local-density","false","2","1000","4.5","1000","1000000","21597"
"264","true","local-density","false","2","1000","4.5","1000","1000000","21735"
"265","true","local-density","false","2","1000","4.5","1000","1000000","21675"
"266","true","local-density","false","2","1000","4.5","1000","1000000","21745"
"267","true","local-density","false","2","1000","4.5","1000","1000000","21393"
"268","true","local-density","false","2","1000","4.5","1000","1000000","21412"
"269","true","local-density","false","2","1000","4.5","1000","1000000","21828"
"270","true","local-density","false","2","1000","4.5","1000","1000000","21384"
"271","true","local-density","false","2","1000","4.5","1000","1000000","21851"
"272","true","local-density","false","2","1000","4.5","1000","1000000","21883"
"273","true","local-density","false","2","1000","4.5","1000","1000000","21739"
"274","true","local-density","false","2","1000","4.5","1000","1000000","21710"
"275","true","local-density","false","2","1000","4.5","1000","1000000","21524"
"276","true","local-density","false","2","1000","4.5","1000","1000000","21308"
"277","true","local-density","false","2","1000","4.5","1000","1000000","21638"
"278","true","local-density","false","2","1000","4.5","1000","1000000","21237"
"279","true","local-density","false","2","1000","4.5","1000","1000000","21650"
"280","true","local-density","false","2","1000","4.5","1000","1000000","21584"
"281","true","local-density","false","2","1000","4.5","1000","1000000","21247"
"282","true","local-density","false","2","1000","4.5","1000","1000000","21352"
"283","true","local-density","false","2","1000","4.5","1000","1000000","21665"
"284","true","local-density","false","2","1000","4.5","1000","1000000","21597"
"285","true","local-density","false","2","1000","4.5","1000","1000000","21518"
"286","true","local-density","false","2","1000","4.5","1000","1000000","21025"
"287","true","local-density","false","2","1000","4.5","1000","1000000","21511"
"288","true","local-density","false","2","1000","4.5","1000","1000000","21189"
"289","true","local-density","false","2","1000","4.5","1000","1000000","21399"
"290","true","local-density","false","2","1000","4.5","1000","1000000","20946"
"292","true","local-density","false","2","1000","4.5","1000","1000000","21589"
"291","true","local-density","false","2","1000","4.5","1000","1000000","21845"
"293","true","local-density","false","2","1000","4.5","1000","1000000","21445"
"294","true","local-density","false","2","1000","4.5","1000","1000000","21438"
"295","true","local-density","false","2","1000","4.5","1000","1000000","21487"
"296","true","local-density","false","2","1000","4.5","1000","1000000","21789"
"297","true","local-density","false","2","1000","4.5","1000","1000000","21553"
"298","true","local-density","false","2","1000","4.5","1000","1000000","20777"
"299","true","local-density","false","2","1000","4.5","1000","1000000","21153"
"300","true","local-density","false","2","1000","4.5","1000","1000000","21928"
"301","true","local-density","false","2","1000","9","1000","1000000","21279"
"302","true","local-density","false","2","1000","9","1000","1000000","21991"
"303","true","local-density","false","2","1000","9","1000","1000000","21828"
"304","true","local-density","false","2","1000","9","1000","1000000","22184"
"305","true","local-density","false","2","1000","9","1000","1000000","21760"
"306","true","local-density","false","2","1000","9","1000","1000000","22080"
"307","true","local-density","false","2","1000","9","1000","1000000","21884"
"308","true","local-density","false","2","1000","9","1000","1000000","22082"
"309","true","local-density","false","2","1000","9","1000","1000000","21547"
"310","true","local-density","false","2","1000","9","1000","1000000","21936"
"311","true","local-density","false","2","1000","9","1000","1000000","22077"
"312","true","local-density","false","2","1000","9","1000","1000000","21880"
"313","true","local-density","false","2","1000","9","1000","1000000","21426"
"314","true","local-density","false","2","1000","9","1000","1000000","21833"
"315","true","local-density","false","2","1000","9","1000","1000000","21825"
"316","true","local-density","false","2","1000","9","1000","1000000","22245"
"317","true","local-density","false","2","1000","9","1000","1000000","21424"
"318","true","local-density","false","2","1000","9","1000","1000000","21491"
"319","true","local-density","false","2","1000","9","1000","1000000","21996"
"320","true","local-density","false","2","1000","9","1000","1000000","21996"
"321","true","local-density","false","2","1000","9","1000","1000000","21989"
"322","true","local-density","false","2","1000","9","1000","1000000","21545"
"324","true","local-density","false","2","1000","9","1000","1000000","21358"
"323","true","local-density","false","2","1000","9","1000","1000000","22499"
"325","true","local-density","false","2","1000","9","1000","1000000","21694"
"326","true","local-density","false","2","1000","9","1000","1000000","21577"
"327","true","local-density","false","2","1000","9","1000","1000000","21917"
"328","true","local-density","false","2","1000","9","1000","1000000","21786"
"329","true","local-density","false","2","1000","9","1000","1000000","21856"
"330","true","local-density","false","2","1000","9","1000","1000000","22214"
"332","true","local-density","false","2","1000","9","1000","1000000","21598"
"333","true","local-density","false","2","1000","9","1000","1000000","21495"
"331","true","local-density","false","2","1000","9","1000","1000000","22294"
"334","true","local-density","false","2","1000","9","1000","1000000","22039"
"335","true","local-density","false","2","1000","9","1000","1000000","22297"
"336","true","local-density","false","2","1000","9","1000","1000000","21802"
"337","true","local-density","false","2","1000","9","1000","1000000","21648"
"338","true","local-density","false","2","1000","9","1000","1000000","21939"
"339","true","local-density","false","2","1000","9","1000","1000000","22036"
"341","true","local-density","false","2","1000","9","1000","1000000","21675"
"340","true","local-density","false","2","1000","9","1000","1000000","22272"
"342","true","local-density","false","2","1000","9","1000","1000000","22132"
"343","true","local-density","false","2","1000","9","1000","1000000","21844"
"344","true","local-density","false","2","1000","9","1000","1000000","21856"
"345","true","local-density","false","2","1000","9","1000","1000000","21526"
"346","true","local-density","false","2","1000","9","1000","1000000","21519"
"347","true","local-density","false","2","1000","9","1000","1000000","21758"
"349","true","local-density","false","2","1000","9","1000","1000000","21970"
"348","true","local-density","false","2","1000","9","1000","1000000","21671"
"350","true","local-density","false","2","1000","9","1000","1000000","22110"
"351","true","local-density","false","2","1000","9","1000","1000000","21678"
"352","true","local-density","false","2","1000","9","1000","1000000","21462"
"353","true","local-density","false","2","1000","9","1000","1000000","21849"
"354","true","local-density","false","2","1000","9","1000","1000000","21844"
"355","true","local-density","false","2","1000","9","1000","1000000","21925"
"356","true","local-density","false","2","1000","9","1000","1000000","21613"
"357","true","local-density","false","2","1000","9","1000","1000000","22421"
"358","true","local-density","false","2","1000","9","1000","1000000","22040"
"359","true","local-density","false","2","1000","9","1000","1000000","21983"
"360","true","local-density","false","2","1000","9","1000","1000000","21819"
"361","true","local-density","false","2","1","4.5","1000","1000000","38080"
"362","true","local-density","false","2","1","4.5","1000","1000000","36051"
"363","true","local-density","false","2","1","4.5","1000","1000000","37444"
"365","true","local-density","false","2","1","4.5","1000","1000000","38937"
"364","true","local-density","false","2","1","4.5","1000","1000000","35485"
"366","true","local-density","false","2","1","4.5","1000","1000000","39267"
"367","true","local-density","false","2","1","4.5","1000","1000000","34256"
"368","true","local-density","false","2","1","4.5","1000","1000000","37668"
"369","true","local-density","false","2","1","4.5","1000","1000000","36200"
"370","true","local-density","false","2","1","4.5","1000","1000000","34937"
"371","true","local-density","false","2","1","4.5","1000","1000000","37088"
"372","true","local-density","false","2","1","4.5","1000","1000000","37305"
"373","true","local-density","false","2","1","4.5","1000","1000000","36717"
"374","true","local-density","false","2","1","4.5","1000","1000000","35511"
"375","true","local-density","false","2","1","4.5","1000","1000000","35439"
"376","true","local-density","false","2","1","4.5","1000","1000000","37917"
"377","true","local-density","false","2","1","4.5","1000","1000000","35688"
"378","true","local-density","false","2","1","4.5","1000","1000000","37214"
"379","true","local-density","false","2","1","4.5","1000","1000000","36096"
"380","true","local-density","false","2","1","4.5","1000","1000000","36976"
"381","true","local-density","false","2","1","4.5","1000","1000000","36804"
"382","true","local-density","false","2","1","4.5","1000","1000000","35742"
"383","true","local-density","false","2","1","4.5","1000","1000000","37931"
"384","true","local-density","false","2","1","4.5","1000","1000000","34982"
"385","true","local-density","false","2","1","4.5","1000","1000000","34961"
"386","true","local-density","false","2","1","4.5","1000","1000000","37748"
"387","true","local-density","false","2","1","4.5","1000","1000000","36779"
"388","true","local-density","false","2","1","4.5","1000","1000000","37127"
"389","true","local-density","false","2","1","4.5","1000","1000000","35895"
"390","true","local-density","false","2","1","4.5","1000","1000000","35037"
"391","true","local-density","false","2","1","4.5","1000","1000000","37158"
"392","true","local-density","false","2","1","4.5","1000","1000000","37429"
"393","true","local-density","false","2","1","4.5","1000","1000000","36673"
"394","true","local-density","false","2","1","4.5","1000","1000000","37000"
"395","true","local-density","false","2","1","4.5","1000","1000000","36639"
"396","true","local-density","false","2","1","4.5","1000","1000000","38480"
"397","true","local-density","false","2","1","4.5","1000","1000000","35323"
"398","true","local-density","false","2","1","4.5","1000","1000000","37573"
"399","true","local-density","false","2","1","4.5","1000","1000000","36914"
"400","true","local-density","false","2","1","4.5","1000","1000000","37292"
"401","true","local-density","false","2","1","4.5","1000","1000000","36221"
"402","true","local-density","false","2","1","4.5","1000","1000000","36457"
"403","true","local-density","false","2","1","4.5","1000","1000000","35442"
"404","true","local-density","false","2","1","4.5","1000","1000000","36442"
"405","true","local-density","false","2","1","4.5","1000","1000000","34159"
"406","true","local-density","false","2","1","4.5","1000","1000000","36656"
"407","true","local-density","false","2","1","4.5","1000","1000000","39603"
"408","true","local-density","false","2","1","4.5","1000","1000000","36174"
"409","true","local-density","false","2","1","4.5","1000","1000000","36439"
"410","true","local-density","false","2","1","4.5","1000","1000000","38387"
"411","true","local-density","false","2","1","4.5","1000","1000000","36291"
"412","true","local-density","false","2","1","4.5","1000","1000000","38361"
"413","true","local-density","false","2","1","4.5","1000","1000000","37189"
"415","true","local-density","false","2","1","4.5","1000","1000000","35545"
"414","true","local-density","false","2","1","4.5","1000","1000000","37725"
"416","true","local-density","false","2","1","4.5","1000","1000000","36842"
"417","true","local-density","false","2","1","4.5","1000","1000000","38605"
"418","true","local-density","false","2","1","4.5","1000","1000000","35286"
"419","true","local-density","false","2","1","4.5","1000","1000000","34644"
"421","true","local-density","false","2","1","9","1000","1000000","37418"
"420","true","local-density","false","2","1","4.5","1000","1000000","35923"
"422","true","local-density","false","2","1","9","1000","1000000","37468"
"423","true","local-density","false","2","1","9","1000","1000000","37425"
"424","true","local-density","false","2","1","9","1000","1000000","37902"
"425","true","local-density","false","2","1","9","1000","1000000","39357"
"426","true","local-density","false","2","1","9","1000","1000000","37480"
"427","true","local-density","false","2","1","9","1000","1000000","37908"
"428","true","local-density","false","2","1","9","1000","1000000","37524"
"429","true","local-density","false","2","1","9","1000","1000000","37051"
"430","true","local-density","false","2","1","9","1000","1000000","37955"
"431","true","local-density","false","2","1","9","1000","1000000","39170"
"432","true","local-density","false","2","1","9","1000","1000000","37666"
"433","true","local-density","false","2","1","9","1000","1000000","37987"
"434","true","local-density","false","2","1","9","1000","1000000","35953"
"435","true","local-density","false","2","1","9","1000","1000000","37986"
"436","true","local-density","false","2","1","9","1000","1000000","35875"
"437","true","local-density","false","2","1","9","1000","1000000","37819"
"438","true","local-density","false","2","1","9","1000","1000000","37297"
"439","true","local-density","false","2","1","9","1000","1000000","37609"
"441","true","local-density","false","2","1","9","1000","1000000","37745"
"440","true","local-density","false","2","1","9","1000","1000000","38335"
"442","true","local-density","false","2","1","9","1000","1000000","38694"
"443","true","local-density","false","2","1","9","1000","1000000","37125"
"444","true","local-density","false","2","1","9","1000","1000000","37969"
"445","true","local-density","false","2","1","9","1000","1000000","38561"
"446","true","local-density","false","2","1","9","1000","1000000","38529"
"447","true","local-density","false","2","1","9","1000","1000000","40970"
"448","true","local-density","false","2","1","9","1000","1000000","36873"
"449","true","local-density","false","2","1","9","1000","1000000","40472"
"450","true","local-density","false","2","1","9","1000","1000000","37848"
"451","true","local-density","false","2","1","9","1000","1000000","39059"
"452","true","local-density","false","2","1","9","1000","1000000","39246"
"453","true","local-density","false","2","1","9","1000","1000000","36324"
"454","true","local-density","false","2","1","9","1000","1000000","36929"
"455","true","local-density","false","2","1","9","1000","1000000","37063"
"456","true","local-density","false","2","1","9","1000","1000000","38196"
"457","true","local-density","false","2","1","9","1000","1000000","36527"
"458","true","local-density","false","2","1","9","1000","1000000","36498"
"459","true","local-density","false","2","1","9","1000","1000000","37905"
"460","true","local-density","false","2","1","9","1000","1000000","36216"
"461","true","local-density","false","2","1","9","1000","1000000","38421"
"462","true","local-density","false","2","1","9","1000","1000000","35586"
"463","true","local-density","false","2","1","9","1000","1000000","35630"
"464","true","local-density","false","2","1","9","1000","1000000","36587"
"465","true","local-density","false","2","1","9","1000","1000000","38276"
"466","true","local-density","false","2","1","9","1000","1000000","38124"
"467","true","local-density","false","2","1","9","1000","1000000","37922"
"468","true","local-density","false","2","1","9","1000","1000000","35806"
"470","true","local-density","false","2","1","9","1000","1000000","37073"
"469","true","local-density","false","2","1","9","1000","1000000","38462"
"471","true","local-density","false","2","1","9","1000","1000000","38508"
"472","true","local-density","false","2","1","9","1000","1000000","38411"
"473","true","local-density","false","2","1","9","1000","1000000","38739"
"474","true","local-density","false","2","1","9","1000","1000000","37992"
"475","true","local-density","false","2","1","9","1000","1000000","37994"
"476","true","local-density","false","2","1","9","1000","1000000","38771"
"477","true","local-density","false","2","1","9","1000","1000000","37171"
"478","true","local-density","false","2","1","9","1000","1000000","36519"
"479","true","local-density","false","2","1","9","1000","1000000","38777"
"480","true","local-density","false","2","1","9","1000","1000000","35939"
"481","true","local-density","false","3","1000","4.5","1000","1000000","22742"
"482","true","local-density","false","3","1000","4.5","1000","1000000","22748"
"483","true","local-density","false","3","1000","4.5","1000","1000000","22781"
"484","true","local-density","false","3","1000","4.5","1000","1000000","22424"
"486","true","local-density","false","3","1000","4.5","1000","1000000","22730"
"485","true","local-density","false","3","1000","4.5","1000","1000000","22539"
"487","true","local-density","false","3","1000","4.5","1000","1000000","22788"
"488","true","local-density","false","3","1000","4.5","1000","1000000","22447"
"489","true","local-density","false","3","1000","4.5","1000","1000000","22681"
"490","true","local-density","false","3","1000","4.5","1000","1000000","22818"
"491","true","local-density","false","3","1000","4.5","1000","1000000","22736"
"492","true","local-density","false","3","1000","4.5","1000","1000000","22807"
"493","true","local-density","false","3","1000","4.5","1000","1000000","22657"
"494","true","local-density","false","3","1000","4.5","1000","1000000","22586"
"495","true","local-density","false","3","1000","4.5","1000","1000000","22706"
"496","true","local-density","false","3","1000","4.5","1000","1000000","22607"
"497","true","local-density","false","3","1000","4.5","1000","1000000","22687"
"498","true","local-density","false","3","1000","4.5","1000","1000000","22593"
"499","true","local-density","false","3","1000","4.5","1000","1000000","22762"
"500","true","local-density","false","3","1000","4.5","1000","1000000","22788"
"501","true","local-density","false","3","1000","4.5","1000","1000000","22908"
"502","true","local-density","false","3","1000","4.5","1000","1000000","23045"
"503","true","local-density","false","3","1000","4.5","1000","1000000","22599"
"504","true","local-density","false","3","1000","4.5","1000","1000000","22643"
"505","true","local-density","false","3","1000","4.5","1000","1000000","22655"
"506","true","local-density","false","3","1000","4.5","1000","1000000","22597"
"507","true","local-density","false","3","1000","4.5","1000","1000000","22592"
"508","true","local-density","false","3","1000","4.5","1000","1000000","22554"
"509","true","local-density","false","3","1000","4.5","1000","1000000","22592"
"510","true","local-density","false","3","1000","4.5","1000","1000000","22772"
"511","true","local-density","false","3","1000","4.5","1000","1000000","22514"
"512","true","local-density","false","3","1000","4.5","1000","1000000","22751"
"513","true","local-density","false","3","1000","4.5","1000","1000000","22506"
"514","true","local-density","false","3","1000","4.5","1000","1000000","22640"
"515","true","local-density","false","3","1000","4.5","1000","1000000","22639"
"516","true","local-density","false","3","1000","4.5","1000","1000000","22554"
"517","true","local-density","false","3","1000","4.5","1000","1000000","22555"
"518","true","local-density","false","3","1000","4.5","1000","1000000","22822"
"519","true","local-density","false","3","1000","4.5","1000","1000000","22738"
"520","true","local-density","false","3","1000","4.5","1000","1000000","22569"
"521","true","local-density","false","3","1000","4.5","1000","1000000","22739"
"522","true","local-density","false","3","1000","4.5","1000","1000000","22766"
"523","true","local-density","false","3","1000","4.5","1000","1000000","22665"
"524","true","local-density","false","3","1000","4.5","1000","1000000","22818"
"525","true","local-density","false","3","1000","4.5","1000","1000000","22591"
"526","true","local-density","false","3","1000","4.5","1000","1000000","22520"
"527","true","local-density","false","3","1000","4.5","1000","1000000","22583"
"528","true","local-density","false","3","1000","4.5","1000","1000000","22637"
"529","true","local-density","false","3","1000","4.5","1000","1000000","22530"
"530","true","local-density","false","3","1000","4.5","1000","1000000","22350"
"531","true","local-density","false","3","1000","4.5","1000","1000000","22658"
"532","true","local-density","false","3","1000","4.5","1000","1000000","22463"
"533","true","local-density","false","3","1000","4.5","1000","1000000","22756"
"534","true","local-density","false","3","1000","4.5","1000","1000000","22665"
"535","true","local-density","false","3","1000","4.5","1000","1000000","22855"
"536","true","local-density","false","3","1000","4.5","1000","1000000","22610"
"537","true","local-density","false","3","1000","4.5","1000","1000000","22861"
"538","true","local-density","false","3","1000","4.5","1000","1000000","22809"
"539","true","local-density","false","3","1000","4.5","1000","1000000","22684"
"540","true","local-density","false","3","1000","4.5","1000","1000000","22742"
"541","true","local-density","false","3","1000","9","1000","1000000","22921"
"542","true","local-density","false","3","1000","9","1000","1000000","22876"
"543","true","local-density","false","3","1000","9","1000","1000000","22748"
"544","true","local-density","false","3","1000","9","1000","1000000","22771"
"545","true","local-density","false","3","1000","9","1000","1000000","22857"
"546","true","local-density","false","3","1000","9","1000","1000000","22740"
"547","true","local-density","false","3","1000","9","1000","1000000","22989"
"548","true","local-density","false","3","1000","9","1000","1000000","22640"
"549","true","local-density","false","3","1000","9","1000","1000000","22861"
"550","true","local-density","false","3","1000","9","1000","1000000","22741"
"551","true","local-density","false","3","1000","9","1000","1000000","22778"
"552","true","local-density","false","3","1000","9","1000","1000000","22663"
"553","true","local-density","false","3","1000","9","1000","1000000","22637"
"554","true","local-density","false","3","1000","9","1000","1000000","22548"
"555","true","local-density","false","3","1000","9","1000","1000000","22734"
"556","true","local-density","false","3","1000","9","1000","1000000","22800"
"557","true","local-density","false","3","1000","9","1000","1000000","22782"
"558","true","local-density","false","3","1000","9","1000","1000000","22462"
"559","true","local-density","false","3","1000","9","1000","1000000","22765"
"560","true","local-density","false","3","1000","9","1000","1000000","22847"
"561","true","local-density","false","3","1000","9","1000","1000000","22606"
"562","true","local-density","false","3","1000","9","1000","1000000","22814"
"563","true","local-density","false","3","1000","9","1000","1000000","22767"
"564","true","local-density","false","3","1000","9","1000","1000000","22962"
"565","true","local-density","false","3","1000","9","1000","1000000","22559"
"566","true","local-density","false","3","1000","9","1000","1000000","22465"
"567","true","local-density","false","3","1000","9","1000","1000000","22725"
"568","true","local-density","false","3","1000","9","1000","1000000","23022"
"569","true","local-density","false","3","1000","9","1000","1000000","22825"
"570","true","local-density","false","3","1000","9","1000","1000000","22522"
"571","true","local-density","false","3","1000","9","1000","1000000","22820"
"572","true","local-density","false","3","1000","9","1000","1000000","22577"
"573","true","local-density","false","3","1000","9","1000","1000000","22690"
"574","true","local-density","false","3","1000","9","1000","1000000","22804"
"575","true","local-density","false","3","1000","9","1000","1000000","22657"
"576","true","local-density","false","3","1000","9","1000","1000000","22767"
"577","true","local-density","false","3","1000","9","1000","1000000","22579"
"578","true","local-density","false","3","1000","9","1000","1000000","22802"
"580","true","local-density","false","3","1000","9","1000","1000000","22923"
"579","true","local-density","false","3","1000","9","1000","1000000","22809"
"581","true","local-density","false","3","1000","9","1000","1000000","22792"
"582","true","local-density","false","3","1000","9","1000","1000000","22634"
"583","true","local-density","false","3","1000","9","1000","1000000","22826"
"584","true","local-density","false","3","1000","9","1000","1000000","22849"
"585","true","local-density","false","3","1000","9","1000","1000000","23020"
"586","true","local-density","false","3","1000","9","1000","1000000","23085"
"587","true","local-density","false","3","1000","9","1000","1000000","22924"
"588","true","local-density","false","3","1000","9","1000","1000000","22953"
"589","true","local-density","false","3","1000","9","1000","1000000","22650"
"590","true","local-density","false","3","1000","9","1000","1000000","22966"
"591","true","local-density","false","3","1000","9","1000","1000000","22561"
"592","true","local-density","false","3","1000","9","1000","1000000","22575"
"593","true","local-density","false","3","1000","9","1000","1000000","22784"
"594","true","local-density","false","3","1000","9","1000","1000000","22729"
"595","true","local-density","false","3","1000","9","1000","1000000","22665"
"596","true","local-density","false","3","1000","9","1000","1000000","22819"
"597","true","local-density","false","3","1000","9","1000","1000000","22761"
"598","true","local-density","false","3","1000","9","1000","1000000","22766"
"600","true","local-density","false","3","1000","9","1000","1000000","22703"
"599","true","local-density","false","3","1000","9","1000","1000000","22781"
"601","true","local-density","false","3","1","4.5","1000","1000000","43235"
"602","true","local-density","false","3","1","4.5","1000","1000000","42573"
"603","true","local-density","false","3","1","4.5","1000","1000000","43520"
"604","true","local-density","false","3","1","4.5","1000","1000000","43462"
"605","true","local-density","false","3","1","4.5","1000","1000000","44176"
"606","true","local-density","false","3","1","4.5","1000","1000000","42388"
"608","true","local-density","false","3","1","4.5","1000","1000000","44307"
"607","true","local-density","false","3","1","4.5","1000","1000000","43011"
"609","true","local-density","false","3","1","4.5","1000","1000000","43877"
"610","true","local-density","false","3","1","4.5","1000","1000000","43436"
"611","true","local-density","false","3","1","4.5","1000","1000000","43610"
"612","true","local-density","false","3","1","4.5","1000","1000000","43158"
"613","true","local-density","false","3","1","4.5","1000","1000000","43571"
"614","true","local-density","false","3","1","4.5","1000","1000000","44325"
"616","true","local-density","false","3","1","4.5","1000","1000000","43795"
"615","true","local-density","false","3","1","4.5","1000","1000000","43510"
"617","true","local-density","false","3","1","4.5","1000","1000000","42920"
"618","true","local-density","false","3","1","4.5","1000","1000000","43643"
"620","true","local-density","false","3","1","4.5","1000","1000000","43745"
"619","true","local-density","false","3","1","4.5","1000","1000000","42732"
"621","true","local-density","false","3","1","4.5","1000","1000000","42959"
"622","true","local-density","false","3","1","4.5","1000","1000000","43347"
"624","true","local-density","false","3","1","4.5","1000","1000000","44051"
"623","true","local-density","false","3","1","4.5","1000","1000000","44071"
"625","true","local-density","false","3","1","4.5","1000","1000000","42449"
"626","true","local-density","false","3","1","4.5","1000","1000000","43169"
"627","true","local-density","false","3","1","4.5","1000","1000000","42787"
"629","true","local-density","false","3","1","4.5","1000","1000000","44686"
"628","true","local-density","false","3","1","4.5","1000","1000000","43592"
"630","true","local-density","false","3","1","4.5","1000","1000000","43745"
"632","true","local-density","false","3","1","4.5","1000","1000000","43328"
"631","true","local-density","false","3","1","4.5","1000","1000000","43877"
"633","true","local-density","false","3","1","4.5","1000","1000000","43343"
"634","true","local-density","false","3","1","4.5","1000","1000000","42970"
"635","true","local-density","false","3","1","4.5","1000","1000000","43981"
"636","true","local-density","false","3","1","4.5","1000","1000000","42904"
"637","true","local-density","false","3","1","4.5","1000","1000000","44018"
"638","true","local-density","false","3","1","4.5","1000","1000000","43009"
"639","true","local-density","false","3","1","4.5","1000","1000000","44085"
"640","true","local-density","false","3","1","4.5","1000","1000000","43418"
"641","true","local-density","false","3","1","4.5","1000","1000000","43268"
"642","true","local-density","false","3","1","4.5","1000","1000000","43615"
"643","true","local-density","false","3","1","4.5","1000","1000000","44038"
"644","true","local-density","false","3","1","4.5","1000","1000000","43620"
"645","true","local-density","false","3","1","4.5","1000","1000000","43054"
"646","true","local-density","false","3","1","4.5","1000","1000000","43321"
"647","true","local-density","false","3","1","4.5","1000","1000000","43832"
"648","true","local-density","false","3","1","4.5","1000","1000000","43444"
"649","true","local-density","false","3","1","4.5","1000","1000000","43586"
"650","true","local-density","false","3","1","4.5","1000","1000000","43332"
"651","true","local-density","false","3","1","4.5","1000","1000000","43391"
"652","true","local-density","false","3","1","4.5","1000","1000000","43053"
"653","true","local-density","false","3","1","4.5","1000","1000000","44049"
"654","true","local-density","false","3","1","4.5","1000","1000000","43242"
"655","true","local-density","false","3","1","4.5","1000","1000000","42989"
"656","true","local-density","false","3","1","4.5","1000","1000000","43127"
"657","true","local-density","false","3","1","4.5","1000","1000000","44578"
"658","true","local-density","false","3","1","4.5","1000","1000000","43935"
"659","true","local-density","false","3","1","4.5","1000","1000000","43903"
"660","true","local-density","false","3","1","4.5","1000","1000000","42489"
"661","true","local-density","false","3","1","9","1000","1000000","43240"
"662","true","local-density","false","3","1","9","1000","1000000","43531"
"663","true","local-density","false","3","1","9","1000","1000000","43498"
"664","true","local-density","false","3","1","9","1000","1000000","44716"
"665","true","local-density","false","3","1","9","1000","1000000","43237"
"666","true","local-density","false","3","1","9","1000","1000000","43520"
"668","true","local-density","false","3","1","9","1000","1000000","43324"
"667","true","local-density","false","3","1","9","1000","1000000","44632"
"669","true","local-density","false","3","1","9","1000","1000000","43966"
"671","true","local-density","false","3","1","9","1000","1000000","43578"
"670","true","local-density","false","3","1","9","1000","1000000","42125"
"672","true","local-density","false","3","1","9","1000","1000000","44031"
"673","true","local-density","false","3","1","9","1000","1000000","44333"
"674","true","local-density","false","3","1","9","1000","1000000","43442"
"676","true","local-density","false","3","1","9","1000","1000000","43469"
"675","true","local-density","false","3","1","9","1000","1000000","42809"
"677","true","local-density","false","3","1","9","1000","1000000","43872"
"678","true","local-density","false","3","1","9","1000","1000000","43807"
"679","true","local-density","false","3","1","9","1000","1000000","43321"
"680","true","local-density","false","3","1","9","1000","1000000","43782"
"681","true","local-density","false","3","1","9","1000","1000000","43395"
"682","true","local-density","false","3","1","9","1000","1000000","43433"
"684","true","local-density","false","3","1","9","1000","1000000","43840"
"683","true","local-density","false","3","1","9","1000","1000000","43494"
"685","true","local-density","false","3","1","9","1000","1000000","43495"
"686","true","local-density","false","3","1","9","1000","1000000","43892"
"687","true","local-density","false","3","1","9","1000","1000000","43981"
"688","true","local-density","false","3","1","9","1000","1000000","44412"
"689","true","local-density","false","3","1","9","1000","1000000","43226"
"691","true","local-density","false","3","1","9","1000","1000000","44246"
"692","true","local-density","false","3","1","9","1000","1000000","44543"
"690","true","local-density","false","3","1","9","1000","1000000","43356"
"693","true","local-density","false","3","1","9","1000","1000000","43467"
"694","true","local-density","false","3","1","9","1000","1000000","43316"
"695","true","local-density","false","3","1","9","1000","1000000","43000"
"696","true","local-density","false","3","1","9","1000","1000000","43323"
"697","true","local-density","false","3","1","9","1000","1000000","43554"
"698","true","local-density","false","3","1","9","1000","1000000","44187"
"700","true","local-density","false","3","1","9","1000","1000000","43103"
"699","true","local-density","false","3","1","9","1000","1000000","42716"
"701","true","local-density","false","3","1","9","1000","1000000","43399"
"702","true","local-density","false","3","1","9","1000","1000000","43285"
"703","true","local-density","false","3","1","9","1000","1000000","43282"
"704","true","local-density","false","3","1","9","1000","1000000","43690"
"705","true","local-density","false","3","1","9","1000","1000000","44313"
"706","true","local-density","false","3","1","9","1000","1000000","43385"
"707","true","local-density","false","3","1","9","1000","1000000","43811"
"708","true","local-density","false","3","1","9","1000","1000000","43376"
"709","true","local-density","false","3","1","9","1000","1000000","43374"
"710","true","local-density","false","3","1","9","1000","1000000","42874"
"711","true","local-density","false","3","1","9","1000","1000000","42937"
"712","true","local-density","false","3","1","9","1000","1000000","44344"
"713","true","local-density","false","3","1","9","1000","1000000","43106"
"714","true","local-density","false","3","1","9","1000","1000000","43464"
"716","true","local-density","false","3","1","9","1000","1000000","42465"
"715","true","local-density","false","3","1","9","1000","1000000","44638"
"717","true","local-density","false","3","1","9","1000","1000000","43578"
"718","true","local-density","false","3","1","9","1000","1000000","42606"
"719","true","local-density","false","3","1","9","1000","1000000","44097"
"720","true","local-density","false","3","1","9","1000","1000000","43705"
"721","true","local-density","false","4","1000","4.5","1000","1000000","22320"
"722","true","local-density","false","4","1000","4.5","1000","1000000","22370"
"723","true","local-density","false","4","1000","4.5","1000","1000000","22079"
"724","true","local-density","false","4","1000","4.5","1000","1000000","22139"
"725","true","local-density","false","4","1000","4.5","1000","1000000","22227"
"726","true","local-density","false","4","1000","4.5","1000","1000000","22329"
"727","true","local-density","false","4","1000","4.5","1000","1000000","22285"
"728","true","local-density","false","4","1000","4.5","1000","1000000","22096"
"729","true","local-density","false","4","1000","4.5","1000","1000000","22218"
"730","true","local-density","false","4","1000","4.5","1000","1000000","22220"
"731","true","local-density","false","4","1000","4.5","1000","1000000","22376"
"732","true","local-density","false","4","1000","4.5","1000","1000000","22078"
"733","true","local-density","false","4","1000","4.5","1000","1000000","22247"
"734","true","local-density","false","4","1000","4.5","1000","1000000","22227"
"735","true","local-density","false","4","1000","4.5","1000","1000000","22287"
"736","true","local-density","false","4","1000","4.5","1000","1000000","22537"
"737","true","local-density","false","4","1000","4.5","1000","1000000","22324"
"738","true","local-density","false","4","1000","4.5","1000","1000000","22303"
"739","true","local-density","false","4","1000","4.5","1000","1000000","22426"
"741","true","local-density","false","4","1000","4.5","1000","1000000","22201"
"740","true","local-density","false","4","1000","4.5","1000","1000000","22172"
"742","true","local-density","false","4","1000","4.5","1000","1000000","22339"
"743","true","local-density","false","4","1000","4.5","1000","1000000","22233"
"744","true","local-density","false","4","1000","4.5","1000","1000000","22276"
"745","true","local-density","false","4","1000","4.5","1000","1000000","22352"
"746","true","local-density","false","4","1000","4.5","1000","1000000","22297"
"747","true","local-density","false","4","1000","4.5","1000","1000000","22222"
"748","true","local-density","false","4","1000","4.5","1000","1000000","22244"
"749","true","local-density","false","4","1000","4.5","1000","1000000","22260"
"750","true","local-density","false","4","1000","4.5","1000","1000000","22281"
"751","true","local-density","false","4","1000","4.5","1000","1000000","22209"
"752","true","local-density","false","4","1000","4.5","1000","1000000","22304"
"753","true","local-density","false","4","1000","4.5","1000","1000000","22230"
"754","true","local-density","false","4","1000","4.5","1000","1000000","22292"
"756","true","local-density","false","4","1000","4.5","1000","1000000","22268"
"755","true","local-density","false","4","1000","4.5","1000","1000000","22215"
"757","true","local-density","false","4","1000","4.5","1000","1000000","22185"
"758","true","local-density","false","4","1000","4.5","1000","1000000","22304"
"759","true","local-density","false","4","1000","4.5","1000","1000000","22331"
"760","true","local-density","false","4","1000","4.5","1000","1000000","22404"
"761","true","local-density","false","4","1000","4.5","1000","1000000","22091"
"762","true","local-density","false","4","1000","4.5","1000","1000000","22237"
"763","true","local-density","false","4","1000","4.5","1000","1000000","22063"
"764","true","local-density","false","4","1000","4.5","1000","1000000","22118"
"765","true","local-density","false","4","1000","4.5","1000","1000000","22255"
"766","true","local-density","false","4","1000","4.5","1000","1000000","22221"
"767","true","local-density","false","4","1000","4.5","1000","1000000","22202"
"768","true","local-density","false","4","1000","4.5","1000","1000000","22236"
"769","true","local-density","false","4","1000","4.5","1000","1000000","22286"
"770","true","local-density","false","4","1000","4.5","1000","1000000","22206"
"771","true","local-density","false","4","1000","4.5","1000","1000000","22167"
"772","true","local-density","false","4","1000","4.5","1000","1000000","22345"
"773","true","local-density","false","4","1000","4.5","1000","1000000","22368"
"774","true","local-density","false","4","1000","4.5","1000","1000000","22181"
"775","true","local-density","false","4","1000","4.5","1000","1000000","22241"
"776","true","local-density","false","4","1000","4.5","1000","1000000","22115"
"777","true","local-density","false","4","1000","4.5","1000","1000000","22147"
"778","true","local-density","false","4","1000","4.5","1000","1000000","22250"
"779","true","local-density","false","4","1000","4.5","1000","1000000","22241"
"780","true","local-density","false","4","1000","4.5","1000","1000000","22336"
"781","true","local-density","false","4","1000","9","1000","1000000","22230"
"782","true","local-density","false","4","1000","9","1000","1000000","22151"
"783","true","local-density","false","4","1000","9","1000","1000000","22166"
"784","true","local-density","false","4","1000","9","1000","1000000","22244"
"785","true","local-density","false","4","1000","9","1000","1000000","22227"
"786","true","local-density","false","4","1000","9","1000","1000000","22237"
"787","true","local-density","false","4","1000","9","1000","1000000","22291"
"788","true","local-density","false","4","1000","9","1000","1000000","22174"
"789","true","local-density","false","4","1000","9","1000","1000000","22275"
"790","true","local-density","false","4","1000","9","1000","1000000","22192"
"791","true","local-density","false","4","1000","9","1000","1000000","22212"
"792","true","local-density","false","4","1000","9","1000","1000000","22371"
"793","true","local-density","false","4","1000","9","1000","1000000","22495"
"794","true","local-density","false","4","1000","9","1000","1000000","22450"
"795","true","local-density","false","4","1000","9","1000","1000000","22282"
"796","true","local-density","false","4","1000","9","1000","1000000","22117"
"797","true","local-density","false","4","1000","9","1000","1000000","22230"
"798","true","local-density","false","4","1000","9","1000","1000000","22323"
"799","true","local-density","false","4","1000","9","1000","1000000","22411"
"800","true","local-density","false","4","1000","9","1000","1000000","22266"
"801","true","local-density","false","4","1000","9","1000","1000000","22304"
"802","true","local-density","false","4","1000","9","1000","1000000","22390"
"803","true","local-density","false","4","1000","9","1000","1000000","22314"
"804","true","local-density","false","4","1000","9","1000","1000000","22275"
"806","true","local-density","false","4","1000","9","1000","1000000","22365"
"805","true","local-density","false","4","1000","9","1000","1000000","22385"
"807","true","local-density","false","4","1000","9","1000","1000000","22314"
"808","true","local-density","false","4","1000","9","1000","1000000","22365"
"809","true","local-density","false","4","1000","9","1000","1000000","22412"
"810","true","local-density","false","4","1000","9","1000","1000000","22438"
"811","true","local-density","false","4","1000","9","1000","1000000","22204"
"812","true","local-density","false","4","1000","9","1000","1000000","22368"
"813","true","local-density","false","4","1000","9","1000","1000000","22276"
"814","true","local-density","false","4","1000","9","1000","1000000","22447"
"815","true","local-density","false","4","1000","9","1000","1000000","22381"
"816","true","local-density","false","4","1000","9","1000","1000000","22471"
"817","true","local-density","false","4","1000","9","1000","1000000","22413"
"818","true","local-density","false","4","1000","9","1000","1000000","22308"
"819","true","local-density","false","4","1000","9","1000","1000000","22189"
"820","true","local-density","false","4","1000","9","1000","1000000","22326"
"821","true","local-density","false","4","1000","9","1000","1000000","22298"
"822","true","local-density","false","4","1000","9","1000","1000000","22271"
"823","true","local-density","false","4","1000","9","1000","1000000","22427"
"824","true","local-density","false","4","1000","9","1000","1000000","22369"
"825","true","local-density","false","4","1000","9","1000","1000000","22285"
"827","true","local-density","false","4","1000","9","1000","1000000","22353"
"826","true","local-density","false","4","1000","9","1000","1000000","22192"
"828","true","local-density","false","4","1000","9","1000","1000000","22269"
"829","true","local-density","false","4","1000","9","1000","1000000","22590"
"830","true","local-density","false","4","1000","9","1000","1000000","22166"
"831","true","local-density","false","4","1000","9","1000","1000000","22377"
"832","true","local-density","false","4","1000","9","1000","1000000","22152"
"833","true","local-density","false","4","1000","9","1000","1000000","22412"
"834","true","local-density","false","4","1000","9","1000","1000000","22351"
"835","true","local-density","false","4","1000","9","1000","1000000","22357"
"836","true","local-density","false","4","1000","9","1000","1000000","22332"
"837","true","local-density","false","4","1000","9","1000","1000000","22244"
"838","true","local-density","false","4","1000","9","1000","1000000","22299"
"839","true","local-density","false","4","1000","9","1000","1000000","22238"
"840","true","local-density","false","4","1000","9","1000","1000000","22341"
"841","true","local-density","false","4","1","4.5","1000","1000000","43056"
"842","true","local-density","false","4","1","4.5","1000","1000000","43249"
"843","true","local-density","false","4","1","4.5","1000","1000000","43567"
"844","true","local-density","false","4","1","4.5","1000","1000000","43095"
"845","true","local-density","false","4","1","4.5","1000","1000000","42466"
"846","true","local-density","false","4","1","4.5","1000","1000000","43501"
"847","true","local-density","false","4","1","4.5","1000","1000000","42815"
"848","true","local-density","false","4","1","4.5","1000","1000000","43518"
"849","true","local-density","false","4","1","4.5","1000","1000000","43541"
"850","true","local-density","false","4","1","4.5","1000","1000000","43653"
"851","true","local-density","false","4","1","4.5","1000","1000000","43407"
"853","true","local-density","false","4","1","4.5","1000","1000000","43014"
"852","true","local-density","false","4","1","4.5","1000","1000000","43266"
"854","true","local-density","false","4","1","4.5","1000","1000000","42911"
"855","true","local-density","false","4","1","4.5","1000","1000000","43763"
"856","true","local-density","false","4","1","4.5","1000","1000000","42685"
"857","true","local-density","false","4","1","4.5","1000","1000000","43488"
"858","true","local-density","false","4","1","4.5","1000","1000000","43941"
"859","true","local-density","false","4","1","4.5","1000","1000000","43944"
"860","true","local-density","false","4","1","4.5","1000","1000000","43012"
"861","true","local-density","false","4","1","4.5","1000","1000000","43144"
"862","true","local-density","false","4","1","4.5","1000","1000000","43196"
"863","true","local-density","false","4","1","4.5","1000","1000000","43227"
"864","true","local-density","false","4","1","4.5","1000","1000000","42630"
"865","true","local-density","false","4","1","4.5","1000","1000000","43370"
"866","true","local-density","false","4","1","4.5","1000","1000000","42991"
"868","true","local-density","false","4","1","4.5","1000","1000000","43837"
"867","true","local-density","false","4","1","4.5","1000","1000000","42817"
"869","true","local-density","false","4","1","4.5","1000","1000000","43260"
"870","true","local-density","false","4","1","4.5","1000","1000000","43402"
"871","true","local-density","false","4","1","4.5","1000","1000000","42805"
"872","true","local-density","false","4","1","4.5","1000","1000000","43065"
"873","true","local-density","false","4","1","4.5","1000","1000000","43356"
"874","true","local-density","false","4","1","4.5","1000","1000000","43200"
"875","true","local-density","false","4","1","4.5","1000","1000000","43796"
"876","true","local-density","false","4","1","4.5","1000","1000000","42892"
"877","true","local-density","false","4","1","4.5","1000","1000000","43001"
"878","true","local-density","false","4","1","4.5","1000","1000000","42985"
"879","true","local-density","false","4","1","4.5","1000","1000000","43198"
"880","true","local-density","false","4","1","4.5","1000","1000000","42790"
"881","true","local-density","false","4","1","4.5","1000","1000000","43787"
"882","true","local-density","false","4","1","4.5","1000","1000000","42946"
"883","true","local-density","false","4","1","4.5","1000","1000000","43289"
"885","true","local-density","false","4","1","4.5","1000","1000000","42330"
"884","true","local-density","false","4","1","4.5","1000","1000000","43191"
"886","true","local-density","false","4","1","4.5","1000","1000000","43666"
"887","true","local-density","false","4","1","4.5","1000","1000000","43595"
"888","true","local-density","false","4","1","4.5","1000","1000000","42791"
"889","true","local-density","false","4","1","4.5","1000","1000000","43053"
"890","true","local-density","false","4","1","4.5","1000","1000000","42412"
"891","true","local-density","false","4","1","4.5","1000","1000000","43234"
"893","true","local-density","false","4","1","4.5","1000","1000000","43069"
"892","true","local-density","false","4","1","4.5","1000","1000000","43750"
"894","true","local-density","false","4","1","4.5","1000","1000000","43417"
"895","true","local-density","false","4","1","4.5","1000","1000000","42805"
"896","true","local-density","false","4","1","4.5","1000","1000000","43779"
"897","true","local-density","false","4","1","4.5","1000","1000000","42613"
"898","true","local-density","false","4","1","4.5","1000","1000000","42986"
"899","true","local-density","false","4","1","4.5","1000","1000000","43539"
"901","true","local-density","false","4","1","9","1000","1000000","42673"
"900","true","local-density","false","4","1","4.5","1000","1000000","42800"
"902","true","local-density","false","4","1","9","1000","1000000","43626"
"903","true","local-density","false","4","1","9","1000","1000000","43495"
"904","true","local-density","false","4","1","9","1000","1000000","43250"
"905","true","local-density","false","4","1","9","1000","1000000","43344"
"906","true","local-density","false","4","1","9","1000","1000000","43338"
"907","true","local-density","false","4","1","9","1000","1000000","42987"
"908","true","local-density","false","4","1","9","1000","1000000","42654"
"909","true","local-density","false","4","1","9","1000","1000000","42554"
"910","true","local-density","false","4","1","9","1000","1000000","43216"
"911","true","local-density","false","4","1","9","1000","1000000","42445"
"912","true","local-density","false","4","1","9","1000","1000000","43400"
"913","true","local-density","false","4","1","9","1000","1000000","42525"
"914","true","local-density","false","4","1","9","1000","1000000","42615"
"915","true","local-density","false","4","1","9","1000","1000000","42777"
"917","true","local-density","false","4","1","9","1000","1000000","42864"
"916","true","local-density","false","4","1","9","1000","1000000","43052"
"918","true","local-density","false","4","1","9","1000","1000000","43174"
"919","true","local-density","false","4","1","9","1000","1000000","43289"
"920","true","local-density","false","4","1","9","1000","1000000","42920"
"921","true","local-density","false","4","1","9","1000","1000000","42535"
"922","true","local-density","false","4","1","9","1000","1000000","42516"
"923","true","local-density","false","4","1","9","1000","1000000","43449"
"924","true","local-density","false","4","1","9","1000","1000000","43085"
"925","true","local-density","false","4","1","9","1000","1000000","42336"
"926","true","local-density","false","4","1","9","1000","1000000","43036"
"927","true","local-density","false","4","1","9","1000","1000000","43923"
"928","true","local-density","false","4","1","9","1000","1000000","42652"
"931","true","local-density","false","4","1","9","1000","1000000","42927"
"929","true","local-density","false","4","1","9","1000","1000000","43398"
"930","true","local-density","false","4","1","9","1000","1000000","42320"
"933","true","local-density","false","4","1","9","1000","1000000","42627"
"932","true","local-density","false","4","1","9","1000","1000000","42525"
"934","true","local-density","false","4","1","9","1000","1000000","43314"
"935","true","local-density","false","4","1","9","1000","1000000","43238"
"936","true","local-density","false","4","1","9","1000","1000000","42912"
"937","true","local-density","false","4","1","9","1000","1000000","42579"
"938","true","local-density","false","4","1","9","1000","1000000","42543"
"939","true","local-density","false","4","1","9","1000","1000000","42821"
"940","true","local-density","false","4","1","9","1000","1000000","42802"
"941","true","local-density","false","4","1","9","1000","1000000","44200"
"942","true","local-density","false","4","1","9","1000","1000000","42722"
"943","true","local-density","false","4","1","9","1000","1000000","42906"
"944","true","local-density","false","4","1","9","1000","1000000","43074"
"945","true","local-density","false","4","1","9","1000","1000000","43194"
"947","true","local-density","false","4","1","9","1000","1000000","43307"
"946","true","local-density","false","4","1","9","1000","1000000","43047"
"948","true","local-density","false","4","1","9","1000","1000000","43249"
"949","true","local-density","false","4","1","9","1000","1000000","43279"
"950","true","local-density","false","4","1","9","1000","1000000","42485"
"951","true","local-density","false","4","1","9","1000","1000000","43488"
"952","true","local-density","false","4","1","9","1000","1000000","43751"
"953","true","local-density","false","4","1","9","1000","1000000","42897"
"955","true","local-density","false","4","1","9","1000","1000000","43803"
"954","true","local-density","false","4","1","9","1000","1000000","42910"
"956","true","local-density","false","4","1","9","1000","1000000","42486"
"957","true","local-density","false","4","1","9","1000","1000000","42717"
"958","true","local-density","false","4","1","9","1000","1000000","42978"
"959","true","local-density","false","4","1","9","1000","1000000","42757"
"960","true","local-density","false","4","1","9","1000","1000000","42713"
"961","true","local-density","false","5","1000","4.5","1000","1000000","21652"
"963","true","local-density","false","5","1000","4.5","1000","1000000","21782"
"962","true","local-density","false","5","1000","4.5","1000","1000000","21640"
"964","true","local-density","false","5","1000","4.5","1000","1000000","21376"
"965","true","local-density","false","5","1000","4.5","1000","1000000","21806"
"966","true","local-density","false","5","1000","4.5","1000","1000000","21515"
"967","true","local-density","false","5","1000","4.5","1000","1000000","21487"
"968","true","local-density","false","5","1000","4.5","1000","1000000","21681"
"969","true","local-density","false","5","1000","4.5","1000","1000000","21518"
"970","true","local-density","false","5","1000","4.5","1000","1000000","21686"
"971","true","local-density","false","5","1000","4.5","1000","1000000","21693"
"972","true","local-density","false","5","1000","4.5","1000","1000000","21618"
"973","true","local-density","false","5","1000","4.5","1000","1000000","21648"
"974","true","local-density","false","5","1000","4.5","1000","1000000","21761"
"975","true","local-density","false","5","1000","4.5","1000","1000000","21651"
"976","true","local-density","false","5","1000","4.5","1000","1000000","21455"
"977","true","local-density","false","5","1000","4.5","1000","1000000","21680"
"978","true","local-density","false","5","1000","4.5","1000","1000000","21690"
"979","true","local-density","false","5","1000","4.5","1000","1000000","21803"
"980","true","local-density","false","5","1000","4.5","1000","1000000","21782"
"981","true","local-density","false","5","1000","4.5","1000","1000000","21552"
"982","true","local-density","false","5","1000","4.5","1000","1000000","21677"
"983","true","local-density","false","5","1000","4.5","1000","1000000","21621"
"984","true","local-density","false","5","1000","4.5","1000","1000000","21590"
"985","true","local-density","false","5","1000","4.5","1000","1000000","21591"
"986","true","local-density","false","5","1000","4.5","1000","1000000","21659"
"988","true","local-density","false","5","1000","4.5","1000","1000000","21633"
"987","true","local-density","false","5","1000","4.5","1000","1000000","21608"
"989","true","local-density","false","5","1000","4.5","1000","1000000","21617"
"990","true","local-density","false","5","1000","4.5","1000","1000000","21430"
"991","true","local-density","false","5","1000","4.5","1000","1000000","21722"
"992","true","local-density","false","5","1000","4.5","1000","1000000","21624"
"993","true","local-density","false","5","1000","4.5","1000","1000000","21659"
"994","true","local-density","false","5","1000","4.5","1000","1000000","21517"
"995","true","local-density","false","5","1000","4.5","1000","1000000","21686"
"997","true","local-density","false","5","1000","4.5","1000","1000000","21459"
"996","true","local-density","false","5","1000","4.5","1000","1000000","21773"
"998","true","local-density","false","5","1000","4.5","1000","1000000","21504"
"999","true","local-density","false","5","1000","4.5","1000","1000000","21474"
"1000","true","local-density","false","5","1000","4.5","1000","1000000","21703"
"1001","true","local-density","false","5","1000","4.5","1000","1000000","21636"
"1002","true","local-density","false","5","1000","4.5","1000","1000000","21479"
"1003","true","local-density","false","5","1000","4.5","1000","1000000","21579"
"1004","true","local-density","false","5","1000","4.5","1000","1000000","21784"
"1005","true","local-density","false","5","1000","4.5","1000","1000000","21732"
"1006","true","local-density","false","5","1000","4.5","1000","1000000","21601"
"1007","true","local-density","false","5","1000","4.5","1000","1000000","21582"
"1008","true","local-density","false","5","1000","4.5","1000","1000000","21650"
"1009","true","local-density","false","5","1000","4.5","1000","1000000","21626"
"1010","true","local-density","false","5","1000","4.5","1000","1000000","21477"
"1011","true","local-density","false","5","1000","4.5","1000","1000000","21440"
"1012","true","local-density","false","5","1000","4.5","1000","1000000","21693"
"1013","true","local-density","false","5","1000","4.5","1000","1000000","21732"
"1014","true","local-density","false","5","1000","4.5","1000","1000000","21664"
"1015","true","local-density","false","5","1000","4.5","1000","1000000","21827"
"1016","true","local-density","false","5","1000","4.5","1000","1000000","21539"
"1017","true","local-density","false","5","1000","4.5","1000","1000000","21466"
"1018","true","local-density","false","5","1000","4.5","1000","1000000","21649"
"1019","true","local-density","false","5","1000","4.5","1000","1000000","21599"
"1020","true","local-density","false","5","1000","4.5","1000","1000000","21688"
"1021","true","local-density","false","5","1000","9","1000","1000000","21597"
"1022","true","local-density","false","5","1000","9","1000","1000000","21299"
"1023","true","local-density","false","5","1000","9","1000","1000000","21612"
"1024","true","local-density","false","5","1000","9","1000","1000000","21561"
"1025","true","local-density","false","5","1000","9","1000","1000000","21471"
"1026","true","local-density","false","5","1000","9","1000","1000000","21328"
"1027","true","local-density","false","5","1000","9","1000","1000000","21300"
"1028","true","local-density","false","5","1000","9","1000","1000000","21359"
"1029","true","local-density","false","5","1000","9","1000","1000000","21444"
"1030","true","local-density","false","5","1000","9","1000","1000000","21161"
"1031","true","local-density","false","5","1000","9","1000","1000000","21407"
"1032","true","local-density","false","5","1000","9","1000","1000000","21486"
"1033","true","local-density","false","5","1000","9","1000","1000000","21287"
"1034","true","local-density","false","5","1000","9","1000","1000000","21508"
"1035","true","local-density","false","5","1000","9","1000","1000000","21442"
"1036","true","local-density","false","5","1000","9","1000","1000000","21485"
"1037","true","local-density","false","5","1000","9","1000","1000000","21624"
"1038","true","local-density","false","5","1000","9","1000","1000000","21460"
"1039","true","local-density","false","5","1000","9","1000","1000000","21457"
"1040","true","local-density","false","5","1000","9","1000","1000000","21570"
"1041","true","local-density","false","5","1000","9","1000","1000000","21346"
"1042","true","local-density","false","5","1000","9","1000","1000000","21401"
"1043","true","local-density","false","5","1000","9","1000","1000000","21573"
"1044","true","local-density","false","5","1000","9","1000","1000000","21462"
"1045","true","local-density","false","5","1000","9","1000","1000000","21242"
"1046","true","local-density","false","5","1000","9","1000","1000000","21524"
"1047","true","local-density","false","5","1000","9","1000","1000000","21438"
"1048","true","local-density","false","5","1000","9","1000","1000000","21658"
"1049","true","local-density","false","5","1000","9","1000","1000000","21642"
"1050","true","local-density","false","5","1000","9","1000","1000000","21324"
"1051","true","local-density","false","5","1000","9","1000","1000000","21772"
"1052","true","local-density","false","5","1000","9","1000","1000000","21424"
"1053","true","local-density","false","5","1000","9","1000","1000000","21305"
"1054","true","local-density","false","5","1000","9","1000","1000000","21298"
"1055","true","local-density","false","5","1000","9","1000","1000000","21273"
"1056","true","local-density","false","5","1000","9","1000","1000000","21603"
"1057","true","local-density","false","5","1000","9","1000","1000000","21408"
"1058","true","local-density","false","5","1000","9","1000","1000000","21552"
"1059","true","local-density","false","5","1000","9","1000","1000000","21534"
"1060","true","local-density","false","5","1000","9","1000","1000000","21304"
"1061","true","local-density","false","5","1000","9","1000","1000000","21416"
"1062","true","local-density","false","5","1000","9","1000","1000000","21587"
"1063","true","local-density","false","5","1000","9","1000","1000000","21359"
"1064","true","local-density","false","5","1000","9","1000","1000000","21496"
"1065","true","local-density","false","5","1000","9","1000","1000000","21427"
"1066","true","local-density","false","5","1000","9","1000","1000000","21361"
"1067","true","local-density","false","5","1000","9","1000","1000000","21473"
"1068","true","local-density","false","5","1000","9","1000","1000000","21331"
"1069","true","local-density","false","5","1000","9","1000","1000000","21425"
"1070","true","local-density","false","5","1000","9","1000","1000000","21495"
"1071","true","local-density","false","5","1000","9","1000","1000000","21145"
"1072","true","local-density","false","5","1000","9","1000","1000000","21499"
"1073","true","local-density","false","5","1000","9","1000","1000000","21267"
"1074","true","local-density","false","5","1000","9","1000","1000000","21404"
"1075","true","local-density","false","5","1000","9","1000","1000000","21549"
"1076","true","local-density","false","5","1000","9","1000","1000000","21519"
"1077","true","local-density","false","5","1000","9","1000","1000000","21279"
"1078","true","local-density","false","5","1000","9","1000","1000000","21268"
"1079","true","local-density","false","5","1000","9","1000","1000000","21426"
"1080","true","local-density","false","5","1000","9","1000","1000000","21503"
"1081","true","local-density","false","5","1","4.5","1000","1000000","40130"
"1082","true","local-density","false","5","1","4.5","1000","1000000","41232"
"1083","true","local-density","false","5","1","4.5","1000","1000000","40895"
"1084","true","local-density","false","5","1","4.5","1000","1000000","39516"
"1085","true","local-density","false","5","1","4.5","1000","1000000","40248"
"1086","true","local-density","false","5","1","4.5","1000","1000000","39898"
"1087","true","local-density","false","5","1","4.5","1000","1000000","39839"
"1088","true","local-density","false","5","1","4.5","1000","1000000","40101"
"1089","true","local-density","false","5","1","4.5","1000","1000000","40471"
"1090","true","local-density","false","5","1","4.5","1000","1000000","40129"
"1091","true","local-density","false","5","1","4.5","1000","1000000","40024"
"1092","true","local-density","false","5","1","4.5","1000","1000000","39887"
"1093","true","local-density","false","5","1","4.5","1000","1000000","39877"
"1094","true","local-density","false","5","1","4.5","1000","1000000","39787"
"1095","true","local-density","false","5","1","4.5","1000","1000000","39934"
"1096","true","local-density","false","5","1","4.5","1000","1000000","39951"
"1097","true","local-density","false","5","1","4.5","1000","1000000","40261"
"1098","true","local-density","false","5","1","4.5","1000","1000000","40383"
"1099","true","local-density","false","5","1","4.5","1000","1000000","39722"
"1100","true","local-density","false","5","1","4.5","1000","1000000","40164"
"1101","true","local-density","false","5","1","4.5","1000","1000000","40194"
"1102","true","local-density","false","5","1","4.5","1000","1000000","40055"
"1103","true","local-density","false","5","1","4.5","1000","1000000","40848"
"1104","true","local-density","false","5","1","4.5","1000","1000000","40481"
"1105","true","local-density","false","5","1","4.5","1000","1000000","39777"
"1106","true","local-density","false","5","1","4.5","1000","1000000","40157"
"1108","true","local-density","false","5","1","4.5","1000","1000000","39983"
"1107","true","local-density","false","5","1","4.5","1000","1000000","40226"
"1109","true","local-density","false","5","1","4.5","1000","1000000","39465"
"1110","true","local-density","false","5","1","4.5","1000","1000000","40396"
"1111","true","local-density","false","5","1","4.5","1000","1000000","40594"
"1112","true","local-density","false","5","1","4.5","1000","1000000","39807"
"1113","true","local-density","false","5","1","4.5","1000","1000000","39937"
"1114","true","local-density","false","5","1","4.5","1000","1000000","40238"
"1115","true","local-density","false","5","1","4.5","1000","1000000","40254"
"1116","true","local-density","false","5","1","4.5","1000","1000000","40221"
"1117","true","local-density","false","5","1","4.5","1000","1000000","40632"
"1118","true","local-density","false","5","1","4.5","1000","1000000","40154"
"1119","true","local-density","false","5","1","4.5","1000","1000000","40004"
"1120","true","local-density","false","5","1","4.5","1000","1000000","39943"
"1121","true","local-density","false","5","1","4.5","1000","1000000","39867"
"1122","true","local-density","false","5","1","4.5","1000","1000000","40645"
"1123","true","local-density","false","5","1","4.5","1000","1000000","39730"
"1124","true","local-density","false","5","1","4.5","1000","1000000","40434"
"1125","true","local-density","false","5","1","4.5","1000","1000000","40135"
"1126","true","local-density","false","5","1","4.5","1000","1000000","40556"
"1127","true","local-density","false","5","1","4.5","1000","1000000","40109"
"1128","true","local-density","false","5","1","4.5","1000","1000000","40157"
"1129","true","local-density","false","5","1","4.5","1000","1000000","40777"
"1130","true","local-density","false","5","1","4.5","1000","1000000","39337"
"1131","true","local-density","false","5","1","4.5","1000","1000000","40819"
"1132","true","local-density","false","5","1","4.5","1000","1000000","40456"
"1134","true","local-density","false","5","1","4.5","1000","1000000","40322"
"1133","true","local-density","false","5","1","4.5","1000","1000000","39917"
"1135","true","local-density","false","5","1","4.5","1000","1000000","40754"
"1136","true","local-density","false","5","1","4.5","1000","1000000","40272"
"1137","true","local-density","false","5","1","4.5","1000","1000000","39839"
"1138","true","local-density","false","5","1","4.5","1000","1000000","39753"
"1139","true","local-density","false","5","1","4.5","1000","1000000","39847"
"1140","true","local-density","false","5","1","4.5","1000","1000000","40253"
"1141","true","local-density","false","5","1","9","1000","1000000","39551"
"1142","true","local-density","false","5","1","9","1000","1000000","40262"
"1143","true","local-density","false","5","1","9","1000","1000000","40082"
"1144","true","local-density","false","5","1","9","1000","1000000","40003"
"1145","true","local-density","false","5","1","9","1000","1000000","40135"
"1146","true","local-density","false","5","1","9","1000","1000000","40409"
"1148","true","local-density","false","5","1","9","1000","1000000","40373"
"1147","true","local-density","false","5","1","9","1000","1000000","40750"
"1149","true","local-density","false","5","1","9","1000","1000000","39869"
"1150","true","local-density","false","5","1","9","1000","1000000","41248"
"1151","true","local-density","false","5","1","9","1000","1000000","40086"
"1152","true","local-density","false","5","1","9","1000","1000000","40221"
"1153","true","local-density","false","5","1","9","1000","1000000","40445"
"1154","true","local-density","false","5","1","9","1000","1000000","40407"
"1155","true","local-density","false","5","1","9","1000","1000000","40163"
"1156","true","local-density","false","5","1","9","1000","1000000","39990"
"1157","true","local-density","false","5","1","9","1000","1000000","40110"
"1158","true","local-density","false","5","1","9","1000","1000000","40511"
"1159","true","local-density","false","5","1","9","1000","1000000","40551"
"1160","true","local-density","false","5","1","9","1000","1000000","40544"
"1161","true","local-density","false","5","1","9","1000","1000000","40037"
"1162","true","local-density","false","5","1","9","1000","1000000","40197"
"1163","true","local-density","false","5","1","9","1000","1000000","40421"
"1164","true","local-density","false","5","1","9","1000","1000000","39672"
"1165","true","local-density","false","5","1","9","1000","1000000","40832"
"1166","true","local-density","false","5","1","9","1000","1000000","40303"
"1167","true","local-density","false","5","1","9","1000","1000000","40475"
"1168","true","local-density","false","5","1","9","1000","1000000","39916"
"1169","true","local-density","false","5","1","9","1000","1000000","40353"
"1170","true","local-density","false","5","1","9","1000","1000000","39376"
"1171","true","local-density","false","5","1","9","1000","1000000","39728"
"1172","true","local-density","false","5","1","9","1000","1000000","39522"
"1173","true","local-density","false","5","1","9","1000","1000000","40089"
"1174","true","local-density","false","5","1","9","1000","1000000","39917"
"1175","true","local-density","false","5","1","9","1000","1000000","40435"
"1176","true","local-density","false","5","1","9","1000","1000000","39676"
"1177","true","local-density","false","5","1","9","1000","1000000","39889"
"1178","true","local-density","false","5","1","9","1000","1000000","40520"
"1179","true","local-density","false","5","1","9","1000","1000000","40182"
"1180","true","local-density","false","5","1","9","1000","1000000","41108"
"1181","true","local-density","false","5","1","9","1000","1000000","40447"
"1182","true","local-density","false","5","1","9","1000","1000000","39089"
"1183","true","local-density","false","5","1","9","1000","1000000","40214"
"1184","true","local-density","false","5","1","9","1000","1000000","40530"
"1185","true","local-density","false","5","1","9","1000","1000000","40437"
"1186","true","local-density","false","5","1","9","1000","1000000","40618"
"1187","true","local-density","false","5","1","9","1000","1000000","40104"
"1188","true","local-density","false","5","1","9","1000","1000000","40385"
"1189","true","local-density","false","5","1","9","1000","1000000","40747"
"1190","true","local-density","false","5","1","9","1000","1000000","40242"
"1191","true","local-density","false","5","1","9","1000","1000000","40606"
"1193","true","local-density","false","5","1","9","1000","1000000","40005"
"1192","true","local-density","false","5","1","9","1000","1000000","39878"
"1194","true","local-density","false","5","1","9","1000","1000000","40519"
"1195","true","local-density","false","5","1","9","1000","1000000","39735"
"1196","true","local-density","false","5","1","9","1000","1000000","39351"
"1197","true","local-density","false","5","1","9","1000","1000000","39879"
"1198","true","local-density","false","5","1","9","1000","1000000","40289"
"1199","true","local-density","false","5","1","9","1000","1000000","39867"
"1200","true","local-density","false","5","1","9","1000","1000000","41031"
"1201","true","local-density","false","6","1000","4.5","1000","1000000","21241"
"1202","true","local-density","false","6","1000","4.5","1000","1000000","20913"
"1203","true","local-density","false","6","1000","4.5","1000","1000000","20913"
"1204","true","local-density","false","6","1000","4.5","1000","1000000","20801"
"1205","true","local-density","false","6","1000","4.5","1000","1000000","21082"
"1206","true","local-density","false","6","1000","4.5","1000","1000000","21076"
"1207","true","local-density","false","6","1000","4.5","1000","1000000","21074"
"1208","true","local-density","false","6","1000","4.5","1000","1000000","21104"
"1209","true","local-density","false","6","1000","4.5","1000","1000000","21054"
"1210","true","local-density","false","6","1000","4.5","1000","1000000","20940"
"1211","true","local-density","false","6","1000","4.5","1000","1000000","21029"
"1212","true","local-density","false","6","1000","4.5","1000","1000000","21020"
"1213","true","local-density","false","6","1000","4.5","1000","1000000","21035"
"1214","true","local-density","false","6","1000","4.5","1000","1000000","21054"
"1215","true","local-density","false","6","1000","4.5","1000","1000000","21123"
"1216","true","local-density","false","6","1000","4.5","1000","1000000","21022"
"1217","true","local-density","false","6","1000","4.5","1000","1000000","21082"
"1218","true","local-density","false","6","1000","4.5","1000","1000000","21044"
"1219","true","local-density","false","6","1000","4.5","1000","1000000","20995"
"1220","true","local-density","false","6","1000","4.5","1000","1000000","21065"
"1221","true","local-density","false","6","1000","4.5","1000","1000000","21020"
"1222","true","local-density","false","6","1000","4.5","1000","1000000","20949"
"1223","true","local-density","false","6","1000","4.5","1000","1000000","20930"
"1224","true","local-density","false","6","1000","4.5","1000","1000000","21136"
"1225","true","local-density","false","6","1000","4.5","1000","1000000","21216"
"1226","true","local-density","false","6","1000","4.5","1000","1000000","20958"
"1227","true","local-density","false","6","1000","4.5","1000","1000000","21102"
"1228","true","local-density","false","6","1000","4.5","1000","1000000","21035"
"1229","true","local-density","false","6","1000","4.5","1000","1000000","21027"
"1230","true","local-density","false","6","1000","4.5","1000","1000000","20991"
"1231","true","local-density","false","6","1000","4.5","1000","1000000","21051"
"1232","true","local-density","false","6","1000","4.5","1000","1000000","20953"
"1233","true","local-density","false","6","1000","4.5","1000","1000000","21071"
"1234","true","local-density","false","6","1000","4.5","1000","1000000","21038"
"1235","true","local-density","false","6","1000","4.5","1000","1000000","21019"
"1236","true","local-density","false","6","1000","4.5","1000","1000000","21189"
"1237","true","local-density","false","6","1000","4.5","1000","1000000","20889"
"1238","true","local-density","false","6","1000","4.5","1000","1000000","21010"
"1239","true","local-density","false","6","1000","4.5","1000","1000000","21077"
"1240","true","local-density","false","6","1000","4.5","1000","1000000","21044"
"1241","true","local-density","false","6","1000","4.5","1000","1000000","21182"
"1242","true","local-density","false","6","1000","4.5","1000","1000000","21131"
"1243","true","local-density","false","6","1000","4.5","1000","1000000","21137"
"1244","true","local-density","false","6","1000","4.5","1000","1000000","21050"
"1245","true","local-density","false","6","1000","4.5","1000","1000000","21078"
"1246","true","local-density","false","6","1000","4.5","1000","1000000","21096"
"1247","true","local-density","false","6","1000","4.5","1000","1000000","20901"
"1248","true","local-density","false","6","1000","4.5","1000","1000000","21129"
"1249","true","local-density","false","6","1000","4.5","1000","1000000","21132"
"1250","true","local-density","false","6","1000","4.5","1000","1000000","21112"
"1251","true","local-density","false","6","1000","4.5","1000","1000000","20935"
"1253","true","local-density","false","6","1000","4.5","1000","1000000","20912"
"1252","true","local-density","false","6","1000","4.5","1000","1000000","21006"
"1254","true","local-density","false","6","1000","4.5","1000","1000000","21043"
"1255","true","local-density","false","6","1000","4.5","1000","1000000","21036"
"1256","true","local-density","false","6","1000","4.5","1000","1000000","21069"
"1257","true","local-density","false","6","1000","4.5","1000","1000000","21021"
"1258","true","local-density","false","6","1000","4.5","1000","1000000","21049"
"1259","true","local-density","false","6","1000","4.5","1000","1000000","21085"
"1261","true","local-density","false","6","1000","9","1000","1000000","20430"
"1260","true","local-density","false","6","1000","4.5","1000","1000000","21056"
"1262","true","local-density","false","6","1000","9","1000","1000000","20467"
"1263","true","local-density","false","6","1000","9","1000","1000000","20467"
"1264","true","local-density","false","6","1000","9","1000","1000000","20436"
"1265","true","local-density","false","6","1000","9","1000","1000000","20385"
"1266","true","local-density","false","6","1000","9","1000","1000000","20338"
"1267","true","local-density","false","6","1000","9","1000","1000000","20468"
"1268","true","local-density","false","6","1000","9","1000","1000000","20537"
"1269","true","local-density","false","6","1000","9","1000","1000000","20163"
"1270","true","local-density","false","6","1000","9","1000","1000000","20306"
"1271","true","local-density","false","6","1000","9","1000","1000000","20295"
"1272","true","local-density","false","6","1000","9","1000","1000000","20261"
"1273","true","local-density","false","6","1000","9","1000","1000000","20307"
"1274","true","local-density","false","6","1000","9","1000","1000000","20186"
"1275","true","local-density","false","6","1000","9","1000","1000000","20236"
"1277","true","local-density","false","6","1000","9","1000","1000000","20442"
"1276","true","local-density","false","6","1000","9","1000","1000000","20550"
"1278","true","local-density","false","6","1000","9","1000","1000000","20355"
"1279","true","local-density","false","6","1000","9","1000","1000000","20417"
"1280","true","local-density","false","6","1000","9","1000","1000000","20189"
"1281","true","local-density","false","6","1000","9","1000","1000000","20413"
"1282","true","local-density","false","6","1000","9","1000","1000000","20559"
"1283","true","local-density","false","6","1000","9","1000","1000000","20362"
"1284","true","local-density","false","6","1000","9","1000","1000000","20409"
"1285","true","local-density","false","6","1000","9","1000","1000000","20348"
"1286","true","local-density","false","6","1000","9","1000","1000000","20374"
"1287","true","local-density","false","6","1000","9","1000","1000000","20327"
"1288","true","local-density","false","6","1000","9","1000","1000000","20570"
"1289","true","local-density","false","6","1000","9","1000","1000000","20418"
"1290","true","local-density","false","6","1000","9","1000","1000000","20254"
"1291","true","local-density","false","6","1000","9","1000","1000000","20490"
"1292","true","local-density","false","6","1000","9","1000","1000000","20398"
"1293","true","local-density","false","6","1000","9","1000","1000000","20311"
"1294","true","local-density","false","6","1000","9","1000","1000000","20396"
"1295","true","local-density","false","6","1000","9","1000","1000000","20381"
"1296","true","local-density","false","6","1000","9","1000","1000000","20512"
"1297","true","local-density","false","6","1000","9","1000","1000000","20209"
"1298","true","local-density","false","6","1000","9","1000","1000000","20519"
"1299","true","local-density","false","6","1000","9","1000","1000000","20402"
"1300","true","local-density","false","6","1000","9","1000","1000000","20422"
"1301","true","local-density","false","6","1000","9","1000","1000000","20509"
"1302","true","local-density","false","6","1000","9","1000","1000000","20321"
"1303","true","local-density","false","6","1000","9","1000","1000000","20358"
"1304","true","local-density","false","6","1000","9","1000","1000000","20443"
"1305","true","local-density","false","6","1000","9","1000","1000000","20168"
"1306","true","local-density","false","6","1000","9","1000","1000000","20181"
"1307","true","local-density","false","6","1000","9","1000","1000000","20355"
"1308","true","local-density","false","6","1000","9","1000","1000000","20411"
"1309","true","local-density","false","6","1000","9","1000","1000000","20360"
"1310","true","local-density","false","6","1000","9","1000","1000000","20579"
"1312","true","local-density","false","6","1000","9","1000","1000000","20678"
"1311","true","local-density","false","6","1000","9","1000","1000000","20463"
"1313","true","local-density","false","6","1000","9","1000","1000000","20288"
"1314","true","local-density","false","6","1000","9","1000","1000000","20477"
"1315","true","local-density","false","6","1000","9","1000","1000000","20441"
"1317","true","local-density","false","6","1000","9","1000","1000000","20253"
"1316","true","local-density","false","6","1000","9","1000","1000000","20375"
"1318","true","local-density","false","6","1000","9","1000","1000000","20193"
"1319","true","local-density","false","6","1000","9","1000","1000000","20447"
"1320","true","local-density","false","6","1000","9","1000","1000000","20237"
"1321","true","local-density","false","6","1","4.5","1000","1000000","36560"
"1322","true","local-density","false","6","1","4.5","1000","1000000","36629"
"1323","true","local-density","false","6","1","4.5","1000","1000000","36643"
"1325","true","local-density","false","6","1","4.5","1000","1000000","36684"
"1324","true","local-density","false","6","1","4.5","1000","1000000","37105"
"1326","true","local-density","false","6","1","4.5","1000","1000000","36776"
"1327","true","local-density","false","6","1","4.5","1000","1000000","36917"
"1328","true","local-density","false","6","1","4.5","1000","1000000","36314"
"1329","true","local-density","false","6","1","4.5","1000","1000000","36861"
"1330","true","local-density","false","6","1","4.5","1000","1000000","36261"
"1331","true","local-density","false","6","1","4.5","1000","1000000","36256"
"1332","true","local-density","false","6","1","4.5","1000","1000000","36630"
"1333","true","local-density","false","6","1","4.5","1000","1000000","36819"
"1334","true","local-density","false","6","1","4.5","1000","1000000","36563"
"1335","true","local-density","false","6","1","4.5","1000","1000000","36564"
"1336","true","local-density","false","6","1","4.5","1000","1000000","37084"
"1337","true","local-density","false","6","1","4.5","1000","1000000","37054"
"1338","true","local-density","false","6","1","4.5","1000","1000000","36742"
"1339","true","local-density","false","6","1","4.5","1000","1000000","36376"
"1340","true","local-density","false","6","1","4.5","1000","1000000","36920"
"1341","true","local-density","false","6","1","4.5","1000","1000000","36671"
"1342","true","local-density","false","6","1","4.5","1000","1000000","36723"
"1343","true","local-density","false","6","1","4.5","1000","1000000","36708"
"1344","true","local-density","false","6","1","4.5","1000","1000000","36901"
"1345","true","local-density","false","6","1","4.5","1000","1000000","36832"
"1346","true","local-density","false","6","1","4.5","1000","1000000","36796"
"1347","true","local-density","false","6","1","4.5","1000","1000000","36827"
"1348","true","local-density","false","6","1","4.5","1000","1000000","36620"
"1349","true","local-density","false","6","1","4.5","1000","1000000","36830"
"1350","true","local-density","false","6","1","4.5","1000","1000000","36581"
"1351","true","local-density","false","6","1","4.5","1000","1000000","36547"
"1352","true","local-density","false","6","1","4.5","1000","1000000","37071"
"1353","true","local-density","false","6","1","4.5","1000","1000000","36706"
"1354","true","local-density","false","6","1","4.5","1000","1000000","36751"
"1355","true","local-density","false","6","1","4.5","1000","1000000","37027"
"1356","true","local-density","false","6","1","4.5","1000","1000000","36824"
"1357","true","local-density","false","6","1","4.5","1000","1000000","36762"
"1358","true","local-density","false","6","1","4.5","1000","1000000","36790"
"1359","true","local-density","false","6","1","4.5","1000","1000000","36636"
"1360","true","local-density","false","6","1","4.5","1000","1000000","36955"
"1361","true","local-density","false","6","1","4.5","1000","1000000","36694"
"1362","true","local-density","false","6","1","4.5","1000","1000000","36685"
"1363","true","local-density","false","6","1","4.5","1000","1000000","36461"
"1364","true","local-density","false","6","1","4.5","1000","1000000","36414"
"1365","true","local-density","false","6","1","4.5","1000","1000000","36550"
"1366","true","local-density","false","6","1","4.5","1000","1000000","37017"
"1367","true","local-density","false","6","1","4.5","1000","1000000","37178"
"1368","true","local-density","false","6","1","4.5","1000","1000000","36750"
"1369","true","local-density","false","6","1","4.5","1000","1000000","36519"
"1370","true","local-density","false","6","1","4.5","1000","1000000","37134"
"1371","true","local-density","false","6","1","4.5","1000","1000000","36367"
"1372","true","local-density","false","6","1","4.5","1000","1000000","36511"
"1373","true","local-density","false","6","1","4.5","1000","1000000","36519"
"1374","true","local-density","false","6","1","4.5","1000","1000000","37017"
"1375","true","local-density","false","6","1","4.5","1000","1000000","36809"
"1376","true","local-density","false","6","1","4.5","1000","1000000","36931"
"1377","true","local-density","false","6","1","4.5","1000","1000000","37238"
"1378","true","local-density","false","6","1","4.5","1000","1000000","36244"
"1379","true","local-density","false","6","1","4.5","1000","1000000","36567"
"1380","true","local-density","false","6","1","4.5","1000","1000000","36616"
"1381","true","local-density","false","6","1","9","1000","1000000","37092"
"1382","true","local-density","false","6","1","9","1000","1000000","36887"
"1383","true","local-density","false","6","1","9","1000","1000000","37212"
"1384","true","local-density","false","6","1","9","1000","1000000","36828"
"1385","true","local-density","false","6","1","9","1000","1000000","37175"
"1386","true","local-density","false","6","1","9","1000","1000000","37185"
"1387","true","local-density","false","6","1","9","1000","1000000","36750"
"1388","true","local-density","false","6","1","9","1000","1000000","36543"
"1389","true","local-density","false","6","1","9","1000","1000000","36090"
"1390","true","local-density","false","6","1","9","1000","1000000","36461"
"1391","true","local-density","false","6","1","9","1000","1000000","37338"
"1392","true","local-density","false","6","1","9","1000","1000000","37279"
"1393","true","local-density","false","6","1","9","1000","1000000","36783"
"1394","true","local-density","false","6","1","9","1000","1000000","37318"
"1395","true","local-density","false","6","1","9","1000","1000000","37103"
"1396","true","local-density","false","6","1","9","1000","1000000","37107"
"1397","true","local-density","false","6","1","9","1000","1000000","36147"
"1398","true","local-density","false","6","1","9","1000","1000000","36663"
"1399","true","local-density","false","6","1","9","1000","1000000","36578"
"1400","true","local-density","false","6","1","9","1000","1000000","36796"
"1401","true","local-density","false","6","1","9","1000","1000000","36612"
"1402","true","local-density","false","6","1","9","1000","1000000","36562"
"1403","true","local-density","false","6","1","9","1000","1000000","36829"
"1404","true","local-density","false","6","1","9","1000","1000000","36910"
"1405","true","local-density","false","6","1","9","1000","1000000","36618"
"1406","true","local-density","false","6","1","9","1000","1000000","36639"
"1407","true","local-density","false","6","1","9","1000","1000000","36784"
"1408","true","local-density","false","6","1","9","1000","1000000","36865"
"1409","true","local-density","false","6","1","9","1000","1000000","36659"
"1410","true","local-density","false","6","1","9","1000","1000000","36663"
"1411","true","local-density","false","6","1","9","1000","1000000","36642"
"1412","true","local-density","false","6","1","9","1000","1000000","36133"
"1413","true","local-density","false","6","1","9","1000","1000000","37558"
"1414","true","local-density","false","6","1","9","1000","1000000","36457"
"1415","true","local-density","false","6","1","9","1000","1000000","37491"
"1416","true","local-density","false","6","1","9","1000","1000000","37128"
"1417","true","local-density","false","6","1","9","1000","1000000","36595"
"1418","true","local-density","false","6","1","9","1000","1000000","36899"
"1419","true","local-density","false","6","1","9","1000","1000000","37426"
"1420","true","local-density","false","6","1","9","1000","1000000","37103"
"1421","true","local-density","false","6","1","9","1000","1000000","36885"
"1422","true","local-density","false","6","1","9","1000","1000000","36858"
"1423","true","local-density","false","6","1","9","1000","1000000","37039"
"1424","true","local-density","false","6","1","9","1000","1000000","37029"
"1425","true","local-density","false","6","1","9","1000","1000000","36891"
"1426","true","local-density","false","6","1","9","1000","1000000","37104"
"1427","true","local-density","false","6","1","9","1000","1000000","37280"
"1428","true","local-density","false","6","1","9","1000","1000000","36705"
"1429","true","local-density","false","6","1","9","1000","1000000","36872"
"1430","true","local-density","false","6","1","9","1000","1000000","37300"
"1431","true","local-density","false","6","1","9","1000","1000000","36558"
"1432","true","local-density","false","6","1","9","1000","1000000","37206"
"1434","true","local-density","false","6","1","9","1000","1000000","36492"
"1433","true","local-density","false","6","1","9","1000","1000000","36816"
"1435","true","local-density","false","6","1","9","1000","1000000","36663"
"1436","true","local-density","false","6","1","9","1000","1000000","36426"
"1437","true","local-density","false","6","1","9","1000","1000000","36904"
"1438","true","local-density","false","6","1","9","1000","1000000","36844"
"1439","true","local-density","false","6","1","9","1000","1000000","36659"
"1440","true","local-density","false","6","1","9","1000","1000000","37070"
"1441","true","local-density","false","7","1000","4.5","1000","1000000","20635"
"1442","true","local-density","false","7","1000","4.5","1000","1000000","20622"
"1443","true","local-density","false","7","1000","4.5","1000","1000000","20705"
"1444","true","local-density","false","7","1000","4.5","1000","1000000","20549"
"1445","true","local-density","false","7","1000","4.5","1000","1000000","20766"
"1446","true","local-density","false","7","1000","4.5","1000","1000000","20705"
"1447","true","local-density","false","7","1000","4.5","1000","1000000","20728"
"1448","true","local-density","false","7","1000","4.5","1000","1000000","20624"
"1449","true","local-density","false","7","1000","4.5","1000","1000000","20492"
"1450","true","local-density","false","7","1000","4.5","1000","1000000","20840"
"1451","true","local-density","false","7","1000","4.5","1000","1000000","20637"
"1452","true","local-density","false","7","1000","4.5","1000","1000000","20653"
"1453","true","local-density","false","7","1000","4.5","1000","1000000","20567"
"1454","true","local-density","false","7","1000","4.5","1000","1000000","20702"
"1455","true","local-density","false","7","1000","4.5","1000","1000000","20655"
"1456","true","local-density","false","7","1000","4.5","1000","1000000","20766"
"1458","true","local-density","false","7","1000","4.5","1000","1000000","20654"
"1457","true","local-density","false","7","1000","4.5","1000","1000000","20595"
"1459","true","local-density","false","7","1000","4.5","1000","1000000","20560"
"1460","true","local-density","false","7","1000","4.5","1000","1000000","20747"
"1461","true","local-density","false","7","1000","4.5","1000","1000000","20653"
"1462","true","local-density","false","7","1000","4.5","1000","1000000","20610"
"1463","true","local-density","false","7","1000","4.5","1000","1000000","20560"
"1464","true","local-density","false","7","1000","4.5","1000","1000000","20695"
"1466","true","local-density","false","7","1000","4.5","1000","1000000","20762"
"1465","true","local-density","false","7","1000","4.5","1000","1000000","20521"
"1467","true","local-density","false","7","1000","4.5","1000","1000000","20591"
"1468","true","local-density","false","7","1000","4.5","1000","1000000","20664"
"1469","true","local-density","false","7","1000","4.5","1000","1000000","20653"
"1470","true","local-density","false","7","1000","4.5","1000","1000000","20703"
"1471","true","local-density","false","7","1000","4.5","1000","1000000","20801"
"1472","true","local-density","false","7","1000","4.5","1000","1000000","20589"
"1474","true","local-density","false","7","1000","4.5","1000","1000000","20697"
"1473","true","local-density","false","7","1000","4.5","1000","1000000","20613"
"1475","true","local-density","false","7","1000","4.5","1000","1000000","20610"
"1476","true","local-density","false","7","1000","4.5","1000","1000000","20629"
"1477","true","local-density","false","7","1000","4.5","1000","1000000","20752"
"1478","true","local-density","false","7","1000","4.5","1000","1000000","20756"
"1479","true","local-density","false","7","1000","4.5","1000","1000000","20806"
"1480","true","local-density","false","7","1000","4.5","1000","1000000","20629"
"1482","true","local-density","false","7","1000","4.5","1000","1000000","20589"
"1481","true","local-density","false","7","1000","4.5","1000","1000000","20657"
"1483","true","local-density","false","7","1000","4.5","1000","1000000","20392"
"1484","true","local-density","false","7","1000","4.5","1000","1000000","20697"
"1485","true","local-density","false","7","1000","4.5","1000","1000000","20713"
"1486","true","local-density","false","7","1000","4.5","1000","1000000","20382"
"1487","true","local-density","false","7","1000","4.5","1000","1000000","20862"
"1488","true","local-density","false","7","1000","4.5","1000","1000000","20528"
"1489","true","local-density","false","7","1000","4.5","1000","1000000","20691"
"1490","true","local-density","false","7","1000","4.5","1000","1000000","20718"
"1491","true","local-density","false","7","1000","4.5","1000","1000000","20646"
"1492","true","local-density","false","7","1000","4.5","1000","1000000","20727"
"1493","true","local-density","false","7","1000","4.5","1000","1000000","20697"
"1494","true","local-density","false","7","1000","4.5","1000","1000000","20675"
"1495","true","local-density","false","7","1000","4.5","1000","1000000","20617"
"1496","true","local-density","false","7","1000","4.5","1000","1000000","20713"
"1497","true","local-density","false","7","1000","4.5","1000","1000000","20594"
"1498","true","local-density","false","7","1000","4.5","1000","1000000","20677"
"1499","true","local-density","false","7","1000","4.5","1000","1000000","20724"
"1500","true","local-density","false","7","1000","4.5","1000","1000000","20698"
"1501","true","local-density","false","7","1000","9","1000","1000000","19633"
"1502","true","local-density","false","7","1000","9","1000","1000000","19541"
"1503","true","local-density","false","7","1000","9","1000","1000000","19653"
"1504","true","local-density","false","7","1000","9","1000","1000000","19787"
"1505","true","local-density","false","7","1000","9","1000","1000000","19496"
"1506","true","local-density","false","7","1000","9","1000","1000000","19505"
"1507","true","local-density","false","7","1000","9","1000","1000000","19724"
"1508","true","local-density","false","7","1000","9","1000","1000000","19599"
"1509","true","local-density","false","7","1000","9","1000","1000000","19495"
"1510","true","local-density","false","7","1000","9","1000","1000000","19669"
"1511","true","local-density","false","7","1000","9","1000","1000000","19563"
"1512","true","local-density","false","7","1000","9","1000","1000000","19570"
"1513","true","local-density","false","7","1000","9","1000","1000000","19611"
"1514","true","local-density","false","7","1000","9","1000","1000000","19548"
"1515","true","local-density","false","7","1000","9","1000","1000000","19504"
"1516","true","local-density","false","7","1000","9","1000","1000000","19561"
"1517","true","local-density","false","7","1000","9","1000","1000000","19620"
"1518","true","local-density","false","7","1000","9","1000","1000000","19573"
"1519","true","local-density","false","7","1000","9","1000","1000000","19649"
"1520","true","local-density","false","7","1000","9","1000","1000000","19655"
"1521","true","local-density","false","7","1000","9","1000","1000000","19553"
"1522","true","local-density","false","7","1000","9","1000","1000000","19660"
"1523","true","local-density","false","7","1000","9","1000","1000000","19421"
"1524","true","local-density","false","7","1000","9","1000","1000000","19690"
"1525","true","local-density","false","7","1000","9","1000","1000000","19750"
"1526","true","local-density","false","7","1000","9","1000","1000000","19726"
"1527","true","local-density","false","7","1000","9","1000","1000000","19722"
"1528","true","local-density","false","7","1000","9","1000","1000000","19739"
"1529","true","local-density","false","7","1000","9","1000","1000000","19595"
"1530","true","local-density","false","7","1000","9","1000","1000000","19383"
"1531","true","local-density","false","7","1000","9","1000","1000000","19556"
"1532","true","local-density","false","7","1000","9","1000","1000000","19705"
"1533","true","local-density","false","7","1000","9","1000","1000000","19552"
"1534","true","local-density","false","7","1000","9","1000","1000000","19650"
"1535","true","local-density","false","7","1000","9","1000","1000000","19622"
"1536","true","local-density","false","7","1000","9","1000","1000000","19584"
"1537","true","local-density","false","7","1000","9","1000","1000000","19625"
"1538","true","local-density","false","7","1000","9","1000","1000000","19509"
"1539","true","local-density","false","7","1000","9","1000","1000000","19486"
"1540","true","local-density","false","7","1000","9","1000","1000000","19584"
"1541","true","local-density","false","7","1000","9","1000","1000000","19519"
"1542","true","local-density","false","7","1000","9","1000","1000000","19523"
"1543","true","local-density","false","7","1000","9","1000","1000000","19805"
"1544","true","local-density","false","7","1000","9","1000","1000000","19455"
"1545","true","local-density","false","7","1000","9","1000","1000000","19621"
"1546","true","local-density","false","7","1000","9","1000","1000000","19518"
"1547","true","local-density","false","7","1000","9","1000","1000000","19556"
"1548","true","local-density","false","7","1000","9","1000","1000000","19379"
"1549","true","local-density","false","7","1000","9","1000","1000000","19585"
"1550","true","local-density","false","7","1000","9","1000","1000000","19564"
"1551","true","local-density","false","7","1000","9","1000","1000000","19640"
"1552","true","local-density","false","7","1000","9","1000","1000000","19680"
"1553","true","local-density","false","7","1000","9","1000","1000000","19470"
"1554","true","local-density","false","7","1000","9","1000","1000000","19635"
"1555","true","local-density","false","7","1000","9","1000","1000000","19613"
"1556","true","local-density","false","7","1000","9","1000","1000000","19728"
"1557","true","local-density","false","7","1000","9","1000","1000000","19663"
"1558","true","local-density","false","7","1000","9","1000","1000000","19577"
"1559","true","local-density","false","7","1000","9","1000","1000000","19719"
"1560","true","local-density","false","7","1000","9","1000","1000000","19741"
"1561","true","local-density","false","7","1","4.5","1000","1000000","34838"
"1562","true","local-density","false","7","1","4.5","1000","1000000","34565"
"1563","true","local-density","false","7","1","4.5","1000","1000000","34564"
"1564","true","local-density","false","7","1","4.5","1000","1000000","34867"
"1565","true","local-density","false","7","1","4.5","1000","1000000","35175"
"1566","true","local-density","false","7","1","4.5","1000","1000000","34617"
"1567","true","local-density","false","7","1","4.5","1000","1000000","34562"
"1568","true","local-density","false","7","1","4.5","1000","1000000","34868"
"1569","true","local-density","false","7","1","4.5","1000","1000000","34787"
"1570","true","local-density","false","7","1","4.5","1000","1000000","34788"
"1571","true","local-density","false","7","1","4.5","1000","1000000","34796"
"1572","true","local-density","false","7","1","4.5","1000","1000000","35063"
"1573","true","local-density","false","7","1","4.5","1000","1000000","34539"
"1574","true","local-density","false","7","1","4.5","1000","1000000","34541"
"1575","true","local-density","false","7","1","4.5","1000","1000000","34718"
"1576","true","local-density","false","7","1","4.5","1000","1000000","34585"
"1577","true","local-density","false","7","1","4.5","1000","1000000","34642"
"1578","true","local-density","false","7","1","4.5","1000","1000000","34242"
"1579","true","local-density","false","7","1","4.5","1000","1000000","35010"
"1580","true","local-density","false","7","1","4.5","1000","1000000","35104"
"1581","true","local-density","false","7","1","4.5","1000","1000000","34450"
"1583","true","local-density","false","7","1","4.5","1000","1000000","34912"
"1582","true","local-density","false","7","1","4.5","1000","1000000","35025"
"1584","true","local-density","false","7","1","4.5","1000","1000000","35547"
"1585","true","local-density","false","7","1","4.5","1000","1000000","34823"
"1586","true","local-density","false","7","1","4.5","1000","1000000","35187"
"1587","true","local-density","false","7","1","4.5","1000","1000000","34698"
"1588","true","local-density","false","7","1","4.5","1000","1000000","35093"
"1589","true","local-density","false","7","1","4.5","1000","1000000","34750"
"1590","true","local-density","false","7","1","4.5","1000","1000000","34928"
"1591","true","local-density","false","7","1","4.5","1000","1000000","34892"
"1592","true","local-density","false","7","1","4.5","1000","1000000","34991"
"1593","true","local-density","false","7","1","4.5","1000","1000000","34646"
"1594","true","local-density","false","7","1","4.5","1000","1000000","35077"
"1595","true","local-density","false","7","1","4.5","1000","1000000","34784"
"1596","true","local-density","false","7","1","4.5","1000","1000000","35024"
"1597","true","local-density","false","7","1","4.5","1000","1000000","34506"
"1598","true","local-density","false","7","1","4.5","1000","1000000","34614"
"1599","true","local-density","false","7","1","4.5","1000","1000000","34514"
"1600","true","local-density","false","7","1","4.5","1000","1000000","34693"
"1601","true","local-density","false","7","1","4.5","1000","1000000","34515"
"1602","true","local-density","false","7","1","4.5","1000","1000000","34755"
"1603","true","local-density","false","7","1","4.5","1000","1000000","34873"
"1604","true","local-density","false","7","1","4.5","1000","1000000","34973"
"1605","true","local-density","false","7","1","4.5","1000","1000000","34404"
"1606","true","local-density","false","7","1","4.5","1000","1000000","34863"
"1607","true","local-density","false","7","1","4.5","1000","1000000","34926"
"1608","true","local-density","false","7","1","4.5","1000","1000000","34915"
"1609","true","local-density","false","7","1","4.5","1000","1000000","34860"
"1610","true","local-density","false","7","1","4.5","1000","1000000","34759"
"1611","true","local-density","false","7","1","4.5","1000","1000000","34519"
"1612","true","local-density","false","7","1","4.5","1000","1000000","34990"
"1614","true","local-density","false","7","1","4.5","1000","1000000","34782"
"1613","true","local-density","false","7","1","4.5","1000","1000000","34399"
"1615","true","local-density","false","7","1","4.5","1000","1000000","34848"
"1616","true","local-density","false","7","1","4.5","1000","1000000","34618"
"1617","true","local-density","false","7","1","4.5","1000","1000000","34619"
"1618","true","local-density","false","7","1","4.5","1000","1000000","34693"
"1619","true","local-density","false","7","1","4.5","1000","1000000","34403"
"1620","true","local-density","false","7","1","4.5","1000","1000000","34857"
"1621","true","local-density","false","7","1","9","1000","1000000","33870"
"1622","true","local-density","false","7","1","9","1000","1000000","33463"
"1623","true","local-density","false","7","1","9","1000","1000000","33734"
"1624","true","local-density","false","7","1","9","1000","1000000","33773"
"1625","true","local-density","false","7","1","9","1000","1000000","33257"
"1626","true","local-density","false","7","1","9","1000","1000000","33275"
"1627","true","local-density","false","7","1","9","1000","1000000","33859"
"1628","true","local-density","false","7","1","9","1000","1000000","34256"
"1629","true","local-density","false","7","1","9","1000","1000000","33609"
"1630","true","local-density","false","7","1","9","1000","1000000","33634"
"1631","true","local-density","false","7","1","9","1000","1000000","34541"
"1632","true","local-density","false","7","1","9","1000","1000000","34081"
"1633","true","local-density","false","7","1","9","1000","1000000","33771"
"1634","true","local-density","false","7","1","9","1000","1000000","33910"
"1635","true","local-density","false","7","1","9","1000","1000000","33474"
"1636","true","local-density","false","7","1","9","1000","1000000","33281"
"1637","true","local-density","false","7","1","9","1000","1000000","33810"
"1638","true","local-density","false","7","1","9","1000","1000000","34232"
"1639","true","local-density","false","7","1","9","1000","1000000","33651"
"1640","true","local-density","false","7","1","9","1000","1000000","33208"
"1641","true","local-density","false","7","1","9","1000","1000000","33158"
"1642","true","local-density","false","7","1","9","1000","1000000","34196"
"1643","true","local-density","false","7","1","9","1000","1000000","34148"
"1644","true","local-density","false","7","1","9","1000","1000000","33544"
"1645","true","local-density","false","7","1","9","1000","1000000","33604"
"1646","true","local-density","false","7","1","9","1000","1000000","34124"
"1647","true","local-density","false","7","1","9","1000","1000000","33816"
"1648","true","local-density","false","7","1","9","1000","1000000","33892"
"1649","true","local-density","false","7","1","9","1000","1000000","33546"
"1650","true","local-density","false","7","1","9","1000","1000000","33286"
"1651","true","local-density","false","7","1","9","1000","1000000","33893"
"1652","true","local-density","false","7","1","9","1000","1000000","33535"
"1653","true","local-density","false","7","1","9","1000","1000000","33118"
"1654","true","local-density","false","7","1","9","1000","1000000","33766"
"1655","true","local-density","false","7","1","9","1000","1000000","33476"
"1656","true","local-density","false","7","1","9","1000","1000000","33960"
"1657","true","local-density","false","7","1","9","1000","1000000","34035"
"1658","true","local-density","false","7","1","9","1000","1000000","33629"
"1659","true","local-density","false","7","1","9","1000","1000000","33704"
"1660","true","local-density","false","7","1","9","1000","1000000","33268"
"1661","true","local-density","false","7","1","9","1000","1000000","33447"
"1662","true","local-density","false","7","1","9","1000","1000000","33406"
"1663","true","local-density","false","7","1","9","1000","1000000","33922"
"1664","true","local-density","false","7","1","9","1000","1000000","32826"
"1665","true","local-density","false","7","1","9","1000","1000000","33327"
"1666","true","local-density","false","7","1","9","1000","1000000","34100"
"1667","true","local-density","false","7","1","9","1000","1000000","33993"
"1668","true","local-density","false","7","1","9","1000","1000000","33689"
"1669","true","local-density","false","7","1","9","1000","1000000","32743"
"1670","true","local-density","false","7","1","9","1000","1000000","33691"
"1671","true","local-density","false","7","1","9","1000","1000000","33999"
"1672","true","local-density","false","7","1","9","1000","1000000","33760"
"1673","true","local-density","false","7","1","9","1000","1000000","33580"
"1674","true","local-density","false","7","1","9","1000","1000000","33960"
"1675","true","local-density","false","7","1","9","1000","1000000","33964"
"1676","true","local-density","false","7","1","9","1000","1000000","33874"
"1677","true","local-density","false","7","1","9","1000","1000000","34123"
"1678","true","local-density","false","7","1","9","1000","1000000","33673"
"1679","true","local-density","false","7","1","9","1000","1000000","34298"
"1680","true","local-density","false","7","1","9","1000","1000000","33558"
"1681","true","local-density","false","8","1000","4.5","1000","1000000","20216"
"1682","true","local-density","false","8","1000","4.5","1000","1000000","20291"
"1683","true","local-density","false","8","1000","4.5","1000","1000000","20389"
"1684","true","local-density","false","8","1000","4.5","1000","1000000","20381"
"1685","true","local-density","false","8","1000","4.5","1000","1000000","20451"
"1686","true","local-density","false","8","1000","4.5","1000","1000000","20215"
"1687","true","local-density","false","8","1000","4.5","1000","1000000","20096"
"1688","true","local-density","false","8","1000","4.5","1000","1000000","20234"
"1689","true","local-density","false","8","1000","4.5","1000","1000000","20357"
"1690","true","local-density","false","8","1000","4.5","1000","1000000","20413"
"1691","true","local-density","false","8","1000","4.5","1000","1000000","20394"
"1692","true","local-density","false","8","1000","4.5","1000","1000000","20308"
"1693","true","local-density","false","8","1000","4.5","1000","1000000","20352"
"1694","true","local-density","false","8","1000","4.5","1000","1000000","20314"
"1695","true","local-density","false","8","1000","4.5","1000","1000000","20382"
"1696","true","local-density","false","8","1000","4.5","1000","1000000","20373"
"1697","true","local-density","false","8","1000","4.5","1000","1000000","20495"
"1698","true","local-density","false","8","1000","4.5","1000","1000000","20214"
"1699","true","local-density","false","8","1000","4.5","1000","1000000","20553"
"1700","true","local-density","false","8","1000","4.5","1000","1000000","20286"
"1701","true","local-density","false","8","1000","4.5","1000","1000000","20360"
"1702","true","local-density","false","8","1000","4.5","1000","1000000","20273"
"1703","true","local-density","false","8","1000","4.5","1000","1000000","20513"
"1704","true","local-density","false","8","1000","4.5","1000","1000000","20359"
"1705","true","local-density","false","8","1000","4.5","1000","1000000","20299"
"1706","true","local-density","false","8","1000","4.5","1000","1000000","20394"
"1707","true","local-density","false","8","1000","4.5","1000","1000000","20509"
"1708","true","local-density","false","8","1000","4.5","1000","1000000","20520"
"1709","true","local-density","false","8","1000","4.5","1000","1000000","20385"
"1710","true","local-density","false","8","1000","4.5","1000","1000000","20381"
"1711","true","local-density","false","8","1000","4.5","1000","1000000","20146"
"1712","true","local-density","false","8","1000","4.5","1000","1000000","19995"
"1713","true","local-density","false","8","1000","4.5","1000","1000000","20247"
"1714","true","local-density","false","8","1000","4.5","1000","1000000","20462"
"1715","true","local-density","false","8","1000","4.5","1000","1000000","20275"
"1717","true","local-density","false","8","1000","4.5","1000","1000000","20296"
"1716","true","local-density","false","8","1000","4.5","1000","1000000","20370"
"1718","true","local-density","false","8","1000","4.5","1000","1000000","20253"
"1719","true","local-density","false","8","1000","4.5","1000","1000000","20565"
"1720","true","local-density","false","8","1000","4.5","1000","1000000","20253"
"1721","true","local-density","false","8","1000","4.5","1000","1000000","20356"
"1722","true","local-density","false","8","1000","4.5","1000","1000000","20393"
"1723","true","local-density","false","8","1000","4.5","1000","1000000","20302"
"1724","true","local-density","false","8","1000","4.5","1000","1000000","20190"
"1725","true","local-density","false","8","1000","4.5","1000","1000000","20394"
"1726","true","local-density","false","8","1000","4.5","1000","1000000","20308"
"1727","true","local-density","false","8","1000","4.5","1000","1000000","20565"
"1728","true","local-density","false","8","1000","4.5","1000","1000000","20325"
"1729","true","local-density","false","8","1000","4.5","1000","1000000","20244"
"1730","true","local-density","false","8","1000","4.5","1000","1000000","20566"
"1731","true","local-density","false","8","1000","4.5","1000","1000000","20366"
"1732","true","local-density","false","8","1000","4.5","1000","1000000","20339"
"1733","true","local-density","false","8","1000","4.5","1000","1000000","20488"
"1734","true","local-density","false","8","1000","4.5","1000","1000000","20386"
"1735","true","local-density","false","8","1000","4.5","1000","1000000","20508"
"1736","true","local-density","false","8","1000","4.5","1000","1000000","20312"
"1737","true","local-density","false","8","1000","4.5","1000","1000000","20523"
"1738","true","local-density","false","8","1000","4.5","1000","1000000","20404"
"1739","true","local-density","false","8","1000","4.5","1000","1000000","20386"
"1740","true","local-density","false","8","1000","4.5","1000","1000000","20314"
"1741","true","local-density","false","8","1000","9","1000","1000000","18826"
"1742","true","local-density","false","8","1000","9","1000","1000000","19003"
"1743","true","local-density","false","8","1000","9","1000","1000000","18786"
"1744","true","local-density","false","8","1000","9","1000","1000000","18926"
"1745","true","local-density","false","8","1000","9","1000","1000000","18965"
"1746","true","local-density","false","8","1000","9","1000","1000000","19070"
"1747","true","local-density","false","8","1000","9","1000","1000000","18881"
"1748","true","local-density","false","8","1000","9","1000","1000000","18942"
"1749","true","local-density","false","8","1000","9","1000","1000000","18580"
"1750","true","local-density","false","8","1000","9","1000","1000000","18773"
"1751","true","local-density","false","8","1000","9","1000","1000000","18696"
"1752","true","local-density","false","8","1000","9","1000","1000000","18868"
"1753","true","local-density","false","8","1000","9","1000","1000000","18859"
"1754","true","local-density","false","8","1000","9","1000","1000000","19219"
"1755","true","local-density","false","8","1000","9","1000","1000000","19016"
"1756","true","local-density","false","8","1000","9","1000","1000000","18762"
"1757","true","local-density","false","8","1000","9","1000","1000000","18891"
"1758","true","local-density","false","8","1000","9","1000","1000000","18853"
"1759","true","local-density","false","8","1000","9","1000","1000000","18962"
"1760","true","local-density","false","8","1000","9","1000","1000000","18697"
"1761","true","local-density","false","8","1000","9","1000","1000000","18488"
"1762","true","local-density","false","8","1000","9","1000","1000000","19005"
"1763","true","local-density","false","8","1000","9","1000","1000000","18778"
"1764","true","local-density","false","8","1000","9","1000","1000000","19099"
"1765","true","local-density","false","8","1000","9","1000","1000000","18847"
"1766","true","local-density","false","8","1000","9","1000","1000000","18693"
"1767","true","local-density","false","8","1000","9","1000","1000000","18499"
"1768","true","local-density","false","8","1000","9","1000","1000000","18793"
"1769","true","local-density","false","8","1000","9","1000","1000000","18852"
"1770","true","local-density","false","8","1000","9","1000","1000000","18970"
"1771","true","local-density","false","8","1000","9","1000","1000000","18686"
"1772","true","local-density","false","8","1000","9","1000","1000000","18906"
"1773","true","local-density","false","8","1000","9","1000","1000000","19175"
"1774","true","local-density","false","8","1000","9","1000","1000000","19014"
"1775","true","local-density","false","8","1000","9","1000","1000000","18831"
"1776","true","local-density","false","8","1000","9","1000","1000000","18748"
"1777","true","local-density","false","8","1000","9","1000","1000000","18745"
"1778","true","local-density","false","8","1000","9","1000","1000000","18997"
"1779","true","local-density","false","8","1000","9","1000","1000000","18825"
"1780","true","local-density","false","8","1000","9","1000","1000000","18718"
"1781","true","local-density","false","8","1000","9","1000","1000000","18983"
"1782","true","local-density","false","8","1000","9","1000","1000000","18823"
"1783","true","local-density","false","8","1000","9","1000","1000000","18831"
"1784","true","local-density","false","8","1000","9","1000","1000000","19064"
"1785","true","local-density","false","8","1000","9","1000","1000000","19000"
"1786","true","local-density","false","8","1000","9","1000","1000000","18738"
"1787","true","local-density","false","8","1000","9","1000","1000000","18678"
"1788","true","local-density","false","8","1000","9","1000","1000000","19069"
"1789","true","local-density","false","8","1000","9","1000","1000000","18943"
"1790","true","local-density","false","8","1000","9","1000","1000000","18870"
"1791","true","local-density","false","8","1000","9","1000","1000000","18770"
"1792","true","local-density","false","8","1000","9","1000","1000000","18969"
"1793","true","local-density","false","8","1000","9","1000","1000000","18855"
"1794","true","local-density","false","8","1000","9","1000","1000000","19009"
"1795","true","local-density","false","8","1000","9","1000","1000000","18858"
"1796","true","local-density","false","8","1000","9","1000","1000000","18655"
"1797","true","local-density","false","8","1000","9","1000","1000000","18877"
"1798","true","local-density","false","8","1000","9","1000","1000000","19211"
"1799","true","local-density","false","8","1000","9","1000","1000000","18982"
"1801","true","local-density","false","8","1","4.5","1000","1000000","33915"
"1800","true","local-density","false","8","1000","9","1000","1000000","19076"
"1802","true","local-density","false","8","1","4.5","1000","1000000","34068"
"1803","true","local-density","false","8","1","4.5","1000","1000000","33693"
"1804","true","local-density","false","8","1","4.5","1000","1000000","34215"
"1805","true","local-density","false","8","1","4.5","1000","1000000","33924"
"1806","true","local-density","false","8","1","4.5","1000","1000000","33936"
"1807","true","local-density","false","8","1","4.5","1000","1000000","34075"
"1808","true","local-density","false","8","1","4.5","1000","1000000","33326"
"1809","true","local-density","false","8","1","4.5","1000","1000000","34058"
"1811","true","local-density","false","8","1","4.5","1000","1000000","33928"
"1810","true","local-density","false","8","1","4.5","1000","1000000","33578"
"1812","true","local-density","false","8","1","4.5","1000","1000000","33517"
"1813","true","local-density","false","8","1","4.5","1000","1000000","34123"
"1814","true","local-density","false","8","1","4.5","1000","1000000","33891"
"1815","true","local-density","false","8","1","4.5","1000","1000000","33322"
"1816","true","local-density","false","8","1","4.5","1000","1000000","33942"
"1817","true","local-density","false","8","1","4.5","1000","1000000","33739"
"1818","true","local-density","false","8","1","4.5","1000","1000000","33716"
"1819","true","local-density","false","8","1","4.5","1000","1000000","33922"
"1820","true","local-density","false","8","1","4.5","1000","1000000","34024"
"1821","true","local-density","false","8","1","4.5","1000","1000000","33734"
"1822","true","local-density","false","8","1","4.5","1000","1000000","33874"
"1823","true","local-density","false","8","1","4.5","1000","1000000","34689"
"1824","true","local-density","false","8","1","4.5","1000","1000000","33756"
"1825","true","local-density","false","8","1","4.5","1000","1000000","34555"
"1826","true","local-density","false","8","1","4.5","1000","1000000","33716"
"1827","true","local-density","false","8","1","4.5","1000","1000000","33970"
"1828","true","local-density","false","8","1","4.5","1000","1000000","33769"
"1829","true","local-density","false","8","1","4.5","1000","1000000","34244"
"1830","true","local-density","false","8","1","4.5","1000","1000000","33878"
"1831","true","local-density","false","8","1","4.5","1000","1000000","33572"
"1832","true","local-density","false","8","1","4.5","1000","1000000","33637"
"1833","true","local-density","false","8","1","4.5","1000","1000000","34414"
"1834","true","local-density","false","8","1","4.5","1000","1000000","34278"
"1836","true","local-density","false","8","1","4.5","1000","1000000","33950"
"1835","true","local-density","false","8","1","4.5","1000","1000000","33454"
"1837","true","local-density","false","8","1","4.5","1000","1000000","33778"
"1838","true","local-density","false","8","1","4.5","1000","1000000","33099"
"1839","true","local-density","false","8","1","4.5","1000","1000000","34032"
"1840","true","local-density","false","8","1","4.5","1000","1000000","33851"
"1841","true","local-density","false","8","1","4.5","1000","1000000","34115"
"1842","true","local-density","false","8","1","4.5","1000","1000000","33640"
"1843","true","local-density","false","8","1","4.5","1000","1000000","33713"
"1844","true","local-density","false","8","1","4.5","1000","1000000","33774"
"1845","true","local-density","false","8","1","4.5","1000","1000000","33970"
"1846","true","local-density","false","8","1","4.5","1000","1000000","33876"
"1847","true","local-density","false","8","1","4.5","1000","1000000","34259"
"1848","true","local-density","false","8","1","4.5","1000","1000000","33332"
"1849","true","local-density","false","8","1","4.5","1000","1000000","34002"
"1850","true","local-density","false","8","1","4.5","1000","1000000","34097"
"1851","true","local-density","false","8","1","4.5","1000","1000000","33220"
"1852","true","local-density","false","8","1","4.5","1000","1000000","33705"
"1853","true","local-density","false","8","1","4.5","1000","1000000","33387"
"1854","true","local-density","false","8","1","4.5","1000","1000000","33620"
"1855","true","local-density","false","8","1","4.5","1000","1000000","33658"
"1856","true","local-density","false","8","1","4.5","1000","1000000","33771"
"1857","true","local-density","false","8","1","4.5","1000","1000000","33699"
"1859","true","local-density","false","8","1","4.5","1000","1000000","33711"
"1858","true","local-density","false","8","1","4.5","1000","1000000","33704"
"1860","true","local-density","false","8","1","4.5","1000","1000000","33877"
"1861","true","local-density","false","8","1","9","1000","1000000","31287"
"1862","true","local-density","false","8","1","9","1000","1000000","31665"
"1863","true","local-density","false","8","1","9","1000","1000000","30944"
"1864","true","local-density","false","8","1","9","1000","1000000","31381"
"1865","true","local-density","false","8","1","9","1000","1000000","32185"
"1866","true","local-density","false","8","1","9","1000","1000000","31451"
"1867","true","local-density","false","8","1","9","1000","1000000","31795"
"1868","true","local-density","false","8","1","9","1000","1000000","31919"
"1869","true","local-density","false","8","1","9","1000","1000000","32532"
"1870","true","local-density","false","8","1","9","1000","1000000","31475"
"1871","true","local-density","false","8","1","9","1000","1000000","31367"
"1872","true","local-density","false","8","1","9","1000","1000000","31468"
"1873","true","local-density","false","8","1","9","1000","1000000","31374"
"1874","true","local-density","false","8","1","9","1000","1000000","31743"
"1876","true","local-density","false","8","1","9","1000","1000000","31869"
"1875","true","local-density","false","8","1","9","1000","1000000","31861"
"1877","true","local-density","false","8","1","9","1000","1000000","31162"
"1878","true","local-density","false","8","1","9","1000","1000000","31737"
"1879","true","local-density","false","8","1","9","1000","1000000","31845"
"1881","true","local-density","false","8","1","9","1000","1000000","31993"
"1880","true","local-density","false","8","1","9","1000","1000000","31296"
"1882","true","local-density","false","8","1","9","1000","1000000","31095"
"1883","true","local-density","false","8","1","9","1000","1000000","30982"
"1884","true","local-density","false","8","1","9","1000","1000000","31468"
"1885","true","local-density","false","8","1","9","1000","1000000","31443"
"1886","true","local-density","false","8","1","9","1000","1000000","31058"
"1887","true","local-density","false","8","1","9","1000","1000000","32242"
"1888","true","local-density","false","8","1","9","1000","1000000","31318"
"1889","true","local-density","false","8","1","9","1000","1000000","30993"
"1890","true","local-density","false","8","1","9","1000","1000000","32046"
"1892","true","local-density","false","8","1","9","1000","1000000","31296"
"1891","true","local-density","false","8","1","9","1000","1000000","32336"
"1893","true","local-density","false","8","1","9","1000","1000000","31356"
"1894","true","local-density","false","8","1","9","1000","1000000","31986"
"1895","true","local-density","false","8","1","9","1000","1000000","32149"
"1896","true","local-density","false","8","1","9","1000","1000000","31852"
"1897","true","local-density","false","8","1","9","1000","1000000","31696"
"1898","true","local-density","false","8","1","9","1000","1000000","31720"
"1899","true","local-density","false","8","1","9","1000","1000000","31020"
"1900","true","local-density","false","8","1","9","1000","1000000","31804"
"1901","true","local-density","false","8","1","9","1000","1000000","31625"
"1902","true","local-density","false","8","1","9","1000","1000000","31724"
"1903","true","local-density","false","8","1","9","1000","1000000","32005"
"1904","true","local-density","false","8","1","9","1000","1000000","31764"
"1906","true","local-density","false","8","1","9","1000","1000000","31173"
"1905","true","local-density","false","8","1","9","1000","1000000","31624"
"1907","true","local-density","false","8","1","9","1000","1000000","31651"
"1908","true","local-density","false","8","1","9","1000","1000000","30953"
"1909","true","local-density","false","8","1","9","1000","1000000","31381"
"1910","true","local-density","false","8","1","9","1000","1000000","31735"
"1911","true","local-density","false","8","1","9","1000","1000000","32047"
"1912","true","local-density","false","8","1","9","1000","1000000","31797"
"1913","true","local-density","false","8","1","9","1000","1000000","31821"
"1914","true","local-density","false","8","1","9","1000","1000000","31340"
"1915","true","local-density","false","8","1","9","1000","1000000","31757"
"1916","true","local-density","false","8","1","9","1000","1000000","31666"
"1917","true","local-density","false","8","1","9","1000","1000000","31627"
"1921","true","local-density","false","9","1000","4.5","1000","1000000","2252"
"1922","true","local-density","false","9","1000","4.5","1000","1000000","2237"
"1918","true","local-density","false","8","1","9","1000","1000000","31815"
"1923","true","local-density","false","9","1000","4.5","1000","1000000","2227"
"1924","true","local-density","false","9","1000","4.5","1000","1000000","2218"
"1925","true","local-density","false","9","1000","4.5","1000","1000000","2235"
"1919","true","local-density","false","8","1","9","1000","1000000","30836"
"1926","true","local-density","false","9","1000","4.5","1000","1000000","2221"
"1928","true","local-density","false","9","1000","4.5","1000","1000000","2232"
"1927","true","local-density","false","9","1000","4.5","1000","1000000","2167"
"1920","true","local-density","false","8","1","9","1000","1000000","31874"
"1929","true","local-density","false","9","1000","4.5","1000","1000000","2224"
"1930","true","local-density","false","9","1000","4.5","1000","1000000","2232"
"1931","true","local-density","false","9","1000","4.5","1000","1000000","2264"
"1932","true","local-density","false","9","1000","4.5","1000","1000000","2231"
"1933","true","local-density","false","9","1000","4.5","1000","1000000","2266"
"1935","true","local-density","false","9","1000","4.5","1000","1000000","2205"
"1934","true","local-density","false","9","1000","4.5","1000","1000000","2258"
"1936","true","local-density","false","9","1000","4.5","1000","1000000","2281"
"1938","true","local-density","false","9","1000","4.5","1000","1000000","2228"
"1937","true","local-density","false","9","1000","4.5","1000","1000000","2258"
"1939","true","local-density","false","9","1000","4.5","1000","1000000","2229"
"1940","true","local-density","false","9","1000","4.5","1000","1000000","2232"
"1942","true","local-density","false","9","1000","4.5","1000","1000000","2249"
"1941","true","local-density","false","9","1000","4.5","1000","1000000","2247"
"1943","true","local-density","false","9","1000","4.5","1000","1000000","2217"
"1944","true","local-density","false","9","1000","4.5","1000","1000000","2230"
"1946","true","local-density","false","9","1000","4.5","1000","1000000","2199"
"1945","true","local-density","false","9","1000","4.5","1000","1000000","2218"
"1947","true","local-density","false","9","1000","4.5","1000","1000000","2279"
"1948","true","local-density","false","9","1000","4.5","1000","1000000","2207"
"1949","true","local-density","false","9","1000","4.5","1000","1000000","2254"
"1950","true","local-density","false","9","1000","4.5","1000","1000000","2234"
"1951","true","local-density","false","9","1000","4.5","1000","1000000","2260"
"1952","true","local-density","false","9","1000","4.5","1000","1000000","2175"
"1954","true","local-density","false","9","1000","4.5","1000","1000000","2237"
"1953","true","local-density","false","9","1000","4.5","1000","1000000","2304"
"1955","true","local-density","false","9","1000","4.5","1000","1000000","2273"
"1956","true","local-density","false","9","1000","4.5","1000","1000000","2262"
"1958","true","local-density","false","9","1000","4.5","1000","1000000","2267"
"1957","true","local-density","false","9","1000","4.5","1000","1000000","2241"
"1959","true","local-density","false","9","1000","4.5","1000","1000000","2207"
"1960","true","local-density","false","9","1000","4.5","1000","1000000","2236"
"1962","true","local-density","false","9","1000","4.5","1000","1000000","2248"
"1961","true","local-density","false","9","1000","4.5","1000","1000000","2238"
"1963","true","local-density","false","9","1000","4.5","1000","1000000","2300"
"1964","true","local-density","false","9","1000","4.5","1000","1000000","2280"
"1966","true","local-density","false","9","1000","4.5","1000","1000000","2230"
"1965","true","local-density","false","9","1000","4.5","1000","1000000","2256"
"1967","true","local-density","false","9","1000","4.5","1000","1000000","2285"
"1968","true","local-density","false","9","1000","4.5","1000","1000000","2220"
"1970","true","local-density","false","9","1000","4.5","1000","1000000","2256"
"1969","true","local-density","false","9","1000","4.5","1000","1000000","2299"
"1971","true","local-density","false","9","1000","4.5","1000","1000000","2259"
"1972","true","local-density","false","9","1000","4.5","1000","1000000","2247"
"1973","true","local-density","false","9","1000","4.5","1000","1000000","2261"
"1975","true","local-density","false","9","1000","4.5","1000","1000000","2271"
"1974","true","local-density","false","9","1000","4.5","1000","1000000","2253"
"1976","true","local-density","false","9","1000","4.5","1000","1000000","2237"
"1977","true","local-density","false","9","1000","4.5","1000","1000000","2240"
"1978","true","local-density","false","9","1000","4.5","1000","1000000","2233"
"1979","true","local-density","false","9","1000","4.5","1000","1000000","2183"
"1980","true","local-density","false","9","1000","4.5","1000","1000000","2174"
"1981","true","local-density","false","9","1000","9","1000","1000000","2360"
"1983","true","local-density","false","9","1000","9","1000","1000000","2377"
"1984","true","local-density","false","9","1000","9","1000","1000000","2434"
"1982","true","local-density","false","9","1000","9","1000","1000000","2386"
"1985","true","local-density","false","9","1000","9","1000","1000000","2391"
"1986","true","local-density","false","9","1000","9","1000","1000000","2337"
"1987","true","local-density","false","9","1000","9","1000","1000000","2417"
"1988","true","local-density","false","9","1000","9","1000","1000000","2378"
"1991","true","local-density","false","9","1000","9","1000","1000000","2419"
"1990","true","local-density","false","9","1000","9","1000","1000000","2361"
"1989","true","local-density","false","9","1000","9","1000","1000000","2369"
"1992","true","local-density","false","9","1000","9","1000","1000000","2419"
"1993","true","local-density","false","9","1000","9","1000","1000000","2354"
"1994","true","local-density","false","9","1000","9","1000","1000000","2399"
"1995","true","local-density","false","9","1000","9","1000","1000000","2373"
"1996","true","local-density","false","9","1000","9","1000","1000000","2349"
"1999","true","local-density","false","9","1000","9","1000","1000000","2389"
"1998","true","local-density","false","9","1000","9","1000","1000000","2408"
"1997","true","local-density","false","9","1000","9","1000","1000000","2434"
"2000","true","local-density","false","9","1000","9","1000","1000000","2426"
"2001","true","local-density","false","9","1000","9","1000","1000000","2391"
"2002","true","local-density","false","9","1000","9","1000","1000000","2406"
"2003","true","local-density","false","9","1000","9","1000","1000000","2400"
"2004","true","local-density","false","9","1000","9","1000","1000000","2380"
"2005","true","local-density","false","9","1000","9","1000","1000000","2386"
"2007","true","local-density","false","9","1000","9","1000","1000000","2393"
"2006","true","local-density","false","9","1000","9","1000","1000000","2445"
"2008","true","local-density","false","9","1000","9","1000","1000000","2344"
"2009","true","local-density","false","9","1000","9","1000","1000000","2428"
"2010","true","local-density","false","9","1000","9","1000","1000000","2409"
"2011","true","local-density","false","9","1000","9","1000","1000000","2399"
"2013","true","local-density","false","9","1000","9","1000","1000000","2412"
"2014","true","local-density","false","9","1000","9","1000","1000000","2385"
"2012","true","local-density","false","9","1000","9","1000","1000000","2383"
"2015","true","local-density","false","9","1000","9","1000","1000000","2392"
"2016","true","local-density","false","9","1000","9","1000","1000000","2453"
"2017","true","local-density","false","9","1000","9","1000","1000000","2417"
"2018","true","local-density","false","9","1000","9","1000","1000000","2401"
"2019","true","local-density","false","9","1000","9","1000","1000000","2424"
"2020","true","local-density","false","9","1000","9","1000","1000000","2406"
"2022","true","local-density","false","9","1000","9","1000","1000000","2375"
"2021","true","local-density","false","9","1000","9","1000","1000000","2357"
"2023","true","local-density","false","9","1000","9","1000","1000000","2371"
"2024","true","local-density","false","9","1000","9","1000","1000000","2385"
"2025","true","local-density","false","9","1000","9","1000","1000000","2403"
"2026","true","local-density","false","9","1000","9","1000","1000000","2370"
"2027","true","local-density","false","9","1000","9","1000","1000000","2407"
"2028","true","local-density","false","9","1000","9","1000","1000000","2359"
"2030","true","local-density","false","9","1000","9","1000","1000000","2401"
"2031","true","local-density","false","9","1000","9","1000","1000000","2372"
"2029","true","local-density","false","9","1000","9","1000","1000000","2389"
"2032","true","local-density","false","9","1000","9","1000","1000000","2438"
"2033","true","local-density","false","9","1000","9","1000","1000000","2374"
"2034","true","local-density","false","9","1000","9","1000","1000000","2406"
"2035","true","local-density","false","9","1000","9","1000","1000000","2405"
"2036","true","local-density","false","9","1000","9","1000","1000000","2405"
"2037","true","local-density","false","9","1000","9","1000","1000000","2371"
"2039","true","local-density","false","9","1000","9","1000","1000000","2378"
"2038","true","local-density","false","9","1000","9","1000","1000000","2419"
"2041","true","local-density","false","9","1","4.5","1000","1000000","4148"
"2040","true","local-density","false","9","1000","9","1000","1000000","2375"
"2042","true","local-density","false","9","1","4.5","1000","1000000","4254"
"2043","true","local-density","false","9","1","4.5","1000","1000000","4224"
"2044","true","local-density","false","9","1","4.5","1000","1000000","4307"
"2045","true","local-density","false","9","1","4.5","1000","1000000","4328"
"2046","true","local-density","false","9","1","4.5","1000","1000000","4249"
"2047","true","local-density","false","9","1","4.5","1000","1000000","4222"
"2048","true","local-density","false","9","1","4.5","1000","1000000","4300"
"2049","true","local-density","false","9","1","4.5","1000","1000000","4036"
"2050","true","local-density","false","9","1","4.5","1000","1000000","4171"
"2051","true","local-density","false","9","1","4.5","1000","1000000","4185"
"2052","true","local-density","false","9","1","4.5","1000","1000000","4159"
"2053","true","local-density","false","9","1","4.5","1000","1000000","4239"
"2055","true","local-density","false","9","1","4.5","1000","1000000","4293"
"2057","true","local-density","false","9","1","4.5","1000","1000000","4271"
"2054","true","local-density","false","9","1","4.5","1000","1000000","4140"
"2056","true","local-density","false","9","1","4.5","1000","1000000","4319"
"2058","true","local-density","false","9","1","4.5","1000","1000000","4219"
"2059","true","local-density","false","9","1","4.5","1000","1000000","4193"
"2060","true","local-density","false","9","1","4.5","1000","1000000","4369"
"2062","true","local-density","false","9","1","4.5","1000","1000000","4293"
"2061","true","local-density","false","9","1","4.5","1000","1000000","4054"
"2064","true","local-density","false","9","1","4.5","1000","1000000","4169"
"2063","true","local-density","false","9","1","4.5","1000","1000000","4284"
"2065","true","local-density","false","9","1","4.5","1000","1000000","4157"
"2066","true","local-density","false","9","1","4.5","1000","1000000","4164"
"2067","true","local-density","false","9","1","4.5","1000","1000000","4270"
"2068","true","local-density","false","9","1","4.5","1000","1000000","4219"
"2069","true","local-density","false","9","1","4.5","1000","1000000","4058"
"2070","true","local-density","false","9","1","4.5","1000","1000000","4106"
"2073","true","local-density","false","9","1","4.5","1000","1000000","4026"
"2072","true","local-density","false","9","1","4.5","1000","1000000","4336"
"2071","true","local-density","false","9","1","4.5","1000","1000000","4256"
"2074","true","local-density","false","9","1","4.5","1000","1000000","4177"
"2075","true","local-density","false","9","1","4.5","1000","1000000","4141"
"2076","true","local-density","false","9","1","4.5","1000","1000000","4198"
"2077","true","local-density","false","9","1","4.5","1000","1000000","4257"
"2078","true","local-density","false","9","1","4.5","1000","1000000","4221"
"2080","true","local-density","false","9","1","4.5","1000","1000000","4209"
"2079","true","local-density","false","9","1","4.5","1000","1000000","4363"
"2081","true","local-density","false","9","1","4.5","1000","1000000","4140"
"2082","true","local-density","false","9","1","4.5","1000","1000000","4183"
"2083","true","local-density","false","9","1","4.5","1000","1000000","4246"
"2084","true","local-density","false","9","1","4.5","1000","1000000","4256"
"2085","true","local-density","false","9","1","4.5","1000","1000000","4214"
"2086","true","local-density","false","9","1","4.5","1000","1000000","4323"
"2088","true","local-density","false","9","1","4.5","1000","1000000","4322"
"2087","true","local-density","false","9","1","4.5","1000","1000000","4192"
"2089","true","local-density","false","9","1","4.5","1000","1000000","4233"
"2090","true","local-density","false","9","1","4.5","1000","1000000","4158"
"2091","true","local-density","false","9","1","4.5","1000","1000000","4287"
"2092","true","local-density","false","9","1","4.5","1000","1000000","4192"
"2093","true","local-density","false","9","1","4.5","1000","1000000","4401"
"2094","true","local-density","false","9","1","4.5","1000","1000000","4162"
"2095","true","local-density","false","9","1","4.5","1000","1000000","4167"
"2096","true","local-density","false","9","1","4.5","1000","1000000","4246"
"2097","true","local-density","false","9","1","4.5","1000","1000000","4231"
"2098","true","local-density","false","9","1","4.5","1000","1000000","4215"
"2099","true","local-density","false","9","1","4.5","1000","1000000","4277"
"2100","true","local-density","false","9","1","4.5","1000","1000000","4243"
"2103","true","local-density","false","9","1","9","1000","1000000","4506"
"2101","true","local-density","false","9","1","9","1000","1000000","4617"
"2102","true","local-density","false","9","1","9","1000","1000000","4571"
"2104","true","local-density","false","9","1","9","1000","1000000","4674"
"2105","true","local-density","false","9","1","9","1000","1000000","4696"
"2106","true","local-density","false","9","1","9","1000","1000000","4527"
"2107","true","local-density","false","9","1","9","1000","1000000","4613"
"2108","true","local-density","false","9","1","9","1000","1000000","4674"
"2109","true","local-density","false","9","1","9","1000","1000000","4731"
"2110","true","local-density","false","9","1","9","1000","1000000","4676"
"2112","true","local-density","false","9","1","9","1000","1000000","4615"
"2111","true","local-density","false","9","1","9","1000","1000000","4798"
"2113","true","local-density","false","9","1","9","1000","1000000","4714"
"2114","true","local-density","false","9","1","9","1000","1000000","4696"
"2115","true","local-density","false","9","1","9","1000","1000000","4739"
"2116","true","local-density","false","9","1","9","1000","1000000","4681"
"2117","true","local-density","false","9","1","9","1000","1000000","4717"
"2118","true","local-density","false","9","1","9","1000","1000000","4765"
"2120","true","local-density","false","9","1","9","1000","1000000","4671"
"2119","true","local-density","false","9","1","9","1000","1000000","4674"
"2121","true","local-density","false","9","1","9","1000","1000000","4739"
"2122","true","local-density","false","9","1","9","1000","1000000","4715"
"2123","true","local-density","false","9","1","9","1000","1000000","4751"
"2124","true","local-density","false","9","1","9","1000","1000000","4744"
"2125","true","local-density","false","9","1","9","1000","1000000","4748"
"2127","true","local-density","false","9","1","9","1000","1000000","4810"
"2126","true","local-density","false","9","1","9","1000","1000000","4811"
"2128","true","local-density","false","9","1","9","1000","1000000","4829"
"2129","true","local-density","false","9","1","9","1000","1000000","4688"
"2130","true","local-density","false","9","1","9","1000","1000000","4583"
"2131","true","local-density","false","9","1","9","1000","1000000","4765"
"2132","true","local-density","false","9","1","9","1000","1000000","4816"
"2133","true","local-density","false","9","1","9","1000","1000000","4604"
"2136","true","local-density","false","9","1","9","1000","1000000","4767"
"2134","true","local-density","false","9","1","9","1000","1000000","4557"
"2135","true","local-density","false","9","1","9","1000","1000000","4720"
"2137","true","local-density","false","9","1","9","1000","1000000","4577"
"2138","true","local-density","false","9","1","9","1000","1000000","4718"
"2139","true","local-density","false","9","1","9","1000","1000000","4674"
"2140","true","local-density","false","9","1","9","1000","1000000","4695"
"2141","true","local-density","false","9","1","9","1000","1000000","4762"
"2143","true","local-density","false","9","1","9","1000","1000000","4844"
"2142","true","local-density","false","9","1","9","1000","1000000","4782"
"2144","true","local-density","false","9","1","9","1000","1000000","4618"
"2145","true","local-density","false","9","1","9","1000","1000000","4597"
"2146","true","local-density","false","9","1","9","1000","1000000","4535"
"2147","true","local-density","false","9","1","9","1000","1000000","4792"
"2148","true","local-density","false","9","1","9","1000","1000000","4674"
"2149","true","local-density","false","9","1","9","1000","1000000","4620"
"2150","true","local-density","false","9","1","9","1000","1000000","4647"
"2151","true","local-density","false","9","1","9","1000","1000000","4881"
"2152","true","local-density","false","9","1","9","1000","1000000","4766"
"2153","true","local-density","false","9","1","9","1000","1000000","4686"
"2154","true","local-density","false","9","1","9","1000","1000000","4689"
"2155","true","local-density","false","9","1","9","1000","1000000","4556"
"2156","true","local-density","false","9","1","9","1000","1000000","4904"
"2157","true","local-density","false","9","1","9","1000","1000000","4628"
"2158","true","local-density","false","9","1","9","1000","1000000","4618"
"2159","true","local-density","false","9","1","9","1000","1000000","4485"
"2160","true","local-density","false","9","1","9","1000","1000000","4772"
"2161","true","local-density","false","10","1000","4.5","1000","1000000","4575"
"2162","true","local-density","false","10","1000","4.5","1000","1000000","4464"
"2163","true","local-density","false","10","1000","4.5","1000","1000000","4526"
"2164","true","local-density","false","10","1000","4.5","1000","1000000","4518"
"2165","true","local-density","false","10","1000","4.5","1000","1000000","4558"
"2166","true","local-density","false","10","1000","4.5","1000","1000000","4536"
"2168","true","local-density","false","10","1000","4.5","1000","1000000","4544"
"2167","true","local-density","false","10","1000","4.5","1000","1000000","4599"
"2169","true","local-density","false","10","1000","4.5","1000","1000000","4589"
"2170","true","local-density","false","10","1000","4.5","1000","1000000","4570"
"2171","true","local-density","false","10","1000","4.5","1000","1000000","4554"
"2172","true","local-density","false","10","1000","4.5","1000","1000000","4587"
"2173","true","local-density","false","10","1000","4.5","1000","1000000","4524"
"2174","true","local-density","false","10","1000","4.5","1000","1000000","4553"
"2175","true","local-density","false","10","1000","4.5","1000","1000000","4492"
"2176","true","local-density","false","10","1000","4.5","1000","1000000","4535"
"2177","true","local-density","false","10","1000","4.5","1000","1000000","4511"
"2178","true","local-density","false","10","1000","4.5","1000","1000000","4540"
"2179","true","local-density","false","10","1000","4.5","1000","1000000","4474"
"2180","true","local-density","false","10","1000","4.5","1000","1000000","4542"
"2181","true","local-density","false","10","1000","4.5","1000","1000000","4534"
"2182","true","local-density","false","10","1000","4.5","1000","1000000","4481"
"2183","true","local-density","false","10","1000","4.5","1000","1000000","4487"
"2184","true","local-density","false","10","1000","4.5","1000","1000000","4542"
"2185","true","local-density","false","10","1000","4.5","1000","1000000","4568"
"2186","true","local-density","false","10","1000","4.5","1000","1000000","4558"
"2187","true","local-density","false","10","1000","4.5","1000","1000000","4515"
"2188","true","local-density","false","10","1000","4.5","1000","1000000","4638"
"2189","true","local-density","false","10","1000","4.5","1000","1000000","4564"
"2190","true","local-density","false","10","1000","4.5","1000","1000000","4588"
"2191","true","local-density","false","10","1000","4.5","1000","1000000","4512"
"2192","true","local-density","false","10","1000","4.5","1000","1000000","4514"
"2193","true","local-density","false","10","1000","4.5","1000","1000000","4540"
"2194","true","local-density","false","10","1000","4.5","1000","1000000","4566"
"2195","true","local-density","false","10","1000","4.5","1000","1000000","4529"
"2197","true","local-density","false","10","1000","4.5","1000","1000000","4537"
"2196","true","local-density","false","10","1000","4.5","1000","1000000","4521"
"2198","true","local-density","false","10","1000","4.5","1000","1000000","4583"
"2199","true","local-density","false","10","1000","4.5","1000","1000000","4591"
"2200","true","local-density","false","10","1000","4.5","1000","1000000","4573"
"2201","true","local-density","false","10","1000","4.5","1000","1000000","4551"
"2202","true","local-density","false","10","1000","4.5","1000","1000000","4495"
"2203","true","local-density","false","10","1000","4.5","1000","1000000","4562"
"2204","true","local-density","false","10","1000","4.5","1000","1000000","4556"
"2206","true","local-density","false","10","1000","4.5","1000","1000000","4464"
"2205","true","local-density","false","10","1000","4.5","1000","1000000","4641"
"2207","true","local-density","false","10","1000","4.5","1000","1000000","4541"
"2208","true","local-density","false","10","1000","4.5","1000","1000000","4445"
"2209","true","local-density","false","10","1000","4.5","1000","1000000","4556"
"2210","true","local-density","false","10","1000","4.5","1000","1000000","4599"
"2212","true","local-density","false","10","1000","4.5","1000","1000000","4565"
"2211","true","local-density","false","10","1000","4.5","1000","1000000","4585"
"2213","true","local-density","false","10","1000","4.5","1000","1000000","4494"
"2214","true","local-density","false","10","1000","4.5","1000","1000000","4542"
"2215","true","local-density","false","10","1000","4.5","1000","1000000","4594"
"2216","true","local-density","false","10","1000","4.5","1000","1000000","4492"
"2217","true","local-density","false","10","1000","4.5","1000","1000000","4519"
"2218","true","local-density","false","10","1000","4.5","1000","1000000","4496"
"2219","true","local-density","false","10","1000","4.5","1000","1000000","4505"
"2220","true","local-density","false","10","1000","4.5","1000","1000000","4555"
"2221","true","local-density","false","10","1000","9","1000","1000000","4815"
"2222","true","local-density","false","10","1000","9","1000","1000000","4759"
"2223","true","local-density","false","10","1000","9","1000","1000000","4744"
"2224","true","local-density","false","10","1000","9","1000","1000000","4729"
"2225","true","local-density","false","10","1000","9","1000","1000000","4800"
"2226","true","local-density","false","10","1000","9","1000","1000000","4748"
"2228","true","local-density","false","10","1000","9","1000","1000000","4739"
"2227","true","local-density","false","10","1000","9","1000","1000000","4701"
"2229","true","local-density","false","10","1000","9","1000","1000000","4788"
"2231","true","local-density","false","10","1000","9","1000","1000000","4716"
"2230","true","local-density","false","10","1000","9","1000","1000000","4739"
"2232","true","local-density","false","10","1000","9","1000","1000000","4708"
"2233","true","local-density","false","10","1000","9","1000","1000000","4761"
"2234","true","local-density","false","10","1000","9","1000","1000000","4742"
"2236","true","local-density","false","10","1000","9","1000","1000000","4787"
"2235","true","local-density","false","10","1000","9","1000","1000000","4703"
"2237","true","local-density","false","10","1000","9","1000","1000000","4773"
"2238","true","local-density","false","10","1000","9","1000","1000000","4673"
"2239","true","local-density","false","10","1000","9","1000","1000000","4712"
"2240","true","local-density","false","10","1000","9","1000","1000000","4735"
"2241","true","local-density","false","10","1000","9","1000","1000000","4767"
"2242","true","local-density","false","10","1000","9","1000","1000000","4736"
"2243","true","local-density","false","10","1000","9","1000","1000000","4762"
"2244","true","local-density","false","10","1000","9","1000","1000000","4736"
"2246","true","local-density","false","10","1000","9","1000","1000000","4770"
"2245","true","local-density","false","10","1000","9","1000","1000000","4712"
"2247","true","local-density","false","10","1000","9","1000","1000000","4742"
"2248","true","local-density","false","10","1000","9","1000","1000000","4737"
"2249","true","local-density","false","10","1000","9","1000","1000000","4742"
"2250","true","local-density","false","10","1000","9","1000","1000000","4739"
"2251","true","local-density","false","10","1000","9","1000","1000000","4738"
"2252","true","local-density","false","10","1000","9","1000","1000000","4758"
"2253","true","local-density","false","10","1000","9","1000","1000000","4751"
"2254","true","local-density","false","10","1000","9","1000","1000000","4759"
"2255","true","local-density","false","10","1000","9","1000","1000000","4743"
"2256","true","local-density","false","10","1000","9","1000","1000000","4744"
"2257","true","local-density","false","10","1000","9","1000","1000000","4722"
"2258","true","local-density","false","10","1000","9","1000","1000000","4785"
"2259","true","local-density","false","10","1000","9","1000","1000000","4725"
"2260","true","local-density","false","10","1000","9","1000","1000000","4750"
"2261","true","local-density","false","10","1000","9","1000","1000000","4714"
"2262","true","local-density","false","10","1000","9","1000","1000000","4807"
"2264","true","local-density","false","10","1000","9","1000","1000000","4720"
"2263","true","local-density","false","10","1000","9","1000","1000000","4772"
"2265","true","local-density","false","10","1000","9","1000","1000000","4801"
"2266","true","local-density","false","10","1000","9","1000","1000000","4713"
"2267","true","local-density","false","10","1000","9","1000","1000000","4805"
"2268","true","local-density","false","10","1000","9","1000","1000000","4716"
"2269","true","local-density","false","10","1000","9","1000","1000000","4724"
"2270","true","local-density","false","10","1000","9","1000","1000000","4711"
"2272","true","local-density","false","10","1000","9","1000","1000000","4754"
"2271","true","local-density","false","10","1000","9","1000","1000000","4740"
"2273","true","local-density","false","10","1000","9","1000","1000000","4757"
"2274","true","local-density","false","10","1000","9","1000","1000000","4703"
"2275","true","local-density","false","10","1000","9","1000","1000000","4725"
"2276","true","local-density","false","10","1000","9","1000","1000000","4709"
"2277","true","local-density","false","10","1000","9","1000","1000000","4763"
"2278","true","local-density","false","10","1000","9","1000","1000000","4757"
"2279","true","local-density","false","10","1000","9","1000","1000000","4764"
"2280","true","local-density","false","10","1000","9","1000","1000000","4765"
"2281","true","local-density","false","10","1","4.5","1000","1000000","8510"
"2282","true","local-density","false","10","1","4.5","1000","1000000","8940"
"2283","true","local-density","false","10","1","4.5","1000","1000000","8749"
"2284","true","local-density","false","10","1","4.5","1000","1000000","8666"
"2285","true","local-density","false","10","1","4.5","1000","1000000","8745"
"2286","true","local-density","false","10","1","4.5","1000","1000000","8903"
"2287","true","local-density","false","10","1","4.5","1000","1000000","8754"
"2288","true","local-density","false","10","1","4.5","1000","1000000","8904"
"2289","true","local-density","false","10","1","4.5","1000","1000000","8801"
"2290","true","local-density","false","10","1","4.5","1000","1000000","8708"
"2292","true","local-density","false","10","1","4.5","1000","1000000","8667"
"2291","true","local-density","false","10","1","4.5","1000","1000000","8660"
"2293","true","local-density","false","10","1","4.5","1000","1000000","8857"
"2294","true","local-density","false","10","1","4.5","1000","1000000","8840"
"2295","true","local-density","false","10","1","4.5","1000","1000000","8793"
"2296","true","local-density","false","10","1","4.5","1000","1000000","8768"
"2297","true","local-density","false","10","1","4.5","1000","1000000","8723"
"2298","true","local-density","false","10","1","4.5","1000","1000000","8888"
"2299","true","local-density","false","10","1","4.5","1000","1000000","8710"
"2300","true","local-density","false","10","1","4.5","1000","1000000","8645"
"2301","true","local-density","false","10","1","4.5","1000","1000000","8839"
"2302","true","local-density","false","10","1","4.5","1000","1000000","8750"
"2303","true","local-density","false","10","1","4.5","1000","1000000","8696"
"2304","true","local-density","false","10","1","4.5","1000","1000000","8672"
"2305","true","local-density","false","10","1","4.5","1000","1000000","8594"
"2306","true","local-density","false","10","1","4.5","1000","1000000","8700"
"2307","true","local-density","false","10","1","4.5","1000","1000000","8825"
"2308","true","local-density","false","10","1","4.5","1000","1000000","8800"
"2309","true","local-density","false","10","1","4.5","1000","1000000","8653"
"2310","true","local-density","false","10","1","4.5","1000","1000000","8538"
"2312","true","local-density","false","10","1","4.5","1000","1000000","8839"
"2311","true","local-density","false","10","1","4.5","1000","1000000","8896"
"2313","true","local-density","false","10","1","4.5","1000","1000000","8636"
"2314","true","local-density","false","10","1","4.5","1000","1000000","8805"
"2316","true","local-density","false","10","1","4.5","1000","1000000","8694"
"2315","true","local-density","false","10","1","4.5","1000","1000000","8737"
"2318","true","local-density","false","10","1","4.5","1000","1000000","8490"
"2317","true","local-density","false","10","1","4.5","1000","1000000","8860"
"2320","true","local-density","false","10","1","4.5","1000","1000000","8757"
"2319","true","local-density","false","10","1","4.5","1000","1000000","8880"
"2321","true","local-density","false","10","1","4.5","1000","1000000","8444"
"2322","true","local-density","false","10","1","4.5","1000","1000000","8852"
"2323","true","local-density","false","10","1","4.5","1000","1000000","8800"
"2325","true","local-density","false","10","1","4.5","1000","1000000","8997"
"2324","true","local-density","false","10","1","4.5","1000","1000000","8642"
"2326","true","local-density","false","10","1","4.5","1000","1000000","8697"
"2327","true","local-density","false","10","1","4.5","1000","1000000","8702"
"2328","true","local-density","false","10","1","4.5","1000","1000000","8794"
"2329","true","local-density","false","10","1","4.5","1000","1000000","8898"
"2330","true","local-density","false","10","1","4.5","1000","1000000","8779"
"2332","true","local-density","false","10","1","4.5","1000","1000000","8738"
"2331","true","local-density","false","10","1","4.5","1000","1000000","8920"
"2333","true","local-density","false","10","1","4.5","1000","1000000","8792"
"2334","true","local-density","false","10","1","4.5","1000","1000000","8724"
"2335","true","local-density","false","10","1","4.5","1000","1000000","8802"
"2336","true","local-density","false","10","1","4.5","1000","1000000","8800"
"2337","true","local-density","false","10","1","4.5","1000","1000000","8851"
"2338","true","local-density","false","10","1","4.5","1000","1000000","8789"
"2340","true","local-density","false","10","1","4.5","1000","1000000","8716"
"2339","true","local-density","false","10","1","4.5","1000","1000000","8645"
"2341","true","local-density","false","10","1","9","1000","1000000","9250"
"2342","true","local-density","false","10","1","9","1000","1000000","9487"
"2343","true","local-density","false","10","1","9","1000","1000000","9288"
"2344","true","local-density","false","10","1","9","1000","1000000","9232"
"2345","true","local-density","false","10","1","9","1000","1000000","9235"
"2346","true","local-density","false","10","1","9","1000","1000000","9398"
"2347","true","local-density","false","10","1","9","1000","1000000","9396"
"2348","true","local-density","false","10","1","9","1000","1000000","9265"
"2349","true","local-density","false","10","1","9","1000","1000000","9149"
"2350","true","local-density","false","10","1","9","1000","1000000","9379"
"2351","true","local-density","false","10","1","9","1000","1000000","9400"
"2352","true","local-density","false","10","1","9","1000","1000000","9201"
"2353","true","local-density","false","10","1","9","1000","1000000","9261"
"2354","true","local-density","false","10","1","9","1000","1000000","9248"
"2355","true","local-density","false","10","1","9","1000","1000000","9328"
"2357","true","local-density","false","10","1","9","1000","1000000","9363"
"2356","true","local-density","false","10","1","9","1000","1000000","9064"
"2358","true","local-density","false","10","1","9","1000","1000000","9360"
"2359","true","local-density","false","10","1","9","1000","1000000","8964"
"2360","true","local-density","false","10","1","9","1000","1000000","9226"
"2361","true","local-density","false","10","1","9","1000","1000000","9364"
"2362","true","local-density","false","10","1","9","1000","1000000","9404"
"2363","true","local-density","false","10","1","9","1000","1000000","9316"
"2364","true","local-density","false","10","1","9","1000","1000000","9113"
"2365","true","local-density","false","10","1","9","1000","1000000","9147"
"2366","true","local-density","false","10","1","9","1000","1000000","9318"
"2367","true","local-density","false","10","1","9","1000","1000000","9220"
"2368","true","local-density","false","10","1","9","1000","1000000","9506"
"2369","true","local-density","false","10","1","9","1000","1000000","9183"
"2370","true","local-density","false","10","1","9","1000","1000000","9179"
"2371","true","local-density","false","10","1","9","1000","1000000","9390"
"2372","true","local-density","false","10","1","9","1000","1000000","9070"
"2373","true","local-density","false","10","1","9","1000","1000000","9245"
"2374","true","local-density","false","10","1","9","1000","1000000","9297"
"2375","true","local-density","false","10","1","9","1000","1000000","9285"
"2376","true","local-density","false","10","1","9","1000","1000000","9225"
"2377","true","local-density","false","10","1","9","1000","1000000","9383"
"2378","true","local-density","false","10","1","9","1000","1000000","9130"
"2379","true","local-density","false","10","1","9","1000","1000000","9253"
"2380","true","local-density","false","10","1","9","1000","1000000","9251"
"2381","true","local-density","false","10","1","9","1000","1000000","9419"
"2382","true","local-density","false","10","1","9","1000","1000000","9201"
"2383","true","local-density","false","10","1","9","1000","1000000","9227"
"2384","true","local-density","false","10","1","9","1000","1000000","9323"
"2385","true","local-density","false","10","1","9","1000","1000000","9325"
"2386","true","local-density","false","10","1","9","1000","1000000","9157"
"2387","true","local-density","false","10","1","9","1000","1000000","9216"
"2388","true","local-density","false","10","1","9","1000","1000000","9170"
"2389","true","local-density","false","10","1","9","1000","1000000","9222"
"2390","true","local-density","false","10","1","9","1000","1000000","9584"
"2391","true","local-density","false","10","1","9","1000","1000000","9443"
"2392","true","local-density","false","10","1","9","1000","1000000","9280"
"2393","true","local-density","false","10","1","9","1000","1000000","9488"
"2394","true","local-density","false","10","1","9","1000","1000000","9114"
"2396","true","local-density","false","10","1","9","1000","1000000","9171"
"2395","true","local-density","false","10","1","9","1000","1000000","9152"
"2397","true","local-density","false","10","1","9","1000","1000000","9380"
"2398","true","local-density","false","10","1","9","1000","1000000","9155"
"2399","true","local-density","false","10","1","9","1000","1000000","9140"
"2400","true","local-density","false","10","1","9","1000","1000000","9208"
"2401","true","local-density","false","11","1000","4.5","1000","1000000","9286"
"2402","true","local-density","false","11","1000","4.5","1000","1000000","9278"
"2404","true","local-density","false","11","1000","4.5","1000","1000000","9241"
"2403","true","local-density","false","11","1000","4.5","1000","1000000","9242"
"2405","true","local-density","false","11","1000","4.5","1000","1000000","9222"
"2407","true","local-density","false","11","1000","4.5","1000","1000000","9195"
"2406","true","local-density","false","11","1000","4.5","1000","1000000","9249"
"2408","true","local-density","false","11","1000","4.5","1000","1000000","9299"
"2409","true","local-density","false","11","1000","4.5","1000","1000000","9218"
"2410","true","local-density","false","11","1000","4.5","1000","1000000","9233"
"2411","true","local-density","false","11","1000","4.5","1000","1000000","9185"
"2412","true","local-density","false","11","1000","4.5","1000","1000000","9151"
"2413","true","local-density","false","11","1000","4.5","1000","1000000","9285"
"2414","true","local-density","false","11","1000","4.5","1000","1000000","9302"
"2415","true","local-density","false","11","1000","4.5","1000","1000000","9268"
"2416","true","local-density","false","11","1000","4.5","1000","1000000","9215"
"2418","true","local-density","false","11","1000","4.5","1000","1000000","9192"
"2417","true","local-density","false","11","1000","4.5","1000","1000000","9369"
"2420","true","local-density","false","11","1000","4.5","1000","1000000","9282"
"2419","true","local-density","false","11","1000","4.5","1000","1000000","9152"
"2421","true","local-density","false","11","1000","4.5","1000","1000000","9233"
"2422","true","local-density","false","11","1000","4.5","1000","1000000","9247"
"2423","true","local-density","false","11","1000","4.5","1000","1000000","9246"
"2424","true","local-density","false","11","1000","4.5","1000","1000000","9197"
"2425","true","local-density","false","11","1000","4.5","1000","1000000","9311"
"2427","true","local-density","false","11","1000","4.5","1000","1000000","9213"
"2426","true","local-density","false","11","1000","4.5","1000","1000000","9376"
"2428","true","local-density","false","11","1000","4.5","1000","1000000","9258"
"2429","true","local-density","false","11","1000","4.5","1000","1000000","9200"
"2430","true","local-density","false","11","1000","4.5","1000","1000000","9184"
"2431","true","local-density","false","11","1000","4.5","1000","1000000","9261"
"2432","true","local-density","false","11","1000","4.5","1000","1000000","9189"
"2433","true","local-density","false","11","1000","4.5","1000","1000000","9255"
"2434","true","local-density","false","11","1000","4.5","1000","1000000","9196"
"2435","true","local-density","false","11","1000","4.5","1000","1000000","9149"
"2436","true","local-density","false","11","1000","4.5","1000","1000000","9294"
"2437","true","local-density","false","11","1000","4.5","1000","1000000","9228"
"2438","true","local-density","false","11","1000","4.5","1000","1000000","9244"
"2439","true","local-density","false","11","1000","4.5","1000","1000000","9186"
"2440","true","local-density","false","11","1000","4.5","1000","1000000","9176"
"2441","true","local-density","false","11","1000","4.5","1000","1000000","9196"
"2444","true","local-density","false","11","1000","4.5","1000","1000000","9264"
"2442","true","local-density","false","11","1000","4.5","1000","1000000","9225"
"2443","true","local-density","false","11","1000","4.5","1000","1000000","9298"
"2445","true","local-density","false","11","1000","4.5","1000","1000000","9362"
"2446","true","local-density","false","11","1000","4.5","1000","1000000","9282"
"2447","true","local-density","false","11","1000","4.5","1000","1000000","9263"
"2448","true","local-density","false","11","1000","4.5","1000","1000000","9276"
"2449","true","local-density","false","11","1000","4.5","1000","1000000","9223"
"2451","true","local-density","false","11","1000","4.5","1000","1000000","9353"
"2450","true","local-density","false","11","1000","4.5","1000","1000000","9285"
"2452","true","local-density","false","11","1000","4.5","1000","1000000","9261"
"2453","true","local-density","false","11","1000","4.5","1000","1000000","9227"
"2454","true","local-density","false","11","1000","4.5","1000","1000000","9262"
"2455","true","local-density","false","11","1000","4.5","1000","1000000","9168"
"2456","true","local-density","false","11","1000","4.5","1000","1000000","9297"
"2458","true","local-density","false","11","1000","4.5","1000","1000000","9205"
"2457","true","local-density","false","11","1000","4.5","1000","1000000","9271"
"2459","true","local-density","false","11","1000","4.5","1000","1000000","9257"
"2460","true","local-density","false","11","1000","4.5","1000","1000000","9292"
"2461","true","local-density","false","11","1000","9","1000","1000000","9503"
"2462","true","local-density","false","11","1000","9","1000","1000000","9366"
"2463","true","local-density","false","11","1000","9","1000","1000000","9390"
"2464","true","local-density","false","11","1000","9","1000","1000000","9415"
"2465","true","local-density","false","11","1000","9","1000","1000000","9440"
"2466","true","local-density","false","11","1000","9","1000","1000000","9490"
"2467","true","local-density","false","11","1000","9","1000","1000000","9344"
"2468","true","local-density","false","11","1000","9","1000","1000000","9438"
"2469","true","local-density","false","11","1000","9","1000","1000000","9453"
"2470","true","local-density","false","11","1000","9","1000","1000000","9418"
"2471","true","local-density","false","11","1000","9","1000","1000000","9490"
"2472","true","local-density","false","11","1000","9","1000","1000000","9396"
"2473","true","local-density","false","11","1000","9","1000","1000000","9342"
"2474","true","local-density","false","11","1000","9","1000","1000000","9343"
"2475","true","local-density","false","11","1000","9","1000","1000000","9414"
"2476","true","local-density","false","11","1000","9","1000","1000000","9442"
"2477","true","local-density","false","11","1000","9","1000","1000000","9348"
"2478","true","local-density","false","11","1000","9","1000","1000000","9499"
"2479","true","local-density","false","11","1000","9","1000","1000000","9297"
"2480","true","local-density","false","11","1000","9","1000","1000000","9288"
"2481","true","local-density","false","11","1000","9","1000","1000000","9266"
"2482","true","local-density","false","11","1000","9","1000","1000000","9452"
"2483","true","local-density","false","11","1000","9","1000","1000000","9386"
"2484","true","local-density","false","11","1000","9","1000","1000000","9403"
"2485","true","local-density","false","11","1000","9","1000","1000000","9360"
"2486","true","local-density","false","11","1000","9","1000","1000000","9374"
"2487","true","local-density","false","11","1000","9","1000","1000000","9441"
"2488","true","local-density","false","11","1000","9","1000","1000000","9360"
"2489","true","local-density","false","11","1000","9","1000","1000000","9453"
"2490","true","local-density","false","11","1000","9","1000","1000000","9394"
"2491","true","local-density","false","11","1000","9","1000","1000000","9449"
"2492","true","local-density","false","11","1000","9","1000","1000000","9303"
"2493","true","local-density","false","11","1000","9","1000","1000000","9464"
"2494","true","local-density","false","11","1000","9","1000","1000000","9423"
"2495","true","local-density","false","11","1000","9","1000","1000000","9418"
"2496","true","local-density","false","11","1000","9","1000","1000000","9348"
"2497","true","local-density","false","11","1000","9","1000","1000000","9378"
"2498","true","local-density","false","11","1000","9","1000","1000000","9302"
"2499","true","local-density","false","11","1000","9","1000","1000000","9421"
"2500","true","local-density","false","11","1000","9","1000","1000000","9343"
"2501","true","local-density","false","11","1000","9","1000","1000000","9398"
"2502","true","local-density","false","11","1000","9","1000","1000000","9364"
"2503","true","local-density","false","11","1000","9","1000","1000000","9338"
"2504","true","local-density","false","11","1000","9","1000","1000000","9321"
"2505","true","local-density","false","11","1000","9","1000","1000000","9265"
"2506","true","local-density","false","11","1000","9","1000","1000000","9413"
"2508","true","local-density","false","11","1000","9","1000","1000000","9285"
"2507","true","local-density","false","11","1000","9","1000","1000000","9433"
"2510","true","local-density","false","11","1000","9","1000","1000000","9377"
"2509","true","local-density","false","11","1000","9","1000","1000000","9348"
"2511","true","local-density","false","11","1000","9","1000","1000000","9266"
"2512","true","local-density","false","11","1000","9","1000","1000000","9375"
"2513","true","local-density","false","11","1000","9","1000","1000000","9457"
"2514","true","local-density","false","11","1000","9","1000","1000000","9343"
"2515","true","local-density","false","11","1000","9","1000","1000000","9303"
"2516","true","local-density","false","11","1000","9","1000","1000000","9442"
"2517","true","local-density","false","11","1000","9","1000","1000000","9410"
"2518","true","local-density","false","11","1000","9","1000","1000000","9418"
"2519","true","local-density","false","11","1000","9","1000","1000000","9476"
"2520","true","local-density","false","11","1000","9","1000","1000000","9345"
"2521","true","local-density","false","11","1","4.5","1000","1000000","18677"
"2522","true","local-density","false","11","1","4.5","1000","1000000","18309"
"2524","true","local-density","false","11","1","4.5","1000","1000000","18600"
"2523","true","local-density","false","11","1","4.5","1000","1000000","18330"
"2525","true","local-density","false","11","1","4.5","1000","1000000","18009"
"2526","true","local-density","false","11","1","4.5","1000","1000000","18360"
"2527","true","local-density","false","11","1","4.5","1000","1000000","18246"
"2528","true","local-density","false","11","1","4.5","1000","1000000","18709"
"2529","true","local-density","false","11","1","4.5","1000","1000000","18414"
"2530","true","local-density","false","11","1","4.5","1000","1000000","18071"
"2532","true","local-density","false","11","1","4.5","1000","1000000","18666"
"2531","true","local-density","false","11","1","4.5","1000","1000000","18269"
"2533","true","local-density","false","11","1","4.5","1000","1000000","18398"
"2534","true","local-density","false","11","1","4.5","1000","1000000","18178"
"2535","true","local-density","false","11","1","4.5","1000","1000000","18151"
"2536","true","local-density","false","11","1","4.5","1000","1000000","18107"
"2537","true","local-density","false","11","1","4.5","1000","1000000","18268"
"2539","true","local-density","false","11","1","4.5","1000","1000000","18281"
"2538","true","local-density","false","11","1","4.5","1000","1000000","18226"
"2540","true","local-density","false","11","1","4.5","1000","1000000","18207"
"2541","true","local-density","false","11","1","4.5","1000","1000000","18425"
"2542","true","local-density","false","11","1","4.5","1000","1000000","18204"
"2544","true","local-density","false","11","1","4.5","1000","1000000","18271"
"2543","true","local-density","false","11","1","4.5","1000","1000000","18169"
"2545","true","local-density","false","11","1","4.5","1000","1000000","18225"
"2546","true","local-density","false","11","1","4.5","1000","1000000","18408"
"2547","true","local-density","false","11","1","4.5","1000","1000000","18234"
"2549","true","local-density","false","11","1","4.5","1000","1000000","18228"
"2548","true","local-density","false","11","1","4.5","1000","1000000","18132"
"2550","true","local-density","false","11","1","4.5","1000","1000000","18199"
"2551","true","local-density","false","11","1","4.5","1000","1000000","18430"
"2552","true","local-density","false","11","1","4.5","1000","1000000","18430"
"2553","true","local-density","false","11","1","4.5","1000","1000000","18040"
"2554","true","local-density","false","11","1","4.5","1000","1000000","18502"
"2557","true","local-density","false","11","1","4.5","1000","1000000","18727"
"2555","true","local-density","false","11","1","4.5","1000","1000000","18374"
"2556","true","local-density","false","11","1","4.5","1000","1000000","18449"
"2558","true","local-density","false","11","1","4.5","1000","1000000","18349"
"2559","true","local-density","false","11","1","4.5","1000","1000000","18572"
"2560","true","local-density","false","11","1","4.5","1000","1000000","18620"
"2561","true","local-density","false","11","1","4.5","1000","1000000","18283"
"2562","true","local-density","false","11","1","4.5","1000","1000000","18261"
"2565","true","local-density","false","11","1","4.5","1000","1000000","18339"
"2563","true","local-density","false","11","1","4.5","1000","1000000","18489"
"2566","true","local-density","false","11","1","4.5","1000","1000000","18449"
"2564","true","local-density","false","11","1","4.5","1000","1000000","18521"
"2567","true","local-density","false","11","1","4.5","1000","1000000","18337"
"2568","true","local-density","false","11","1","4.5","1000","1000000","18868"
"2569","true","local-density","false","11","1","4.5","1000","1000000","18434"
"2570","true","local-density","false","11","1","4.5","1000","1000000","18682"
"2572","true","local-density","false","11","1","4.5","1000","1000000","18225"
"2571","true","local-density","false","11","1","4.5","1000","1000000","18280"
"2574","true","local-density","false","11","1","4.5","1000","1000000","18369"
"2573","true","local-density","false","11","1","4.5","1000","1000000","18188"
"2575","true","local-density","false","11","1","4.5","1000","1000000","18192"
"2576","true","local-density","false","11","1","4.5","1000","1000000","18552"
"2577","true","local-density","false","11","1","4.5","1000","1000000","18531"
"2578","true","local-density","false","11","1","4.5","1000","1000000","18060"
"2579","true","local-density","false","11","1","4.5","1000","1000000","18551"
"2581","true","local-density","false","11","1","9","1000","1000000","18806"
"2580","true","local-density","false","11","1","4.5","1000","1000000","18664"
"2582","true","local-density","false","11","1","9","1000","1000000","18658"
"2584","true","local-density","false","11","1","9","1000","1000000","18467"
"2583","true","local-density","false","11","1","9","1000","1000000","18479"
"2585","true","local-density","false","11","1","9","1000","1000000","18814"
"2586","true","local-density","false","11","1","9","1000","1000000","18650"
"2588","true","local-density","false","11","1","9","1000","1000000","18713"
"2589","true","local-density","false","11","1","9","1000","1000000","18150"
"2587","true","local-density","false","11","1","9","1000","1000000","19009"
"2590","true","local-density","false","11","1","9","1000","1000000","18967"
"2591","true","local-density","false","11","1","9","1000","1000000","18741"
"2592","true","local-density","false","11","1","9","1000","1000000","18718"
"2594","true","local-density","false","11","1","9","1000","1000000","18787"
"2593","true","local-density","false","11","1","9","1000","1000000","18816"
"2596","true","local-density","false","11","1","9","1000","1000000","18627"
"2597","true","local-density","false","11","1","9","1000","1000000","18793"
"2595","true","local-density","false","11","1","9","1000","1000000","18570"
"2598","true","local-density","false","11","1","9","1000","1000000","18695"
"2599","true","local-density","false","11","1","9","1000","1000000","18709"
"2600","true","local-density","false","11","1","9","1000","1000000","18820"
"2602","true","local-density","false","11","1","9","1000","1000000","18646"
"2601","true","local-density","false","11","1","9","1000","1000000","18650"
"2603","true","local-density","false","11","1","9","1000","1000000","18483"
"2605","true","local-density","false","11","1","9","1000","1000000","18585"
"2604","true","local-density","false","11","1","9","1000","1000000","18549"
"2606","true","local-density","false","11","1","9","1000","1000000","18558"
"2607","true","local-density","false","11","1","9","1000","1000000","18729"
"2608","true","local-density","false","11","1","9","1000","1000000","18663"
"2609","true","local-density","false","11","1","9","1000","1000000","18943"
"2610","true","local-density","false","11","1","9","1000","1000000","18712"
"2612","true","local-density","false","11","1","9","1000","1000000","18587"
"2611","true","local-density","false","11","1","9","1000","1000000","18787"
"2613","true","local-density","false","11","1","9","1000","1000000","18335"
"2614","true","local-density","false","11","1","9","1000","1000000","18381"
"2615","true","local-density","false","11","1","9","1000","1000000","18829"
"2616","true","local-density","false","11","1","9","1000","1000000","18314"
"2617","true","local-density","false","11","1","9","1000","1000000","18557"
"2619","true","local-density","false","11","1","9","1000","1000000","19013"
"2620","true","local-density","false","11","1","9","1000","1000000","18539"
"2618","true","local-density","false","11","1","9","1000","1000000","18621"
"2621","true","local-density","false","11","1","9","1000","1000000","18680"
"2622","true","local-density","false","11","1","9","1000","1000000","18715"
"2623","true","local-density","false","11","1","9","1000","1000000","18815"
"2624","true","local-density","false","11","1","9","1000","1000000","18764"
"2625","true","local-density","false","11","1","9","1000","1000000","18923"
"2626","true","local-density","false","11","1","9","1000","1000000","18723"
"2627","true","local-density","false","11","1","9","1000","1000000","18471"
"2628","true","local-density","false","11","1","9","1000","1000000","18612"
"2629","true","local-density","false","11","1","9","1000","1000000","18911"
"2630","true","local-density","false","11","1","9","1000","1000000","18504"
"2631","true","local-density","false","11","1","9","1000","1000000","18911"
"2632","true","local-density","false","11","1","9","1000","1000000","18772"
"2633","true","local-density","false","11","1","9","1000","1000000","18524"
"2634","true","local-density","false","11","1","9","1000","1000000","18760"
"2635","true","local-density","false","11","1","9","1000","1000000","18543"
"2636","true","local-density","false","11","1","9","1000","1000000","18594"
"2637","true","local-density","false","11","1","9","1000","1000000","18787"
"2638","true","local-density","false","11","1","9","1000","1000000","18905"
"2639","true","local-density","false","11","1","9","1000","1000000","18822"
"2640","true","local-density","false","11","1","9","1000","1000000","18776"
"2642","true","local-density","false","12","1000","4.5","1000","1000000","13944"
"2641","true","local-density","false","12","1000","4.5","1000","1000000","13916"
"2643","true","local-density","false","12","1000","4.5","1000","1000000","13849"
"2645","true","local-density","false","12","1000","4.5","1000","1000000","13896"
"2644","true","local-density","false","12","1000","4.5","1000","1000000","14018"
"2646","true","local-density","false","12","1000","4.5","1000","1000000","14077"
"2647","true","local-density","false","12","1000","4.5","1000","1000000","13931"
"2648","true","local-density","false","12","1000","4.5","1000","1000000","14009"
"2649","true","local-density","false","12","1000","4.5","1000","1000000","13975"
"2650","true","local-density","false","12","1000","4.5","1000","1000000","13911"
"2651","true","local-density","false","12","1000","4.5","1000","1000000","14074"
"2652","true","local-density","false","12","1000","4.5","1000","1000000","13915"
"2654","true","local-density","false","12","1000","4.5","1000","1000000","13921"
"2653","true","local-density","false","12","1000","4.5","1000","1000000","13958"
"2655","true","local-density","false","12","1000","4.5","1000","1000000","14081"
"2656","true","local-density","false","12","1000","4.5","1000","1000000","14006"
"2657","true","local-density","false","12","1000","4.5","1000","1000000","13950"
"2658","true","local-density","false","12","1000","4.5","1000","1000000","14046"
"2659","true","local-density","false","12","1000","4.5","1000","1000000","13977"
"2660","true","local-density","false","12","1000","4.5","1000","1000000","13853"
"2661","true","local-density","false","12","1000","4.5","1000","1000000","13947"
"2662","true","local-density","false","12","1000","4.5","1000","1000000","13981"
"2663","true","local-density","false","12","1000","4.5","1000","1000000","13896"
"2664","true","local-density","false","12","1000","4.5","1000","1000000","13949"
"2665","true","local-density","false","12","1000","4.5","1000","1000000","13985"
"2666","true","local-density","false","12","1000","4.5","1000","1000000","13999"
"2667","true","local-density","false","12","1000","4.5","1000","1000000","13999"
"2668","true","local-density","false","12","1000","4.5","1000","1000000","14150"
"2669","true","local-density","false","12","1000","4.5","1000","1000000","13894"
"2670","true","local-density","false","12","1000","4.5","1000","1000000","14064"
"2671","true","local-density","false","12","1000","4.5","1000","1000000","13887"
"2672","true","local-density","false","12","1000","4.5","1000","1000000","14092"
"2674","true","local-density","false","12","1000","4.5","1000","1000000","13870"
"2673","true","local-density","false","12","1000","4.5","1000","1000000","13961"
"2675","true","local-density","false","12","1000","4.5","1000","1000000","14006"
"2677","true","local-density","false","12","1000","4.5","1000","1000000","13959"
"2676","true","local-density","false","12","1000","4.5","1000","1000000","14080"
"2678","true","local-density","false","12","1000","4.5","1000","1000000","14050"
"2679","true","local-density","false","12","1000","4.5","1000","1000000","13911"
"2680","true","local-density","false","12","1000","4.5","1000","1000000","13847"
"2681","true","local-density","false","12","1000","4.5","1000","1000000","14072"
"2682","true","local-density","false","12","1000","4.5","1000","1000000","13910"
"2683","true","local-density","false","12","1000","4.5","1000","1000000","13899"
"2684","true","local-density","false","12","1000","4.5","1000","1000000","14029"
"2685","true","local-density","false","12","1000","4.5","1000","1000000","13962"
"2686","true","local-density","false","12","1000","4.5","1000","1000000","13987"
"2687","true","local-density","false","12","1000","4.5","1000","1000000","14003"
"2688","true","local-density","false","12","1000","4.5","1000","1000000","14016"
"2689","true","local-density","false","12","1000","4.5","1000","1000000","14054"
"2690","true","local-density","false","12","1000","4.5","1000","1000000","14113"
"2691","true","local-density","false","12","1000","4.5","1000","1000000","13936"
"2693","true","local-density","false","12","1000","4.5","1000","1000000","13922"
"2692","true","local-density","false","12","1000","4.5","1000","1000000","14023"
"2694","true","local-density","false","12","1000","4.5","1000","1000000","13910"
"2695","true","local-density","false","12","1000","4.5","1000","1000000","13977"
"2696","true","local-density","false","12","1000","4.5","1000","1000000","13944"
"2697","true","local-density","false","12","1000","4.5","1000","1000000","13928"
"2698","true","local-density","false","12","1000","4.5","1000","1000000","13885"
"2699","true","local-density","false","12","1000","4.5","1000","1000000","13853"
"2700","true","local-density","false","12","1000","4.5","1000","1000000","13794"
"2701","true","local-density","false","12","1000","9","1000","1000000","14116"
"2702","true","local-density","false","12","1000","9","1000","1000000","14000"
"2703","true","local-density","false","12","1000","9","1000","1000000","14133"
"2704","true","local-density","false","12","1000","9","1000","1000000","14166"
"2705","true","local-density","false","12","1000","9","1000","1000000","14168"
"2706","true","local-density","false","12","1000","9","1000","1000000","14153"
"2707","true","local-density","false","12","1000","9","1000","1000000","14101"
"2709","true","local-density","false","12","1000","9","1000","1000000","14255"
"2708","true","local-density","false","12","1000","9","1000","1000000","14085"
"2710","true","local-density","false","12","1000","9","1000","1000000","14143"
"2711","true","local-density","false","12","1000","9","1000","1000000","14190"
"2712","true","local-density","false","12","1000","9","1000","1000000","14219"
"2713","true","local-density","false","12","1000","9","1000","1000000","14110"
"2715","true","local-density","false","12","1000","9","1000","1000000","14011"
"2714","true","local-density","false","12","1000","9","1000","1000000","14133"
"2717","true","local-density","false","12","1000","9","1000","1000000","14111"
"2716","true","local-density","false","12","1000","9","1000","1000000","14163"
"2718","true","local-density","false","12","1000","9","1000","1000000","14347"
"2719","true","local-density","false","12","1000","9","1000","1000000","14156"
"2720","true","local-density","false","12","1000","9","1000","1000000","14166"
"2721","true","local-density","false","12","1000","9","1000","1000000","14224"
"2722","true","local-density","false","12","1000","9","1000","1000000","14112"
"2723","true","local-density","false","12","1000","9","1000","1000000","14126"
"2724","true","local-density","false","12","1000","9","1000","1000000","14182"
"2725","true","local-density","false","12","1000","9","1000","1000000","13983"
"2727","true","local-density","false","12","1000","9","1000","1000000","14101"
"2726","true","local-density","false","12","1000","9","1000","1000000","14116"
"2728","true","local-density","false","12","1000","9","1000","1000000","14218"
"2729","true","local-density","false","12","1000","9","1000","1000000","14160"
"2733","true","local-density","false","12","1000","9","1000","1000000","14168"
"2731","true","local-density","false","12","1000","9","1000","1000000","14134"
"2730","true","local-density","false","12","1000","9","1000","1000000","14250"
"2732","true","local-density","false","12","1000","9","1000","1000000","14066"
"2735","true","local-density","false","12","1000","9","1000","1000000","14169"
"2734","true","local-density","false","12","1000","9","1000","1000000","14239"
"2736","true","local-density","false","12","1000","9","1000","1000000","14377"
"2737","true","local-density","false","12","1000","9","1000","1000000","14053"
"2738","true","local-density","false","12","1000","9","1000","1000000","13945"
"2740","true","local-density","false","12","1000","9","1000","1000000","14181"
"2739","true","local-density","false","12","1000","9","1000","1000000","14256"
"2741","true","local-density","false","12","1000","9","1000","1000000","14265"
"2743","true","local-density","false","12","1000","9","1000","1000000","14348"
"2742","true","local-density","false","12","1000","9","1000","1000000","14069"
"2744","true","local-density","false","12","1000","9","1000","1000000","14233"
"2745","true","local-density","false","12","1000","9","1000","1000000","14058"
"2746","true","local-density","false","12","1000","9","1000","1000000","14141"
"2747","true","local-density","false","12","1000","9","1000","1000000","14195"
"2748","true","local-density","false","12","1000","9","1000","1000000","14186"
"2749","true","local-density","false","12","1000","9","1000","1000000","14051"
"2750","true","local-density","false","12","1000","9","1000","1000000","14192"
"2751","true","local-density","false","12","1000","9","1000","1000000","14220"
"2752","true","local-density","false","12","1000","9","1000","1000000","14169"
"2755","true","local-density","false","12","1000","9","1000","1000000","14172"
"2753","true","local-density","false","12","1000","9","1000","1000000","14250"
"2757","true","local-density","false","12","1000","9","1000","1000000","13978"
"2754","true","local-density","false","12","1000","9","1000","1000000","14229"
"2756","true","local-density","false","12","1000","9","1000","1000000","14177"
"2758","true","local-density","false","12","1000","9","1000","1000000","14258"
"2759","true","local-density","false","12","1000","9","1000","1000000","14234"
"2760","true","local-density","false","12","1000","9","1000","1000000","14210"
"2761","true","local-density","false","12","1","4.5","1000","1000000","28139"
"2764","true","local-density","false","12","1","4.5","1000","1000000","27734"
"2763","true","local-density","false","12","1","4.5","1000","1000000","27698"
"2762","true","local-density","false","12","1","4.5","1000","1000000","27795"
"2765","true","local-density","false","12","1","4.5","1000","1000000","27385"
"2766","true","local-density","false","12","1","4.5","1000","1000000","27734"
"2767","true","local-density","false","12","1","4.5","1000","1000000","27649"
"2768","true","local-density","false","12","1","4.5","1000","1000000","28086"
"2769","true","local-density","false","12","1","4.5","1000","1000000","27923"
"2770","true","local-density","false","12","1","4.5","1000","1000000","27926"
"2771","true","local-density","false","12","1","4.5","1000","1000000","27780"
"2772","true","local-density","false","12","1","4.5","1000","1000000","27582"
"2773","true","local-density","false","12","1","4.5","1000","1000000","27818"
"2774","true","local-density","false","12","1","4.5","1000","1000000","27894"
"2776","true","local-density","false","12","1","4.5","1000","1000000","28020"
"2775","true","local-density","false","12","1","4.5","1000","1000000","27778"
"2777","true","local-density","false","12","1","4.5","1000","1000000","27713"
"2778","true","local-density","false","12","1","4.5","1000","1000000","27546"
"2779","true","local-density","false","12","1","4.5","1000","1000000","28108"
"2781","true","local-density","false","12","1","4.5","1000","1000000","27857"
"2780","true","local-density","false","12","1","4.5","1000","1000000","27505"
"2782","true","local-density","false","12","1","4.5","1000","1000000","28142"
"2783","true","local-density","false","12","1","4.5","1000","1000000","27755"
"2784","true","local-density","false","12","1","4.5","1000","1000000","27674"
"2785","true","local-density","false","12","1","4.5","1000","1000000","27546"
"2786","true","local-density","false","12","1","4.5","1000","1000000","27522"
"2787","true","local-density","false","12","1","4.5","1000","1000000","27923"
"2789","true","local-density","false","12","1","4.5","1000","1000000","28196"
"2788","true","local-density","false","12","1","4.5","1000","1000000","27432"
"2790","true","local-density","false","12","1","4.5","1000","1000000","28490"
"2791","true","local-density","false","12","1","4.5","1000","1000000","28346"
"2792","true","local-density","false","12","1","4.5","1000","1000000","27668"
"2793","true","local-density","false","12","1","4.5","1000","1000000","28156"
"2794","true","local-density","false","12","1","4.5","1000","1000000","27667"
"2795","true","local-density","false","12","1","4.5","1000","1000000","27643"
"2796","true","local-density","false","12","1","4.5","1000","1000000","27513"
"2797","true","local-density","false","12","1","4.5","1000","1000000","27700"
"2798","true","local-density","false","12","1","4.5","1000","1000000","27759"
"2799","true","local-density","false","12","1","4.5","1000","1000000","27810"
"2800","true","local-density","false","12","1","4.5","1000","1000000","28173"
"2801","true","local-density","false","12","1","4.5","1000","1000000","27663"
"2802","true","local-density","false","12","1","4.5","1000","1000000","27704"
"2803","true","local-density","false","12","1","4.5","1000","1000000","27404"
"2804","true","local-density","false","12","1","4.5","1000","1000000","27857"
"2805","true","local-density","false","12","1","4.5","1000","1000000","28215"
"2806","true","local-density","false","12","1","4.5","1000","1000000","28206"
"2807","true","local-density","false","12","1","4.5","1000","1000000","27378"
"2808","true","local-density","false","12","1","4.5","1000","1000000","27740"
"2809","true","local-density","false","12","1","4.5","1000","1000000","27742"
"2810","true","local-density","false","12","1","4.5","1000","1000000","27644"
"2811","true","local-density","false","12","1","4.5","1000","1000000","27477"
"2812","true","local-density","false","12","1","4.5","1000","1000000","27975"
"2813","true","local-density","false","12","1","4.5","1000","1000000","27741"
"2814","true","local-density","false","12","1","4.5","1000","1000000","28040"
"2815","true","local-density","false","12","1","4.5","1000","1000000","27933"
"2816","true","local-density","false","12","1","4.5","1000","1000000","28020"
"2817","true","local-density","false","12","1","4.5","1000","1000000","27984"
"2818","true","local-density","false","12","1","4.5","1000","1000000","28104"
"2819","true","local-density","false","12","1","4.5","1000","1000000","28163"
"2820","true","local-density","false","12","1","4.5","1000","1000000","28242"
"2821","true","local-density","false","12","1","9","1000","1000000","27852"
"2822","true","local-density","false","12","1","9","1000","1000000","28500"
"2823","true","local-density","false","12","1","9","1000","1000000","27864"
"2824","true","local-density","false","12","1","9","1000","1000000","27814"
"2826","true","local-density","false","12","1","9","1000","1000000","27673"
"2825","true","local-density","false","12","1","9","1000","1000000","27319"
"2827","true","local-density","false","12","1","9","1000","1000000","27735"
"2828","true","local-density","false","12","1","9","1000","1000000","27577"
"2829","true","local-density","false","12","1","9","1000","1000000","27816"
"2830","true","local-density","false","12","1","9","1000","1000000","27426"
"2831","true","local-density","false","12","1","9","1000","1000000","27886"
"2832","true","local-density","false","12","1","9","1000","1000000","27612"
"2833","true","local-density","false","12","1","9","1000","1000000","27460"
"2834","true","local-density","false","12","1","9","1000","1000000","28259"
"2835","true","local-density","false","12","1","9","1000","1000000","27454"
"2836","true","local-density","false","12","1","9","1000","1000000","27745"
"2837","true","local-density","false","12","1","9","1000","1000000","28269"
"2838","true","local-density","false","12","1","9","1000","1000000","27533"
"2839","true","local-density","false","12","1","9","1000","1000000","27916"
"2840","true","local-density","false","12","1","9","1000","1000000","27997"
"2841","true","local-density","false","12","1","9","1000","1000000","28366"
"2842","true","local-density","false","12","1","9","1000","1000000","27807"
"2843","true","local-density","false","12","1","9","1000","1000000","28188"
"2844","true","local-density","false","12","1","9","1000","1000000","27885"
"2845","true","local-density","false","12","1","9","1000","1000000","27988"
"2846","true","local-density","false","12","1","9","1000","1000000","27782"
"2847","true","local-density","false","12","1","9","1000","1000000","27540"
"2848","true","local-density","false","12","1","9","1000","1000000","27945"
"2849","true","local-density","false","12","1","9","1000","1000000","27543"
"2850","true","local-density","false","12","1","9","1000","1000000","27997"
"2851","true","local-density","false","12","1","9","1000","1000000","27773"
"2852","true","local-density","false","12","1","9","1000","1000000","28120"
"2854","true","local-density","false","12","1","9","1000","1000000","28015"
"2853","true","local-density","false","12","1","9","1000","1000000","27819"
"2855","true","local-density","false","12","1","9","1000","1000000","27749"
"2856","true","local-density","false","12","1","9","1000","1000000","27964"
"2857","true","local-density","false","12","1","9","1000","1000000","27949"
"2858","true","local-density","false","12","1","9","1000","1000000","27911"
"2859","true","local-density","false","12","1","9","1000","1000000","27912"
"2860","true","local-density","false","12","1","9","1000","1000000","28075"
"2861","true","local-density","false","12","1","9","1000","1000000","27766"
"2862","true","local-density","false","12","1","9","1000","1000000","27726"
"2863","true","local-density","false","12","1","9","1000","1000000","27909"
"2864","true","local-density","false","12","1","9","1000","1000000","28067"
"2865","true","local-density","false","12","1","9","1000","1000000","28069"
"2866","true","local-density","false","12","1","9","1000","1000000","27965"
"2868","true","local-density","false","12","1","9","1000","1000000","28104"
"2867","true","local-density","false","12","1","9","1000","1000000","27658"
"2869","true","local-density","false","12","1","9","1000","1000000","27703"
"2870","true","local-density","false","12","1","9","1000","1000000","27806"
"2871","true","local-density","false","12","1","9","1000","1000000","28259"
"2872","true","local-density","false","12","1","9","1000","1000000","27690"
"2873","true","local-density","false","12","1","9","1000","1000000","27570"
"2874","true","local-density","false","12","1","9","1000","1000000","28023"
"2876","true","local-density","false","12","1","9","1000","1000000","28005"
"2875","true","local-density","false","12","1","9","1000","1000000","27984"
"2877","true","local-density","false","12","1","9","1000","1000000","27840"
"2878","true","local-density","false","12","1","9","1000","1000000","27988"
"2879","true","local-density","false","12","1","9","1000","1000000","27798"
"2880","true","local-density","false","12","1","9","1000","1000000","27650"
"2881","true","local-density","false","13","1000","4.5","1000","1000000","18334"
"2882","true","local-density","false","13","1000","4.5","1000","1000000","18656"
"2883","true","local-density","false","13","1000","4.5","1000","1000000","18288"
"2884","true","local-density","false","13","1000","4.5","1000","1000000","18471"
"2885","true","local-density","false","13","1000","4.5","1000","1000000","18571"
"2886","true","local-density","false","13","1000","4.5","1000","1000000","18569"
"2887","true","local-density","false","13","1000","4.5","1000","1000000","18587"
"2888","true","local-density","false","13","1000","4.5","1000","1000000","18495"
"2889","true","local-density","false","13","1000","4.5","1000","1000000","18447"
"2890","true","local-density","false","13","1000","4.5","1000","1000000","18425"
"2891","true","local-density","false","13","1000","4.5","1000","1000000","18475"
"2892","true","local-density","false","13","1000","4.5","1000","1000000","18628"
"2893","true","local-density","false","13","1000","4.5","1000","1000000","18466"
"2894","true","local-density","false","13","1000","4.5","1000","1000000","18549"
"2895","true","local-density","false","13","1000","4.5","1000","1000000","18580"
"2896","true","local-density","false","13","1000","4.5","1000","1000000","18440"
"2897","true","local-density","false","13","1000","4.5","1000","1000000","18474"
"2898","true","local-density","false","13","1000","4.5","1000","1000000","18585"
"2899","true","local-density","false","13","1000","4.5","1000","1000000","18237"
"2900","true","local-density","false","13","1000","4.5","1000","1000000","18378"
"2901","true","local-density","false","13","1000","4.5","1000","1000000","18435"
"2902","true","local-density","false","13","1000","4.5","1000","1000000","18419"
"2903","true","local-density","false","13","1000","4.5","1000","1000000","18577"
"2904","true","local-density","false","13","1000","4.5","1000","1000000","18510"
"2905","true","local-density","false","13","1000","4.5","1000","1000000","18500"
"2906","true","local-density","false","13","1000","4.5","1000","1000000","18312"
"2907","true","local-density","false","13","1000","4.5","1000","1000000","18306"
"2908","true","local-density","false","13","1000","4.5","1000","1000000","18385"
"2909","true","local-density","false","13","1000","4.5","1000","1000000","18588"
"2910","true","local-density","false","13","1000","4.5","1000","1000000","18663"
"2911","true","local-density","false","13","1000","4.5","1000","1000000","18434"
"2912","true","local-density","false","13","1000","4.5","1000","1000000","18537"
"2913","true","local-density","false","13","1000","4.5","1000","1000000","18475"
"2914","true","local-density","false","13","1000","4.5","1000","1000000","18396"
"2915","true","local-density","false","13","1000","4.5","1000","1000000","18616"
"2916","true","local-density","false","13","1000","4.5","1000","1000000","18427"
"2917","true","local-density","false","13","1000","4.5","1000","1000000","18447"
"2918","true","local-density","false","13","1000","4.5","1000","1000000","18546"
"2919","true","local-density","false","13","1000","4.5","1000","1000000","18404"
"2920","true","local-density","false","13","1000","4.5","1000","1000000","18325"
"2921","true","local-density","false","13","1000","4.5","1000","1000000","18465"
"2922","true","local-density","false","13","1000","4.5","1000","1000000","18696"
"2923","true","local-density","false","13","1000","4.5","1000","1000000","18353"
"2925","true","local-density","false","13","1000","4.5","1000","1000000","18414"
"2924","true","local-density","false","13","1000","4.5","1000","1000000","18443"
"2926","true","local-density","false","13","1000","4.5","1000","1000000","18365"
"2927","true","local-density","false","13","1000","4.5","1000","1000000","18457"
"2928","true","local-density","false","13","1000","4.5","1000","1000000","18317"
"2929","true","local-density","false","13","1000","4.5","1000","1000000","18675"
"2930","true","local-density","false","13","1000","4.5","1000","1000000","18638"
"2931","true","local-density","false","13","1000","4.5","1000","1000000","18433"
"2932","true","local-density","false","13","1000","4.5","1000","1000000","18377"
"2933","true","local-density","false","13","1000","4.5","1000","1000000","18404"
"2934","true","local-density","false","13","1000","4.5","1000","1000000","18499"
"2935","true","local-density","false","13","1000","4.5","1000","1000000","18557"
"2936","true","local-density","false","13","1000","4.5","1000","1000000","18574"
"2937","true","local-density","false","13","1000","4.5","1000","1000000","18356"
"2938","true","local-density","false","13","1000","4.5","1000","1000000","18297"
"2939","true","local-density","false","13","1000","4.5","1000","1000000","18395"
"2941","true","local-density","false","13","1000","9","1000","1000000","18503"
"2940","true","local-density","false","13","1000","4.5","1000","1000000","18510"
"2942","true","local-density","false","13","1000","9","1000","1000000","18554"
"2943","true","local-density","false","13","1000","9","1000","1000000","18501"
"2944","true","local-density","false","13","1000","9","1000","1000000","18874"
"2945","true","local-density","false","13","1000","9","1000","1000000","18724"
"2946","true","local-density","false","13","1000","9","1000","1000000","18678"
"2947","true","local-density","false","13","1000","9","1000","1000000","18649"
"2948","true","local-density","false","13","1000","9","1000","1000000","18495"
"2949","true","local-density","false","13","1000","9","1000","1000000","18802"
"2950","true","local-density","false","13","1000","9","1000","1000000","18814"
"2951","true","local-density","false","13","1000","9","1000","1000000","18477"
"2952","true","local-density","false","13","1000","9","1000","1000000","18835"
"2953","true","local-density","false","13","1000","9","1000","1000000","18517"
"2954","true","local-density","false","13","1000","9","1000","1000000","18628"
"2955","true","local-density","false","13","1000","9","1000","1000000","18483"
"2957","true","local-density","false","13","1000","9","1000","1000000","18607"
"2956","true","local-density","false","13","1000","9","1000","1000000","18620"
"2958","true","local-density","false","13","1000","9","1000","1000000","18630"
"2959","true","local-density","false","13","1000","9","1000","1000000","18661"
"2960","true","local-density","false","13","1000","9","1000","1000000","18670"
"2961","true","local-density","false","13","1000","9","1000","1000000","18829"
"2962","true","local-density","false","13","1000","9","1000","1000000","18655"
"2963","true","local-density","false","13","1000","9","1000","1000000","18627"
"2965","true","local-density","false","13","1000","9","1000","1000000","18383"
"2964","true","local-density","false","13","1000","9","1000","1000000","18442"
"2966","true","local-density","false","13","1000","9","1000","1000000","18702"
"2967","true","local-density","false","13","1000","9","1000","1000000","18617"
"2968","true","local-density","false","13","1000","9","1000","1000000","18641"
"2969","true","local-density","false","13","1000","9","1000","1000000","18611"
"2970","true","local-density","false","13","1000","9","1000","1000000","18764"
"2971","true","local-density","false","13","1000","9","1000","1000000","18574"
"2972","true","local-density","false","13","1000","9","1000","1000000","18663"
"2974","true","local-density","false","13","1000","9","1000","1000000","18705"
"2973","true","local-density","false","13","1000","9","1000","1000000","18631"
"2975","true","local-density","false","13","1000","9","1000","1000000","18628"
"2976","true","local-density","false","13","1000","9","1000","1000000","18669"
"2977","true","local-density","false","13","1000","9","1000","1000000","18617"
"2978","true","local-density","false","13","1000","9","1000","1000000","18680"
"2979","true","local-density","false","13","1000","9","1000","1000000","18832"
"2980","true","local-density","false","13","1000","9","1000","1000000","18367"
"2981","true","local-density","false","13","1000","9","1000","1000000","18552"
"2982","true","local-density","false","13","1000","9","1000","1000000","18720"
"2983","true","local-density","false","13","1000","9","1000","1000000","18584"
"2984","true","local-density","false","13","1000","9","1000","1000000","18511"
"2985","true","local-density","false","13","1000","9","1000","1000000","18696"
"2986","true","local-density","false","13","1000","9","1000","1000000","18840"
"2987","true","local-density","false","13","1000","9","1000","1000000","18457"
"2988","true","local-density","false","13","1000","9","1000","1000000","18745"
"2990","true","local-density","false","13","1000","9","1000","1000000","18671"
"2989","true","local-density","false","13","1000","9","1000","1000000","18566"
"2991","true","local-density","false","13","1000","9","1000","1000000","18523"
"2992","true","local-density","false","13","1000","9","1000","1000000","18731"
"2993","true","local-density","false","13","1000","9","1000","1000000","18743"
"2994","true","local-density","false","13","1000","9","1000","1000000","18536"
"2995","true","local-density","false","13","1000","9","1000","1000000","18503"
"2996","true","local-density","false","13","1000","9","1000","1000000","18573"
"2997","true","local-density","false","13","1000","9","1000","1000000","18720"
"2998","true","local-density","false","13","1000","9","1000","1000000","18590"
"2999","true","local-density","false","13","1000","9","1000","1000000","18507"
"3000","true","local-density","false","13","1000","9","1000","1000000","18624"
"3001","true","local-density","false","13","1","4.5","1000","1000000","36436"
"3002","true","local-density","false","13","1","4.5","1000","1000000","36556"
"3003","true","local-density","false","13","1","4.5","1000","1000000","35730"
"3004","true","local-density","false","13","1","4.5","1000","1000000","36296"
"3005","true","local-density","false","13","1","4.5","1000","1000000","36112"
"3006","true","local-density","false","13","1","4.5","1000","1000000","35776"
"3007","true","local-density","false","13","1","4.5","1000","1000000","36329"
"3008","true","local-density","false","13","1","4.5","1000","1000000","36317"
"3009","true","local-density","false","13","1","4.5","1000","1000000","35992"
"3010","true","local-density","false","13","1","4.5","1000","1000000","36541"
"3011","true","local-density","false","13","1","4.5","1000","1000000","36145"
"3012","true","local-density","false","13","1","4.5","1000","1000000","35488"
"3013","true","local-density","false","13","1","4.5","1000","1000000","35690"
"3014","true","local-density","false","13","1","4.5","1000","1000000","36255"
"3015","true","local-density","false","13","1","4.5","1000","1000000","35284"
"3016","true","local-density","false","13","1","4.5","1000","1000000","34468"
"3017","true","local-density","false","13","1","4.5","1000","1000000","35955"
"3018","true","local-density","false","13","1","4.5","1000","1000000","35531"
"3019","true","local-density","false","13","1","4.5","1000","1000000","36588"
"3020","true","local-density","false","13","1","4.5","1000","1000000","35882"
"3021","true","local-density","false","13","1","4.5","1000","1000000","36039"
"3022","true","local-density","false","13","1","4.5","1000","1000000","35759"
"3023","true","local-density","false","13","1","4.5","1000","1000000","36342"
"3024","true","local-density","false","13","1","4.5","1000","1000000","35893"
"3025","true","local-density","false","13","1","4.5","1000","1000000","34818"
"3026","true","local-density","false","13","1","4.5","1000","1000000","35481"
"3027","true","local-density","false","13","1","4.5","1000","1000000","34456"
"3028","true","local-density","false","13","1","4.5","1000","1000000","35621"
"3029","true","local-density","false","13","1","4.5","1000","1000000","36633"
"3030","true","local-density","false","13","1","4.5","1000","1000000","35929"
"3031","true","local-density","false","13","1","4.5","1000","1000000","36444"
"3032","true","local-density","false","13","1","4.5","1000","1000000","35907"
"3033","true","local-density","false","13","1","4.5","1000","1000000","35704"
"3034","true","local-density","false","13","1","4.5","1000","1000000","35049"
"3035","true","local-density","false","13","1","4.5","1000","1000000","35341"
"3037","true","local-density","false","13","1","4.5","1000","1000000","36183"
"3036","true","local-density","false","13","1","4.5","1000","1000000","36842"
"3038","true","local-density","false","13","1","4.5","1000","1000000","35624"
"3039","true","local-density","false","13","1","4.5","1000","1000000","37557"
"3040","true","local-density","false","13","1","4.5","1000","1000000","35059"
"3041","true","local-density","false","13","1","4.5","1000","1000000","36166"
"3042","true","local-density","false","13","1","4.5","1000","1000000","36403"
"3043","true","local-density","false","13","1","4.5","1000","1000000","35372"
"3045","true","local-density","false","13","1","4.5","1000","1000000","35284"
"3044","true","local-density","false","13","1","4.5","1000","1000000","35849"
"3046","true","local-density","false","13","1","4.5","1000","1000000","35482"
"3047","true","local-density","false","13","1","4.5","1000","1000000","36515"
"3048","true","local-density","false","13","1","4.5","1000","1000000","36148"
"3049","true","local-density","false","13","1","4.5","1000","1000000","35806"
"3050","true","local-density","false","13","1","4.5","1000","1000000","36259"
"3051","true","local-density","false","13","1","4.5","1000","1000000","35543"
"3052","true","local-density","false","13","1","4.5","1000","1000000","35778"
"3053","true","local-density","false","13","1","4.5","1000","1000000","35532"
"3054","true","local-density","false","13","1","4.5","1000","1000000","34873"
"3055","true","local-density","false","13","1","4.5","1000","1000000","36132"
"3056","true","local-density","false","13","1","4.5","1000","1000000","35919"
"3057","true","local-density","false","13","1","4.5","1000","1000000","36566"
"3058","true","local-density","false","13","1","4.5","1000","1000000","36827"
"3059","true","local-density","false","13","1","4.5","1000","1000000","35241"
"3060","true","local-density","false","13","1","4.5","1000","1000000","35018"
"3061","true","local-density","false","13","1","9","1000","1000000","35831"
"3062","true","local-density","false","13","1","9","1000","1000000","36025"
"3063","true","local-density","false","13","1","9","1000","1000000","36271"
"3064","true","local-density","false","13","1","9","1000","1000000","34909"
"3065","true","local-density","false","13","1","9","1000","1000000","35870"
"3066","true","local-density","false","13","1","9","1000","1000000","35690"
"3067","true","local-density","false","13","1","9","1000","1000000","35853"
"3068","true","local-density","false","13","1","9","1000","1000000","36196"
"3069","true","local-density","false","13","1","9","1000","1000000","34948"
"3070","true","local-density","false","13","1","9","1000","1000000","35735"
"3071","true","local-density","false","13","1","9","1000","1000000","35872"
"3072","true","local-density","false","13","1","9","1000","1000000","34893"
"3073","true","local-density","false","13","1","9","1000","1000000","36383"
"3074","true","local-density","false","13","1","9","1000","1000000","35220"
"3077","true","local-density","false","13","1","9","1000","1000000","36439"
"3075","true","local-density","false","13","1","9","1000","1000000","35392"
"3078","true","local-density","false","13","1","9","1000","1000000","36767"
"3076","true","local-density","false","13","1","9","1000","1000000","35822"
"3079","true","local-density","false","13","1","9","1000","1000000","35958"
"3081","true","local-density","false","13","1","9","1000","1000000","36490"
"3080","true","local-density","false","13","1","9","1000","1000000","35999"
"3082","true","local-density","false","13","1","9","1000","1000000","35397"
"3083","true","local-density","false","13","1","9","1000","1000000","35976"
"3084","true","local-density","false","13","1","9","1000","1000000","36080"
"3086","true","local-density","false","13","1","9","1000","1000000","36465"
"3085","true","local-density","false","13","1","9","1000","1000000","34969"
"3087","true","local-density","false","13","1","9","1000","1000000","36956"
"3088","true","local-density","false","13","1","9","1000","1000000","35633"
"3089","true","local-density","false","13","1","9","1000","1000000","36124"
"3090","true","local-density","false","13","1","9","1000","1000000","35494"
"3092","true","local-density","false","13","1","9","1000","1000000","35786"
"3091","true","local-density","false","13","1","9","1000","1000000","36379"
"3093","true","local-density","false","13","1","9","1000","1000000","35342"
"3094","true","local-density","false","13","1","9","1000","1000000","35982"
"3095","true","local-density","false","13","1","9","1000","1000000","36333"
"3096","true","local-density","false","13","1","9","1000","1000000","36066"
"3097","true","local-density","false","13","1","9","1000","1000000","36810"
"3098","true","local-density","false","13","1","9","1000","1000000","35854"
"3099","true","local-density","false","13","1","9","1000","1000000","36548"
"3101","true","local-density","false","13","1","9","1000","1000000","35451"
"3100","true","local-density","false","13","1","9","1000","1000000","36176"
"3102","true","local-density","false","13","1","9","1000","1000000","36429"
"3103","true","local-density","false","13","1","9","1000","1000000","36028"
"3104","true","local-density","false","13","1","9","1000","1000000","36515"
"3105","true","local-density","false","13","1","9","1000","1000000","35289"
"3106","true","local-density","false","13","1","9","1000","1000000","35883"
"3109","true","local-density","false","13","1","9","1000","1000000","36075"
"3108","true","local-density","false","13","1","9","1000","1000000","36426"
"3107","true","local-density","false","13","1","9","1000","1000000","36838"
"3110","true","local-density","false","13","1","9","1000","1000000","36492"
"3111","true","local-density","false","13","1","9","1000","1000000","36161"
"3112","true","local-density","false","13","1","9","1000","1000000","36860"
"3114","true","local-density","false","13","1","9","1000","1000000","35740"
"3113","true","local-density","false","13","1","9","1000","1000000","35949"
"3116","true","local-density","false","13","1","9","1000","1000000","36793"
"3117","true","local-density","false","13","1","9","1000","1000000","35560"
"3115","true","local-density","false","13","1","9","1000","1000000","36619"
"3118","true","local-density","false","13","1","9","1000","1000000","35542"
"3119","true","local-density","false","13","1","9","1000","1000000","35847"
"3120","true","local-density","false","13","1","9","1000","1000000","36189"
"3121","true","local-density","false","14","1000","4.5","1000","1000000","22645"
"3122","true","local-density","false","14","1000","4.5","1000","1000000","22759"
"3123","true","local-density","false","14","1000","4.5","1000","1000000","22716"
"3125","true","local-density","false","14","1000","4.5","1000","1000000","22641"
"3124","true","local-density","false","14","1000","4.5","1000","1000000","22465"
"3126","true","local-density","false","14","1000","4.5","1000","1000000","22510"
"3127","true","local-density","false","14","1000","4.5","1000","1000000","22528"
"3128","true","local-density","false","14","1000","4.5","1000","1000000","22736"
"3129","true","local-density","false","14","1000","4.5","1000","1000000","22537"
"3130","true","local-density","false","14","1000","4.5","1000","1000000","22560"
"3131","true","local-density","false","14","1000","4.5","1000","1000000","22566"
"3132","true","local-density","false","14","1000","4.5","1000","1000000","22629"
"3133","true","local-density","false","14","1000","4.5","1000","1000000","22551"
"3134","true","local-density","false","14","1000","4.5","1000","1000000","22721"
"3135","true","local-density","false","14","1000","4.5","1000","1000000","22602"
"3136","true","local-density","false","14","1000","4.5","1000","1000000","22707"
"3137","true","local-density","false","14","1000","4.5","1000","1000000","22814"
"3138","true","local-density","false","14","1000","4.5","1000","1000000","22828"
"3139","true","local-density","false","14","1000","4.5","1000","1000000","22721"
"3140","true","local-density","false","14","1000","4.5","1000","1000000","22794"
"3141","true","local-density","false","14","1000","4.5","1000","1000000","22542"
"3142","true","local-density","false","14","1000","4.5","1000","1000000","22663"
"3143","true","local-density","false","14","1000","4.5","1000","1000000","22760"
"3144","true","local-density","false","14","1000","4.5","1000","1000000","22871"
"3145","true","local-density","false","14","1000","4.5","1000","1000000","22634"
"3146","true","local-density","false","14","1000","4.5","1000","1000000","22821"
"3148","true","local-density","false","14","1000","4.5","1000","1000000","22614"
"3147","true","local-density","false","14","1000","4.5","1000","1000000","22793"
"3149","true","local-density","false","14","1000","4.5","1000","1000000","22612"
"3150","true","local-density","false","14","1000","4.5","1000","1000000","22766"
"3151","true","local-density","false","14","1000","4.5","1000","1000000","22498"
"3152","true","local-density","false","14","1000","4.5","1000","1000000","22761"
"3153","true","local-density","false","14","1000","4.5","1000","1000000","22543"
"3154","true","local-density","false","14","1000","4.5","1000","1000000","22696"
"3155","true","local-density","false","14","1000","4.5","1000","1000000","22994"
"3156","true","local-density","false","14","1000","4.5","1000","1000000","22610"
"3157","true","local-density","false","14","1000","4.5","1000","1000000","22788"
"3158","true","local-density","false","14","1000","4.5","1000","1000000","22768"
"3159","true","local-density","false","14","1000","4.5","1000","1000000","22512"
"3160","true","local-density","false","14","1000","4.5","1000","1000000","22782"
"3161","true","local-density","false","14","1000","4.5","1000","1000000","22755"
"3162","true","local-density","false","14","1000","4.5","1000","1000000","22923"
"3163","true","local-density","false","14","1000","4.5","1000","1000000","22633"
"3164","true","local-density","false","14","1000","4.5","1000","1000000","22780"
"3165","true","local-density","false","14","1000","4.5","1000","1000000","22597"
"3166","true","local-density","false","14","1000","4.5","1000","1000000","22523"
"3167","true","local-density","false","14","1000","4.5","1000","1000000","22477"
"3168","true","local-density","false","14","1000","4.5","1000","1000000","22693"
"3169","true","local-density","false","14","1000","4.5","1000","1000000","22608"
"3170","true","local-density","false","14","1000","4.5","1000","1000000","22820"
"3171","true","local-density","false","14","1000","4.5","1000","1000000","22605"
"3172","true","local-density","false","14","1000","4.5","1000","1000000","22664"
"3173","true","local-density","false","14","1000","4.5","1000","1000000","22602"
"3174","true","local-density","false","14","1000","4.5","1000","1000000","22757"
"3175","true","local-density","false","14","1000","4.5","1000","1000000","22611"
"3176","true","local-density","false","14","1000","4.5","1000","1000000","22810"
"3177","true","local-density","false","14","1000","4.5","1000","1000000","22689"
"3178","true","local-density","false","14","1000","4.5","1000","1000000","22421"
"3179","true","local-density","false","14","1000","4.5","1000","1000000","22591"
"3180","true","local-density","false","14","1000","4.5","1000","1000000","22477"
"3181","true","local-density","false","14","1000","9","1000","1000000","22989"
"3182","true","local-density","false","14","1000","9","1000","1000000","22809"
"3183","true","local-density","false","14","1000","9","1000","1000000","22684"
"3184","true","local-density","false","14","1000","9","1000","1000000","22685"
"3185","true","local-density","false","14","1000","9","1000","1000000","22874"
"3187","true","local-density","false","14","1000","9","1000","1000000","22465"
"3186","true","local-density","false","14","1000","9","1000","1000000","22761"
"3188","true","local-density","false","14","1000","9","1000","1000000","22855"
"3189","true","local-density","false","14","1000","9","1000","1000000","22684"
"3190","true","local-density","false","14","1000","9","1000","1000000","22558"
"3191","true","local-density","false","14","1000","9","1000","1000000","22725"
"3192","true","local-density","false","14","1000","9","1000","1000000","22629"
"3193","true","local-density","false","14","1000","9","1000","1000000","22581"
"3194","true","local-density","false","14","1000","9","1000","1000000","22988"
"3195","true","local-density","false","14","1000","9","1000","1000000","22788"
"3196","true","local-density","false","14","1000","9","1000","1000000","22846"
"3197","true","local-density","false","14","1000","9","1000","1000000","22548"
"3198","true","local-density","false","14","1000","9","1000","1000000","22628"
"3199","true","local-density","false","14","1000","9","1000","1000000","22747"
"3200","true","local-density","false","14","1000","9","1000","1000000","22847"
"3201","true","local-density","false","14","1000","9","1000","1000000","22859"
"3202","true","local-density","false","14","1000","9","1000","1000000","22824"
"3203","true","local-density","false","14","1000","9","1000","1000000","22730"
"3204","true","local-density","false","14","1000","9","1000","1000000","22763"
"3205","true","local-density","false","14","1000","9","1000","1000000","22780"
"3206","true","local-density","false","14","1000","9","1000","1000000","22892"
"3207","true","local-density","false","14","1000","9","1000","1000000","22586"
"3208","true","local-density","false","14","1000","9","1000","1000000","22681"
"3209","true","local-density","false","14","1000","9","1000","1000000","22833"
"3210","true","local-density","false","14","1000","9","1000","1000000","22581"
"3211","true","local-density","false","14","1000","9","1000","1000000","23086"
"3212","true","local-density","false","14","1000","9","1000","1000000","22929"
"3213","true","local-density","false","14","1000","9","1000","1000000","22767"
"3214","true","local-density","false","14","1000","9","1000","1000000","22724"
"3215","true","local-density","false","14","1000","9","1000","1000000","22716"
"3216","true","local-density","false","14","1000","9","1000","1000000","22787"
"3217","true","local-density","false","14","1000","9","1000","1000000","22620"
"3218","true","local-density","false","14","1000","9","1000","1000000","22639"
"3219","true","local-density","false","14","1000","9","1000","1000000","22951"
"3220","true","local-density","false","14","1000","9","1000","1000000","22820"
"3221","true","local-density","false","14","1000","9","1000","1000000","22905"
"3222","true","local-density","false","14","1000","9","1000","1000000","22990"
"3223","true","local-density","false","14","1000","9","1000","1000000","22753"
"3224","true","local-density","false","14","1000","9","1000","1000000","22497"
"3225","true","local-density","false","14","1000","9","1000","1000000","22859"
"3226","true","local-density","false","14","1000","9","1000","1000000","22727"
"3227","true","local-density","false","14","1000","9","1000","1000000","22915"
"3228","true","local-density","false","14","1000","9","1000","1000000","22885"
"3229","true","local-density","false","14","1000","9","1000","1000000","22561"
"3230","true","local-density","false","14","1000","9","1000","1000000","22634"
"3231","true","local-density","false","14","1000","9","1000","1000000","22709"
"3232","true","local-density","false","14","1000","9","1000","1000000","22725"
"3233","true","local-density","false","14","1000","9","1000","1000000","22875"
"3234","true","local-density","false","14","1000","9","1000","1000000","22894"
"3235","true","local-density","false","14","1000","9","1000","1000000","22624"
"3236","true","local-density","false","14","1000","9","1000","1000000","22953"
"3237","true","local-density","false","14","1000","9","1000","1000000","22650"
"3238","true","local-density","false","14","1000","9","1000","1000000","22920"
"3239","true","local-density","false","14","1000","9","1000","1000000","22565"
"3240","true","local-density","false","14","1000","9","1000","1000000","22866"
"3241","true","local-density","false","14","1","4.5","1000","1000000","43228"
"3242","true","local-density","false","14","1","4.5","1000","1000000","44072"
"3243","true","local-density","false","14","1","4.5","1000","1000000","42844"
"3244","true","local-density","false","14","1","4.5","1000","1000000","42988"
"3245","true","local-density","false","14","1","4.5","1000","1000000","43063"
"3246","true","local-density","false","14","1","4.5","1000","1000000","42702"
"3247","true","local-density","false","14","1","4.5","1000","1000000","43284"
"3248","true","local-density","false","14","1","4.5","1000","1000000","43488"
"3249","true","local-density","false","14","1","4.5","1000","1000000","42899"
"3250","true","local-density","false","14","1","4.5","1000","1000000","42866"
"3251","true","local-density","false","14","1","4.5","1000","1000000","43352"
"3252","true","local-density","false","14","1","4.5","1000","1000000","43423"
"3253","true","local-density","false","14","1","4.5","1000","1000000","44119"
"3254","true","local-density","false","14","1","4.5","1000","1000000","43619"
"3255","true","local-density","false","14","1","4.5","1000","1000000","44677"
"3256","true","local-density","false","14","1","4.5","1000","1000000","43750"
"3257","true","local-density","false","14","1","4.5","1000","1000000","44088"
"3258","true","local-density","false","14","1","4.5","1000","1000000","42929"
"3259","true","local-density","false","14","1","4.5","1000","1000000","43735"
"3260","true","local-density","false","14","1","4.5","1000","1000000","43291"
"3262","true","local-density","false","14","1","4.5","1000","1000000","44730"
"3261","true","local-density","false","14","1","4.5","1000","1000000","44340"
"3263","true","local-density","false","14","1","4.5","1000","1000000","43218"
"3264","true","local-density","false","14","1","4.5","1000","1000000","43114"
"3265","true","local-density","false","14","1","4.5","1000","1000000","43391"
"3266","true","local-density","false","14","1","4.5","1000","1000000","43150"
"3267","true","local-density","false","14","1","4.5","1000","1000000","43055"
"3268","true","local-density","false","14","1","4.5","1000","1000000","43091"
"3269","true","local-density","false","14","1","4.5","1000","1000000","44423"
"3270","true","local-density","false","14","1","4.5","1000","1000000","42901"
"3271","true","local-density","false","14","1","4.5","1000","1000000","43529"
"3272","true","local-density","false","14","1","4.5","1000","1000000","42727"
"3273","true","local-density","false","14","1","4.5","1000","1000000","42710"
"3274","true","local-density","false","14","1","4.5","1000","1000000","43395"
"3276","true","local-density","false","14","1","4.5","1000","1000000","43891"
"3275","true","local-density","false","14","1","4.5","1000","1000000","44254"
"3278","true","local-density","false","14","1","4.5","1000","1000000","44378"
"3277","true","local-density","false","14","1","4.5","1000","1000000","42815"
"3279","true","local-density","false","14","1","4.5","1000","1000000","43081"
"3280","true","local-density","false","14","1","4.5","1000","1000000","42893"
"3281","true","local-density","false","14","1","4.5","1000","1000000","43476"
"3282","true","local-density","false","14","1","4.5","1000","1000000","43296"
"3283","true","local-density","false","14","1","4.5","1000","1000000","45049"
"3284","true","local-density","false","14","1","4.5","1000","1000000","42962"
"3285","true","local-density","false","14","1","4.5","1000","1000000","43576"
"3286","true","local-density","false","14","1","4.5","1000","1000000","43842"
"3287","true","local-density","false","14","1","4.5","1000","1000000","43513"
"3288","true","local-density","false","14","1","4.5","1000","1000000","43596"
"3289","true","local-density","false","14","1","4.5","1000","1000000","43698"
"3290","true","local-density","false","14","1","4.5","1000","1000000","43191"
"3291","true","local-density","false","14","1","4.5","1000","1000000","43342"
"3293","true","local-density","false","14","1","4.5","1000","1000000","44001"
"3292","true","local-density","false","14","1","4.5","1000","1000000","44226"
"3294","true","local-density","false","14","1","4.5","1000","1000000","44312"
"3295","true","local-density","false","14","1","4.5","1000","1000000","44362"
"3296","true","local-density","false","14","1","4.5","1000","1000000","43069"
"3297","true","local-density","false","14","1","4.5","1000","1000000","43866"
"3298","true","local-density","false","14","1","4.5","1000","1000000","43774"
"3299","true","local-density","false","14","1","4.5","1000","1000000","42749"
"3300","true","local-density","false","14","1","4.5","1000","1000000","42766"
"3302","true","local-density","false","14","1","9","1000","1000000","42416"
"3301","true","local-density","false","14","1","9","1000","1000000","43436"
"3303","true","local-density","false","14","1","9","1000","1000000","44724"
"3304","true","local-density","false","14","1","9","1000","1000000","43667"
"3305","true","local-density","false","14","1","9","1000","1000000","43758"
"3306","true","local-density","false","14","1","9","1000","1000000","42935"
"3307","true","local-density","false","14","1","9","1000","1000000","43120"
"3308","true","local-density","false","14","1","9","1000","1000000","44069"
"3310","true","local-density","false","14","1","9","1000","1000000","43583"
"3309","true","local-density","false","14","1","9","1000","1000000","43868"
"3311","true","local-density","false","14","1","9","1000","1000000","43983"
"3312","true","local-density","false","14","1","9","1000","1000000","43574"
"3313","true","local-density","false","14","1","9","1000","1000000","43435"
"3314","true","local-density","false","14","1","9","1000","1000000","43268"
"3315","true","local-density","false","14","1","9","1000","1000000","44164"
"3316","true","local-density","false","14","1","9","1000","1000000","42687"
"3317","true","local-density","false","14","1","9","1000","1000000","43343"
"3318","true","local-density","false","14","1","9","1000","1000000","43398"
"3319","true","local-density","false","14","1","9","1000","1000000","44833"
"3320","true","local-density","false","14","1","9","1000","1000000","43626"
"3321","true","local-density","false","14","1","9","1000","1000000","44222"
"3322","true","local-density","false","14","1","9","1000","1000000","43805"
"3323","true","local-density","false","14","1","9","1000","1000000","43721"
"3324","true","local-density","false","14","1","9","1000","1000000","43311"
"3325","true","local-density","false","14","1","9","1000","1000000","43021"
"3326","true","local-density","false","14","1","9","1000","1000000","44262"
"3327","true","local-density","false","14","1","9","1000","1000000","43684"
"3328","true","local-density","false","14","1","9","1000","1000000","43428"
"3329","true","local-density","false","14","1","9","1000","1000000","43619"
"3330","true","local-density","false","14","1","9","1000","1000000","43436"
"3331","true","local-density","false","14","1","9","1000","1000000","42615"
"3332","true","local-density","false","14","1","9","1000","1000000","43298"
"3333","true","local-density","false","14","1","9","1000","1000000","43160"
"3334","true","local-density","false","14","1","9","1000","1000000","42576"
"3335","true","local-density","false","14","1","9","1000","1000000","43430"
"3336","true","local-density","false","14","1","9","1000","1000000","43155"
"3337","true","local-density","false","14","1","9","1000","1000000","43056"
"3338","true","local-density","false","14","1","9","1000","1000000","43450"
"3339","true","local-density","false","14","1","9","1000","1000000","43840"
"3340","true","local-density","false","14","1","9","1000","1000000","43573"
"3341","true","local-density","false","14","1","9","1000","1000000","43574"
"3342","true","local-density","false","14","1","9","1000","1000000","42485"
"3343","true","local-density","false","14","1","9","1000","1000000","44135"
"3344","true","local-density","false","14","1","9","1000","1000000","43128"
"3345","true","local-density","false","14","1","9","1000","1000000","43328"
"3346","true","local-density","false","14","1","9","1000","1000000","43510"
"3347","true","local-density","false","14","1","9","1000","1000000","42963"
"3348","true","local-density","false","14","1","9","1000","1000000","44280"
"3349","true","local-density","false","14","1","9","1000","1000000","43082"
"3350","true","local-density","false","14","1","9","1000","1000000","44040"
"3351","true","local-density","false","14","1","9","1000","1000000","43848"
"3352","true","local-density","false","14","1","9","1000","1000000","42998"
"3353","true","local-density","false","14","1","9","1000","1000000","43261"
"3354","true","local-density","false","14","1","9","1000","1000000","43736"
"3355","true","local-density","false","14","1","9","1000","1000000","44301"
"3356","true","local-density","false","14","1","9","1000","1000000","43947"
"3357","true","local-density","false","14","1","9","1000","1000000","43659"
"3361","true","local-density","false","15","1000","4.5","1000","1000000","2310"
"3358","true","local-density","false","14","1","9","1000","1000000","43591"
"3362","true","local-density","false","15","1000","4.5","1000","1000000","2121"
"3359","true","local-density","false","14","1","9","1000","1000000","44153"
"3363","true","local-density","false","15","1000","4.5","1000","1000000","2097"
"3364","true","local-density","false","15","1000","4.5","1000","1000000","2215"
"3365","true","local-density","false","15","1000","4.5","1000","1000000","2335"
"3366","true","local-density","false","15","1000","4.5","1000","1000000","2239"
"3367","true","local-density","false","15","1000","4.5","1000","1000000","2157"
"3368","true","local-density","false","15","1000","4.5","1000","1000000","2231"
"3360","true","local-density","false","14","1","9","1000","1000000","43295"
"3369","true","local-density","false","15","1000","4.5","1000","1000000","2215"
"3370","true","local-density","false","15","1000","4.5","1000","1000000","2219"
"3371","true","local-density","false","15","1000","4.5","1000","1000000","2266"
"3372","true","local-density","false","15","1000","4.5","1000","1000000","2177"
"3373","true","local-density","false","15","1000","4.5","1000","1000000","2194"
"3374","true","local-density","false","15","1000","4.5","1000","1000000","2151"
"3375","true","local-density","false","15","1000","4.5","1000","1000000","2265"
"3376","true","local-density","false","15","1000","4.5","1000","1000000","2174"
"3377","true","local-density","false","15","1000","4.5","1000","1000000","2139"
"3378","true","local-density","false","15","1000","4.5","1000","1000000","2132"
"3379","true","local-density","false","15","1000","4.5","1000","1000000","2202"
"3380","true","local-density","false","15","1000","4.5","1000","1000000","2148"
"3381","true","local-density","false","15","1000","4.5","1000","1000000","2202"
"3382","true","local-density","false","15","1000","4.5","1000","1000000","2244"
"3383","true","local-density","false","15","1000","4.5","1000","1000000","2240"
"3384","true","local-density","false","15","1000","4.5","1000","1000000","2174"
"3385","true","local-density","false","15","1000","4.5","1000","1000000","2250"
"3386","true","local-density","false","15","1000","4.5","1000","1000000","2255"
"3387","true","local-density","false","15","1000","4.5","1000","1000000","2224"
"3388","true","local-density","false","15","1000","4.5","1000","1000000","2211"
"3389","true","local-density","false","15","1000","4.5","1000","1000000","2237"
"3391","true","local-density","false","15","1000","4.5","1000","1000000","2267"
"3390","true","local-density","false","15","1000","4.5","1000","1000000","2289"
"3392","true","local-density","false","15","1000","4.5","1000","1000000","2220"
"3393","true","local-density","false","15","1000","4.5","1000","1000000","2287"
"3394","true","local-density","false","15","1000","4.5","1000","1000000","2173"
"3395","true","local-density","false","15","1000","4.5","1000","1000000","2166"
"3396","true","local-density","false","15","1000","4.5","1000","1000000","2216"
"3397","true","local-density","false","15","1000","4.5","1000","1000000","2229"
"3398","true","local-density","false","15","1000","4.5","1000","1000000","2134"
"3399","true","local-density","false","15","1000","4.5","1000","1000000","2299"
"3400","true","local-density","false","15","1000","4.5","1000","1000000","2215"
"3401","true","local-density","false","15","1000","4.5","1000","1000000","2181"
"3402","true","local-density","false","15","1000","4.5","1000","1000000","2206"
"3403","true","local-density","false","15","1000","4.5","1000","1000000","2258"
"3404","true","local-density","false","15","1000","4.5","1000","1000000","2281"
"3406","true","local-density","false","15","1000","4.5","1000","1000000","2235"
"3405","true","local-density","false","15","1000","4.5","1000","1000000","2223"
"3407","true","local-density","false","15","1000","4.5","1000","1000000","2157"
"3408","true","local-density","false","15","1000","4.5","1000","1000000","2182"
"3409","true","local-density","false","15","1000","4.5","1000","1000000","2220"
"3410","true","local-density","false","15","1000","4.5","1000","1000000","2232"
"3411","true","local-density","false","15","1000","4.5","1000","1000000","2224"
"3412","true","local-density","false","15","1000","4.5","1000","1000000","2320"
"3413","true","local-density","false","15","1000","4.5","1000","1000000","2191"
"3414","true","local-density","false","15","1000","4.5","1000","1000000","2082"
"3415","true","local-density","false","15","1000","4.5","1000","1000000","2202"
"3416","true","local-density","false","15","1000","4.5","1000","1000000","2157"
"3417","true","local-density","false","15","1000","4.5","1000","1000000","2121"
"3418","true","local-density","false","15","1000","4.5","1000","1000000","2134"
"3419","true","local-density","false","15","1000","4.5","1000","1000000","2276"
"3420","true","local-density","false","15","1000","4.5","1000","1000000","2199"
"3422","true","local-density","false","15","1000","9","1000","1000000","2339"
"3423","true","local-density","false","15","1000","9","1000","1000000","2422"
"3421","true","local-density","false","15","1000","9","1000","1000000","2393"
"3424","true","local-density","false","15","1000","9","1000","1000000","2053"
"3425","true","local-density","false","15","1000","9","1000","1000000","2333"
"3426","true","local-density","false","15","1000","9","1000","1000000","2357"
"3427","true","local-density","false","15","1000","9","1000","1000000","2325"
"3428","true","local-density","false","15","1000","9","1000","1000000","2386"
"3429","true","local-density","false","15","1000","9","1000","1000000","2350"
"3430","true","local-density","false","15","1000","9","1000","1000000","2364"
"3431","true","local-density","false","15","1000","9","1000","1000000","2381"
"3432","true","local-density","false","15","1000","9","1000","1000000","2364"
"3433","true","local-density","false","15","1000","9","1000","1000000","2419"
"3434","true","local-density","false","15","1000","9","1000","1000000","2406"
"3435","true","local-density","false","15","1000","9","1000","1000000","2391"
"3437","true","local-density","false","15","1000","9","1000","1000000","2371"
"3436","true","local-density","false","15","1000","9","1000","1000000","2393"
"3438","true","local-density","false","15","1000","9","1000","1000000","2362"
"3439","true","local-density","false","15","1000","9","1000","1000000","2462"
"3440","true","local-density","false","15","1000","9","1000","1000000","2425"
"3441","true","local-density","false","15","1000","9","1000","1000000","2359"
"3442","true","local-density","false","15","1000","9","1000","1000000","2346"
"3443","true","local-density","false","15","1000","9","1000","1000000","2328"
"3447","true","local-density","false","15","1000","9","1000","1000000","2377"
"3444","true","local-density","false","15","1000","9","1000","1000000","2375"
"3446","true","local-density","false","15","1000","9","1000","1000000","2356"
"3445","true","local-density","false","15","1000","9","1000","1000000","2396"
"3448","true","local-density","false","15","1000","9","1000","1000000","2338"
"3449","true","local-density","false","15","1000","9","1000","1000000","2332"
"3450","true","local-density","false","15","1000","9","1000","1000000","2444"
"3451","true","local-density","false","15","1000","9","1000","1000000","2432"
"3453","true","local-density","false","15","1000","9","1000","1000000","2375"
"3452","true","local-density","false","15","1000","9","1000","1000000","2389"
"3454","true","local-density","false","15","1000","9","1000","1000000","2382"
"3455","true","local-density","false","15","1000","9","1000","1000000","2455"
"3456","true","local-density","false","15","1000","9","1000","1000000","2408"
"3457","true","local-density","false","15","1000","9","1000","1000000","2344"
"3458","true","local-density","false","15","1000","9","1000","1000000","2351"
"3459","true","local-density","false","15","1000","9","1000","1000000","2321"
"3460","true","local-density","false","15","1000","9","1000","1000000","2404"
"3461","true","local-density","false","15","1000","9","1000","1000000","2397"
"3463","true","local-density","false","15","1000","9","1000","1000000","2351"
"3462","true","local-density","false","15","1000","9","1000","1000000","2237"
"3464","true","local-density","false","15","1000","9","1000","1000000","2401"
"3465","true","local-density","false","15","1000","9","1000","1000000","2432"
"3466","true","local-density","false","15","1000","9","1000","1000000","2374"
"3467","true","local-density","false","15","1000","9","1000","1000000","2354"
"3468","true","local-density","false","15","1000","9","1000","1000000","2340"
"3469","true","local-density","false","15","1000","9","1000","1000000","2393"
"3471","true","local-density","false","15","1000","9","1000","1000000","2325"
"3470","true","local-density","false","15","1000","9","1000","1000000","2329"
"3472","true","local-density","false","15","1000","9","1000","1000000","2345"
"3473","true","local-density","false","15","1000","9","1000","1000000","2384"
"3474","true","local-density","false","15","1000","9","1000","1000000","2363"
"3475","true","local-density","false","15","1000","9","1000","1000000","2286"
"3476","true","local-density","false","15","1000","9","1000","1000000","2341"
"3477","true","local-density","false","15","1000","9","1000","1000000","2411"
"3478","true","local-density","false","15","1000","9","1000","1000000","2407"
"3479","true","local-density","false","15","1000","9","1000","1000000","2461"
"3480","true","local-density","false","15","1000","9","1000","1000000","2437"
"3481","true","local-density","false","15","1","4.5","1000","1000000","3863"
"3482","true","local-density","false","15","1","4.5","1000","1000000","3476"
"3483","true","local-density","false","15","1","4.5","1000","1000000","4292"
"3484","true","local-density","false","15","1","4.5","1000","1000000","3822"
"3485","true","local-density","false","15","1","4.5","1000","1000000","3815"
"3486","true","local-density","false","15","1","4.5","1000","1000000","4041"
"3487","true","local-density","false","15","1","4.5","1000","1000000","4087"
"3488","true","local-density","false","15","1","4.5","1000","1000000","3886"
"3489","true","local-density","false","15","1","4.5","1000","1000000","4341"
"3490","true","local-density","false","15","1","4.5","1000","1000000","4123"
"3491","true","local-density","false","15","1","4.5","1000","1000000","3990"
"3492","true","local-density","false","15","1","4.5","1000","1000000","3729"
"3494","true","local-density","false","15","1","4.5","1000","1000000","4408"
"3493","true","local-density","false","15","1","4.5","1000","1000000","3656"
"3495","true","local-density","false","15","1","4.5","1000","1000000","4322"
"3496","true","local-density","false","15","1","4.5","1000","1000000","3846"
"3497","true","local-density","false","15","1","4.5","1000","1000000","3854"
"3499","true","local-density","false","15","1","4.5","1000","1000000","3980"
"3498","true","local-density","false","15","1","4.5","1000","1000000","3624"
"3500","true","local-density","false","15","1","4.5","1000","1000000","4069"
"3501","true","local-density","false","15","1","4.5","1000","1000000","4153"
"3502","true","local-density","false","15","1","4.5","1000","1000000","4707"
"3503","true","local-density","false","15","1","4.5","1000","1000000","3845"
"3504","true","local-density","false","15","1","4.5","1000","1000000","4317"
"3505","true","local-density","false","15","1","4.5","1000","1000000","3970"
"3506","true","local-density","false","15","1","4.5","1000","1000000","4516"
"3507","true","local-density","false","15","1","4.5","1000","1000000","4105"
"3508","true","local-density","false","15","1","4.5","1000","1000000","3702"
"3510","true","local-density","false","15","1","4.5","1000","1000000","3460"
"3509","true","local-density","false","15","1","4.5","1000","1000000","3275"
"3512","true","local-density","false","15","1","4.5","1000","1000000","4053"
"3511","true","local-density","false","15","1","4.5","1000","1000000","4101"
"3513","true","local-density","false","15","1","4.5","1000","1000000","3928"
"3514","true","local-density","false","15","1","4.5","1000","1000000","4208"
"3515","true","local-density","false","15","1","4.5","1000","1000000","3965"
"3517","true","local-density","false","15","1","4.5","1000","1000000","3943"
"3516","true","local-density","false","15","1","4.5","1000","1000000","4132"
"3518","true","local-density","false","15","1","4.5","1000","1000000","3483"
"3519","true","local-density","false","15","1","4.5","1000","1000000","4067"
"3520","true","local-density","false","15","1","4.5","1000","1000000","3875"
"3521","true","local-density","false","15","1","4.5","1000","1000000","4295"
"3522","true","local-density","false","15","1","4.5","1000","1000000","4204"
"3523","true","local-density","false","15","1","4.5","1000","1000000","3883"
"3524","true","local-density","false","15","1","4.5","1000","1000000","4392"
"3525","true","local-density","false","15","1","4.5","1000","1000000","4350"
"3526","true","local-density","false","15","1","4.5","1000","1000000","4136"
"3527","true","local-density","false","15","1","4.5","1000","1000000","3939"
"3528","true","local-density","false","15","1","4.5","1000","1000000","3767"
"3529","true","local-density","false","15","1","4.5","1000","1000000","4360"
"3530","true","local-density","false","15","1","4.5","1000","1000000","4045"
"3531","true","local-density","false","15","1","4.5","1000","1000000","3690"
"3532","true","local-density","false","15","1","4.5","1000","1000000","4203"
"3533","true","local-density","false","15","1","4.5","1000","1000000","3824"
"3534","true","local-density","false","15","1","4.5","1000","1000000","4356"
"3535","true","local-density","false","15","1","4.5","1000","1000000","3696"
"3536","true","local-density","false","15","1","4.5","1000","1000000","3451"
"3537","true","local-density","false","15","1","4.5","1000","1000000","4181"
"3538","true","local-density","false","15","1","4.5","1000","1000000","3854"
"3539","true","local-density","false","15","1","4.5","1000","1000000","3750"
"3541","true","local-density","false","15","1","9","1000","1000000","4742"
"3540","true","local-density","false","15","1","4.5","1000","1000000","4700"
"3542","true","local-density","false","15","1","9","1000","1000000","4127"
"3543","true","local-density","false","15","1","9","1000","1000000","4835"
"3544","true","local-density","false","15","1","9","1000","1000000","4718"
"3545","true","local-density","false","15","1","9","1000","1000000","3791"
"3546","true","local-density","false","15","1","9","1000","1000000","5077"
"3547","true","local-density","false","15","1","9","1000","1000000","4538"
"3548","true","local-density","false","15","1","9","1000","1000000","4460"
"3549","true","local-density","false","15","1","9","1000","1000000","4044"
"3551","true","local-density","false","15","1","9","1000","1000000","4618"
"3550","true","local-density","false","15","1","9","1000","1000000","5153"
"3552","true","local-density","false","15","1","9","1000","1000000","4399"
"3553","true","local-density","false","15","1","9","1000","1000000","4835"
"3554","true","local-density","false","15","1","9","1000","1000000","4522"
"3555","true","local-density","false","15","1","9","1000","1000000","4649"
"3557","true","local-density","false","15","1","9","1000","1000000","5076"
"3556","true","local-density","false","15","1","9","1000","1000000","4664"
"3558","true","local-density","false","15","1","9","1000","1000000","3828"
"3559","true","local-density","false","15","1","9","1000","1000000","4813"
"3560","true","local-density","false","15","1","9","1000","1000000","4610"
"3561","true","local-density","false","15","1","9","1000","1000000","4911"
"3562","true","local-density","false","15","1","9","1000","1000000","4341"
"3563","true","local-density","false","15","1","9","1000","1000000","4821"
"3565","true","local-density","false","15","1","9","1000","1000000","4706"
"3564","true","local-density","false","15","1","9","1000","1000000","4887"
"3566","true","local-density","false","15","1","9","1000","1000000","3895"
"3567","true","local-density","false","15","1","9","1000","1000000","4547"
"3568","true","local-density","false","15","1","9","1000","1000000","3768"
"3569","true","local-density","false","15","1","9","1000","1000000","5128"
"3570","true","local-density","false","15","1","9","1000","1000000","4559"
"3571","true","local-density","false","15","1","9","1000","1000000","3759"
"3573","true","local-density","false","15","1","9","1000","1000000","4675"
"3572","true","local-density","false","15","1","9","1000","1000000","4565"
"3574","true","local-density","false","15","1","9","1000","1000000","4262"
"3575","true","local-density","false","15","1","9","1000","1000000","4990"
"3576","true","local-density","false","15","1","9","1000","1000000","4383"
"3577","true","local-density","false","15","1","9","1000","1000000","4523"
"3578","true","local-density","false","15","1","9","1000","1000000","5085"
"3579","true","local-density","false","15","1","9","1000","1000000","4920"
"3580","true","local-density","false","15","1","9","1000","1000000","5076"
"3581","true","local-density","false","15","1","9","1000","1000000","4622"
"3582","true","local-density","false","15","1","9","1000","1000000","4730"
"3583","true","local-density","false","15","1","9","1000","1000000","4669"
"3584","true","local-density","false","15","1","9","1000","1000000","5173"
"3585","true","local-density","false","15","1","9","1000","1000000","4683"
"3586","true","local-density","false","15","1","9","1000","1000000","4576"
"3587","true","local-density","false","15","1","9","1000","1000000","3663"
"3588","true","local-density","false","15","1","9","1000","1000000","4611"
"3590","true","local-density","false","15","1","9","1000","1000000","4214"
"3589","true","local-density","false","15","1","9","1000","1000000","4310"
"3591","true","local-density","false","15","1","9","1000","1000000","4694"
"3592","true","local-density","false","15","1","9","1000","1000000","4032"
"3593","true","local-density","false","15","1","9","1000","1000000","4777"
"3594","true","local-density","false","15","1","9","1000","1000000","4923"
"3595","true","local-density","false","15","1","9","1000","1000000","4476"
"3597","true","local-density","false","15","1","9","1000","1000000","4225"
"3596","true","local-density","false","15","1","9","1000","1000000","4234"
"3598","true","local-density","false","15","1","9","1000","1000000","3811"
"3599","true","local-density","false","15","1","9","1000","1000000","4497"
"3600","true","local-density","false","15","1","9","1000","1000000","4627"
"3601","true","local-density","false","16","1000","4.5","1000","1000000","4439"
"3602","true","local-density","false","16","1000","4.5","1000","1000000","4484"
"3603","true","local-density","false","16","1000","4.5","1000","1000000","4361"
"3605","true","local-density","false","16","1000","4.5","1000","1000000","4416"
"3604","true","local-density","false","16","1000","4.5","1000","1000000","4466"
"3606","true","local-density","false","16","1000","4.5","1000","1000000","4618"
"3607","true","local-density","false","16","1000","4.5","1000","1000000","4632"
"3608","true","local-density","false","16","1000","4.5","1000","1000000","4573"
"3609","true","local-density","false","16","1000","4.5","1000","1000000","4474"
"3610","true","local-density","false","16","1000","4.5","1000","1000000","4518"
"3611","true","local-density","false","16","1000","4.5","1000","1000000","4615"
"3614","true","local-density","false","16","1000","4.5","1000","1000000","4488"
"3612","true","local-density","false","16","1000","4.5","1000","1000000","4532"
"3613","true","local-density","false","16","1000","4.5","1000","1000000","4524"
"3615","true","local-density","false","16","1000","4.5","1000","1000000","4540"
"3616","true","local-density","false","16","1000","4.5","1000","1000000","4565"
"3617","true","local-density","false","16","1000","4.5","1000","1000000","4341"
"3618","true","local-density","false","16","1000","4.5","1000","1000000","4576"
"3619","true","local-density","false","16","1000","4.5","1000","1000000","4563"
"3622","true","local-density","false","16","1000","4.5","1000","1000000","4377"
"3621","true","local-density","false","16","1000","4.5","1000","1000000","4533"
"3620","true","local-density","false","16","1000","4.5","1000","1000000","4590"
"3623","true","local-density","false","16","1000","4.5","1000","1000000","4534"
"3624","true","local-density","false","16","1000","4.5","1000","1000000","4475"
"3625","true","local-density","false","16","1000","4.5","1000","1000000","4523"
"3626","true","local-density","false","16","1000","4.5","1000","1000000","4462"
"3627","true","local-density","false","16","1000","4.5","1000","1000000","4583"
"3629","true","local-density","false","16","1000","4.5","1000","1000000","4595"
"3628","true","local-density","false","16","1000","4.5","1000","1000000","4453"
"3630","true","local-density","false","16","1000","4.5","1000","1000000","4354"
"3631","true","local-density","false","16","1000","4.5","1000","1000000","4616"
"3632","true","local-density","false","16","1000","4.5","1000","1000000","4478"
"3633","true","local-density","false","16","1000","4.5","1000","1000000","4549"
"3634","true","local-density","false","16","1000","4.5","1000","1000000","4404"
"3635","true","local-density","false","16","1000","4.5","1000","1000000","4552"
"3637","true","local-density","false","16","1000","4.5","1000","1000000","4635"
"3636","true","local-density","false","16","1000","4.5","1000","1000000","4540"
"3638","true","local-density","false","16","1000","4.5","1000","1000000","4354"
"3639","true","local-density","false","16","1000","4.5","1000","1000000","4408"
"3640","true","local-density","false","16","1000","4.5","1000","1000000","4536"
"3641","true","local-density","false","16","1000","4.5","1000","1000000","4437"
"3642","true","local-density","false","16","1000","4.5","1000","1000000","4585"
"3643","true","local-density","false","16","1000","4.5","1000","1000000","4410"
"3645","true","local-density","false","16","1000","4.5","1000","1000000","4565"
"3644","true","local-density","false","16","1000","4.5","1000","1000000","4408"
"3646","true","local-density","false","16","1000","4.5","1000","1000000","4455"
"3647","true","local-density","false","16","1000","4.5","1000","1000000","4554"
"3648","true","local-density","false","16","1000","4.5","1000","1000000","4511"
"3649","true","local-density","false","16","1000","4.5","1000","1000000","4448"
"3650","true","local-density","false","16","1000","4.5","1000","1000000","4436"
"3651","true","local-density","false","16","1000","4.5","1000","1000000","4317"
"3653","true","local-density","false","16","1000","4.5","1000","1000000","4452"
"3652","true","local-density","false","16","1000","4.5","1000","1000000","4579"
"3654","true","local-density","false","16","1000","4.5","1000","1000000","4586"
"3655","true","local-density","false","16","1000","4.5","1000","1000000","4478"
"3656","true","local-density","false","16","1000","4.5","1000","1000000","4426"
"3657","true","local-density","false","16","1000","4.5","1000","1000000","4485"
"3658","true","local-density","false","16","1000","4.5","1000","1000000","4557"
"3659","true","local-density","false","16","1000","4.5","1000","1000000","4496"
"3661","true","local-density","false","16","1000","9","1000","1000000","4772"
"3660","true","local-density","false","16","1000","4.5","1000","1000000","4413"
"3662","true","local-density","false","16","1000","9","1000","1000000","4560"
"3663","true","local-density","false","16","1000","9","1000","1000000","4711"
"3664","true","local-density","false","16","1000","9","1000","1000000","4722"
"3665","true","local-density","false","16","1000","9","1000","1000000","4647"
"3666","true","local-density","false","16","1000","9","1000","1000000","4724"
"3667","true","local-density","false","16","1000","9","1000","1000000","4787"
"3669","true","local-density","false","16","1000","9","1000","1000000","4693"
"3668","true","local-density","false","16","1000","9","1000","1000000","4811"
"3670","true","local-density","false","16","1000","9","1000","1000000","4703"
"3671","true","local-density","false","16","1000","9","1000","1000000","4728"
"3672","true","local-density","false","16","1000","9","1000","1000000","4754"
"3673","true","local-density","false","16","1000","9","1000","1000000","4802"
"3674","true","local-density","false","16","1000","9","1000","1000000","4792"
"3675","true","local-density","false","16","1000","9","1000","1000000","4803"
"3676","true","local-density","false","16","1000","9","1000","1000000","4636"
"3677","true","local-density","false","16","1000","9","1000","1000000","4802"
"3678","true","local-density","false","16","1000","9","1000","1000000","4744"
"3679","true","local-density","false","16","1000","9","1000","1000000","4531"
"3680","true","local-density","false","16","1000","9","1000","1000000","4757"
"3681","true","local-density","false","16","1000","9","1000","1000000","4742"
"3682","true","local-density","false","16","1000","9","1000","1000000","4720"
"3683","true","local-density","false","16","1000","9","1000","1000000","4686"
"3684","true","local-density","false","16","1000","9","1000","1000000","4802"
"3685","true","local-density","false","16","1000","9","1000","1000000","4672"
"3686","true","local-density","false","16","1000","9","1000","1000000","4685"
"3687","true","local-density","false","16","1000","9","1000","1000000","4673"
"3688","true","local-density","false","16","1000","9","1000","1000000","4662"
"3689","true","local-density","false","16","1000","9","1000","1000000","4593"
"3690","true","local-density","false","16","1000","9","1000","1000000","4635"
"3691","true","local-density","false","16","1000","9","1000","1000000","4699"
"3692","true","local-density","false","16","1000","9","1000","1000000","4607"
"3693","true","local-density","false","16","1000","9","1000","1000000","4622"
"3694","true","local-density","false","16","1000","9","1000","1000000","4725"
"3695","true","local-density","false","16","1000","9","1000","1000000","4821"
"3696","true","local-density","false","16","1000","9","1000","1000000","4954"
"3697","true","local-density","false","16","1000","9","1000","1000000","4818"
"3698","true","local-density","false","16","1000","9","1000","1000000","4781"
"3699","true","local-density","false","16","1000","9","1000","1000000","4644"
"3701","true","local-density","false","16","1000","9","1000","1000000","4794"
"3700","true","local-density","false","16","1000","9","1000","1000000","4535"
"3702","true","local-density","false","16","1000","9","1000","1000000","4843"
"3703","true","local-density","false","16","1000","9","1000","1000000","4710"
"3704","true","local-density","false","16","1000","9","1000","1000000","4552"
"3705","true","local-density","false","16","1000","9","1000","1000000","4763"
"3706","true","local-density","false","16","1000","9","1000","1000000","4722"
"3707","true","local-density","false","16","1000","9","1000","1000000","4762"
"3708","true","local-density","false","16","1000","9","1000","1000000","4589"
"3709","true","local-density","false","16","1000","9","1000","1000000","4675"
"3710","true","local-density","false","16","1000","9","1000","1000000","4678"
"3711","true","local-density","false","16","1000","9","1000","1000000","4715"
"3712","true","local-density","false","16","1000","9","1000","1000000","4699"
"3713","true","local-density","false","16","1000","9","1000","1000000","4726"
"3714","true","local-density","false","16","1000","9","1000","1000000","4697"
"3715","true","local-density","false","16","1000","9","1000","1000000","4695"
"3716","true","local-density","false","16","1000","9","1000","1000000","4684"
"3717","true","local-density","false","16","1000","9","1000","1000000","4667"
"3718","true","local-density","false","16","1000","9","1000","1000000","4680"
"3719","true","local-density","false","16","1000","9","1000","1000000","4842"
"3720","true","local-density","false","16","1000","9","1000","1000000","4512"
"3721","true","local-density","false","16","1","4.5","1000","1000000","8853"
"3722","true","local-density","false","16","1","4.5","1000","1000000","8010"
"3723","true","local-density","false","16","1","4.5","1000","1000000","8067"
"3725","true","local-density","false","16","1","4.5","1000","1000000","8075"
"3724","true","local-density","false","16","1","4.5","1000","1000000","8152"
"3726","true","local-density","false","16","1","4.5","1000","1000000","7331"
"3727","true","local-density","false","16","1","4.5","1000","1000000","8139"
"3728","true","local-density","false","16","1","4.5","1000","1000000","8805"
"3729","true","local-density","false","16","1","4.5","1000","1000000","8449"
"3730","true","local-density","false","16","1","4.5","1000","1000000","8298"
"3731","true","local-density","false","16","1","4.5","1000","1000000","8383"
"3732","true","local-density","false","16","1","4.5","1000","1000000","8717"
"3733","true","local-density","false","16","1","4.5","1000","1000000","8027"
"3734","true","local-density","false","16","1","4.5","1000","1000000","8688"
"3735","true","local-density","false","16","1","4.5","1000","1000000","8665"
"3736","true","local-density","false","16","1","4.5","1000","1000000","8563"
"3737","true","local-density","false","16","1","4.5","1000","1000000","8277"
"3738","true","local-density","false","16","1","4.5","1000","1000000","9306"
"3739","true","local-density","false","16","1","4.5","1000","1000000","8816"
"3740","true","local-density","false","16","1","4.5","1000","1000000","8314"
"3741","true","local-density","false","16","1","4.5","1000","1000000","8304"
"3742","true","local-density","false","16","1","4.5","1000","1000000","8929"
"3743","true","local-density","false","16","1","4.5","1000","1000000","7751"
"3744","true","local-density","false","16","1","4.5","1000","1000000","8137"
"3745","true","local-density","false","16","1","4.5","1000","1000000","8208"
"3746","true","local-density","false","16","1","4.5","1000","1000000","8355"
"3747","true","local-density","false","16","1","4.5","1000","1000000","7501"
"3749","true","local-density","false","16","1","4.5","1000","1000000","8569"
"3748","true","local-density","false","16","1","4.5","1000","1000000","8667"
"3750","true","local-density","false","16","1","4.5","1000","1000000","7775"
"3751","true","local-density","false","16","1","4.5","1000","1000000","8307"
"3752","true","local-density","false","16","1","4.5","1000","1000000","6878"
"3753","true","local-density","false","16","1","4.5","1000","1000000","7857"
"3754","true","local-density","false","16","1","4.5","1000","1000000","8946"
"3755","true","local-density","false","16","1","4.5","1000","1000000","8297"
"3757","true","local-density","false","16","1","4.5","1000","1000000","8694"
"3756","true","local-density","false","16","1","4.5","1000","1000000","7592"
"3758","true","local-density","false","16","1","4.5","1000","1000000","8209"
"3759","true","local-density","false","16","1","4.5","1000","1000000","8875"
"3760","true","local-density","false","16","1","4.5","1000","1000000","7337"
"3761","true","local-density","false","16","1","4.5","1000","1000000","8564"
"3762","true","local-density","false","16","1","4.5","1000","1000000","8726"
"3763","true","local-density","false","16","1","4.5","1000","1000000","8594"
"3765","true","local-density","false","16","1","4.5","1000","1000000","8369"
"3764","true","local-density","false","16","1","4.5","1000","1000000","8413"
"3766","true","local-density","false","16","1","4.5","1000","1000000","9063"
"3767","true","local-density","false","16","1","4.5","1000","1000000","8382"
"3768","true","local-density","false","16","1","4.5","1000","1000000","8706"
"3769","true","local-density","false","16","1","4.5","1000","1000000","9214"
"3770","true","local-density","false","16","1","4.5","1000","1000000","8358"
"3771","true","local-density","false","16","1","4.5","1000","1000000","7012"
"3773","true","local-density","false","16","1","4.5","1000","1000000","8732"
"3772","true","local-density","false","16","1","4.5","1000","1000000","8487"
"3774","true","local-density","false","16","1","4.5","1000","1000000","7775"
"3775","true","local-density","false","16","1","4.5","1000","1000000","7901"
"3776","true","local-density","false","16","1","4.5","1000","1000000","8177"
"3777","true","local-density","false","16","1","4.5","1000","1000000","7669"
"3778","true","local-density","false","16","1","4.5","1000","1000000","8811"
"3779","true","local-density","false","16","1","4.5","1000","1000000","7687"
"3780","true","local-density","false","16","1","4.5","1000","1000000","7696"
"3781","true","local-density","false","16","1","9","1000","1000000","8948"
"3782","true","local-density","false","16","1","9","1000","1000000","8639"
"3783","true","local-density","false","16","1","9","1000","1000000","8519"
"3784","true","local-density","false","16","1","9","1000","1000000","9270"
"3785","true","local-density","false","16","1","9","1000","1000000","9228"
"3786","true","local-density","false","16","1","9","1000","1000000","9213"
"3787","true","local-density","false","16","1","9","1000","1000000","8572"
"3789","true","local-density","false","16","1","9","1000","1000000","8496"
"3788","true","local-density","false","16","1","9","1000","1000000","8133"
"3790","true","local-density","false","16","1","9","1000","1000000","8260"
"3791","true","local-density","false","16","1","9","1000","1000000","8947"
"3792","true","local-density","false","16","1","9","1000","1000000","8549"
"3793","true","local-density","false","16","1","9","1000","1000000","9132"
"3794","true","local-density","false","16","1","9","1000","1000000","9007"
"3795","true","local-density","false","16","1","9","1000","1000000","9661"
"3796","true","local-density","false","16","1","9","1000","1000000","9226"
"3797","true","local-density","false","16","1","9","1000","1000000","8944"
"3798","true","local-density","false","16","1","9","1000","1000000","9255"
"3799","true","local-density","false","16","1","9","1000","1000000","9145"
"3800","true","local-density","false","16","1","9","1000","1000000","9640"
"3801","true","local-density","false","16","1","9","1000","1000000","9555"
"3802","true","local-density","false","16","1","9","1000","1000000","8052"
"3803","true","local-density","false","16","1","9","1000","1000000","9133"
"3804","true","local-density","false","16","1","9","1000","1000000","9468"
"3805","true","local-density","false","16","1","9","1000","1000000","9239"
"3806","true","local-density","false","16","1","9","1000","1000000","9728"
"3807","true","local-density","false","16","1","9","1000","1000000","9150"
"3808","true","local-density","false","16","1","9","1000","1000000","8608"
"3810","true","local-density","false","16","1","9","1000","1000000","9492"
"3809","true","local-density","false","16","1","9","1000","1000000","8554"
"3811","true","local-density","false","16","1","9","1000","1000000","8641"
"3812","true","local-density","false","16","1","9","1000","1000000","9099"
"3813","true","local-density","false","16","1","9","1000","1000000","8445"
"3814","true","local-density","false","16","1","9","1000","1000000","9290"
"3815","true","local-density","false","16","1","9","1000","1000000","8883"
"3816","true","local-density","false","16","1","9","1000","1000000","9105"
"3817","true","local-density","false","16","1","9","1000","1000000","8675"
"3818","true","local-density","false","16","1","9","1000","1000000","7256"
"3819","true","local-density","false","16","1","9","1000","1000000","9185"
"3820","true","local-density","false","16","1","9","1000","1000000","9058"
"3821","true","local-density","false","16","1","9","1000","1000000","9063"
"3822","true","local-density","false","16","1","9","1000","1000000","9042"
"3823","true","local-density","false","16","1","9","1000","1000000","8885"
"3824","true","local-density","false","16","1","9","1000","1000000","9102"
"3825","true","local-density","false","16","1","9","1000","1000000","8560"
"3826","true","local-density","false","16","1","9","1000","1000000","9080"
"3827","true","local-density","false","16","1","9","1000","1000000","8283"
"3829","true","local-density","false","16","1","9","1000","1000000","8901"
"3828","true","local-density","false","16","1","9","1000","1000000","9073"
"3830","true","local-density","false","16","1","9","1000","1000000","8943"
"3831","true","local-density","false","16","1","9","1000","1000000","8580"
"3832","true","local-density","false","16","1","9","1000","1000000","8433"
"3833","true","local-density","false","16","1","9","1000","1000000","9014"
"3834","true","local-density","false","16","1","9","1000","1000000","8710"
"3835","true","local-density","false","16","1","9","1000","1000000","8009"
"3836","true","local-density","false","16","1","9","1000","1000000","9368"
"3837","true","local-density","false","16","1","9","1000","1000000","8389"
"3838","true","local-density","false","16","1","9","1000","1000000","9408"
"3839","true","local-density","false","16","1","9","1000","1000000","8916"
"3840","true","local-density","false","16","1","9","1000","1000000","8805"
"3841","true","local-density","false","17","1000","4.5","1000","1000000","8907"
"3842","true","local-density","false","17","1000","4.5","1000","1000000","9272"
"3844","true","local-density","false","17","1000","4.5","1000","1000000","9242"
"3843","true","local-density","false","17","1000","4.5","1000","1000000","9136"
"3845","true","local-density","false","17","1000","4.5","1000","1000000","8893"
"3846","true","local-density","false","17","1000","4.5","1000","1000000","9105"
"3847","true","local-density","false","17","1000","4.5","1000","1000000","9182"
"3848","true","local-density","false","17","1000","4.5","1000","1000000","9163"
"3849","true","local-density","false","17","1000","4.5","1000","1000000","9239"
"3850","true","local-density","false","17","1000","4.5","1000","1000000","8965"
"3851","true","local-density","false","17","1000","4.5","1000","1000000","9056"
"3852","true","local-density","false","17","1000","4.5","1000","1000000","9036"
"3853","true","local-density","false","17","1000","4.5","1000","1000000","8902"
"3854","true","local-density","false","17","1000","4.5","1000","1000000","9049"
"3855","true","local-density","false","17","1000","4.5","1000","1000000","8907"
"3856","true","local-density","false","17","1000","4.5","1000","1000000","9102"
"3857","true","local-density","false","17","1000","4.5","1000","1000000","8906"
"3859","true","local-density","false","17","1000","4.5","1000","1000000","8972"
"3858","true","local-density","false","17","1000","4.5","1000","1000000","8941"
"3860","true","local-density","false","17","1000","4.5","1000","1000000","9073"
"3861","true","local-density","false","17","1000","4.5","1000","1000000","8998"
"3862","true","local-density","false","17","1000","4.5","1000","1000000","9157"
"3863","true","local-density","false","17","1000","4.5","1000","1000000","9060"
"3864","true","local-density","false","17","1000","4.5","1000","1000000","8950"
"3865","true","local-density","false","17","1000","4.5","1000","1000000","9226"
"3866","true","local-density","false","17","1000","4.5","1000","1000000","8955"
"3867","true","local-density","false","17","1000","4.5","1000","1000000","9196"
"3868","true","local-density","false","17","1000","4.5","1000","1000000","8893"
"3869","true","local-density","false","17","1000","4.5","1000","1000000","9162"
"3870","true","local-density","false","17","1000","4.5","1000","1000000","9081"
"3871","true","local-density","false","17","1000","4.5","1000","1000000","9095"
"3872","true","local-density","false","17","1000","4.5","1000","1000000","9067"
"3873","true","local-density","false","17","1000","4.5","1000","1000000","9153"
"3875","true","local-density","false","17","1000","4.5","1000","1000000","9111"
"3874","true","local-density","false","17","1000","4.5","1000","1000000","8987"
"3876","true","local-density","false","17","1000","4.5","1000","1000000","9180"
"3877","true","local-density","false","17","1000","4.5","1000","1000000","9214"
"3878","true","local-density","false","17","1000","4.5","1000","1000000","8920"
"3879","true","local-density","false","17","1000","4.5","1000","1000000","9076"
"3880","true","local-density","false","17","1000","4.5","1000","1000000","9181"
"3881","true","local-density","false","17","1000","4.5","1000","1000000","9123"
"3883","true","local-density","false","17","1000","4.5","1000","1000000","9019"
"3884","true","local-density","false","17","1000","4.5","1000","1000000","9098"
"3882","true","local-density","false","17","1000","4.5","1000","1000000","9077"
"3885","true","local-density","false","17","1000","4.5","1000","1000000","9038"
"3886","true","local-density","false","17","1000","4.5","1000","1000000","8983"
"3887","true","local-density","false","17","1000","4.5","1000","1000000","9007"
"3888","true","local-density","false","17","1000","4.5","1000","1000000","8953"
"3890","true","local-density","false","17","1000","4.5","1000","1000000","9006"
"3889","true","local-density","false","17","1000","4.5","1000","1000000","9239"
"3891","true","local-density","false","17","1000","4.5","1000","1000000","9056"
"3892","true","local-density","false","17","1000","4.5","1000","1000000","8969"
"3893","true","local-density","false","17","1000","4.5","1000","1000000","9144"
"3894","true","local-density","false","17","1000","4.5","1000","1000000","9185"
"3895","true","local-density","false","17","1000","4.5","1000","1000000","9043"
"3896","true","local-density","false","17","1000","4.5","1000","1000000","9044"
"3897","true","local-density","false","17","1000","4.5","1000","1000000","8806"
"3899","true","local-density","false","17","1000","4.5","1000","1000000","8731"
"3900","true","local-density","false","17","1000","4.5","1000","1000000","9014"
"3898","true","local-density","false","17","1000","4.5","1000","1000000","8895"
"3901","true","local-density","false","17","1000","9","1000","1000000","9200"
"3902","true","local-density","false","17","1000","9","1000","1000000","9306"
"3903","true","local-density","false","17","1000","9","1000","1000000","9131"
"3904","true","local-density","false","17","1000","9","1000","1000000","9281"
"3906","true","local-density","false","17","1000","9","1000","1000000","9643"
"3905","true","local-density","false","17","1000","9","1000","1000000","9301"
"3908","true","local-density","false","17","1000","9","1000","1000000","9310"
"3907","true","local-density","false","17","1000","9","1000","1000000","9156"
"3910","true","local-density","false","17","1000","9","1000","1000000","9228"
"3909","true","local-density","false","17","1000","9","1000","1000000","9513"
"3911","true","local-density","false","17","1000","9","1000","1000000","9238"
"3912","true","local-density","false","17","1000","9","1000","1000000","9137"
"3913","true","local-density","false","17","1000","9","1000","1000000","9017"
"3914","true","local-density","false","17","1000","9","1000","1000000","9344"
"3915","true","local-density","false","17","1000","9","1000","1000000","9174"
"3916","true","local-density","false","17","1000","9","1000","1000000","9334"
"3917","true","local-density","false","17","1000","9","1000","1000000","9225"
"3918","true","local-density","false","17","1000","9","1000","1000000","9338"
"3919","true","local-density","false","17","1000","9","1000","1000000","9326"
"3920","true","local-density","false","17","1000","9","1000","1000000","9235"
"3921","true","local-density","false","17","1000","9","1000","1000000","9302"
"3922","true","local-density","false","17","1000","9","1000","1000000","9250"
"3923","true","local-density","false","17","1000","9","1000","1000000","9043"
"3924","true","local-density","false","17","1000","9","1000","1000000","9156"
"3925","true","local-density","false","17","1000","9","1000","1000000","9324"
"3926","true","local-density","false","17","1000","9","1000","1000000","9246"
"3927","true","local-density","false","17","1000","9","1000","1000000","9070"
"3928","true","local-density","false","17","1000","9","1000","1000000","9310"
"3929","true","local-density","false","17","1000","9","1000","1000000","9423"
"3931","true","local-density","false","17","1000","9","1000","1000000","9327"
"3930","true","local-density","false","17","1000","9","1000","1000000","9374"
"3932","true","local-density","false","17","1000","9","1000","1000000","9372"
"3933","true","local-density","false","17","1000","9","1000","1000000","9239"
"3934","true","local-density","false","17","1000","9","1000","1000000","9279"
"3935","true","local-density","false","17","1000","9","1000","1000000","9513"
"3936","true","local-density","false","17","1000","9","1000","1000000","9351"
"3937","true","local-density","false","17","1000","9","1000","1000000","9270"
"3938","true","local-density","false","17","1000","9","1000","1000000","9354"
"3939","true","local-density","false","17","1000","9","1000","1000000","9326"
"3940","true","local-density","false","17","1000","9","1000","1000000","9230"
"3941","true","local-density","false","17","1000","9","1000","1000000","9240"
"3942","true","local-density","false","17","1000","9","1000","1000000","9182"
"3943","true","local-density","false","17","1000","9","1000","1000000","9111"
"3944","true","local-density","false","17","1000","9","1000","1000000","9282"
"3945","true","local-density","false","17","1000","9","1000","1000000","9155"
"3946","true","local-density","false","17","1000","9","1000","1000000","9253"
"3948","true","local-density","false","17","1000","9","1000","1000000","9302"
"3947","true","local-density","false","17","1000","9","1000","1000000","9322"
"3949","true","local-density","false","17","1000","9","1000","1000000","9323"
"3950","true","local-density","false","17","1000","9","1000","1000000","9430"
"3951","true","local-density","false","17","1000","9","1000","1000000","9409"
"3952","true","local-density","false","17","1000","9","1000","1000000","9146"
"3953","true","local-density","false","17","1000","9","1000","1000000","9467"
"3954","true","local-density","false","17","1000","9","1000","1000000","9302"
"3955","true","local-density","false","17","1000","9","1000","1000000","9385"
"3956","true","local-density","false","17","1000","9","1000","1000000","9529"
"3957","true","local-density","false","17","1000","9","1000","1000000","9409"
"3958","true","local-density","false","17","1000","9","1000","1000000","9348"
"3959","true","local-density","false","17","1000","9","1000","1000000","9278"
"3961","true","local-density","false","17","1","4.5","1000","1000000","17397"
"3960","true","local-density","false","17","1000","9","1000","1000000","9426"
"3962","true","local-density","false","17","1","4.5","1000","1000000","16021"
"3964","true","local-density","false","17","1","4.5","1000","1000000","17322"
"3963","true","local-density","false","17","1","4.5","1000","1000000","16338"
"3965","true","local-density","false","17","1","4.5","1000","1000000","16849"
"3966","true","local-density","false","17","1","4.5","1000","1000000","17485"
"3967","true","local-density","false","17","1","4.5","1000","1000000","16292"
"3968","true","local-density","false","17","1","4.5","1000","1000000","17871"
"3969","true","local-density","false","17","1","4.5","1000","1000000","16954"
"3970","true","local-density","false","17","1","4.5","1000","1000000","16585"
"3972","true","local-density","false","17","1","4.5","1000","1000000","16028"
"3971","true","local-density","false","17","1","4.5","1000","1000000","16284"
"3973","true","local-density","false","17","1","4.5","1000","1000000","17122"
"3974","true","local-density","false","17","1","4.5","1000","1000000","16854"
"3975","true","local-density","false","17","1","4.5","1000","1000000","16927"
"3976","true","local-density","false","17","1","4.5","1000","1000000","16618"
"3977","true","local-density","false","17","1","4.5","1000","1000000","17802"
"3979","true","local-density","false","17","1","4.5","1000","1000000","17142"
"3978","true","local-density","false","17","1","4.5","1000","1000000","16877"
"3980","true","local-density","false","17","1","4.5","1000","1000000","16946"
"3981","true","local-density","false","17","1","4.5","1000","1000000","16237"
"3982","true","local-density","false","17","1","4.5","1000","1000000","16873"
"3983","true","local-density","false","17","1","4.5","1000","1000000","15898"
"3984","true","local-density","false","17","1","4.5","1000","1000000","16902"
"3988","true","local-density","false","17","1","4.5","1000","1000000","17309"
"3985","true","local-density","false","17","1","4.5","1000","1000000","16600"
"3987","true","local-density","false","17","1","4.5","1000","1000000","17562"
"3986","true","local-density","false","17","1","4.5","1000","1000000","17221"
"3989","true","local-density","false","17","1","4.5","1000","1000000","15572"
"3990","true","local-density","false","17","1","4.5","1000","1000000","17052"
"3991","true","local-density","false","17","1","4.5","1000","1000000","16315"
"3992","true","local-density","false","17","1","4.5","1000","1000000","16441"
"3993","true","local-density","false","17","1","4.5","1000","1000000","16986"
"3994","true","local-density","false","17","1","4.5","1000","1000000","16629"
"3996","true","local-density","false","17","1","4.5","1000","1000000","17489"
"3995","true","local-density","false","17","1","4.5","1000","1000000","16922"
"3997","true","local-density","false","17","1","4.5","1000","1000000","16685"
"3998","true","local-density","false","17","1","4.5","1000","1000000","16371"
"3999","true","local-density","false","17","1","4.5","1000","1000000","16704"
"4000","true","local-density","false","17","1","4.5","1000","1000000","16959"
"4002","true","local-density","false","17","1","4.5","1000","1000000","17174"
"4001","true","local-density","false","17","1","4.5","1000","1000000","17575"
"4004","true","local-density","false","17","1","4.5","1000","1000000","16893"
"4003","true","local-density","false","17","1","4.5","1000","1000000","16946"
"4005","true","local-density","false","17","1","4.5","1000","1000000","16677"
"4006","true","local-density","false","17","1","4.5","1000","1000000","16238"
"4007","true","local-density","false","17","1","4.5","1000","1000000","17058"
"4008","true","local-density","false","17","1","4.5","1000","1000000","16428"
"4010","true","local-density","false","17","1","4.5","1000","1000000","16316"
"4009","true","local-density","false","17","1","4.5","1000","1000000","16407"
"4011","true","local-density","false","17","1","4.5","1000","1000000","16289"
"4012","true","local-density","false","17","1","4.5","1000","1000000","17530"
"4013","true","local-density","false","17","1","4.5","1000","1000000","16333"
"4014","true","local-density","false","17","1","4.5","1000","1000000","17375"
"4015","true","local-density","false","17","1","4.5","1000","1000000","15186"
"4016","true","local-density","false","17","1","4.5","1000","1000000","16030"
"4017","true","local-density","false","17","1","4.5","1000","1000000","15677"
"4019","true","local-density","false","17","1","4.5","1000","1000000","17010"
"4018","true","local-density","false","17","1","4.5","1000","1000000","15826"
"4020","true","local-density","false","17","1","4.5","1000","1000000","16815"
"4021","true","local-density","false","17","1","9","1000","1000000","17641"
"4022","true","local-density","false","17","1","9","1000","1000000","17811"
"4023","true","local-density","false","17","1","9","1000","1000000","17583"
"4024","true","local-density","false","17","1","9","1000","1000000","16743"
"4025","true","local-density","false","17","1","9","1000","1000000","17871"
"4026","true","local-density","false","17","1","9","1000","1000000","16279"
"4027","true","local-density","false","17","1","9","1000","1000000","17724"
"4028","true","local-density","false","17","1","9","1000","1000000","17614"
"4029","true","local-density","false","17","1","9","1000","1000000","15194"
"4030","true","local-density","false","17","1","9","1000","1000000","16438"
"4031","true","local-density","false","17","1","9","1000","1000000","16580"
"4032","true","local-density","false","17","1","9","1000","1000000","17224"
"4033","true","local-density","false","17","1","9","1000","1000000","17455"
"4034","true","local-density","false","17","1","9","1000","1000000","16125"
"4035","true","local-density","false","17","1","9","1000","1000000","16490"
"4036","true","local-density","false","17","1","9","1000","1000000","16442"
"4037","true","local-density","false","17","1","9","1000","1000000","17822"
"4038","true","local-density","false","17","1","9","1000","1000000","17097"
"4039","true","local-density","false","17","1","9","1000","1000000","17176"
"4040","true","local-density","false","17","1","9","1000","1000000","17731"
"4042","true","local-density","false","17","1","9","1000","1000000","17316"
"4041","true","local-density","false","17","1","9","1000","1000000","17056"
"4043","true","local-density","false","17","1","9","1000","1000000","17232"
"4045","true","local-density","false","17","1","9","1000","1000000","17691"
"4044","true","local-density","false","17","1","9","1000","1000000","16761"
"4046","true","local-density","false","17","1","9","1000","1000000","16215"
"4047","true","local-density","false","17","1","9","1000","1000000","17288"
"4048","true","local-density","false","17","1","9","1000","1000000","17958"
"4049","true","local-density","false","17","1","9","1000","1000000","17210"
"4050","true","local-density","false","17","1","9","1000","1000000","17172"
"4051","true","local-density","false","17","1","9","1000","1000000","17669"
"4053","true","local-density","false","17","1","9","1000","1000000","17090"
"4052","true","local-density","false","17","1","9","1000","1000000","16221"
"4054","true","local-density","false","17","1","9","1000","1000000","17572"
"4055","true","local-density","false","17","1","9","1000","1000000","17598"
"4056","true","local-density","false","17","1","9","1000","1000000","17351"
"4057","true","local-density","false","17","1","9","1000","1000000","18665"
"4058","true","local-density","false","17","1","9","1000","1000000","17752"
"4060","true","local-density","false","17","1","9","1000","1000000","16577"
"4061","true","local-density","false","17","1","9","1000","1000000","16791"
"4059","true","local-density","false","17","1","9","1000","1000000","16447"
"4062","true","local-density","false","17","1","9","1000","1000000","17752"
"4063","true","local-density","false","17","1","9","1000","1000000","17376"
"4064","true","local-density","false","17","1","9","1000","1000000","17231"
"4066","true","local-density","false","17","1","9","1000","1000000","16503"
"4065","true","local-density","false","17","1","9","1000","1000000","17465"
"4067","true","local-density","false","17","1","9","1000","1000000","17860"
"4068","true","local-density","false","17","1","9","1000","1000000","17748"
"4069","true","local-density","false","17","1","9","1000","1000000","16755"
"4070","true","local-density","false","17","1","9","1000","1000000","17790"
"4071","true","local-density","false","17","1","9","1000","1000000","17395"
"4072","true","local-density","false","17","1","9","1000","1000000","15744"
"4073","true","local-density","false","17","1","9","1000","1000000","17227"
"4074","true","local-density","false","17","1","9","1000","1000000","17497"
"4075","true","local-density","false","17","1","9","1000","1000000","16891"
"4076","true","local-density","false","17","1","9","1000","1000000","17079"
"4077","true","local-density","false","17","1","9","1000","1000000","17013"
"4078","true","local-density","false","17","1","9","1000","1000000","16652"
"4079","true","local-density","false","17","1","9","1000","1000000","18311"
"4080","true","local-density","false","17","1","9","1000","1000000","17102"
"4081","true","local-density","false","18","1000","4.5","1000","1000000","13536"
"4082","true","local-density","false","18","1000","4.5","1000","1000000","13775"
"4083","true","local-density","false","18","1000","4.5","1000","1000000","13560"
"4084","true","local-density","false","18","1000","4.5","1000","1000000","13490"
"4085","true","local-density","false","18","1000","4.5","1000","1000000","13711"
"4086","true","local-density","false","18","1000","4.5","1000","1000000","13761"
"4087","true","local-density","false","18","1000","4.5","1000","1000000","13837"
"4088","true","local-density","false","18","1000","4.5","1000","1000000","13595"
"4089","true","local-density","false","18","1000","4.5","1000","1000000","13652"
"4090","true","local-density","false","18","1000","4.5","1000","1000000","13867"
"4091","true","local-density","false","18","1000","4.5","1000","1000000","13421"
"4092","true","local-density","false","18","1000","4.5","1000","1000000","13495"
"4093","true","local-density","false","18","1000","4.5","1000","1000000","13430"
"4094","true","local-density","false","18","1000","4.5","1000","1000000","13571"
"4095","true","local-density","false","18","1000","4.5","1000","1000000","13770"
"4096","true","local-density","false","18","1000","4.5","1000","1000000","13441"
"4097","true","local-density","false","18","1000","4.5","1000","1000000","13846"
"4098","true","local-density","false","18","1000","4.5","1000","1000000","13514"
"4100","true","local-density","false","18","1000","4.5","1000","1000000","13621"
"4099","true","local-density","false","18","1000","4.5","1000","1000000","13810"
"4101","true","local-density","false","18","1000","4.5","1000","1000000","13673"
"4102","true","local-density","false","18","1000","4.5","1000","1000000","13607"
"4103","true","local-density","false","18","1000","4.5","1000","1000000","13497"
"4104","true","local-density","false","18","1000","4.5","1000","1000000","13452"
"4105","true","local-density","false","18","1000","4.5","1000","1000000","13699"
"4106","true","local-density","false","18","1000","4.5","1000","1000000","13357"
"4107","true","local-density","false","18","1000","4.5","1000","1000000","13580"
"4108","true","local-density","false","18","1000","4.5","1000","1000000","13458"
"4109","true","local-density","false","18","1000","4.5","1000","1000000","13719"
"4110","true","local-density","false","18","1000","4.5","1000","1000000","13523"
"4111","true","local-density","false","18","1000","4.5","1000","1000000","13337"
"4112","true","local-density","false","18","1000","4.5","1000","1000000","13483"
"4113","true","local-density","false","18","1000","4.5","1000","1000000","13745"
"4114","true","local-density","false","18","1000","4.5","1000","1000000","13567"
"4115","true","local-density","false","18","1000","4.5","1000","1000000","13607"
"4116","true","local-density","false","18","1000","4.5","1000","1000000","13620"
"4117","true","local-density","false","18","1000","4.5","1000","1000000","13336"
"4118","true","local-density","false","18","1000","4.5","1000","1000000","13555"
"4119","true","local-density","false","18","1000","4.5","1000","1000000","13611"
"4120","true","local-density","false","18","1000","4.5","1000","1000000","13599"
"4122","true","local-density","false","18","1000","4.5","1000","1000000","13487"
"4121","true","local-density","false","18","1000","4.5","1000","1000000","13693"
"4123","true","local-density","false","18","1000","4.5","1000","1000000","13718"
"4124","true","local-density","false","18","1000","4.5","1000","1000000","13315"
"4125","true","local-density","false","18","1000","4.5","1000","1000000","13511"
"4126","true","local-density","false","18","1000","4.5","1000","1000000","13639"
"4127","true","local-density","false","18","1000","4.5","1000","1000000","13485"
"4128","true","local-density","false","18","1000","4.5","1000","1000000","13431"
"4129","true","local-density","false","18","1000","4.5","1000","1000000","13644"
"4131","true","local-density","false","18","1000","4.5","1000","1000000","13595"
"4130","true","local-density","false","18","1000","4.5","1000","1000000","13899"
"4132","true","local-density","false","18","1000","4.5","1000","1000000","13690"
"4133","true","local-density","false","18","1000","4.5","1000","1000000","13791"
"4134","true","local-density","false","18","1000","4.5","1000","1000000","13438"
"4135","true","local-density","false","18","1000","4.5","1000","1000000","13760"
"4136","true","local-density","false","18","1000","4.5","1000","1000000","13530"
"4137","true","local-density","false","18","1000","4.5","1000","1000000","13555"
"4139","true","local-density","false","18","1000","4.5","1000","1000000","13679"
"4138","true","local-density","false","18","1000","4.5","1000","1000000","13741"
"4140","true","local-density","false","18","1000","4.5","1000","1000000","13580"
"4141","true","local-density","false","18","1000","9","1000","1000000","13864"
"4142","true","local-density","false","18","1000","9","1000","1000000","13726"
"4143","true","local-density","false","18","1000","9","1000","1000000","13845"
"4144","true","local-density","false","18","1000","9","1000","1000000","13656"
"4145","true","local-density","false","18","1000","9","1000","1000000","13976"
"4146","true","local-density","false","18","1000","9","1000","1000000","13865"
"4147","true","local-density","false","18","1000","9","1000","1000000","13580"
"4148","true","local-density","false","18","1000","9","1000","1000000","14054"
"4149","true","local-density","false","18","1000","9","1000","1000000","13885"
"4150","true","local-density","false","18","1000","9","1000","1000000","13768"
"4151","true","local-density","false","18","1000","9","1000","1000000","13922"
"4152","true","local-density","false","18","1000","9","1000","1000000","13681"
"4154","true","local-density","false","18","1000","9","1000","1000000","14071"
"4155","true","local-density","false","18","1000","9","1000","1000000","13797"
"4153","true","local-density","false","18","1000","9","1000","1000000","14046"
"4156","true","local-density","false","18","1000","9","1000","1000000","13987"
"4157","true","local-density","false","18","1000","9","1000","1000000","13688"
"4158","true","local-density","false","18","1000","9","1000","1000000","13631"
"4159","true","local-density","false","18","1000","9","1000","1000000","13903"
"4160","true","local-density","false","18","1000","9","1000","1000000","13849"
"4161","true","local-density","false","18","1000","9","1000","1000000","13799"
"4162","true","local-density","false","18","1000","9","1000","1000000","13920"
"4163","true","local-density","false","18","1000","9","1000","1000000","13724"
"4164","true","local-density","false","18","1000","9","1000","1000000","13955"
"4165","true","local-density","false","18","1000","9","1000","1000000","13907"
"4166","true","local-density","false","18","1000","9","1000","1000000","13295"
"4167","true","local-density","false","18","1000","9","1000","1000000","13904"
"4168","true","local-density","false","18","1000","9","1000","1000000","13884"
"4169","true","local-density","false","18","1000","9","1000","1000000","13902"
"4170","true","local-density","false","18","1000","9","1000","1000000","13964"
"4171","true","local-density","false","18","1000","9","1000","1000000","14015"
"4172","true","local-density","false","18","1000","9","1000","1000000","13849"
"4173","true","local-density","false","18","1000","9","1000","1000000","13668"
"4174","true","local-density","false","18","1000","9","1000","1000000","13963"
"4175","true","local-density","false","18","1000","9","1000","1000000","13775"
"4176","true","local-density","false","18","1000","9","1000","1000000","14009"
"4177","true","local-density","false","18","1000","9","1000","1000000","13839"
"4178","true","local-density","false","18","1000","9","1000","1000000","13476"
"4179","true","local-density","false","18","1000","9","1000","1000000","13761"
"4180","true","local-density","false","18","1000","9","1000","1000000","13960"
"4182","true","local-density","false","18","1000","9","1000","1000000","13814"
"4181","true","local-density","false","18","1000","9","1000","1000000","13878"
"4183","true","local-density","false","18","1000","9","1000","1000000","13462"
"4184","true","local-density","false","18","1000","9","1000","1000000","13779"
"4185","true","local-density","false","18","1000","9","1000","1000000","13739"
"4187","true","local-density","false","18","1000","9","1000","1000000","13837"
"4186","true","local-density","false","18","1000","9","1000","1000000","13635"
"4188","true","local-density","false","18","1000","9","1000","1000000","13967"
"4189","true","local-density","false","18","1000","9","1000","1000000","13804"
"4190","true","local-density","false","18","1000","9","1000","1000000","14061"
"4191","true","local-density","false","18","1000","9","1000","1000000","13855"
"4192","true","local-density","false","18","1000","9","1000","1000000","13919"
"4193","true","local-density","false","18","1000","9","1000","1000000","13861"
"4194","true","local-density","false","18","1000","9","1000","1000000","13812"
"4195","true","local-density","false","18","1000","9","1000","1000000","13622"
"4196","true","local-density","false","18","1000","9","1000","1000000","13762"
"4198","true","local-density","false","18","1000","9","1000","1000000","13674"
"4197","true","local-density","false","18","1000","9","1000","1000000","13978"
"4199","true","local-density","false","18","1000","9","1000","1000000","13779"
"4200","true","local-density","false","18","1000","9","1000","1000000","13830"
"4201","true","local-density","false","18","1","4.5","1000","1000000","26079"
"4202","true","local-density","false","18","1","4.5","1000","1000000","23879"
"4203","true","local-density","false","18","1","4.5","1000","1000000","26147"
"4204","true","local-density","false","18","1","4.5","1000","1000000","24490"
"4206","true","local-density","false","18","1","4.5","1000","1000000","23156"
"4205","true","local-density","false","18","1","4.5","1000","1000000","24340"
"4207","true","local-density","false","18","1","4.5","1000","1000000","25524"
"4208","true","local-density","false","18","1","4.5","1000","1000000","25758"
"4209","true","local-density","false","18","1","4.5","1000","1000000","24967"
"4210","true","local-density","false","18","1","4.5","1000","1000000","25075"
"4211","true","local-density","false","18","1","4.5","1000","1000000","25193"
"4212","true","local-density","false","18","1","4.5","1000","1000000","25048"
"4213","true","local-density","false","18","1","4.5","1000","1000000","24869"
"4214","true","local-density","false","18","1","4.5","1000","1000000","26266"
"4215","true","local-density","false","18","1","4.5","1000","1000000","26193"
"4216","true","local-density","false","18","1","4.5","1000","1000000","25874"
"4218","true","local-density","false","18","1","4.5","1000","1000000","26258"
"4217","true","local-density","false","18","1","4.5","1000","1000000","24841"
"4219","true","local-density","false","18","1","4.5","1000","1000000","24840"
"4220","true","local-density","false","18","1","4.5","1000","1000000","24290"
"4221","true","local-density","false","18","1","4.5","1000","1000000","25512"
"4222","true","local-density","false","18","1","4.5","1000","1000000","24669"
"4223","true","local-density","false","18","1","4.5","1000","1000000","25219"
"4224","true","local-density","false","18","1","4.5","1000","1000000","25486"
"4226","true","local-density","false","18","1","4.5","1000","1000000","24552"
"4225","true","local-density","false","18","1","4.5","1000","1000000","24395"
"4227","true","local-density","false","18","1","4.5","1000","1000000","24427"
"4228","true","local-density","false","18","1","4.5","1000","1000000","25171"
"4229","true","local-density","false","18","1","4.5","1000","1000000","24482"
"4230","true","local-density","false","18","1","4.5","1000","1000000","23623"
"4231","true","local-density","false","18","1","4.5","1000","1000000","25296"
"4232","true","local-density","false","18","1","4.5","1000","1000000","25549"
"4233","true","local-density","false","18","1","4.5","1000","1000000","24667"
"4234","true","local-density","false","18","1","4.5","1000","1000000","25076"
"4235","true","local-density","false","18","1","4.5","1000","1000000","25810"
"4236","true","local-density","false","18","1","4.5","1000","1000000","25296"
"4237","true","local-density","false","18","1","4.5","1000","1000000","25692"
"4238","true","local-density","false","18","1","4.5","1000","1000000","23824"
"4239","true","local-density","false","18","1","4.5","1000","1000000","24650"
"4240","true","local-density","false","18","1","4.5","1000","1000000","24297"
"4241","true","local-density","false","18","1","4.5","1000","1000000","23572"
"4243","true","local-density","false","18","1","4.5","1000","1000000","24703"
"4242","true","local-density","false","18","1","4.5","1000","1000000","24739"
"4244","true","local-density","false","18","1","4.5","1000","1000000","25262"
"4245","true","local-density","false","18","1","4.5","1000","1000000","24719"
"4246","true","local-density","false","18","1","4.5","1000","1000000","24418"
"4247","true","local-density","false","18","1","4.5","1000","1000000","25142"
"4248","true","local-density","false","18","1","4.5","1000","1000000","23010"
"4249","true","local-density","false","18","1","4.5","1000","1000000","23855"
"4250","true","local-density","false","18","1","4.5","1000","1000000","25774"
"4251","true","local-density","false","18","1","4.5","1000","1000000","24947"
"4252","true","local-density","false","18","1","4.5","1000","1000000","24961"
"4253","true","local-density","false","18","1","4.5","1000","1000000","24792"
"4254","true","local-density","false","18","1","4.5","1000","1000000","25716"
"4255","true","local-density","false","18","1","4.5","1000","1000000","24354"
"4256","true","local-density","false","18","1","4.5","1000","1000000","24277"
"4257","true","local-density","false","18","1","4.5","1000","1000000","25974"
"4259","true","local-density","false","18","1","4.5","1000","1000000","25351"
"4258","true","local-density","false","18","1","4.5","1000","1000000","24081"
"4260","true","local-density","false","18","1","4.5","1000","1000000","24370"
"4261","true","local-density","false","18","1","9","1000","1000000","26350"
"4262","true","local-density","false","18","1","9","1000","1000000","24870"
"4263","true","local-density","false","18","1","9","1000","1000000","25508"
"4264","true","local-density","false","18","1","9","1000","1000000","25295"
"4265","true","local-density","false","18","1","9","1000","1000000","25727"
"4267","true","local-density","false","18","1","9","1000","1000000","26564"
"4266","true","local-density","false","18","1","9","1000","1000000","24336"
"4268","true","local-density","false","18","1","9","1000","1000000","24618"
"4269","true","local-density","false","18","1","9","1000","1000000","25124"
"4270","true","local-density","false","18","1","9","1000","1000000","26044"
"4271","true","local-density","false","18","1","9","1000","1000000","24716"
"4272","true","local-density","false","18","1","9","1000","1000000","26145"
"4273","true","local-density","false","18","1","9","1000","1000000","24020"
"4275","true","local-density","false","18","1","9","1000","1000000","25117"
"4274","true","local-density","false","18","1","9","1000","1000000","25541"
"4276","true","local-density","false","18","1","9","1000","1000000","24657"
"4277","true","local-density","false","18","1","9","1000","1000000","25448"
"4278","true","local-density","false","18","1","9","1000","1000000","24917"
"4279","true","local-density","false","18","1","9","1000","1000000","25702"
"4280","true","local-density","false","18","1","9","1000","1000000","24589"
"4281","true","local-density","false","18","1","9","1000","1000000","25324"
"4282","true","local-density","false","18","1","9","1000","1000000","26453"
"4283","true","local-density","false","18","1","9","1000","1000000","26517"
"4284","true","local-density","false","18","1","9","1000","1000000","24587"
"4285","true","local-density","false","18","1","9","1000","1000000","25964"
"4286","true","local-density","false","18","1","9","1000","1000000","25345"
"4287","true","local-density","false","18","1","9","1000","1000000","24936"
"4288","true","local-density","false","18","1","9","1000","1000000","25841"
"4289","true","local-density","false","18","1","9","1000","1000000","25555"
"4290","true","local-density","false","18","1","9","1000","1000000","24349"
"4291","true","local-density","false","18","1","9","1000","1000000","24380"
"4292","true","local-density","false","18","1","9","1000","1000000","25553"
"4293","true","local-density","false","18","1","9","1000","1000000","25680"
"4294","true","local-density","false","18","1","9","1000","1000000","25451"
"4295","true","local-density","false","18","1","9","1000","1000000","25802"
"4296","true","local-density","false","18","1","9","1000","1000000","25370"
"4297","true","local-density","false","18","1","9","1000","1000000","25095"
"4298","true","local-density","false","18","1","9","1000","1000000","25267"
"4299","true","local-density","false","18","1","9","1000","1000000","26785"
"4300","true","local-density","false","18","1","9","1000","1000000","25258"
"4301","true","local-density","false","18","1","9","1000","1000000","26850"
"4302","true","local-density","false","18","1","9","1000","1000000","25043"
"4303","true","local-density","false","18","1","9","1000","1000000","26095"
"4304","true","local-density","false","18","1","9","1000","1000000","25904"
"4305","true","local-density","false","18","1","9","1000","1000000","26655"
"4306","true","local-density","false","18","1","9","1000","1000000","25096"
"4307","true","local-density","false","18","1","9","1000","1000000","25468"
"4308","true","local-density","false","18","1","9","1000","1000000","24971"
"4309","true","local-density","false","18","1","9","1000","1000000","25940"
"4310","true","local-density","false","18","1","9","1000","1000000","25566"
"4311","true","local-density","false","18","1","9","1000","1000000","23774"
"4312","true","local-density","false","18","1","9","1000","1000000","25907"
"4313","true","local-density","false","18","1","9","1000","1000000","24710"
"4314","true","local-density","false","18","1","9","1000","1000000","25602"
"4315","true","local-density","false","18","1","9","1000","1000000","26219"
"4316","true","local-density","false","18","1","9","1000","1000000","26603"
"4317","true","local-density","false","18","1","9","1000","1000000","26444"
"4318","true","local-density","false","18","1","9","1000","1000000","24889"
"4319","true","local-density","false","18","1","9","1000","1000000","26318"
"4320","true","local-density","false","18","1","9","1000","1000000","26787"
"4321","true","local-density","false","19","1000","4.5","1000","1000000","17898"
"4322","true","local-density","false","19","1000","4.5","1000","1000000","18035"
"4323","true","local-density","false","19","1000","4.5","1000","1000000","18270"
"4324","true","local-density","false","19","1000","4.5","1000","1000000","18158"
"4325","true","local-density","false","19","1000","4.5","1000","1000000","17696"
"4326","true","local-density","false","19","1000","4.5","1000","1000000","18015"
"4327","true","local-density","false","19","1000","4.5","1000","1000000","18071"
"4328","true","local-density","false","19","1000","4.5","1000","1000000","17827"
"4329","true","local-density","false","19","1000","4.5","1000","1000000","18016"
"4330","true","local-density","false","19","1000","4.5","1000","1000000","18325"
"4331","true","local-density","false","19","1000","4.5","1000","1000000","18162"
"4332","true","local-density","false","19","1000","4.5","1000","1000000","17908"
"4333","true","local-density","false","19","1000","4.5","1000","1000000","18390"
"4335","true","local-density","false","19","1000","4.5","1000","1000000","18164"
"4334","true","local-density","false","19","1000","4.5","1000","1000000","18199"
"4336","true","local-density","false","19","1000","4.5","1000","1000000","18006"
"4337","true","local-density","false","19","1000","4.5","1000","1000000","18329"
"4338","true","local-density","false","19","1000","4.5","1000","1000000","17944"
"4339","true","local-density","false","19","1000","4.5","1000","1000000","17861"
"4340","true","local-density","false","19","1000","4.5","1000","1000000","18149"
"4341","true","local-density","false","19","1000","4.5","1000","1000000","18361"
"4342","true","local-density","false","19","1000","4.5","1000","1000000","18164"
"4343","true","local-density","false","19","1000","4.5","1000","1000000","18018"
"4344","true","local-density","false","19","1000","4.5","1000","1000000","18498"
"4346","true","local-density","false","19","1000","4.5","1000","1000000","18287"
"4345","true","local-density","false","19","1000","4.5","1000","1000000","18229"
"4347","true","local-density","false","19","1000","4.5","1000","1000000","18076"
"4348","true","local-density","false","19","1000","4.5","1000","1000000","18139"
"4349","true","local-density","false","19","1000","4.5","1000","1000000","17994"
"4350","true","local-density","false","19","1000","4.5","1000","1000000","18183"
"4351","true","local-density","false","19","1000","4.5","1000","1000000","18264"
"4352","true","local-density","false","19","1000","4.5","1000","1000000","18360"
"4353","true","local-density","false","19","1000","4.5","1000","1000000","17933"
"4354","true","local-density","false","19","1000","4.5","1000","1000000","17879"
"4355","true","local-density","false","19","1000","4.5","1000","1000000","18442"
"4356","true","local-density","false","19","1000","4.5","1000","1000000","18110"
"4357","true","local-density","false","19","1000","4.5","1000","1000000","18194"
"4358","true","local-density","false","19","1000","4.5","1000","1000000","17719"
"4359","true","local-density","false","19","1000","4.5","1000","1000000","17962"
"4360","true","local-density","false","19","1000","4.5","1000","1000000","17973"
"4361","true","local-density","false","19","1000","4.5","1000","1000000","17938"
"4362","true","local-density","false","19","1000","4.5","1000","1000000","18156"
"4363","true","local-density","false","19","1000","4.5","1000","1000000","18130"
"4364","true","local-density","false","19","1000","4.5","1000","1000000","17954"
"4365","true","local-density","false","19","1000","4.5","1000","1000000","17906"
"4366","true","local-density","false","19","1000","4.5","1000","1000000","18033"
"4367","true","local-density","false","19","1000","4.5","1000","1000000","18123"
"4368","true","local-density","false","19","1000","4.5","1000","1000000","18172"
"4369","true","local-density","false","19","1000","4.5","1000","1000000","18002"
"4371","true","local-density","false","19","1000","4.5","1000","1000000","18097"
"4370","true","local-density","false","19","1000","4.5","1000","1000000","17999"
"4372","true","local-density","false","19","1000","4.5","1000","1000000","17872"
"4373","true","local-density","false","19","1000","4.5","1000","1000000","17828"
"4374","true","local-density","false","19","1000","4.5","1000","1000000","18026"
"4375","true","local-density","false","19","1000","4.5","1000","1000000","18123"
"4376","true","local-density","false","19","1000","4.5","1000","1000000","18242"
"4377","true","local-density","false","19","1000","4.5","1000","1000000","18358"
"4378","true","local-density","false","19","1000","4.5","1000","1000000","17951"
"4379","true","local-density","false","19","1000","4.5","1000","1000000","18351"
"4380","true","local-density","false","19","1000","4.5","1000","1000000","17974"
"4381","true","local-density","false","19","1000","9","1000","1000000","18341"
"4382","true","local-density","false","19","1000","9","1000","1000000","18351"
"4383","true","local-density","false","19","1000","9","1000","1000000","18262"
"4384","true","local-density","false","19","1000","9","1000","1000000","18041"
"4386","true","local-density","false","19","1000","9","1000","1000000","18495"
"4385","true","local-density","false","19","1000","9","1000","1000000","18439"
"4387","true","local-density","false","19","1000","9","1000","1000000","18442"
"4388","true","local-density","false","19","1000","9","1000","1000000","18352"
"4389","true","local-density","false","19","1000","9","1000","1000000","18045"
"4390","true","local-density","false","19","1000","9","1000","1000000","18055"
"4391","true","local-density","false","19","1000","9","1000","1000000","18006"
"4392","true","local-density","false","19","1000","9","1000","1000000","18262"
"4393","true","local-density","false","19","1000","9","1000","1000000","18165"
"4394","true","local-density","false","19","1000","9","1000","1000000","18243"
"4395","true","local-density","false","19","1000","9","1000","1000000","18060"
"4396","true","local-density","false","19","1000","9","1000","1000000","18238"
"4397","true","local-density","false","19","1000","9","1000","1000000","18408"
"4398","true","local-density","false","19","1000","9","1000","1000000","18391"
"4399","true","local-density","false","19","1000","9","1000","1000000","18461"
"4400","true","local-density","false","19","1000","9","1000","1000000","18360"
"4401","true","local-density","false","19","1000","9","1000","1000000","18540"
"4402","true","local-density","false","19","1000","9","1000","1000000","18508"
"4403","true","local-density","false","19","1000","9","1000","1000000","18074"
"4404","true","local-density","false","19","1000","9","1000","1000000","18285"
"4405","true","local-density","false","19","1000","9","1000","1000000","18089"
"4406","true","local-density","false","19","1000","9","1000","1000000","17991"
"4407","true","local-density","false","19","1000","9","1000","1000000","18215"
"4408","true","local-density","false","19","1000","9","1000","1000000","18080"
"4409","true","local-density","false","19","1000","9","1000","1000000","18160"
"4410","true","local-density","false","19","1000","9","1000","1000000","18248"
"4411","true","local-density","false","19","1000","9","1000","1000000","18221"
"4412","true","local-density","false","19","1000","9","1000","1000000","18076"
"4413","true","local-density","false","19","1000","9","1000","1000000","18535"
"4414","true","local-density","false","19","1000","9","1000","1000000","18218"
"4415","true","local-density","false","19","1000","9","1000","1000000","18268"
"4416","true","local-density","false","19","1000","9","1000","1000000","18441"
"4417","true","local-density","false","19","1000","9","1000","1000000","18208"
"4418","true","local-density","false","19","1000","9","1000","1000000","18552"
"4419","true","local-density","false","19","1000","9","1000","1000000","18177"
"4420","true","local-density","false","19","1000","9","1000","1000000","18238"
"4421","true","local-density","false","19","1000","9","1000","1000000","18393"
"4422","true","local-density","false","19","1000","9","1000","1000000","18025"
"4423","true","local-density","false","19","1000","9","1000","1000000","18015"
"4424","true","local-density","false","19","1000","9","1000","1000000","18300"
"4425","true","local-density","false","19","1000","9","1000","1000000","18416"
"4426","true","local-density","false","19","1000","9","1000","1000000","17813"
"4427","true","local-density","false","19","1000","9","1000","1000000","18100"
"4428","true","local-density","false","19","1000","9","1000","1000000","17980"
"4429","true","local-density","false","19","1000","9","1000","1000000","18171"
"4430","true","local-density","false","19","1000","9","1000","1000000","17915"
"4432","true","local-density","false","19","1000","9","1000","1000000","17978"
"4431","true","local-density","false","19","1000","9","1000","1000000","18007"
"4433","true","local-density","false","19","1000","9","1000","1000000","17930"
"4434","true","local-density","false","19","1000","9","1000","1000000","18353"
"4435","true","local-density","false","19","1000","9","1000","1000000","18483"
"4436","true","local-density","false","19","1000","9","1000","1000000","18247"
"4437","true","local-density","false","19","1000","9","1000","1000000","18455"
"4438","true","local-density","false","19","1000","9","1000","1000000","17923"
"4439","true","local-density","false","19","1000","9","1000","1000000","18432"
"4440","true","local-density","false","19","1000","9","1000","1000000","18216"
"4441","true","local-density","false","19","1","4.5","1000","1000000","32923"
"4442","true","local-density","false","19","1","4.5","1000","1000000","31729"
"4443","true","local-density","false","19","1","4.5","1000","1000000","33353"
"4444","true","local-density","false","19","1","4.5","1000","1000000","34392"
"4445","true","local-density","false","19","1","4.5","1000","1000000","34974"
"4446","true","local-density","false","19","1","4.5","1000","1000000","35003"
"4447","true","local-density","false","19","1","4.5","1000","1000000","33128"
"4448","true","local-density","false","19","1","4.5","1000","1000000","33357"
"4449","true","local-density","false","19","1","4.5","1000","1000000","34626"
"4450","true","local-density","false","19","1","4.5","1000","1000000","33520"
"4451","true","local-density","false","19","1","4.5","1000","1000000","34696"
"4452","true","local-density","false","19","1","4.5","1000","1000000","32468"
"4453","true","local-density","false","19","1","4.5","1000","1000000","32612"
"4454","true","local-density","false","19","1","4.5","1000","1000000","32612"
"4455","true","local-density","false","19","1","4.5","1000","1000000","34727"
"4456","true","local-density","false","19","1","4.5","1000","1000000","33484"
"4457","true","local-density","false","19","1","4.5","1000","1000000","33072"
"4458","true","local-density","false","19","1","4.5","1000","1000000","31885"
"4459","true","local-density","false","19","1","4.5","1000","1000000","32052"
"4460","true","local-density","false","19","1","4.5","1000","1000000","31024"
"4461","true","local-density","false","19","1","4.5","1000","1000000","34792"
"4462","true","local-density","false","19","1","4.5","1000","1000000","32936"
"4463","true","local-density","false","19","1","4.5","1000","1000000","33489"
"4464","true","local-density","false","19","1","4.5","1000","1000000","33074"
"4465","true","local-density","false","19","1","4.5","1000","1000000","33736"
"4466","true","local-density","false","19","1","4.5","1000","1000000","33779"
"4467","true","local-density","false","19","1","4.5","1000","1000000","31958"
"4468","true","local-density","false","19","1","4.5","1000","1000000","34762"
"4469","true","local-density","false","19","1","4.5","1000","1000000","32942"
"4470","true","local-density","false","19","1","4.5","1000","1000000","31227"
"4471","true","local-density","false","19","1","4.5","1000","1000000","31129"
"4472","true","local-density","false","19","1","4.5","1000","1000000","32929"
"4473","true","local-density","false","19","1","4.5","1000","1000000","32043"
"4474","true","local-density","false","19","1","4.5","1000","1000000","32400"
"4475","true","local-density","false","19","1","4.5","1000","1000000","33801"
"4476","true","local-density","false","19","1","4.5","1000","1000000","33221"
"4477","true","local-density","false","19","1","4.5","1000","1000000","33249"
"4478","true","local-density","false","19","1","4.5","1000","1000000","32398"
"4479","true","local-density","false","19","1","4.5","1000","1000000","32812"
"4480","true","local-density","false","19","1","4.5","1000","1000000","33364"
"4481","true","local-density","false","19","1","4.5","1000","1000000","32753"
"4482","true","local-density","false","19","1","4.5","1000","1000000","33929"
"4483","true","local-density","false","19","1","4.5","1000","1000000","32622"
"4484","true","local-density","false","19","1","4.5","1000","1000000","31522"
"4485","true","local-density","false","19","1","4.5","1000","1000000","32047"
"4486","true","local-density","false","19","1","4.5","1000","1000000","34836"
"4487","true","local-density","false","19","1","4.5","1000","1000000","32281"
"4488","true","local-density","false","19","1","4.5","1000","1000000","32204"
"4489","true","local-density","false","19","1","4.5","1000","1000000","33009"
"4490","true","local-density","false","19","1","4.5","1000","1000000","33939"
"4491","true","local-density","false","19","1","4.5","1000","1000000","32649"
"4492","true","local-density","false","19","1","4.5","1000","1000000","31128"
"4493","true","local-density","false","19","1","4.5","1000","1000000","30803"
"4494","true","local-density","false","19","1","4.5","1000","1000000","33196"
"4495","true","local-density","false","19","1","4.5","1000","1000000","33259"
"4496","true","local-density","false","19","1","4.5","1000","1000000","31554"
"4497","true","local-density","false","19","1","4.5","1000","1000000","32618"
"4498","true","local-density","false","19","1","4.5","1000","1000000","31606"
"4499","true","local-density","false","19","1","4.5","1000","1000000","33145"
"4500","true","local-density","false","19","1","4.5","1000","1000000","33058"
"4501","true","local-density","false","19","1","9","1000","1000000","32981"
"4502","true","local-density","false","19","1","9","1000","1000000","33350"
"4503","true","local-density","false","19","1","9","1000","1000000","32898"
"4504","true","local-density","false","19","1","9","1000","1000000","32209"
"4505","true","local-density","false","19","1","9","1000","1000000","35601"
"4506","true","local-density","false","19","1","9","1000","1000000","33033"
"4507","true","local-density","false","19","1","9","1000","1000000","32212"
"4508","true","local-density","false","19","1","9","1000","1000000","30938"
"4509","true","local-density","false","19","1","9","1000","1000000","34148"
"4510","true","local-density","false","19","1","9","1000","1000000","33840"
"4511","true","local-density","false","19","1","9","1000","1000000","32708"
"4512","true","local-density","false","19","1","9","1000","1000000","33195"
"4513","true","local-density","false","19","1","9","1000","1000000","31693"
"4514","true","local-density","false","19","1","9","1000","1000000","33760"
"4515","true","local-density","false","19","1","9","1000","1000000","31697"
"4516","true","local-density","false","19","1","9","1000","1000000","33390"
"4517","true","local-density","false","19","1","9","1000","1000000","31701"
"4518","true","local-density","false","19","1","9","1000","1000000","32553"
"4519","true","local-density","false","19","1","9","1000","1000000","32732"
"4520","true","local-density","false","19","1","9","1000","1000000","34799"
"4521","true","local-density","false","19","1","9","1000","1000000","34125"
"4523","true","local-density","false","19","1","9","1000","1000000","31982"
"4522","true","local-density","false","19","1","9","1000","1000000","32829"
"4524","true","local-density","false","19","1","9","1000","1000000","32929"
"4525","true","local-density","false","19","1","9","1000","1000000","33202"
"4526","true","local-density","false","19","1","9","1000","1000000","32802"
"4527","true","local-density","false","19","1","9","1000","1000000","33621"
"4528","true","local-density","false","19","1","9","1000","1000000","31390"
"4529","true","local-density","false","19","1","9","1000","1000000","32183"
"4530","true","local-density","false","19","1","9","1000","1000000","32998"
"4531","true","local-density","false","19","1","9","1000","1000000","32366"
"4532","true","local-density","false","19","1","9","1000","1000000","33726"
"4533","true","local-density","false","19","1","9","1000","1000000","33138"
"4534","true","local-density","false","19","1","9","1000","1000000","33054"
"4535","true","local-density","false","19","1","9","1000","1000000","32263"
"4536","true","local-density","false","19","1","9","1000","1000000","30401"
"4538","true","local-density","false","19","1","9","1000","1000000","33206"
"4537","true","local-density","false","19","1","9","1000","1000000","34167"
"4539","true","local-density","false","19","1","9","1000","1000000","33209"
"4540","true","local-density","false","19","1","9","1000","1000000","33863"
"4541","true","local-density","false","19","1","9","1000","1000000","34760"
"4542","true","local-density","false","19","1","9","1000","1000000","32608"
"4543","true","local-density","false","19","1","9","1000","1000000","32328"
"4544","true","local-density","false","19","1","9","1000","1000000","34035"
"4545","true","local-density","false","19","1","9","1000","1000000","32533"
"4546","true","local-density","false","19","1","9","1000","1000000","33616"
"4547","true","local-density","false","19","1","9","1000","1000000","33388"
"4548","true","local-density","false","19","1","9","1000","1000000","32392"
"4549","true","local-density","false","19","1","9","1000","1000000","33583"
"4550","true","local-density","false","19","1","9","1000","1000000","32239"
"4551","true","local-density","false","19","1","9","1000","1000000","30780"
"4553","true","local-density","false","19","1","9","1000","1000000","32691"
"4552","true","local-density","false","19","1","9","1000","1000000","33484"
"4555","true","local-density","false","19","1","9","1000","1000000","32866"
"4554","true","local-density","false","19","1","9","1000","1000000","33875"
"4556","true","local-density","false","19","1","9","1000","1000000","32264"
"4557","true","local-density","false","19","1","9","1000","1000000","34159"
"4558","true","local-density","false","19","1","9","1000","1000000","34121"
"4559","true","local-density","false","19","1","9","1000","1000000","32935"
"4560","true","local-density","false","19","1","9","1000","1000000","32265"
"4561","true","local-density","false","20","1000","4.5","1000","1000000","21813"
"4562","true","local-density","false","20","1000","4.5","1000","1000000","22070"
"4563","true","local-density","false","20","1000","4.5","1000","1000000","22065"
"4564","true","local-density","false","20","1000","4.5","1000","1000000","22364"
"4565","true","local-density","false","20","1000","4.5","1000","1000000","22194"
"4566","true","local-density","false","20","1000","4.5","1000","1000000","21961"
"4567","true","local-density","false","20","1000","4.5","1000","1000000","21734"
"4568","true","local-density","false","20","1000","4.5","1000","1000000","21874"
"4569","true","local-density","false","20","1000","4.5","1000","1000000","22577"
"4570","true","local-density","false","20","1000","4.5","1000","1000000","22112"
"4571","true","local-density","false","20","1000","4.5","1000","1000000","22176"
"4572","true","local-density","false","20","1000","4.5","1000","1000000","22061"
"4573","true","local-density","false","20","1000","4.5","1000","1000000","22110"
"4574","true","local-density","false","20","1000","4.5","1000","1000000","21478"
"4575","true","local-density","false","20","1000","4.5","1000","1000000","22173"
"4576","true","local-density","false","20","1000","4.5","1000","1000000","22097"
"4577","true","local-density","false","20","1000","4.5","1000","1000000","22085"
"4578","true","local-density","false","20","1000","4.5","1000","1000000","22030"
"4579","true","local-density","false","20","1000","4.5","1000","1000000","22161"
"4580","true","local-density","false","20","1000","4.5","1000","1000000","21976"
"4581","true","local-density","false","20","1000","4.5","1000","1000000","21990"
"4582","true","local-density","false","20","1000","4.5","1000","1000000","22140"
"4583","true","local-density","false","20","1000","4.5","1000","1000000","21939"
"4584","true","local-density","false","20","1000","4.5","1000","1000000","21895"
"4585","true","local-density","false","20","1000","4.5","1000","1000000","21671"
"4587","true","local-density","false","20","1000","4.5","1000","1000000","21676"
"4586","true","local-density","false","20","1000","4.5","1000","1000000","21687"
"4588","true","local-density","false","20","1000","4.5","1000","1000000","22133"
"4589","true","local-density","false","20","1000","4.5","1000","1000000","21919"
"4590","true","local-density","false","20","1000","4.5","1000","1000000","22054"
"4591","true","local-density","false","20","1000","4.5","1000","1000000","22338"
"4592","true","local-density","false","20","1000","4.5","1000","1000000","21722"
"4593","true","local-density","false","20","1000","4.5","1000","1000000","22068"
"4594","true","local-density","false","20","1000","4.5","1000","1000000","22104"
"4595","true","local-density","false","20","1000","4.5","1000","1000000","22533"
"4596","true","local-density","false","20","1000","4.5","1000","1000000","22091"
"4597","true","local-density","false","20","1000","4.5","1000","1000000","22338"
"4598","true","local-density","false","20","1000","4.5","1000","1000000","22021"
"4599","true","local-density","false","20","1000","4.5","1000","1000000","21783"
"4600","true","local-density","false","20","1000","4.5","1000","1000000","21790"
"4601","true","local-density","false","20","1000","4.5","1000","1000000","22352"
"4602","true","local-density","false","20","1000","4.5","1000","1000000","22222"
"4603","true","local-density","false","20","1000","4.5","1000","1000000","22445"
"4604","true","local-density","false","20","1000","4.5","1000","1000000","22434"
"4605","true","local-density","false","20","1000","4.5","1000","1000000","22121"
"4606","true","local-density","false","20","1000","4.5","1000","1000000","21984"
"4607","true","local-density","false","20","1000","4.5","1000","1000000","21305"
"4608","true","local-density","false","20","1000","4.5","1000","1000000","22072"
"4610","true","local-density","false","20","1000","4.5","1000","1000000","21955"
"4611","true","local-density","false","20","1000","4.5","1000","1000000","21881"
"4609","true","local-density","false","20","1000","4.5","1000","1000000","22269"
"4612","true","local-density","false","20","1000","4.5","1000","1000000","22135"
"4613","true","local-density","false","20","1000","4.5","1000","1000000","21947"
"4614","true","local-density","false","20","1000","4.5","1000","1000000","22106"
"4615","true","local-density","false","20","1000","4.5","1000","1000000","22325"
"4616","true","local-density","false","20","1000","4.5","1000","1000000","21723"
"4617","true","local-density","false","20","1000","4.5","1000","1000000","22147"
"4618","true","local-density","false","20","1000","4.5","1000","1000000","22148"
"4619","true","local-density","false","20","1000","4.5","1000","1000000","21983"
"4620","true","local-density","false","20","1000","4.5","1000","1000000","22150"
"4621","true","local-density","false","20","1000","9","1000","1000000","22182"
"4622","true","local-density","false","20","1000","9","1000","1000000","22580"
"4623","true","local-density","false","20","1000","9","1000","1000000","22148"
"4624","true","local-density","false","20","1000","9","1000","1000000","22465"
"4625","true","local-density","false","20","1000","9","1000","1000000","22352"
"4626","true","local-density","false","20","1000","9","1000","1000000","22493"
"4627","true","local-density","false","20","1000","9","1000","1000000","22377"
"4628","true","local-density","false","20","1000","9","1000","1000000","21973"
"4629","true","local-density","false","20","1000","9","1000","1000000","22400"
"4630","true","local-density","false","20","1000","9","1000","1000000","22326"
"4631","true","local-density","false","20","1000","9","1000","1000000","22053"
"4632","true","local-density","false","20","1000","9","1000","1000000","22271"
"4634","true","local-density","false","20","1000","9","1000","1000000","21844"
"4633","true","local-density","false","20","1000","9","1000","1000000","22283"
"4635","true","local-density","false","20","1000","9","1000","1000000","22416"
"4636","true","local-density","false","20","1000","9","1000","1000000","22308"
"4637","true","local-density","false","20","1000","9","1000","1000000","21962"
"4638","true","local-density","false","20","1000","9","1000","1000000","22344"
"4639","true","local-density","false","20","1000","9","1000","1000000","21845"
"4640","true","local-density","false","20","1000","9","1000","1000000","21770"
"4642","true","local-density","false","20","1000","9","1000","1000000","22022"
"4641","true","local-density","false","20","1000","9","1000","1000000","22509"
"4643","true","local-density","false","20","1000","9","1000","1000000","21987"
"4644","true","local-density","false","20","1000","9","1000","1000000","21803"
"4645","true","local-density","false","20","1000","9","1000","1000000","22112"
"4646","true","local-density","false","20","1000","9","1000","1000000","22421"
"4647","true","local-density","false","20","1000","9","1000","1000000","22132"
"4648","true","local-density","false","20","1000","9","1000","1000000","22025"
"4649","true","local-density","false","20","1000","9","1000","1000000","22449"
"4650","true","local-density","false","20","1000","9","1000","1000000","22398"
"4651","true","local-density","false","20","1000","9","1000","1000000","21755"
"4653","true","local-density","false","20","1000","9","1000","1000000","22286"
"4652","true","local-density","false","20","1000","9","1000","1000000","22175"
"4654","true","local-density","false","20","1000","9","1000","1000000","21704"
"4655","true","local-density","false","20","1000","9","1000","1000000","22128"
"4656","true","local-density","false","20","1000","9","1000","1000000","22379"
"4657","true","local-density","false","20","1000","9","1000","1000000","22433"
"4658","true","local-density","false","20","1000","9","1000","1000000","22281"
"4659","true","local-density","false","20","1000","9","1000","1000000","22375"
"4660","true","local-density","false","20","1000","9","1000","1000000","21832"
"4661","true","local-density","false","20","1000","9","1000","1000000","22556"
"4662","true","local-density","false","20","1000","9","1000","1000000","22099"
"4663","true","local-density","false","20","1000","9","1000","1000000","21971"
"4664","true","local-density","false","20","1000","9","1000","1000000","22209"
"4665","true","local-density","false","20","1000","9","1000","1000000","21863"
"4666","true","local-density","false","20","1000","9","1000","1000000","21885"
"4668","true","local-density","false","20","1000","9","1000","1000000","22444"
"4667","true","local-density","false","20","1000","9","1000","1000000","22000"
"4669","true","local-density","false","20","1000","9","1000","1000000","22255"
"4670","true","local-density","false","20","1000","9","1000","1000000","22468"
"4671","true","local-density","false","20","1000","9","1000","1000000","22435"
"4672","true","local-density","false","20","1000","9","1000","1000000","22460"
"4673","true","local-density","false","20","1000","9","1000","1000000","22219"
"4674","true","local-density","false","20","1000","9","1000","1000000","22144"
"4675","true","local-density","false","20","1000","9","1000","1000000","22333"
"4676","true","local-density","false","20","1000","9","1000","1000000","22266"
"4677","true","local-density","false","20","1000","9","1000","1000000","21850"
"4678","true","local-density","false","20","1000","9","1000","1000000","22705"
"4679","true","local-density","false","20","1000","9","1000","1000000","22246"
"4680","true","local-density","false","20","1000","9","1000","1000000","22355"
"4683","true","local-density","false","20","1","4.5","1000","1000000","39916"
"4681","true","local-density","false","20","1","4.5","1000","1000000","39340"
"4682","true","local-density","false","20","1","4.5","1000","1000000","39752"
"4684","true","local-density","false","20","1","4.5","1000","1000000","40767"
"4685","true","local-density","false","20","1","4.5","1000","1000000","39804"
"4686","true","local-density","false","20","1","4.5","1000","1000000","39149"
"4687","true","local-density","false","20","1","4.5","1000","1000000","39739"
"4688","true","local-density","false","20","1","4.5","1000","1000000","38816"
"4689","true","local-density","false","20","1","4.5","1000","1000000","37796"
"4690","true","local-density","false","20","1","4.5","1000","1000000","40614"
"4691","true","local-density","false","20","1","4.5","1000","1000000","40534"
"4692","true","local-density","false","20","1","4.5","1000","1000000","37771"
"4693","true","local-density","false","20","1","4.5","1000","1000000","40552"
"4694","true","local-density","false","20","1","4.5","1000","1000000","40340"
"4695","true","local-density","false","20","1","4.5","1000","1000000","39822"
"4696","true","local-density","false","20","1","4.5","1000","1000000","38853"
"4697","true","local-density","false","20","1","4.5","1000","1000000","40264"
"4698","true","local-density","false","20","1","4.5","1000","1000000","39848"
"4699","true","local-density","false","20","1","4.5","1000","1000000","40564"
"4700","true","local-density","false","20","1","4.5","1000","1000000","40751"
"4701","true","local-density","false","20","1","4.5","1000","1000000","40037"
"4702","true","local-density","false","20","1","4.5","1000","1000000","39848"
"4703","true","local-density","false","20","1","4.5","1000","1000000","39512"
"4704","true","local-density","false","20","1","4.5","1000","1000000","37543"
"4705","true","local-density","false","20","1","4.5","1000","1000000","39300"
"4706","true","local-density","false","20","1","4.5","1000","1000000","40763"
"4707","true","local-density","false","20","1","4.5","1000","1000000","38306"
"4708","true","local-density","false","20","1","4.5","1000","1000000","40846"
"4709","true","local-density","false","20","1","4.5","1000","1000000","40442"
"4710","true","local-density","false","20","1","4.5","1000","1000000","39955"
"4711","true","local-density","false","20","1","4.5","1000","1000000","40888"
"4712","true","local-density","false","20","1","4.5","1000","1000000","39727"
"4713","true","local-density","false","20","1","4.5","1000","1000000","40715"
"4714","true","local-density","false","20","1","4.5","1000","1000000","39599"
"4715","true","local-density","false","20","1","4.5","1000","1000000","40885"
"4716","true","local-density","false","20","1","4.5","1000","1000000","40442"
"4717","true","local-density","false","20","1","4.5","1000","1000000","41354"
"4718","true","local-density","false","20","1","4.5","1000","1000000","38863"
"4719","true","local-density","false","20","1","4.5","1000","1000000","41442"
"4720","true","local-density","false","20","1","4.5","1000","1000000","40585"
"4721","true","local-density","false","20","1","4.5","1000","1000000","41103"
"4722","true","local-density","false","20","1","4.5","1000","1000000","39502"
"4723","true","local-density","false","20","1","4.5","1000","1000000","39998"
"4724","true","local-density","false","20","1","4.5","1000","1000000","39683"
"4725","true","local-density","false","20","1","4.5","1000","1000000","39652"
"4726","true","local-density","false","20","1","4.5","1000","1000000","40138"
"4727","true","local-density","false","20","1","4.5","1000","1000000","41045"
"4728","true","local-density","false","20","1","4.5","1000","1000000","40637"
"4729","true","local-density","false","20","1","4.5","1000","1000000","39893"
"4730","true","local-density","false","20","1","4.5","1000","1000000","40473"
"4731","true","local-density","false","20","1","4.5","1000","1000000","38648"
"4732","true","local-density","false","20","1","4.5","1000","1000000","40595"
"4733","true","local-density","false","20","1","4.5","1000","1000000","38271"
"4734","true","local-density","false","20","1","4.5","1000","1000000","41117"
"4735","true","local-density","false","20","1","4.5","1000","1000000","38752"
"4736","true","local-density","false","20","1","4.5","1000","1000000","40397"
"4737","true","local-density","false","20","1","4.5","1000","1000000","40902"
"4739","true","local-density","false","20","1","4.5","1000","1000000","39600"
"4738","true","local-density","false","20","1","4.5","1000","1000000","39015"
"4740","true","local-density","false","20","1","4.5","1000","1000000","39854"
"4741","true","local-density","false","20","1","9","1000","1000000","41073"
"4742","true","local-density","false","20","1","9","1000","1000000","38830"
"4743","true","local-density","false","20","1","9","1000","1000000","39832"
"4744","true","local-density","false","20","1","9","1000","1000000","38789"
"4745","true","local-density","false","20","1","9","1000","1000000","39449"
"4746","true","local-density","false","20","1","9","1000","1000000","40390"
"4747","true","local-density","false","20","1","9","1000","1000000","40573"
"4749","true","local-density","false","20","1","9","1000","1000000","40982"
"4748","true","local-density","false","20","1","9","1000","1000000","40091"
"4751","true","local-density","false","20","1","9","1000","1000000","39748"
"4750","true","local-density","false","20","1","9","1000","1000000","40765"
"4752","true","local-density","false","20","1","9","1000","1000000","40841"
"4753","true","local-density","false","20","1","9","1000","1000000","40379"
"4754","true","local-density","false","20","1","9","1000","1000000","42166"
"4755","true","local-density","false","20","1","9","1000","1000000","39419"
"4756","true","local-density","false","20","1","9","1000","1000000","40804"
"4757","true","local-density","false","20","1","9","1000","1000000","39181"
"4758","true","local-density","false","20","1","9","1000","1000000","36424"
"4759","true","local-density","false","20","1","9","1000","1000000","39690"
"4760","true","local-density","false","20","1","9","1000","1000000","39525"
"4761","true","local-density","false","20","1","9","1000","1000000","37681"
"4762","true","local-density","false","20","1","9","1000","1000000","39826"
"4763","true","local-density","false","20","1","9","1000","1000000","41051"
"4764","true","local-density","false","20","1","9","1000","1000000","38828"
"4765","true","local-density","false","20","1","9","1000","1000000","39568"
"4766","true","local-density","false","20","1","9","1000","1000000","40307"
"4767","true","local-density","false","20","1","9","1000","1000000","40203"
"4768","true","local-density","false","20","1","9","1000","1000000","39532"
"4769","true","local-density","false","20","1","9","1000","1000000","38973"
"4770","true","local-density","false","20","1","9","1000","1000000","40067"
"4771","true","local-density","false","20","1","9","1000","1000000","38915"
"4772","true","local-density","false","20","1","9","1000","1000000","41152"
"4773","true","local-density","false","20","1","9","1000","1000000","38039"
"4774","true","local-density","false","20","1","9","1000","1000000","40797"
"4775","true","local-density","false","20","1","9","1000","1000000","41466"
"4776","true","local-density","false","20","1","9","1000","1000000","41164"
"4777","true","local-density","false","20","1","9","1000","1000000","41365"
"4778","true","local-density","false","20","1","9","1000","1000000","40565"
"4779","true","local-density","false","20","1","9","1000","1000000","40254"
"4780","true","local-density","false","20","1","9","1000","1000000","39598"
"4781","true","local-density","false","20","1","9","1000","1000000","39248"
"4782","true","local-density","false","20","1","9","1000","1000000","39335"
"4783","true","local-density","false","20","1","9","1000","1000000","39539"
"4784","true","local-density","false","20","1","9","1000","1000000","39905"
"4785","true","local-density","false","20","1","9","1000","1000000","40699"
"4786","true","local-density","false","20","1","9","1000","1000000","38796"
"4787","true","local-density","false","20","1","9","1000","1000000","39224"
"4788","true","local-density","false","20","1","9","1000","1000000","40831"
"4789","true","local-density","false","20","1","9","1000","1000000","39736"
"4790","true","local-density","false","20","1","9","1000","1000000","39946"
"4791","true","local-density","false","20","1","9","1000","1000000","40144"
"4792","true","local-density","false","20","1","9","1000","1000000","39547"
"4793","true","local-density","false","20","1","9","1000","1000000","39659"
"4794","true","local-density","false","20","1","9","1000","1000000","38932"
"4795","true","local-density","false","20","1","9","1000","1000000","40871"
"4796","true","local-density","false","20","1","9","1000","1000000","40211"
"4797","true","local-density","false","20","1","9","1000","1000000","39909"
"4801","true","local-density","false","21","1000","4.5","1000","1000000","2205"
"4798","true","local-density","false","20","1","9","1000","1000000","41839"
"4802","true","local-density","false","21","1000","4.5","1000","1000000","2214"
"4799","true","local-density","false","20","1","9","1000","1000000","41290"
"4803","true","local-density","false","21","1000","4.5","1000","1000000","2186"
"4804","true","local-density","false","21","1000","4.5","1000","1000000","2216"
"4805","true","local-density","false","21","1000","4.5","1000","1000000","2255"
"4806","true","local-density","false","21","1000","4.5","1000","1000000","2191"
"4808","true","local-density","false","21","1000","4.5","1000","1000000","2135"
"4807","true","local-density","false","21","1000","4.5","1000","1000000","2230"
"4809","true","local-density","false","21","1000","4.5","1000","1000000","2229"
"4810","true","local-density","false","21","1000","4.5","1000","1000000","2153"
"4811","true","local-density","false","21","1000","4.5","1000","1000000","2244"
"4800","true","local-density","false","20","1","9","1000","1000000","39593"
"4812","true","local-density","false","21","1000","4.5","1000","1000000","2198"
"4813","true","local-density","false","21","1000","4.5","1000","1000000","2193"
"4815","true","local-density","false","21","1000","4.5","1000","1000000","2223"
"4814","true","local-density","false","21","1000","4.5","1000","1000000","2195"
"4816","true","local-density","false","21","1000","4.5","1000","1000000","2094"
"4817","true","local-density","false","21","1000","4.5","1000","1000000","2170"
"4818","true","local-density","false","21","1000","4.5","1000","1000000","2199"
"4819","true","local-density","false","21","1000","4.5","1000","1000000","2094"
"4820","true","local-density","false","21","1000","4.5","1000","1000000","2210"
"4821","true","local-density","false","21","1000","4.5","1000","1000000","2158"
"4822","true","local-density","false","21","1000","4.5","1000","1000000","2216"
"4823","true","local-density","false","21","1000","4.5","1000","1000000","2170"
"4824","true","local-density","false","21","1000","4.5","1000","1000000","2271"
"4825","true","local-density","false","21","1000","4.5","1000","1000000","2257"
"4826","true","local-density","false","21","1000","4.5","1000","1000000","2215"
"4827","true","local-density","false","21","1000","4.5","1000","1000000","2188"
"4828","true","local-density","false","21","1000","4.5","1000","1000000","2218"
"4829","true","local-density","false","21","1000","4.5","1000","1000000","2151"
"4830","true","local-density","false","21","1000","4.5","1000","1000000","2159"
"4831","true","local-density","false","21","1000","4.5","1000","1000000","2225"
"4832","true","local-density","false","21","1000","4.5","1000","1000000","2210"
"4833","true","local-density","false","21","1000","4.5","1000","1000000","2239"
"4834","true","local-density","false","21","1000","4.5","1000","1000000","2246"
"4835","true","local-density","false","21","1000","4.5","1000","1000000","2139"
"4836","true","local-density","false","21","1000","4.5","1000","1000000","2093"
"4837","true","local-density","false","21","1000","4.5","1000","1000000","2083"
"4838","true","local-density","false","21","1000","4.5","1000","1000000","2224"
"4839","true","local-density","false","21","1000","4.5","1000","1000000","2191"
"4840","true","local-density","false","21","1000","4.5","1000","1000000","2203"
"4841","true","local-density","false","21","1000","4.5","1000","1000000","2192"
"4842","true","local-density","false","21","1000","4.5","1000","1000000","2194"
"4843","true","local-density","false","21","1000","4.5","1000","1000000","2186"
"4844","true","local-density","false","21","1000","4.5","1000","1000000","2210"
"4845","true","local-density","false","21","1000","4.5","1000","1000000","2232"
"4846","true","local-density","false","21","1000","4.5","1000","1000000","2221"
"4847","true","local-density","false","21","1000","4.5","1000","1000000","2201"
"4848","true","local-density","false","21","1000","4.5","1000","1000000","2176"
"4849","true","local-density","false","21","1000","4.5","1000","1000000","2214"
"4851","true","local-density","false","21","1000","4.5","1000","1000000","2206"
"4850","true","local-density","false","21","1000","4.5","1000","1000000","2223"
"4852","true","local-density","false","21","1000","4.5","1000","1000000","2170"
"4853","true","local-density","false","21","1000","4.5","1000","1000000","2182"
"4854","true","local-density","false","21","1000","4.5","1000","1000000","2197"
"4855","true","local-density","false","21","1000","4.5","1000","1000000","2186"
"4856","true","local-density","false","21","1000","4.5","1000","1000000","2160"
"4857","true","local-density","false","21","1000","4.5","1000","1000000","2190"
"4858","true","local-density","false","21","1000","4.5","1000","1000000","2250"
"4859","true","local-density","false","21","1000","4.5","1000","1000000","2223"
"4860","true","local-density","false","21","1000","4.5","1000","1000000","2185"
"4861","true","local-density","false","21","1000","9","1000","1000000","2297"
"4862","true","local-density","false","21","1000","9","1000","1000000","2349"
"4863","true","local-density","false","21","1000","9","1000","1000000","2372"
"4864","true","local-density","false","21","1000","9","1000","1000000","2276"
"4865","true","local-density","false","21","1000","9","1000","1000000","2331"
"4866","true","local-density","false","21","1000","9","1000","1000000","2331"
"4867","true","local-density","false","21","1000","9","1000","1000000","2395"
"4868","true","local-density","false","21","1000","9","1000","1000000","2279"
"4869","true","local-density","false","21","1000","9","1000","1000000","2352"
"4870","true","local-density","false","21","1000","9","1000","1000000","2347"
"4872","true","local-density","false","21","1000","9","1000","1000000","2338"
"4871","true","local-density","false","21","1000","9","1000","1000000","2379"
"4873","true","local-density","false","21","1000","9","1000","1000000","2327"
"4874","true","local-density","false","21","1000","9","1000","1000000","2341"
"4875","true","local-density","false","21","1000","9","1000","1000000","2333"
"4876","true","local-density","false","21","1000","9","1000","1000000","2301"
"4877","true","local-density","false","21","1000","9","1000","1000000","2203"
"4878","true","local-density","false","21","1000","9","1000","1000000","2374"
"4881","true","local-density","false","21","1000","9","1000","1000000","2342"
"4879","true","local-density","false","21","1000","9","1000","1000000","2346"
"4880","true","local-density","false","21","1000","9","1000","1000000","2368"
"4882","true","local-density","false","21","1000","9","1000","1000000","2358"
"4883","true","local-density","false","21","1000","9","1000","1000000","2328"
"4884","true","local-density","false","21","1000","9","1000","1000000","2347"
"4885","true","local-density","false","21","1000","9","1000","1000000","2267"
"4886","true","local-density","false","21","1000","9","1000","1000000","2314"
"4887","true","local-density","false","21","1000","9","1000","1000000","2353"
"4888","true","local-density","false","21","1000","9","1000","1000000","2335"
"4889","true","local-density","false","21","1000","9","1000","1000000","2324"
"4890","true","local-density","false","21","1000","9","1000","1000000","2371"
"4891","true","local-density","false","21","1000","9","1000","1000000","2305"
"4892","true","local-density","false","21","1000","9","1000","1000000","2332"
"4893","true","local-density","false","21","1000","9","1000","1000000","2366"
"4894","true","local-density","false","21","1000","9","1000","1000000","2382"
"4895","true","local-density","false","21","1000","9","1000","1000000","2336"
"4896","true","local-density","false","21","1000","9","1000","1000000","2346"
"4897","true","local-density","false","21","1000","9","1000","1000000","2395"
"4898","true","local-density","false","21","1000","9","1000","1000000","2295"
"4899","true","local-density","false","21","1000","9","1000","1000000","2292"
"4900","true","local-density","false","21","1000","9","1000","1000000","2301"
"4901","true","local-density","false","21","1000","9","1000","1000000","2396"
"4902","true","local-density","false","21","1000","9","1000","1000000","2340"
"4903","true","local-density","false","21","1000","9","1000","1000000","2352"
"4904","true","local-density","false","21","1000","9","1000","1000000","2394"
"4905","true","local-density","false","21","1000","9","1000","1000000","2219"
"4906","true","local-density","false","21","1000","9","1000","1000000","2385"
"4907","true","local-density","false","21","1000","9","1000","1000000","2334"
"4908","true","local-density","false","21","1000","9","1000","1000000","2350"
"4909","true","local-density","false","21","1000","9","1000","1000000","2374"
"4910","true","local-density","false","21","1000","9","1000","1000000","2331"
"4913","true","local-density","false","21","1000","9","1000","1000000","2387"
"4911","true","local-density","false","21","1000","9","1000","1000000","2317"
"4912","true","local-density","false","21","1000","9","1000","1000000","2368"
"4914","true","local-density","false","21","1000","9","1000","1000000","2266"
"4915","true","local-density","false","21","1000","9","1000","1000000","2298"
"4916","true","local-density","false","21","1000","9","1000","1000000","2302"
"4917","true","local-density","false","21","1000","9","1000","1000000","2355"
"4918","true","local-density","false","21","1000","9","1000","1000000","2391"
"4919","true","local-density","false","21","1000","9","1000","1000000","2355"
"4920","true","local-density","false","21","1000","9","1000","1000000","2356"
"4921","true","local-density","false","21","1","4.5","1000","1000000","4081"
"4922","true","local-density","false","21","1","4.5","1000","1000000","4065"
"4923","true","local-density","false","21","1","4.5","1000","1000000","4109"
"4924","true","local-density","false","21","1","4.5","1000","1000000","4027"
"4925","true","local-density","false","21","1","4.5","1000","1000000","3931"
"4926","true","local-density","false","21","1","4.5","1000","1000000","4170"
"4928","true","local-density","false","21","1","4.5","1000","1000000","4072"
"4929","true","local-density","false","21","1","4.5","1000","1000000","3992"
"4927","true","local-density","false","21","1","4.5","1000","1000000","4129"
"4930","true","local-density","false","21","1","4.5","1000","1000000","4071"
"4931","true","local-density","false","21","1","4.5","1000","1000000","4008"
"4932","true","local-density","false","21","1","4.5","1000","1000000","4108"
"4933","true","local-density","false","21","1","4.5","1000","1000000","3882"
"4934","true","local-density","false","21","1","4.5","1000","1000000","3760"
"4936","true","local-density","false","21","1","4.5","1000","1000000","3936"
"4935","true","local-density","false","21","1","4.5","1000","1000000","3992"
"4937","true","local-density","false","21","1","4.5","1000","1000000","4185"
"4938","true","local-density","false","21","1","4.5","1000","1000000","3816"
"4939","true","local-density","false","21","1","4.5","1000","1000000","4010"
"4940","true","local-density","false","21","1","4.5","1000","1000000","3859"
"4941","true","local-density","false","21","1","4.5","1000","1000000","4137"
"4942","true","local-density","false","21","1","4.5","1000","1000000","4106"
"4945","true","local-density","false","21","1","4.5","1000","1000000","4010"
"4944","true","local-density","false","21","1","4.5","1000","1000000","3903"
"4943","true","local-density","false","21","1","4.5","1000","1000000","4059"
"4946","true","local-density","false","21","1","4.5","1000","1000000","4029"
"4947","true","local-density","false","21","1","4.5","1000","1000000","4014"
"4948","true","local-density","false","21","1","4.5","1000","1000000","4119"
"4949","true","local-density","false","21","1","4.5","1000","1000000","3958"
"4950","true","local-density","false","21","1","4.5","1000","1000000","4000"
"4951","true","local-density","false","21","1","4.5","1000","1000000","3842"
"4952","true","local-density","false","21","1","4.5","1000","1000000","3877"
"4953","true","local-density","false","21","1","4.5","1000","1000000","3640"
"4954","true","local-density","false","21","1","4.5","1000","1000000","4100"
"4955","true","local-density","false","21","1","4.5","1000","1000000","3929"
"4956","true","local-density","false","21","1","4.5","1000","1000000","3978"
"4957","true","local-density","false","21","1","4.5","1000","1000000","4053"
"4958","true","local-density","false","21","1","4.5","1000","1000000","3869"
"4959","true","local-density","false","21","1","4.5","1000","1000000","4170"
"4960","true","local-density","false","21","1","4.5","1000","1000000","4101"
"4961","true","local-density","false","21","1","4.5","1000","1000000","3987"
"4962","true","local-density","false","21","1","4.5","1000","1000000","4024"
"4963","true","local-density","false","21","1","4.5","1000","1000000","4141"
"4964","true","local-density","false","21","1","4.5","1000","1000000","4169"
"4965","true","local-density","false","21","1","4.5","1000","1000000","4013"
"4966","true","local-density","false","21","1","4.5","1000","1000000","4053"
"4967","true","local-density","false","21","1","4.5","1000","1000000","4145"
"4968","true","local-density","false","21","1","4.5","1000","1000000","4009"
"4969","true","local-density","false","21","1","4.5","1000","1000000","4021"
"4970","true","local-density","false","21","1","4.5","1000","1000000","4125"
"4971","true","local-density","false","21","1","4.5","1000","1000000","4042"
"4972","true","local-density","false","21","1","4.5","1000","1000000","3953"
"4973","true","local-density","false","21","1","4.5","1000","1000000","4085"
"4974","true","local-density","false","21","1","4.5","1000","1000000","3968"
"4975","true","local-density","false","21","1","4.5","1000","1000000","3917"
"4976","true","local-density","false","21","1","4.5","1000","1000000","4086"
"4978","true","local-density","false","21","1","4.5","1000","1000000","4157"
"4977","true","local-density","false","21","1","4.5","1000","1000000","4029"
"4979","true","local-density","false","21","1","4.5","1000","1000000","4008"
"4980","true","local-density","false","21","1","4.5","1000","1000000","3996"
"4981","true","local-density","false","21","1","9","1000","1000000","4313"
"4982","true","local-density","false","21","1","9","1000","1000000","4348"
"4983","true","local-density","false","21","1","9","1000","1000000","4197"
"4984","true","local-density","false","21","1","9","1000","1000000","4500"
"4986","true","local-density","false","21","1","9","1000","1000000","4166"
"4985","true","local-density","false","21","1","9","1000","1000000","4293"
"4987","true","local-density","false","21","1","9","1000","1000000","4407"
"4988","true","local-density","false","21","1","9","1000","1000000","4254"
"4989","true","local-density","false","21","1","9","1000","1000000","4207"
"4990","true","local-density","false","21","1","9","1000","1000000","4420"
"4991","true","local-density","false","21","1","9","1000","1000000","4440"
"4992","true","local-density","false","21","1","9","1000","1000000","4279"
"4993","true","local-density","false","21","1","9","1000","1000000","4524"
"4994","true","local-density","false","21","1","9","1000","1000000","4377"
"4995","true","local-density","false","21","1","9","1000","1000000","4289"
"4996","true","local-density","false","21","1","9","1000","1000000","4490"
"4997","true","local-density","false","21","1","9","1000","1000000","4454"
"4998","true","local-density","false","21","1","9","1000","1000000","4484"
"4999","true","local-density","false","21","1","9","1000","1000000","4153"
"5000","true","local-density","false","21","1","9","1000","1000000","4352"
"5002","true","local-density","false","21","1","9","1000","1000000","4561"
"5001","true","local-density","false","21","1","9","1000","1000000","4293"
"5003","true","local-density","false","21","1","9","1000","1000000","4135"
"5004","true","local-density","false","21","1","9","1000","1000000","4438"
"5005","true","local-density","false","21","1","9","1000","1000000","4383"
"5006","true","local-density","false","21","1","9","1000","1000000","4356"
"5007","true","local-density","false","21","1","9","1000","1000000","4264"
"5008","true","local-density","false","21","1","9","1000","1000000","4245"
"5009","true","local-density","false","21","1","9","1000","1000000","4468"
"5010","true","local-density","false","21","1","9","1000","1000000","4566"
"5011","true","local-density","false","21","1","9","1000","1000000","4594"
"5012","true","local-density","false","21","1","9","1000","1000000","4410"
"5013","true","local-density","false","21","1","9","1000","1000000","4265"
"5014","true","local-density","false","21","1","9","1000","1000000","4491"
"5015","true","local-density","false","21","1","9","1000","1000000","4229"
"5016","true","local-density","false","21","1","9","1000","1000000","4529"
"5017","true","local-density","false","21","1","9","1000","1000000","4409"
"5018","true","local-density","false","21","1","9","1000","1000000","4611"
"5019","true","local-density","false","21","1","9","1000","1000000","4344"
"5020","true","local-density","false","21","1","9","1000","1000000","4476"
"5021","true","local-density","false","21","1","9","1000","1000000","4489"
"5022","true","local-density","false","21","1","9","1000","1000000","4259"
"5023","true","local-density","false","21","1","9","1000","1000000","4498"
"5025","true","local-density","false","21","1","9","1000","1000000","4600"
"5024","true","local-density","false","21","1","9","1000","1000000","4124"
"5026","true","local-density","false","21","1","9","1000","1000000","4286"
"5027","true","local-density","false","21","1","9","1000","1000000","4531"
"5028","true","local-density","false","21","1","9","1000","1000000","4391"
"5029","true","local-density","false","21","1","9","1000","1000000","4495"
"5030","true","local-density","false","21","1","9","1000","1000000","4639"
"5031","true","local-density","false","21","1","9","1000","1000000","4458"
"5033","true","local-density","false","21","1","9","1000","1000000","4506"
"5032","true","local-density","false","21","1","9","1000","1000000","4378"
"5034","true","local-density","false","21","1","9","1000","1000000","4330"
"5035","true","local-density","false","21","1","9","1000","1000000","4094"
"5036","true","local-density","false","21","1","9","1000","1000000","4443"
"5037","true","local-density","false","21","1","9","1000","1000000","4402"
"5038","true","local-density","false","21","1","9","1000","1000000","4413"
"5039","true","local-density","false","21","1","9","1000","1000000","4490"
"5040","true","local-density","false","21","1","9","1000","1000000","4427"
"5041","true","local-density","false","22","1000","4.5","1000","1000000","4401"
"5042","true","local-density","false","22","1000","4.5","1000","1000000","4406"
"5043","true","local-density","false","22","1000","4.5","1000","1000000","4347"
"5045","true","local-density","false","22","1000","4.5","1000","1000000","4288"
"5044","true","local-density","false","22","1000","4.5","1000","1000000","4363"
"5046","true","local-density","false","22","1000","4.5","1000","1000000","4175"
"5047","true","local-density","false","22","1000","4.5","1000","1000000","4291"
"5048","true","local-density","false","22","1000","4.5","1000","1000000","4333"
"5049","true","local-density","false","22","1000","4.5","1000","1000000","4398"
"5050","true","local-density","false","22","1000","4.5","1000","1000000","4401"
"5051","true","local-density","false","22","1000","4.5","1000","1000000","4374"
"5053","true","local-density","false","22","1000","4.5","1000","1000000","4212"
"5052","true","local-density","false","22","1000","4.5","1000","1000000","4313"
"5054","true","local-density","false","22","1000","4.5","1000","1000000","4368"
"5055","true","local-density","false","22","1000","4.5","1000","1000000","4352"
"5056","true","local-density","false","22","1000","4.5","1000","1000000","4301"
"5057","true","local-density","false","22","1000","4.5","1000","1000000","4405"
"5058","true","local-density","false","22","1000","4.5","1000","1000000","4272"
"5059","true","local-density","false","22","1000","4.5","1000","1000000","4332"
"5060","true","local-density","false","22","1000","4.5","1000","1000000","4402"
"5061","true","local-density","false","22","1000","4.5","1000","1000000","4408"
"5062","true","local-density","false","22","1000","4.5","1000","1000000","4393"
"5063","true","local-density","false","22","1000","4.5","1000","1000000","4413"
"5064","true","local-density","false","22","1000","4.5","1000","1000000","4323"
"5065","true","local-density","false","22","1000","4.5","1000","1000000","4392"
"5066","true","local-density","false","22","1000","4.5","1000","1000000","4346"
"5067","true","local-density","false","22","1000","4.5","1000","1000000","4280"
"5068","true","local-density","false","22","1000","4.5","1000","1000000","4329"
"5069","true","local-density","false","22","1000","4.5","1000","1000000","4199"
"5070","true","local-density","false","22","1000","4.5","1000","1000000","4365"
"5071","true","local-density","false","22","1000","4.5","1000","1000000","4322"
"5072","true","local-density","false","22","1000","4.5","1000","1000000","4447"
"5073","true","local-density","false","22","1000","4.5","1000","1000000","4351"
"5074","true","local-density","false","22","1000","4.5","1000","1000000","4336"
"5075","true","local-density","false","22","1000","4.5","1000","1000000","4349"
"5076","true","local-density","false","22","1000","4.5","1000","1000000","4411"
"5077","true","local-density","false","22","1000","4.5","1000","1000000","4305"
"5078","true","local-density","false","22","1000","4.5","1000","1000000","4316"
"5079","true","local-density","false","22","1000","4.5","1000","1000000","4274"
"5080","true","local-density","false","22","1000","4.5","1000","1000000","4384"
"5081","true","local-density","false","22","1000","4.5","1000","1000000","4304"
"5082","true","local-density","false","22","1000","4.5","1000","1000000","4287"
"5083","true","local-density","false","22","1000","4.5","1000","1000000","4412"
"5084","true","local-density","false","22","1000","4.5","1000","1000000","4351"
"5085","true","local-density","false","22","1000","4.5","1000","1000000","4424"
"5086","true","local-density","false","22","1000","4.5","1000","1000000","4241"
"5088","true","local-density","false","22","1000","4.5","1000","1000000","4296"
"5087","true","local-density","false","22","1000","4.5","1000","1000000","4414"
"5089","true","local-density","false","22","1000","4.5","1000","1000000","4390"
"5090","true","local-density","false","22","1000","4.5","1000","1000000","4349"
"5091","true","local-density","false","22","1000","4.5","1000","1000000","4301"
"5092","true","local-density","false","22","1000","4.5","1000","1000000","4354"
"5093","true","local-density","false","22","1000","4.5","1000","1000000","4406"
"5094","true","local-density","false","22","1000","4.5","1000","1000000","4399"
"5095","true","local-density","false","22","1000","4.5","1000","1000000","4328"
"5096","true","local-density","false","22","1000","4.5","1000","1000000","4356"
"5097","true","local-density","false","22","1000","4.5","1000","1000000","4346"
"5098","true","local-density","false","22","1000","4.5","1000","1000000","4396"
"5099","true","local-density","false","22","1000","4.5","1000","1000000","4343"
"5100","true","local-density","false","22","1000","4.5","1000","1000000","4374"
"5101","true","local-density","false","22","1000","9","1000","1000000","4495"
"5102","true","local-density","false","22","1000","9","1000","1000000","4532"
"5104","true","local-density","false","22","1000","9","1000","1000000","4584"
"5103","true","local-density","false","22","1000","9","1000","1000000","4498"
"5105","true","local-density","false","22","1000","9","1000","1000000","4601"
"5107","true","local-density","false","22","1000","9","1000","1000000","4596"
"5106","true","local-density","false","22","1000","9","1000","1000000","4581"
"5108","true","local-density","false","22","1000","9","1000","1000000","4602"
"5110","true","local-density","false","22","1000","9","1000","1000000","4527"
"5109","true","local-density","false","22","1000","9","1000","1000000","4619"
"5111","true","local-density","false","22","1000","9","1000","1000000","4529"
"5112","true","local-density","false","22","1000","9","1000","1000000","4460"
"5113","true","local-density","false","22","1000","9","1000","1000000","4565"
"5114","true","local-density","false","22","1000","9","1000","1000000","4539"
"5115","true","local-density","false","22","1000","9","1000","1000000","4526"
"5117","true","local-density","false","22","1000","9","1000","1000000","4538"
"5116","true","local-density","false","22","1000","9","1000","1000000","4517"
"5118","true","local-density","false","22","1000","9","1000","1000000","4541"
"5119","true","local-density","false","22","1000","9","1000","1000000","4563"
"5120","true","local-density","false","22","1000","9","1000","1000000","4513"
"5121","true","local-density","false","22","1000","9","1000","1000000","4569"
"5122","true","local-density","false","22","1000","9","1000","1000000","4595"
"5123","true","local-density","false","22","1000","9","1000","1000000","4561"
"5124","true","local-density","false","22","1000","9","1000","1000000","4563"
"5125","true","local-density","false","22","1000","9","1000","1000000","4575"
"5126","true","local-density","false","22","1000","9","1000","1000000","4556"
"5127","true","local-density","false","22","1000","9","1000","1000000","4439"
"5128","true","local-density","false","22","1000","9","1000","1000000","4617"
"5129","true","local-density","false","22","1000","9","1000","1000000","4505"
"5130","true","local-density","false","22","1000","9","1000","1000000","4599"
"5131","true","local-density","false","22","1000","9","1000","1000000","4446"
"5132","true","local-density","false","22","1000","9","1000","1000000","4580"
"5134","true","local-density","false","22","1000","9","1000","1000000","4491"
"5133","true","local-density","false","22","1000","9","1000","1000000","4562"
"5135","true","local-density","false","22","1000","9","1000","1000000","4465"
"5136","true","local-density","false","22","1000","9","1000","1000000","4528"
"5137","true","local-density","false","22","1000","9","1000","1000000","4561"
"5138","true","local-density","false","22","1000","9","1000","1000000","4572"
"5139","true","local-density","false","22","1000","9","1000","1000000","4589"
"5140","true","local-density","false","22","1000","9","1000","1000000","4440"
"5141","true","local-density","false","22","1000","9","1000","1000000","4628"
"5143","true","local-density","false","22","1000","9","1000","1000000","4502"
"5142","true","local-density","false","22","1000","9","1000","1000000","4545"
"5144","true","local-density","false","22","1000","9","1000","1000000","4592"
"5145","true","local-density","false","22","1000","9","1000","1000000","4601"
"5146","true","local-density","false","22","1000","9","1000","1000000","4489"
"5147","true","local-density","false","22","1000","9","1000","1000000","4382"
"5148","true","local-density","false","22","1000","9","1000","1000000","4520"
"5149","true","local-density","false","22","1000","9","1000","1000000","4510"
"5150","true","local-density","false","22","1000","9","1000","1000000","4569"
"5151","true","local-density","false","22","1000","9","1000","1000000","4543"
"5152","true","local-density","false","22","1000","9","1000","1000000","4576"
"5153","true","local-density","false","22","1000","9","1000","1000000","4645"
"5154","true","local-density","false","22","1000","9","1000","1000000","4540"
"5155","true","local-density","false","22","1000","9","1000","1000000","4636"
"5156","true","local-density","false","22","1000","9","1000","1000000","4546"
"5157","true","local-density","false","22","1000","9","1000","1000000","4534"
"5158","true","local-density","false","22","1000","9","1000","1000000","4575"
"5159","true","local-density","false","22","1000","9","1000","1000000","4606"
"5161","true","local-density","false","22","1","4.5","1000","1000000","8097"
"5160","true","local-density","false","22","1000","9","1000","1000000","4441"
"5162","true","local-density","false","22","1","4.5","1000","1000000","8040"
"5163","true","local-density","false","22","1","4.5","1000","1000000","7910"
"5164","true","local-density","false","22","1","4.5","1000","1000000","7894"
"5165","true","local-density","false","22","1","4.5","1000","1000000","7766"
"5166","true","local-density","false","22","1","4.5","1000","1000000","7688"
"5169","true","local-density","false","22","1","4.5","1000","1000000","7704"
"5168","true","local-density","false","22","1","4.5","1000","1000000","7769"
"5167","true","local-density","false","22","1","4.5","1000","1000000","7850"
"5170","true","local-density","false","22","1","4.5","1000","1000000","7707"
"5171","true","local-density","false","22","1","4.5","1000","1000000","7909"
"5172","true","local-density","false","22","1","4.5","1000","1000000","7997"
"5173","true","local-density","false","22","1","4.5","1000","1000000","7778"
"5175","true","local-density","false","22","1","4.5","1000","1000000","7984"
"5174","true","local-density","false","22","1","4.5","1000","1000000","7750"
"5176","true","local-density","false","22","1","4.5","1000","1000000","7808"
"5177","true","local-density","false","22","1","4.5","1000","1000000","7862"
"5178","true","local-density","false","22","1","4.5","1000","1000000","7565"
"5179","true","local-density","false","22","1","4.5","1000","1000000","8034"
"5180","true","local-density","false","22","1","4.5","1000","1000000","7812"
"5181","true","local-density","false","22","1","4.5","1000","1000000","7921"
"5183","true","local-density","false","22","1","4.5","1000","1000000","7970"
"5182","true","local-density","false","22","1","4.5","1000","1000000","7850"
"5184","true","local-density","false","22","1","4.5","1000","1000000","7723"
"5185","true","local-density","false","22","1","4.5","1000","1000000","7706"
"5186","true","local-density","false","22","1","4.5","1000","1000000","7964"
"5187","true","local-density","false","22","1","4.5","1000","1000000","7842"
"5188","true","local-density","false","22","1","4.5","1000","1000000","7704"
"5189","true","local-density","false","22","1","4.5","1000","1000000","7779"
"5190","true","local-density","false","22","1","4.5","1000","1000000","7863"
"5191","true","local-density","false","22","1","4.5","1000","1000000","7763"
"5192","true","local-density","false","22","1","4.5","1000","1000000","7874"
"5193","true","local-density","false","22","1","4.5","1000","1000000","7852"
"5194","true","local-density","false","22","1","4.5","1000","1000000","7963"
"5195","true","local-density","false","22","1","4.5","1000","1000000","7621"
"5196","true","local-density","false","22","1","4.5","1000","1000000","7950"
"5197","true","local-density","false","22","1","4.5","1000","1000000","7454"
"5198","true","local-density","false","22","1","4.5","1000","1000000","7871"
"5199","true","local-density","false","22","1","4.5","1000","1000000","8088"
"5200","true","local-density","false","22","1","4.5","1000","1000000","7681"
"5201","true","local-density","false","22","1","4.5","1000","1000000","7987"
"5202","true","local-density","false","22","1","4.5","1000","1000000","7673"
"5203","true","local-density","false","22","1","4.5","1000","1000000","8118"
"5204","true","local-density","false","22","1","4.5","1000","1000000","7423"
"5205","true","local-density","false","22","1","4.5","1000","1000000","7827"
"5206","true","local-density","false","22","1","4.5","1000","1000000","7994"
"5207","true","local-density","false","22","1","4.5","1000","1000000","7881"
"5208","true","local-density","false","22","1","4.5","1000","1000000","8004"
"5209","true","local-density","false","22","1","4.5","1000","1000000","7961"
"5210","true","local-density","false","22","1","4.5","1000","1000000","7956"
"5211","true","local-density","false","22","1","4.5","1000","1000000","7713"
"5212","true","local-density","false","22","1","4.5","1000","1000000","7492"
"5213","true","local-density","false","22","1","4.5","1000","1000000","7663"
"5214","true","local-density","false","22","1","4.5","1000","1000000","7797"
"5215","true","local-density","false","22","1","4.5","1000","1000000","7644"
"5216","true","local-density","false","22","1","4.5","1000","1000000","7588"
"5217","true","local-density","false","22","1","4.5","1000","1000000","7939"
"5218","true","local-density","false","22","1","4.5","1000","1000000","7551"
"5219","true","local-density","false","22","1","4.5","1000","1000000","7915"
"5220","true","local-density","false","22","1","4.5","1000","1000000","7810"
"5221","true","local-density","false","22","1","9","1000","1000000","8091"
"5222","true","local-density","false","22","1","9","1000","1000000","8165"
"5224","true","local-density","false","22","1","9","1000","1000000","8252"
"5223","true","local-density","false","22","1","9","1000","1000000","8164"
"5225","true","local-density","false","22","1","9","1000","1000000","7786"
"5226","true","local-density","false","22","1","9","1000","1000000","8153"
"5227","true","local-density","false","22","1","9","1000","1000000","8097"
"5228","true","local-density","false","22","1","9","1000","1000000","8017"
"5229","true","local-density","false","22","1","9","1000","1000000","7964"
"5230","true","local-density","false","22","1","9","1000","1000000","8371"
"5231","true","local-density","false","22","1","9","1000","1000000","7884"
"5232","true","local-density","false","22","1","9","1000","1000000","8184"
"5233","true","local-density","false","22","1","9","1000","1000000","8157"
"5234","true","local-density","false","22","1","9","1000","1000000","8059"
"5235","true","local-density","false","22","1","9","1000","1000000","8157"
"5236","true","local-density","false","22","1","9","1000","1000000","7928"
"5237","true","local-density","false","22","1","9","1000","1000000","7953"
"5238","true","local-density","false","22","1","9","1000","1000000","8154"
"5239","true","local-density","false","22","1","9","1000","1000000","8293"
"5240","true","local-density","false","22","1","9","1000","1000000","7784"
"5241","true","local-density","false","22","1","9","1000","1000000","8225"
"5242","true","local-density","false","22","1","9","1000","1000000","7963"
"5243","true","local-density","false","22","1","9","1000","1000000","7904"
"5244","true","local-density","false","22","1","9","1000","1000000","8177"
"5245","true","local-density","false","22","1","9","1000","1000000","7874"
"5246","true","local-density","false","22","1","9","1000","1000000","8106"
"5247","true","local-density","false","22","1","9","1000","1000000","7793"
"5248","true","local-density","false","22","1","9","1000","1000000","8115"
"5249","true","local-density","false","22","1","9","1000","1000000","8232"
"5250","true","local-density","false","22","1","9","1000","1000000","7854"
"5251","true","local-density","false","22","1","9","1000","1000000","8224"
"5252","true","local-density","false","22","1","9","1000","1000000","8086"
"5253","true","local-density","false","22","1","9","1000","1000000","7957"
"5254","true","local-density","false","22","1","9","1000","1000000","8117"
"5255","true","local-density","false","22","1","9","1000","1000000","7885"
"5256","true","local-density","false","22","1","9","1000","1000000","7929"
"5257","true","local-density","false","22","1","9","1000","1000000","8083"
"5258","true","local-density","false","22","1","9","1000","1000000","8034"
"5259","true","local-density","false","22","1","9","1000","1000000","8209"
"5260","true","local-density","false","22","1","9","1000","1000000","8158"
"5261","true","local-density","false","22","1","9","1000","1000000","8036"
"5262","true","local-density","false","22","1","9","1000","1000000","8091"
"5263","true","local-density","false","22","1","9","1000","1000000","7822"
"5264","true","local-density","false","22","1","9","1000","1000000","8130"
"5265","true","local-density","false","22","1","9","1000","1000000","8192"
"5266","true","local-density","false","22","1","9","1000","1000000","8070"
"5267","true","local-density","false","22","1","9","1000","1000000","7978"
"5268","true","local-density","false","22","1","9","1000","1000000","7968"
"5269","true","local-density","false","22","1","9","1000","1000000","8068"
"5270","true","local-density","false","22","1","9","1000","1000000","8039"
"5271","true","local-density","false","22","1","9","1000","1000000","8047"
"5272","true","local-density","false","22","1","9","1000","1000000","7847"
"5274","true","local-density","false","22","1","9","1000","1000000","7913"
"5273","true","local-density","false","22","1","9","1000","1000000","7995"
"5275","true","local-density","false","22","1","9","1000","1000000","8181"
"5276","true","local-density","false","22","1","9","1000","1000000","8049"
"5277","true","local-density","false","22","1","9","1000","1000000","7842"
"5279","true","local-density","false","22","1","9","1000","1000000","8019"
"5278","true","local-density","false","22","1","9","1000","1000000","7878"
"5280","true","local-density","false","22","1","9","1000","1000000","8234"
"5281","true","local-density","false","23","1000","4.5","1000","1000000","8673"
"5282","true","local-density","false","23","1000","4.5","1000","1000000","8701"
"5283","true","local-density","false","23","1000","4.5","1000","1000000","8638"
"5284","true","local-density","false","23","1000","4.5","1000","1000000","8655"
"5285","true","local-density","false","23","1000","4.5","1000","1000000","8626"
"5286","true","local-density","false","23","1000","4.5","1000","1000000","8599"
"5287","true","local-density","false","23","1000","4.5","1000","1000000","8475"
"5288","true","local-density","false","23","1000","4.5","1000","1000000","8522"
"5289","true","local-density","false","23","1000","4.5","1000","1000000","8416"
"5290","true","local-density","false","23","1000","4.5","1000","1000000","8422"
"5291","true","local-density","false","23","1000","4.5","1000","1000000","8597"
"5292","true","local-density","false","23","1000","4.5","1000","1000000","8564"
"5294","true","local-density","false","23","1000","4.5","1000","1000000","8530"
"5293","true","local-density","false","23","1000","4.5","1000","1000000","8519"
"5295","true","local-density","false","23","1000","4.5","1000","1000000","8558"
"5296","true","local-density","false","23","1000","4.5","1000","1000000","8544"
"5297","true","local-density","false","23","1000","4.5","1000","1000000","8597"
"5298","true","local-density","false","23","1000","4.5","1000","1000000","8594"
"5299","true","local-density","false","23","1000","4.5","1000","1000000","8565"
"5300","true","local-density","false","23","1000","4.5","1000","1000000","8682"
"5301","true","local-density","false","23","1000","4.5","1000","1000000","8609"
"5303","true","local-density","false","23","1000","4.5","1000","1000000","8542"
"5302","true","local-density","false","23","1000","4.5","1000","1000000","8673"
"5304","true","local-density","false","23","1000","4.5","1000","1000000","8524"
"5305","true","local-density","false","23","1000","4.5","1000","1000000","8633"
"5306","true","local-density","false","23","1000","4.5","1000","1000000","8509"
"5307","true","local-density","false","23","1000","4.5","1000","1000000","8518"
"5308","true","local-density","false","23","1000","4.5","1000","1000000","8529"
"5309","true","local-density","false","23","1000","4.5","1000","1000000","8550"
"5310","true","local-density","false","23","1000","4.5","1000","1000000","8466"
"5311","true","local-density","false","23","1000","4.5","1000","1000000","8566"
"5312","true","local-density","false","23","1000","4.5","1000","1000000","8560"
"5313","true","local-density","false","23","1000","4.5","1000","1000000","8499"
"5315","true","local-density","false","23","1000","4.5","1000","1000000","8607"
"5314","true","local-density","false","23","1000","4.5","1000","1000000","8611"
"5316","true","local-density","false","23","1000","4.5","1000","1000000","8562"
"5317","true","local-density","false","23","1000","4.5","1000","1000000","8494"
"5318","true","local-density","false","23","1000","4.5","1000","1000000","8558"
"5319","true","local-density","false","23","1000","4.5","1000","1000000","8525"
"5320","true","local-density","false","23","1000","4.5","1000","1000000","8661"
"5322","true","local-density","false","23","1000","4.5","1000","1000000","8392"
"5321","true","local-density","false","23","1000","4.5","1000","1000000","8584"
"5323","true","local-density","false","23","1000","4.5","1000","1000000","8554"
"5324","true","local-density","false","23","1000","4.5","1000","1000000","8558"
"5326","true","local-density","false","23","1000","4.5","1000","1000000","8574"
"5325","true","local-density","false","23","1000","4.5","1000","1000000","8513"
"5327","true","local-density","false","23","1000","4.5","1000","1000000","8519"
"5328","true","local-density","false","23","1000","4.5","1000","1000000","8558"
"5330","true","local-density","false","23","1000","4.5","1000","1000000","8508"
"5329","true","local-density","false","23","1000","4.5","1000","1000000","8724"
"5331","true","local-density","false","23","1000","4.5","1000","1000000","8538"
"5332","true","local-density","false","23","1000","4.5","1000","1000000","8560"
"5334","true","local-density","false","23","1000","4.5","1000","1000000","8580"
"5333","true","local-density","false","23","1000","4.5","1000","1000000","8552"
"5335","true","local-density","false","23","1000","4.5","1000","1000000","8511"
"5336","true","local-density","false","23","1000","4.5","1000","1000000","8521"
"5337","true","local-density","false","23","1000","4.5","1000","1000000","8455"
"5338","true","local-density","false","23","1000","4.5","1000","1000000","8649"
"5339","true","local-density","false","23","1000","4.5","1000","1000000","8469"
"5340","true","local-density","false","23","1000","4.5","1000","1000000","8666"
"5341","true","local-density","false","23","1000","9","1000","1000000","7755"
"5342","true","local-density","false","23","1000","9","1000","1000000","7861"
"5343","true","local-density","false","23","1000","9","1000","1000000","7793"
"5344","true","local-density","false","23","1000","9","1000","1000000","7752"
"5345","true","local-density","false","23","1000","9","1000","1000000","7613"
"5346","true","local-density","false","23","1000","9","1000","1000000","7640"
"5347","true","local-density","false","23","1000","9","1000","1000000","7727"
"5348","true","local-density","false","23","1000","9","1000","1000000","7815"
"5349","true","local-density","false","23","1000","9","1000","1000000","7650"
"5350","true","local-density","false","23","1000","9","1000","1000000","7699"
"5351","true","local-density","false","23","1000","9","1000","1000000","7782"
"5352","true","local-density","false","23","1000","9","1000","1000000","7625"
"5353","true","local-density","false","23","1000","9","1000","1000000","7715"
"5354","true","local-density","false","23","1000","9","1000","1000000","7814"
"5355","true","local-density","false","23","1000","9","1000","1000000","7841"
"5356","true","local-density","false","23","1000","9","1000","1000000","7831"
"5358","true","local-density","false","23","1000","9","1000","1000000","7647"
"5357","true","local-density","false","23","1000","9","1000","1000000","7897"
"5360","true","local-density","false","23","1000","9","1000","1000000","7679"
"5359","true","local-density","false","23","1000","9","1000","1000000","7774"
"5361","true","local-density","false","23","1000","9","1000","1000000","7798"
"5362","true","local-density","false","23","1000","9","1000","1000000","7807"
"5363","true","local-density","false","23","1000","9","1000","1000000","7789"
"5364","true","local-density","false","23","1000","9","1000","1000000","7638"
"5365","true","local-density","false","23","1000","9","1000","1000000","7573"
"5366","true","local-density","false","23","1000","9","1000","1000000","7761"
"5367","true","local-density","false","23","1000","9","1000","1000000","7816"
"5368","true","local-density","false","23","1000","9","1000","1000000","7773"
"5369","true","local-density","false","23","1000","9","1000","1000000","7610"
"5370","true","local-density","false","23","1000","9","1000","1000000","7583"
"5371","true","local-density","false","23","1000","9","1000","1000000","7731"
"5372","true","local-density","false","23","1000","9","1000","1000000","7812"
"5373","true","local-density","false","23","1000","9","1000","1000000","7566"
"5374","true","local-density","false","23","1000","9","1000","1000000","7716"
"5376","true","local-density","false","23","1000","9","1000","1000000","7732"
"5375","true","local-density","false","23","1000","9","1000","1000000","7673"
"5377","true","local-density","false","23","1000","9","1000","1000000","7789"
"5378","true","local-density","false","23","1000","9","1000","1000000","7633"
"5379","true","local-density","false","23","1000","9","1000","1000000","7630"
"5380","true","local-density","false","23","1000","9","1000","1000000","7874"
"5381","true","local-density","false","23","1000","9","1000","1000000","7942"
"5382","true","local-density","false","23","1000","9","1000","1000000","7632"
"5383","true","local-density","false","23","1000","9","1000","1000000","7744"
"5384","true","local-density","false","23","1000","9","1000","1000000","7791"
"5385","true","local-density","false","23","1000","9","1000","1000000","7721"
"5386","true","local-density","false","23","1000","9","1000","1000000","7879"
"5387","true","local-density","false","23","1000","9","1000","1000000","7759"
"5388","true","local-density","false","23","1000","9","1000","1000000","7708"
"5389","true","local-density","false","23","1000","9","1000","1000000","7650"
"5390","true","local-density","false","23","1000","9","1000","1000000","7838"
"5391","true","local-density","false","23","1000","9","1000","1000000","7821"
"5392","true","local-density","false","23","1000","9","1000","1000000","7681"
"5393","true","local-density","false","23","1000","9","1000","1000000","7709"
"5394","true","local-density","false","23","1000","9","1000","1000000","7705"
"5395","true","local-density","false","23","1000","9","1000","1000000","7790"
"5396","true","local-density","false","23","1000","9","1000","1000000","7718"
"5397","true","local-density","false","23","1000","9","1000","1000000","7864"
"5399","true","local-density","false","23","1000","9","1000","1000000","7752"
"5398","true","local-density","false","23","1000","9","1000","1000000","7668"
"5400","true","local-density","false","23","1000","9","1000","1000000","7670"
"5401","true","local-density","false","23","1","4.5","1000","1000000","14642"
"5402","true","local-density","false","23","1","4.5","1000","1000000","14777"
"5403","true","local-density","false","23","1","4.5","1000","1000000","14975"
"5404","true","local-density","false","23","1","4.5","1000","1000000","15070"
"5405","true","local-density","false","23","1","4.5","1000","1000000","14510"
"5406","true","local-density","false","23","1","4.5","1000","1000000","14994"
"5407","true","local-density","false","23","1","4.5","1000","1000000","14800"
"5408","true","local-density","false","23","1","4.5","1000","1000000","14993"
"5409","true","local-density","false","23","1","4.5","1000","1000000","15110"
"5410","true","local-density","false","23","1","4.5","1000","1000000","14791"
"5411","true","local-density","false","23","1","4.5","1000","1000000","15127"
"5412","true","local-density","false","23","1","4.5","1000","1000000","15003"
"5413","true","local-density","false","23","1","4.5","1000","1000000","15029"
"5414","true","local-density","false","23","1","4.5","1000","1000000","14433"
"5415","true","local-density","false","23","1","4.5","1000","1000000","14830"
"5416","true","local-density","false","23","1","4.5","1000","1000000","15275"
"5417","true","local-density","false","23","1","4.5","1000","1000000","15181"
"5418","true","local-density","false","23","1","4.5","1000","1000000","15289"
"5419","true","local-density","false","23","1","4.5","1000","1000000","15190"
"5420","true","local-density","false","23","1","4.5","1000","1000000","14611"
"5421","true","local-density","false","23","1","4.5","1000","1000000","14805"
"5422","true","local-density","false","23","1","4.5","1000","1000000","14925"
"5423","true","local-density","false","23","1","4.5","1000","1000000","15123"
"5424","true","local-density","false","23","1","4.5","1000","1000000","15141"
"5425","true","local-density","false","23","1","4.5","1000","1000000","14705"
"5426","true","local-density","false","23","1","4.5","1000","1000000","15225"
"5427","true","local-density","false","23","1","4.5","1000","1000000","14944"
"5428","true","local-density","false","23","1","4.5","1000","1000000","15289"
"5429","true","local-density","false","23","1","4.5","1000","1000000","15210"
"5430","true","local-density","false","23","1","4.5","1000","1000000","14799"
"5431","true","local-density","false","23","1","4.5","1000","1000000","14958"
"5432","true","local-density","false","23","1","4.5","1000","1000000","14758"
"5433","true","local-density","false","23","1","4.5","1000","1000000","15218"
"5434","true","local-density","false","23","1","4.5","1000","1000000","15148"
"5435","true","local-density","false","23","1","4.5","1000","1000000","15246"
"5436","true","local-density","false","23","1","4.5","1000","1000000","14587"
"5437","true","local-density","false","23","1","4.5","1000","1000000","14782"
"5438","true","local-density","false","23","1","4.5","1000","1000000","14994"
"5439","true","local-density","false","23","1","4.5","1000","1000000","15086"
"5440","true","local-density","false","23","1","4.5","1000","1000000","14775"
"5441","true","local-density","false","23","1","4.5","1000","1000000","15197"
"5442","true","local-density","false","23","1","4.5","1000","1000000","14911"
"5443","true","local-density","false","23","1","4.5","1000","1000000","15007"
"5444","true","local-density","false","23","1","4.5","1000","1000000","14787"
"5445","true","local-density","false","23","1","4.5","1000","1000000","14712"
"5446","true","local-density","false","23","1","4.5","1000","1000000","14757"
"5447","true","local-density","false","23","1","4.5","1000","1000000","14823"
"5448","true","local-density","false","23","1","4.5","1000","1000000","15153"
"5449","true","local-density","false","23","1","4.5","1000","1000000","14739"
"5450","true","local-density","false","23","1","4.5","1000","1000000","15353"
"5451","true","local-density","false","23","1","4.5","1000","1000000","14763"
"5452","true","local-density","false","23","1","4.5","1000","1000000","14983"
"5453","true","local-density","false","23","1","4.5","1000","1000000","15047"
"5454","true","local-density","false","23","1","4.5","1000","1000000","15184"
"5455","true","local-density","false","23","1","4.5","1000","1000000","15193"
"5456","true","local-density","false","23","1","4.5","1000","1000000","14956"
"5457","true","local-density","false","23","1","4.5","1000","1000000","14743"
"5458","true","local-density","false","23","1","4.5","1000","1000000","14811"
"5459","true","local-density","false","23","1","4.5","1000","1000000","15016"
"5460","true","local-density","false","23","1","4.5","1000","1000000","15091"
"5461","true","local-density","false","23","1","9","1000","1000000","12951"
"5462","true","local-density","false","23","1","9","1000","1000000","13236"
"5463","true","local-density","false","23","1","9","1000","1000000","12593"
"5464","true","local-density","false","23","1","9","1000","1000000","13160"
"5465","true","local-density","false","23","1","9","1000","1000000","13143"
"5466","true","local-density","false","23","1","9","1000","1000000","12538"
"5467","true","local-density","false","23","1","9","1000","1000000","12787"
"5468","true","local-density","false","23","1","9","1000","1000000","12738"
"5469","true","local-density","false","23","1","9","1000","1000000","13108"
"5470","true","local-density","false","23","1","9","1000","1000000","12947"
"5471","true","local-density","false","23","1","9","1000","1000000","13533"
"5472","true","local-density","false","23","1","9","1000","1000000","13132"
"5473","true","local-density","false","23","1","9","1000","1000000","12759"
"5474","true","local-density","false","23","1","9","1000","1000000","12985"
"5475","true","local-density","false","23","1","9","1000","1000000","12737"
"5477","true","local-density","false","23","1","9","1000","1000000","12857"
"5476","true","local-density","false","23","1","9","1000","1000000","12918"
"5478","true","local-density","false","23","1","9","1000","1000000","12962"
"5479","true","local-density","false","23","1","9","1000","1000000","12976"
"5480","true","local-density","false","23","1","9","1000","1000000","13096"
"5481","true","local-density","false","23","1","9","1000","1000000","12902"
"5482","true","local-density","false","23","1","9","1000","1000000","13110"
"5483","true","local-density","false","23","1","9","1000","1000000","12706"
"5484","true","local-density","false","23","1","9","1000","1000000","12916"
"5485","true","local-density","false","23","1","9","1000","1000000","12616"
"5486","true","local-density","false","23","1","9","1000","1000000","12626"
"5487","true","local-density","false","23","1","9","1000","1000000","12766"
"5488","true","local-density","false","23","1","9","1000","1000000","12998"
"5489","true","local-density","false","23","1","9","1000","1000000","13226"
"5490","true","local-density","false","23","1","9","1000","1000000","13115"
"5491","true","local-density","false","23","1","9","1000","1000000","12883"
"5492","true","local-density","false","23","1","9","1000","1000000","12873"
"5493","true","local-density","false","23","1","9","1000","1000000","12864"
"5494","true","local-density","false","23","1","9","1000","1000000","12745"
"5495","true","local-density","false","23","1","9","1000","1000000","12853"
"5496","true","local-density","false","23","1","9","1000","1000000","13286"
"5497","true","local-density","false","23","1","9","1000","1000000","12966"
"5498","true","local-density","false","23","1","9","1000","1000000","12757"
"5499","true","local-density","false","23","1","9","1000","1000000","13042"
"5500","true","local-density","false","23","1","9","1000","1000000","12734"
"5501","true","local-density","false","23","1","9","1000","1000000","13029"
"5502","true","local-density","false","23","1","9","1000","1000000","12982"
"5504","true","local-density","false","23","1","9","1000","1000000","12884"
"5503","true","local-density","false","23","1","9","1000","1000000","12704"
"5505","true","local-density","false","23","1","9","1000","1000000","12875"
"5507","true","local-density","false","23","1","9","1000","1000000","12757"
"5506","true","local-density","false","23","1","9","1000","1000000","13107"
"5508","true","local-density","false","23","1","9","1000","1000000","13217"
"5509","true","local-density","false","23","1","9","1000","1000000","13149"
"5510","true","local-density","false","23","1","9","1000","1000000","12839"
"5512","true","local-density","false","23","1","9","1000","1000000","12740"
"5511","true","local-density","false","23","1","9","1000","1000000","13001"
"5513","true","local-density","false","23","1","9","1000","1000000","13069"
"5514","true","local-density","false","23","1","9","1000","1000000","12743"
"5515","true","local-density","false","23","1","9","1000","1000000","12932"
"5516","true","local-density","false","23","1","9","1000","1000000","13336"
"5518","true","local-density","false","23","1","9","1000","1000000","13185"
"5517","true","local-density","false","23","1","9","1000","1000000","13135"
"5519","true","local-density","false","23","1","9","1000","1000000","12796"
"5520","true","local-density","false","23","1","9","1000","1000000","12837"
"5521","true","local-density","false","24","1000","4.5","1000","1000000","12615"
"5523","true","local-density","false","24","1000","4.5","1000","1000000","12728"
"5522","true","local-density","false","24","1000","4.5","1000","1000000","12693"
"5524","true","local-density","false","24","1000","4.5","1000","1000000","12528"
"5525","true","local-density","false","24","1000","4.5","1000","1000000","12570"
"5526","true","local-density","false","24","1000","4.5","1000","1000000","12517"
"5527","true","local-density","false","24","1000","4.5","1000","1000000","12493"
"5528","true","local-density","false","24","1000","4.5","1000","1000000","12752"
"5529","true","local-density","false","24","1000","4.5","1000","1000000","12603"
"5530","true","local-density","false","24","1000","4.5","1000","1000000","12367"
"5531","true","local-density","false","24","1000","4.5","1000","1000000","12543"
"5532","true","local-density","false","24","1000","4.5","1000","1000000","12667"
"5533","true","local-density","false","24","1000","4.5","1000","1000000","12473"
"5534","true","local-density","false","24","1000","4.5","1000","1000000","12559"
"5535","true","local-density","false","24","1000","4.5","1000","1000000","12677"
"5536","true","local-density","false","24","1000","4.5","1000","1000000","12670"
"5537","true","local-density","false","24","1000","4.5","1000","1000000","12717"
"5538","true","local-density","false","24","1000","4.5","1000","1000000","12475"
"5539","true","local-density","false","24","1000","4.5","1000","1000000","12402"
"5540","true","local-density","false","24","1000","4.5","1000","1000000","12606"
"5541","true","local-density","false","24","1000","4.5","1000","1000000","12658"
"5542","true","local-density","false","24","1000","4.5","1000","1000000","12436"
"5543","true","local-density","false","24","1000","4.5","1000","1000000","12547"
"5544","true","local-density","false","24","1000","4.5","1000","1000000","12638"
"5545","true","local-density","false","24","1000","4.5","1000","1000000","12515"
"5546","true","local-density","false","24","1000","4.5","1000","1000000","12570"
"5548","true","local-density","false","24","1000","4.5","1000","1000000","12719"
"5547","true","local-density","false","24","1000","4.5","1000","1000000","12621"
"5549","true","local-density","false","24","1000","4.5","1000","1000000","12496"
"5550","true","local-density","false","24","1000","4.5","1000","1000000","12407"
"5551","true","local-density","false","24","1000","4.5","1000","1000000","12513"
"5552","true","local-density","false","24","1000","4.5","1000","1000000","12575"
"5553","true","local-density","false","24","1000","4.5","1000","1000000","12802"
"5555","true","local-density","false","24","1000","4.5","1000","1000000","12715"
"5554","true","local-density","false","24","1000","4.5","1000","1000000","12745"
"5556","true","local-density","false","24","1000","4.5","1000","1000000","12580"
"5557","true","local-density","false","24","1000","4.5","1000","1000000","12540"
"5558","true","local-density","false","24","1000","4.5","1000","1000000","12419"
"5559","true","local-density","false","24","1000","4.5","1000","1000000","12295"
"5560","true","local-density","false","24","1000","4.5","1000","1000000","12385"
"5561","true","local-density","false","24","1000","4.5","1000","1000000","12642"
"5562","true","local-density","false","24","1000","4.5","1000","1000000","12697"
"5565","true","local-density","false","24","1000","4.5","1000","1000000","12803"
"5564","true","local-density","false","24","1000","4.5","1000","1000000","12634"
"5563","true","local-density","false","24","1000","4.5","1000","1000000","12637"
"5566","true","local-density","false","24","1000","4.5","1000","1000000","12685"
"5567","true","local-density","false","24","1000","4.5","1000","1000000","12630"
"5568","true","local-density","false","24","1000","4.5","1000","1000000","12443"
"5569","true","local-density","false","24","1000","4.5","1000","1000000","12516"
"5570","true","local-density","false","24","1000","4.5","1000","1000000","12733"
"5571","true","local-density","false","24","1000","4.5","1000","1000000","12489"
"5572","true","local-density","false","24","1000","4.5","1000","1000000","12647"
"5573","true","local-density","false","24","1000","4.5","1000","1000000","12809"
"5574","true","local-density","false","24","1000","4.5","1000","1000000","12755"
"5575","true","local-density","false","24","1000","4.5","1000","1000000","12316"
"5576","true","local-density","false","24","1000","4.5","1000","1000000","12716"
"5577","true","local-density","false","24","1000","4.5","1000","1000000","12765"
"5578","true","local-density","false","24","1000","4.5","1000","1000000","12603"
"5579","true","local-density","false","24","1000","4.5","1000","1000000","12510"
"5581","true","local-density","false","24","1000","9","1000","1000000","11563"
"5580","true","local-density","false","24","1000","4.5","1000","1000000","12549"
"5582","true","local-density","false","24","1000","9","1000","1000000","11648"
"5583","true","local-density","false","24","1000","9","1000","1000000","11657"
"5584","true","local-density","false","24","1000","9","1000","1000000","11583"
"5585","true","local-density","false","24","1000","9","1000","1000000","11503"
"5586","true","local-density","false","24","1000","9","1000","1000000","11377"
"5587","true","local-density","false","24","1000","9","1000","1000000","11689"
"5588","true","local-density","false","24","1000","9","1000","1000000","11608"
"5589","true","local-density","false","24","1000","9","1000","1000000","11589"
"5591","true","local-density","false","24","1000","9","1000","1000000","11473"
"5590","true","local-density","false","24","1000","9","1000","1000000","11689"
"5592","true","local-density","false","24","1000","9","1000","1000000","11781"
"5593","true","local-density","false","24","1000","9","1000","1000000","11604"
"5594","true","local-density","false","24","1000","9","1000","1000000","11658"
"5595","true","local-density","false","24","1000","9","1000","1000000","11405"
"5596","true","local-density","false","24","1000","9","1000","1000000","11584"
"5597","true","local-density","false","24","1000","9","1000","1000000","11460"
"5598","true","local-density","false","24","1000","9","1000","1000000","11525"
"5599","true","local-density","false","24","1000","9","1000","1000000","11534"
"5600","true","local-density","false","24","1000","9","1000","1000000","11434"
"5601","true","local-density","false","24","1000","9","1000","1000000","11686"
"5602","true","local-density","false","24","1000","9","1000","1000000","11595"
"5603","true","local-density","false","24","1000","9","1000","1000000","11639"
"5604","true","local-density","false","24","1000","9","1000","1000000","11500"
"5606","true","local-density","false","24","1000","9","1000","1000000","11671"
"5605","true","local-density","false","24","1000","9","1000","1000000","11696"
"5607","true","local-density","false","24","1000","9","1000","1000000","11653"
"5608","true","local-density","false","24","1000","9","1000","1000000","11669"
"5609","true","local-density","false","24","1000","9","1000","1000000","11435"
"5610","true","local-density","false","24","1000","9","1000","1000000","11643"
"5611","true","local-density","false","24","1000","9","1000","1000000","11620"
"5612","true","local-density","false","24","1000","9","1000","1000000","11559"
"5613","true","local-density","false","24","1000","9","1000","1000000","11810"
"5614","true","local-density","false","24","1000","9","1000","1000000","11578"
"5615","true","local-density","false","24","1000","9","1000","1000000","11554"
"5616","true","local-density","false","24","1000","9","1000","1000000","11431"
"5617","true","local-density","false","24","1000","9","1000","1000000","11738"
"5618","true","local-density","false","24","1000","9","1000","1000000","11701"
"5620","true","local-density","false","24","1000","9","1000","1000000","11539"
"5619","true","local-density","false","24","1000","9","1000","1000000","11526"
"5621","true","local-density","false","24","1000","9","1000","1000000","11485"
"5622","true","local-density","false","24","1000","9","1000","1000000","11698"
"5623","true","local-density","false","24","1000","9","1000","1000000","11585"
"5624","true","local-density","false","24","1000","9","1000","1000000","11726"
"5625","true","local-density","false","24","1000","9","1000","1000000","11623"
"5626","true","local-density","false","24","1000","9","1000","1000000","11435"
"5627","true","local-density","false","24","1000","9","1000","1000000","11344"
"5628","true","local-density","false","24","1000","9","1000","1000000","11460"
"5629","true","local-density","false","24","1000","9","1000","1000000","11290"
"5630","true","local-density","false","24","1000","9","1000","1000000","11450"
"5631","true","local-density","false","24","1000","9","1000","1000000","11587"
"5632","true","local-density","false","24","1000","9","1000","1000000","11527"
"5633","true","local-density","false","24","1000","9","1000","1000000","11427"
"5634","true","local-density","false","24","1000","9","1000","1000000","11749"
"5636","true","local-density","false","24","1000","9","1000","1000000","11603"
"5635","true","local-density","false","24","1000","9","1000","1000000","11659"
"5637","true","local-density","false","24","1000","9","1000","1000000","11539"
"5638","true","local-density","false","24","1000","9","1000","1000000","11497"
"5639","true","local-density","false","24","1000","9","1000","1000000","11646"
"5640","true","local-density","false","24","1000","9","1000","1000000","11686"
"5641","true","local-density","false","24","1","4.5","1000","1000000","21595"
"5642","true","local-density","false","24","1","4.5","1000","1000000","21808"
"5644","true","local-density","false","24","1","4.5","1000","1000000","21308"
"5643","true","local-density","false","24","1","4.5","1000","1000000","21651"
"5645","true","local-density","false","24","1","4.5","1000","1000000","21527"
"5647","true","local-density","false","24","1","4.5","1000","1000000","21052"
"5646","true","local-density","false","24","1","4.5","1000","1000000","21711"
"5648","true","local-density","false","24","1","4.5","1000","1000000","21539"
"5649","true","local-density","false","24","1","4.5","1000","1000000","21274"
"5650","true","local-density","false","24","1","4.5","1000","1000000","21792"
"5651","true","local-density","false","24","1","4.5","1000","1000000","21659"
"5652","true","local-density","false","24","1","4.5","1000","1000000","21541"
"5653","true","local-density","false","24","1","4.5","1000","1000000","22049"
"5654","true","local-density","false","24","1","4.5","1000","1000000","20918"
"5655","true","local-density","false","24","1","4.5","1000","1000000","21242"
"5656","true","local-density","false","24","1","4.5","1000","1000000","21673"
"5657","true","local-density","false","24","1","4.5","1000","1000000","21617"
"5659","true","local-density","false","24","1","4.5","1000","1000000","21467"
"5658","true","local-density","false","24","1","4.5","1000","1000000","21036"
"5660","true","local-density","false","24","1","4.5","1000","1000000","21122"
"5661","true","local-density","false","24","1","4.5","1000","1000000","20945"
"5662","true","local-density","false","24","1","4.5","1000","1000000","21546"
"5663","true","local-density","false","24","1","4.5","1000","1000000","21572"
"5664","true","local-density","false","24","1","4.5","1000","1000000","21455"
"5665","true","local-density","false","24","1","4.5","1000","1000000","20941"
"5666","true","local-density","false","24","1","4.5","1000","1000000","21378"
"5668","true","local-density","false","24","1","4.5","1000","1000000","21454"
"5669","true","local-density","false","24","1","4.5","1000","1000000","21363"
"5667","true","local-density","false","24","1","4.5","1000","1000000","21717"
"5670","true","local-density","false","24","1","4.5","1000","1000000","21445"
"5671","true","local-density","false","24","1","4.5","1000","1000000","20975"
"5672","true","local-density","false","24","1","4.5","1000","1000000","21837"
"5673","true","local-density","false","24","1","4.5","1000","1000000","21553"
"5675","true","local-density","false","24","1","4.5","1000","1000000","21738"
"5674","true","local-density","false","24","1","4.5","1000","1000000","21306"
"5676","true","local-density","false","24","1","4.5","1000","1000000","21338"
"5677","true","local-density","false","24","1","4.5","1000","1000000","21455"
"5678","true","local-density","false","24","1","4.5","1000","1000000","21476"
"5679","true","local-density","false","24","1","4.5","1000","1000000","21497"
"5680","true","local-density","false","24","1","4.5","1000","1000000","21237"
"5681","true","local-density","false","24","1","4.5","1000","1000000","21125"
"5682","true","local-density","false","24","1","4.5","1000","1000000","21410"
"5683","true","local-density","false","24","1","4.5","1000","1000000","21503"
"5685","true","local-density","false","24","1","4.5","1000","1000000","21491"
"5684","true","local-density","false","24","1","4.5","1000","1000000","21478"
"5686","true","local-density","false","24","1","4.5","1000","1000000","21455"
"5687","true","local-density","false","24","1","4.5","1000","1000000","21415"
"5688","true","local-density","false","24","1","4.5","1000","1000000","21692"
"5689","true","local-density","false","24","1","4.5","1000","1000000","21415"
"5692","true","local-density","false","24","1","4.5","1000","1000000","21503"
"5690","true","local-density","false","24","1","4.5","1000","1000000","21119"
"5691","true","local-density","false","24","1","4.5","1000","1000000","21509"
"5693","true","local-density","false","24","1","4.5","1000","1000000","21367"
"5694","true","local-density","false","24","1","4.5","1000","1000000","21543"
"5695","true","local-density","false","24","1","4.5","1000","1000000","21376"
"5696","true","local-density","false","24","1","4.5","1000","1000000","21638"
"5697","true","local-density","false","24","1","4.5","1000","1000000","21540"
"5698","true","local-density","false","24","1","4.5","1000","1000000","21666"
"5699","true","local-density","false","24","1","4.5","1000","1000000","22024"
"5701","true","local-density","false","24","1","9","1000","1000000","19096"
"5700","true","local-density","false","24","1","4.5","1000","1000000","21387"
"5702","true","local-density","false","24","1","9","1000","1000000","18837"
"5704","true","local-density","false","24","1","9","1000","1000000","18851"
"5703","true","local-density","false","24","1","9","1000","1000000","18536"
"5705","true","local-density","false","24","1","9","1000","1000000","18847"
"5706","true","local-density","false","24","1","9","1000","1000000","18996"
"5707","true","local-density","false","24","1","9","1000","1000000","18787"
"5708","true","local-density","false","24","1","9","1000","1000000","18770"
"5709","true","local-density","false","24","1","9","1000","1000000","18786"
"5710","true","local-density","false","24","1","9","1000","1000000","18674"
"5712","true","local-density","false","24","1","9","1000","1000000","18557"
"5711","true","local-density","false","24","1","9","1000","1000000","18939"
"5713","true","local-density","false","24","1","9","1000","1000000","18784"
"5714","true","local-density","false","24","1","9","1000","1000000","19103"
"5715","true","local-density","false","24","1","9","1000","1000000","19211"
"5716","true","local-density","false","24","1","9","1000","1000000","19083"
"5717","true","local-density","false","24","1","9","1000","1000000","18789"
"5718","true","local-density","false","24","1","9","1000","1000000","19042"
"5720","true","local-density","false","24","1","9","1000","1000000","18992"
"5719","true","local-density","false","24","1","9","1000","1000000","18663"
"5721","true","local-density","false","24","1","9","1000","1000000","18698"
"5723","true","local-density","false","24","1","9","1000","1000000","18476"
"5722","true","local-density","false","24","1","9","1000","1000000","18739"
"5724","true","local-density","false","24","1","9","1000","1000000","18750"
"5725","true","local-density","false","24","1","9","1000","1000000","18455"
"5726","true","local-density","false","24","1","9","1000","1000000","18872"
"5727","true","local-density","false","24","1","9","1000","1000000","18588"
"5728","true","local-density","false","24","1","9","1000","1000000","19345"
"5729","true","local-density","false","24","1","9","1000","1000000","18883"
"5730","true","local-density","false","24","1","9","1000","1000000","18826"
"5731","true","local-density","false","24","1","9","1000","1000000","19143"
"5732","true","local-density","false","24","1","9","1000","1000000","18394"
"5733","true","local-density","false","24","1","9","1000","1000000","19129"
"5734","true","local-density","false","24","1","9","1000","1000000","18447"
"5735","true","local-density","false","24","1","9","1000","1000000","18188"
"5736","true","local-density","false","24","1","9","1000","1000000","18770"
"5737","true","local-density","false","24","1","9","1000","1000000","18670"
"5740","true","local-density","false","24","1","9","1000","1000000","18512"
"5739","true","local-density","false","24","1","9","1000","1000000","19116"
"5738","true","local-density","false","24","1","9","1000","1000000","18866"
"5741","true","local-density","false","24","1","9","1000","1000000","18715"
"5742","true","local-density","false","24","1","9","1000","1000000","19129"
"5743","true","local-density","false","24","1","9","1000","1000000","19274"
"5744","true","local-density","false","24","1","9","1000","1000000","18668"
"5745","true","local-density","false","24","1","9","1000","1000000","18577"
"5746","true","local-density","false","24","1","9","1000","1000000","18718"
"5748","true","local-density","false","24","1","9","1000","1000000","19060"
"5747","true","local-density","false","24","1","9","1000","1000000","18999"
"5749","true","local-density","false","24","1","9","1000","1000000","19088"
"5750","true","local-density","false","24","1","9","1000","1000000","19070"
"5751","true","local-density","false","24","1","9","1000","1000000","18351"
"5752","true","local-density","false","24","1","9","1000","1000000","18391"
"5753","true","local-density","false","24","1","9","1000","1000000","18660"
"5754","true","local-density","false","24","1","9","1000","1000000","18374"
"5755","true","local-density","false","24","1","9","1000","1000000","19003"
"5756","true","local-density","false","24","1","9","1000","1000000","19035"
"5757","true","local-density","false","24","1","9","1000","1000000","18651"
"5758","true","local-density","false","24","1","9","1000","1000000","18789"
"5759","true","local-density","false","24","1","9","1000","1000000","18912"
"5760","true","local-density","false","24","1","9","1000","1000000","19203"
"5761","true","local-density","false","25","1000","4.5","1000","1000000","16511"
"5762","true","local-density","false","25","1000","4.5","1000","1000000","16952"
"5763","true","local-density","false","25","1000","4.5","1000","1000000","16699"
"5764","true","local-density","false","25","1000","4.5","1000","1000000","16653"
"5765","true","local-density","false","25","1000","4.5","1000","1000000","16689"
"5766","true","local-density","false","25","1000","4.5","1000","1000000","16618"
"5767","true","local-density","false","25","1000","4.5","1000","1000000","16870"
"5768","true","local-density","false","25","1000","4.5","1000","1000000","16641"
"5769","true","local-density","false","25","1000","4.5","1000","1000000","16632"
"5771","true","local-density","false","25","1000","4.5","1000","1000000","16778"
"5772","true","local-density","false","25","1000","4.5","1000","1000000","16801"
"5770","true","local-density","false","25","1000","4.5","1000","1000000","16791"
"5773","true","local-density","false","25","1000","4.5","1000","1000000","16664"
"5774","true","local-density","false","25","1000","4.5","1000","1000000","16693"
"5775","true","local-density","false","25","1000","4.5","1000","1000000","16776"
"5776","true","local-density","false","25","1000","4.5","1000","1000000","16673"
"5777","true","local-density","false","25","1000","4.5","1000","1000000","16716"
"5778","true","local-density","false","25","1000","4.5","1000","1000000","17004"
"5779","true","local-density","false","25","1000","4.5","1000","1000000","16899"
"5780","true","local-density","false","25","1000","4.5","1000","1000000","16872"
"5781","true","local-density","false","25","1000","4.5","1000","1000000","16863"
"5782","true","local-density","false","25","1000","4.5","1000","1000000","16856"
"5783","true","local-density","false","25","1000","4.5","1000","1000000","16693"
"5784","true","local-density","false","25","1000","4.5","1000","1000000","16973"
"5785","true","local-density","false","25","1000","4.5","1000","1000000","16626"
"5786","true","local-density","false","25","1000","4.5","1000","1000000","16940"
"5787","true","local-density","false","25","1000","4.5","1000","1000000","16727"
"5788","true","local-density","false","25","1000","4.5","1000","1000000","16800"
"5789","true","local-density","false","25","1000","4.5","1000","1000000","16879"
"5790","true","local-density","false","25","1000","4.5","1000","1000000","16574"
"5791","true","local-density","false","25","1000","4.5","1000","1000000","16788"
"5792","true","local-density","false","25","1000","4.5","1000","1000000","16872"
"5793","true","local-density","false","25","1000","4.5","1000","1000000","16618"
"5794","true","local-density","false","25","1000","4.5","1000","1000000","16755"
"5795","true","local-density","false","25","1000","4.5","1000","1000000","16564"
"5796","true","local-density","false","25","1000","4.5","1000","1000000","16970"
"5797","true","local-density","false","25","1000","4.5","1000","1000000","16848"
"5798","true","local-density","false","25","1000","4.5","1000","1000000","16822"
"5799","true","local-density","false","25","1000","4.5","1000","1000000","16774"
"5800","true","local-density","false","25","1000","4.5","1000","1000000","16598"
"5801","true","local-density","false","25","1000","4.5","1000","1000000","16744"
"5802","true","local-density","false","25","1000","4.5","1000","1000000","16709"
"5803","true","local-density","false","25","1000","4.5","1000","1000000","16750"
"5804","true","local-density","false","25","1000","4.5","1000","1000000","16694"
"5805","true","local-density","false","25","1000","4.5","1000","1000000","16801"
"5806","true","local-density","false","25","1000","4.5","1000","1000000","16931"
"5807","true","local-density","false","25","1000","4.5","1000","1000000","16750"
"5808","true","local-density","false","25","1000","4.5","1000","1000000","16792"
"5809","true","local-density","false","25","1000","4.5","1000","1000000","16716"
"5810","true","local-density","false","25","1000","4.5","1000","1000000","16853"
"5811","true","local-density","false","25","1000","4.5","1000","1000000","16849"
"5812","true","local-density","false","25","1000","4.5","1000","1000000","16835"
"5813","true","local-density","false","25","1000","4.5","1000","1000000","16874"
"5814","true","local-density","false","25","1000","4.5","1000","1000000","16777"
"5815","true","local-density","false","25","1000","4.5","1000","1000000","16918"
"5816","true","local-density","false","25","1000","4.5","1000","1000000","16814"
"5817","true","local-density","false","25","1000","4.5","1000","1000000","16802"
"5818","true","local-density","false","25","1000","4.5","1000","1000000","16752"
"5819","true","local-density","false","25","1000","4.5","1000","1000000","16927"
"5820","true","local-density","false","25","1000","4.5","1000","1000000","16723"
"5821","true","local-density","false","25","1000","9","1000","1000000","15690"
"5822","true","local-density","false","25","1000","9","1000","1000000","15413"
"5823","true","local-density","false","25","1000","9","1000","1000000","15369"
"5824","true","local-density","false","25","1000","9","1000","1000000","15456"
"5825","true","local-density","false","25","1000","9","1000","1000000","15175"
"5826","true","local-density","false","25","1000","9","1000","1000000","15474"
"5827","true","local-density","false","25","1000","9","1000","1000000","15592"
"5828","true","local-density","false","25","1000","9","1000","1000000","15474"
"5829","true","local-density","false","25","1000","9","1000","1000000","15376"
"5830","true","local-density","false","25","1000","9","1000","1000000","15442"
"5831","true","local-density","false","25","1000","9","1000","1000000","15523"
"5832","true","local-density","false","25","1000","9","1000","1000000","15383"
"5833","true","local-density","false","25","1000","9","1000","1000000","15600"
"5834","true","local-density","false","25","1000","9","1000","1000000","15312"
"5835","true","local-density","false","25","1000","9","1000","1000000","15527"
"5836","true","local-density","false","25","1000","9","1000","1000000","15541"
"5837","true","local-density","false","25","1000","9","1000","1000000","15440"
"5838","true","local-density","false","25","1000","9","1000","1000000","15544"
"5839","true","local-density","false","25","1000","9","1000","1000000","15464"
"5840","true","local-density","false","25","1000","9","1000","1000000","15369"
"5841","true","local-density","false","25","1000","9","1000","1000000","15392"
"5842","true","local-density","false","25","1000","9","1000","1000000","15439"
"5843","true","local-density","false","25","1000","9","1000","1000000","15274"
"5845","true","local-density","false","25","1000","9","1000","1000000","15415"
"5844","true","local-density","false","25","1000","9","1000","1000000","15298"
"5846","true","local-density","false","25","1000","9","1000","1000000","15599"
"5847","true","local-density","false","25","1000","9","1000","1000000","15252"
"5848","true","local-density","false","25","1000","9","1000","1000000","15501"
"5849","true","local-density","false","25","1000","9","1000","1000000","15268"
"5850","true","local-density","false","25","1000","9","1000","1000000","15362"
"5851","true","local-density","false","25","1000","9","1000","1000000","15644"
"5852","true","local-density","false","25","1000","9","1000","1000000","15448"
"5853","true","local-density","false","25","1000","9","1000","1000000","15408"
"5854","true","local-density","false","25","1000","9","1000","1000000","15376"
"5855","true","local-density","false","25","1000","9","1000","1000000","15370"
"5856","true","local-density","false","25","1000","9","1000","1000000","15516"
"5857","true","local-density","false","25","1000","9","1000","1000000","15493"
"5858","true","local-density","false","25","1000","9","1000","1000000","15493"
"5859","true","local-density","false","25","1000","9","1000","1000000","15318"
"5860","true","local-density","false","25","1000","9","1000","1000000","15563"
"5861","true","local-density","false","25","1000","9","1000","1000000","15349"
"5862","true","local-density","false","25","1000","9","1000","1000000","15517"
"5863","true","local-density","false","25","1000","9","1000","1000000","15495"
"5864","true","local-density","false","25","1000","9","1000","1000000","15517"
"5865","true","local-density","false","25","1000","9","1000","1000000","15351"
"5866","true","local-density","false","25","1000","9","1000","1000000","15250"
"5867","true","local-density","false","25","1000","9","1000","1000000","15307"
"5868","true","local-density","false","25","1000","9","1000","1000000","15379"
"5869","true","local-density","false","25","1000","9","1000","1000000","15486"
"5870","true","local-density","false","25","1000","9","1000","1000000","15289"
"5871","true","local-density","false","25","1000","9","1000","1000000","15360"
"5872","true","local-density","false","25","1000","9","1000","1000000","15625"
"5873","true","local-density","false","25","1000","9","1000","1000000","15212"
"5874","true","local-density","false","25","1000","9","1000","1000000","15516"
"5875","true","local-density","false","25","1000","9","1000","1000000","15399"
"5876","true","local-density","false","25","1000","9","1000","1000000","15618"
"5877","true","local-density","false","25","1000","9","1000","1000000","15446"
"5878","true","local-density","false","25","1000","9","1000","1000000","15354"
"5879","true","local-density","false","25","1000","9","1000","1000000","15555"
"5881","true","local-density","false","25","1","4.5","1000","1000000","27864"
"5880","true","local-density","false","25","1000","9","1000","1000000","15387"
"5882","true","local-density","false","25","1","4.5","1000","1000000","28406"
"5883","true","local-density","false","25","1","4.5","1000","1000000","28241"
"5884","true","local-density","false","25","1","4.5","1000","1000000","28097"
"5885","true","local-density","false","25","1","4.5","1000","1000000","28736"
"5886","true","local-density","false","25","1","4.5","1000","1000000","28756"
"5887","true","local-density","false","25","1","4.5","1000","1000000","27834"
"5889","true","local-density","false","25","1","4.5","1000","1000000","28028"
"5888","true","local-density","false","25","1","4.5","1000","1000000","28260"
"5890","true","local-density","false","25","1","4.5","1000","1000000","28517"
"5891","true","local-density","false","25","1","4.5","1000","1000000","28344"
"5892","true","local-density","false","25","1","4.5","1000","1000000","28155"
"5893","true","local-density","false","25","1","4.5","1000","1000000","28340"
"5894","true","local-density","false","25","1","4.5","1000","1000000","28096"
"5895","true","local-density","false","25","1","4.5","1000","1000000","28575"
"5897","true","local-density","false","25","1","4.5","1000","1000000","28144"
"5896","true","local-density","false","25","1","4.5","1000","1000000","28839"
"5898","true","local-density","false","25","1","4.5","1000","1000000","27762"
"5899","true","local-density","false","25","1","4.5","1000","1000000","28355"
"5900","true","local-density","false","25","1","4.5","1000","1000000","28570"
"5901","true","local-density","false","25","1","4.5","1000","1000000","28158"
"5902","true","local-density","false","25","1","4.5","1000","1000000","28676"
"5903","true","local-density","false","25","1","4.5","1000","1000000","28306"
"5904","true","local-density","false","25","1","4.5","1000","1000000","28341"
"5905","true","local-density","false","25","1","4.5","1000","1000000","27968"
"5906","true","local-density","false","25","1","4.5","1000","1000000","28249"
"5907","true","local-density","false","25","1","4.5","1000","1000000","27761"
"5908","true","local-density","false","25","1","4.5","1000","1000000","28612"
"5909","true","local-density","false","25","1","4.5","1000","1000000","28340"
"5910","true","local-density","false","25","1","4.5","1000","1000000","28636"
"5911","true","local-density","false","25","1","4.5","1000","1000000","28657"
"5912","true","local-density","false","25","1","4.5","1000","1000000","27621"
"5913","true","local-density","false","25","1","4.5","1000","1000000","28373"
"5914","true","local-density","false","25","1","4.5","1000","1000000","28345"
"5915","true","local-density","false","25","1","4.5","1000","1000000","28334"
"5916","true","local-density","false","25","1","4.5","1000","1000000","28688"
"5917","true","local-density","false","25","1","4.5","1000","1000000","28234"
"5918","true","local-density","false","25","1","4.5","1000","1000000","28158"
"5919","true","local-density","false","25","1","4.5","1000","1000000","27613"
"5920","true","local-density","false","25","1","4.5","1000","1000000","27887"
"5921","true","local-density","false","25","1","4.5","1000","1000000","28582"
"5922","true","local-density","false","25","1","4.5","1000","1000000","28090"
"5923","true","local-density","false","25","1","4.5","1000","1000000","27746"
"5924","true","local-density","false","25","1","4.5","1000","1000000","28038"
"5925","true","local-density","false","25","1","4.5","1000","1000000","27998"
"5926","true","local-density","false","25","1","4.5","1000","1000000","28479"
"5927","true","local-density","false","25","1","4.5","1000","1000000","28189"
"5928","true","local-density","false","25","1","4.5","1000","1000000","28362"
"5929","true","local-density","false","25","1","4.5","1000","1000000","29046"
"5930","true","local-density","false","25","1","4.5","1000","1000000","28415"
"5931","true","local-density","false","25","1","4.5","1000","1000000","28486"
"5933","true","local-density","false","25","1","4.5","1000","1000000","28039"
"5932","true","local-density","false","25","1","4.5","1000","1000000","28054"
"5934","true","local-density","false","25","1","4.5","1000","1000000","28117"
"5935","true","local-density","false","25","1","4.5","1000","1000000","28608"
"5936","true","local-density","false","25","1","4.5","1000","1000000","28524"
"5937","true","local-density","false","25","1","4.5","1000","1000000","28426"
"5938","true","local-density","false","25","1","4.5","1000","1000000","28206"
"5939","true","local-density","false","25","1","4.5","1000","1000000","28104"
"5940","true","local-density","false","25","1","4.5","1000","1000000","28518"
"5941","true","local-density","false","25","1","9","1000","1000000","26231"
"5942","true","local-density","false","25","1","9","1000","1000000","25609"
"5943","true","local-density","false","25","1","9","1000","1000000","26268"
"5944","true","local-density","false","25","1","9","1000","1000000","26197"
"5945","true","local-density","false","25","1","9","1000","1000000","25720"
"5946","true","local-density","false","25","1","9","1000","1000000","25179"
"5947","true","local-density","false","25","1","9","1000","1000000","25444"
"5948","true","local-density","false","25","1","9","1000","1000000","26580"
"5949","true","local-density","false","25","1","9","1000","1000000","25466"
"5950","true","local-density","false","25","1","9","1000","1000000","25811"
"5951","true","local-density","false","25","1","9","1000","1000000","25304"
"5952","true","local-density","false","25","1","9","1000","1000000","26077"
"5953","true","local-density","false","25","1","9","1000","1000000","26506"
"5954","true","local-density","false","25","1","9","1000","1000000","26017"
"5955","true","local-density","false","25","1","9","1000","1000000","26145"
"5956","true","local-density","false","25","1","9","1000","1000000","25513"
"5957","true","local-density","false","25","1","9","1000","1000000","25346"
"5958","true","local-density","false","25","1","9","1000","1000000","26531"
"5959","true","local-density","false","25","1","9","1000","1000000","25310"
"5960","true","local-density","false","25","1","9","1000","1000000","25554"
"5961","true","local-density","false","25","1","9","1000","1000000","26359"
"5962","true","local-density","false","25","1","9","1000","1000000","25993"
"5963","true","local-density","false","25","1","9","1000","1000000","26038"
"5964","true","local-density","false","25","1","9","1000","1000000","25601"
"5965","true","local-density","false","25","1","9","1000","1000000","25871"
"5966","true","local-density","false","25","1","9","1000","1000000","26099"
"5967","true","local-density","false","25","1","9","1000","1000000","25621"
"5968","true","local-density","false","25","1","9","1000","1000000","25775"
"5969","true","local-density","false","25","1","9","1000","1000000","25461"
"5970","true","local-density","false","25","1","9","1000","1000000","26294"
"5971","true","local-density","false","25","1","9","1000","1000000","25513"
"5972","true","local-density","false","25","1","9","1000","1000000","26711"
"5974","true","local-density","false","25","1","9","1000","1000000","26017"
"5973","true","local-density","false","25","1","9","1000","1000000","26021"
"5975","true","local-density","false","25","1","9","1000","1000000","26085"
"5976","true","local-density","false","25","1","9","1000","1000000","25851"
"5977","true","local-density","false","25","1","9","1000","1000000","25608"
"5978","true","local-density","false","25","1","9","1000","1000000","25641"
"5979","true","local-density","false","25","1","9","1000","1000000","25725"
"5980","true","local-density","false","25","1","9","1000","1000000","25476"
"5982","true","local-density","false","25","1","9","1000","1000000","25900"
"5981","true","local-density","false","25","1","9","1000","1000000","26341"
"5983","true","local-density","false","25","1","9","1000","1000000","25810"
"5984","true","local-density","false","25","1","9","1000","1000000","26301"
"5985","true","local-density","false","25","1","9","1000","1000000","25462"
"5986","true","local-density","false","25","1","9","1000","1000000","26593"
"5987","true","local-density","false","25","1","9","1000","1000000","25993"
"5988","true","local-density","false","25","1","9","1000","1000000","26005"
"5990","true","local-density","false","25","1","9","1000","1000000","25776"
"5989","true","local-density","false","25","1","9","1000","1000000","26636"
"5991","true","local-density","false","25","1","9","1000","1000000","26467"
"5992","true","local-density","false","25","1","9","1000","1000000","25342"
"5993","true","local-density","false","25","1","9","1000","1000000","26549"
"5994","true","local-density","false","25","1","9","1000","1000000","26116"
"5995","true","local-density","false","25","1","9","1000","1000000","26204"
"5996","true","local-density","false","25","1","9","1000","1000000","25954"
"5998","true","local-density","false","25","1","9","1000","1000000","25811"
"5997","true","local-density","false","25","1","9","1000","1000000","25681"
"5999","true","local-density","false","25","1","9","1000","1000000","26075"
"6000","true","local-density","false","25","1","9","1000","1000000","26488"
"6001","true","local-density","false","26","1000","4.5","1000","1000000","20383"
"6002","true","local-density","false","26","1000","4.5","1000","1000000","20397"
"6003","true","local-density","false","26","1000","4.5","1000","1000000","20529"
"6004","true","local-density","false","26","1000","4.5","1000","1000000","20395"
"6005","true","local-density","false","26","1000","4.5","1000","1000000","20247"
"6006","true","local-density","false","26","1000","4.5","1000","1000000","20445"
"6007","true","local-density","false","26","1000","4.5","1000","1000000","20396"
"6008","true","local-density","false","26","1000","4.5","1000","1000000","20246"
"6009","true","local-density","false","26","1000","4.5","1000","1000000","20394"
"6010","true","local-density","false","26","1000","4.5","1000","1000000","20390"
"6011","true","local-density","false","26","1000","4.5","1000","1000000","20395"
"6012","true","local-density","false","26","1000","4.5","1000","1000000","20347"
"6013","true","local-density","false","26","1000","4.5","1000","1000000","20292"
"6014","true","local-density","false","26","1000","4.5","1000","1000000","20521"
"6015","true","local-density","false","26","1000","4.5","1000","1000000","20517"
"6016","true","local-density","false","26","1000","4.5","1000","1000000","20334"
"6017","true","local-density","false","26","1000","4.5","1000","1000000","20288"
"6018","true","local-density","false","26","1000","4.5","1000","1000000","20169"
"6019","true","local-density","false","26","1000","4.5","1000","1000000","20416"
"6021","true","local-density","false","26","1000","4.5","1000","1000000","20322"
"6020","true","local-density","false","26","1000","4.5","1000","1000000","20186"
"6022","true","local-density","false","26","1000","4.5","1000","1000000","20221"
"6023","true","local-density","false","26","1000","4.5","1000","1000000","20283"
"6024","true","local-density","false","26","1000","4.5","1000","1000000","20635"
"6025","true","local-density","false","26","1000","4.5","1000","1000000","20358"
"6026","true","local-density","false","26","1000","4.5","1000","1000000","20179"
"6027","true","local-density","false","26","1000","4.5","1000","1000000","20264"
"6029","true","local-density","false","26","1000","4.5","1000","1000000","20128"
"6028","true","local-density","false","26","1000","4.5","1000","1000000","20240"
"6030","true","local-density","false","26","1000","4.5","1000","1000000","20331"
"6031","true","local-density","false","26","1000","4.5","1000","1000000","20532"
"6032","true","local-density","false","26","1000","4.5","1000","1000000","20427"
"6033","true","local-density","false","26","1000","4.5","1000","1000000","20420"
"6034","true","local-density","false","26","1000","4.5","1000","1000000","20372"
"6035","true","local-density","false","26","1000","4.5","1000","1000000","20242"
"6037","true","local-density","false","26","1000","4.5","1000","1000000","20619"
"6036","true","local-density","false","26","1000","4.5","1000","1000000","20212"
"6038","true","local-density","false","26","1000","4.5","1000","1000000","20463"
"6039","true","local-density","false","26","1000","4.5","1000","1000000","20308"
"6040","true","local-density","false","26","1000","4.5","1000","1000000","20289"
"6041","true","local-density","false","26","1000","4.5","1000","1000000","20074"
"6042","true","local-density","false","26","1000","4.5","1000","1000000","20461"
"6043","true","local-density","false","26","1000","4.5","1000","1000000","20422"
"6044","true","local-density","false","26","1000","4.5","1000","1000000","20293"
"6045","true","local-density","false","26","1000","4.5","1000","1000000","20308"
"6046","true","local-density","false","26","1000","4.5","1000","1000000","20342"
"6047","true","local-density","false","26","1000","4.5","1000","1000000","20245"
"6048","true","local-density","false","26","1000","4.5","1000","1000000","20384"
"6049","true","local-density","false","26","1000","4.5","1000","1000000","20342"
"6050","true","local-density","false","26","1000","4.5","1000","1000000","20216"
"6051","true","local-density","false","26","1000","4.5","1000","1000000","20603"
"6052","true","local-density","false","26","1000","4.5","1000","1000000","20272"
"6053","true","local-density","false","26","1000","4.5","1000","1000000","20414"
"6054","true","local-density","false","26","1000","4.5","1000","1000000","20281"
"6055","true","local-density","false","26","1000","4.5","1000","1000000","19963"
"6056","true","local-density","false","26","1000","4.5","1000","1000000","20481"
"6057","true","local-density","false","26","1000","4.5","1000","1000000","20533"
"6058","true","local-density","false","26","1000","4.5","1000","1000000","20417"
"6059","true","local-density","false","26","1000","4.5","1000","1000000","20371"
"6060","true","local-density","false","26","1000","4.5","1000","1000000","20299"
"6061","true","local-density","false","26","1000","9","1000","1000000","18938"
"6062","true","local-density","false","26","1000","9","1000","1000000","18875"
"6063","true","local-density","false","26","1000","9","1000","1000000","19112"
"6064","true","local-density","false","26","1000","9","1000","1000000","18877"
"6065","true","local-density","false","26","1000","9","1000","1000000","19107"
"6066","true","local-density","false","26","1000","9","1000","1000000","18922"
"6067","true","local-density","false","26","1000","9","1000","1000000","19014"
"6068","true","local-density","false","26","1000","9","1000","1000000","19072"
"6069","true","local-density","false","26","1000","9","1000","1000000","18913"
"6070","true","local-density","false","26","1000","9","1000","1000000","18920"
"6071","true","local-density","false","26","1000","9","1000","1000000","19127"
"6072","true","local-density","false","26","1000","9","1000","1000000","19005"
"6073","true","local-density","false","26","1000","9","1000","1000000","19055"
"6074","true","local-density","false","26","1000","9","1000","1000000","19056"
"6075","true","local-density","false","26","1000","9","1000","1000000","19147"
"6076","true","local-density","false","26","1000","9","1000","1000000","18816"
"6077","true","local-density","false","26","1000","9","1000","1000000","19022"
"6078","true","local-density","false","26","1000","9","1000","1000000","18797"
"6079","true","local-density","false","26","1000","9","1000","1000000","18975"
"6080","true","local-density","false","26","1000","9","1000","1000000","18924"
"6081","true","local-density","false","26","1000","9","1000","1000000","18610"
"6082","true","local-density","false","26","1000","9","1000","1000000","19172"
"6083","true","local-density","false","26","1000","9","1000","1000000","19157"
"6084","true","local-density","false","26","1000","9","1000","1000000","19059"
"6086","true","local-density","false","26","1000","9","1000","1000000","18892"
"6085","true","local-density","false","26","1000","9","1000","1000000","19088"
"6087","true","local-density","false","26","1000","9","1000","1000000","18993"
"6088","true","local-density","false","26","1000","9","1000","1000000","18692"
"6090","true","local-density","false","26","1000","9","1000","1000000","18774"
"6089","true","local-density","false","26","1000","9","1000","1000000","18927"
"6091","true","local-density","false","26","1000","9","1000","1000000","18996"
"6092","true","local-density","false","26","1000","9","1000","1000000","19136"
"6093","true","local-density","false","26","1000","9","1000","1000000","19100"
"6094","true","local-density","false","26","1000","9","1000","1000000","18916"
"6095","true","local-density","false","26","1000","9","1000","1000000","18967"
"6096","true","local-density","false","26","1000","9","1000","1000000","19061"
"6097","true","local-density","false","26","1000","9","1000","1000000","18914"
"6098","true","local-density","false","26","1000","9","1000","1000000","18746"
"6099","true","local-density","false","26","1000","9","1000","1000000","18860"
"6100","true","local-density","false","26","1000","9","1000","1000000","18962"
"6101","true","local-density","false","26","1000","9","1000","1000000","18877"
"6103","true","local-density","false","26","1000","9","1000","1000000","18701"
"6102","true","local-density","false","26","1000","9","1000","1000000","18612"
"6104","true","local-density","false","26","1000","9","1000","1000000","19318"
"6105","true","local-density","false","26","1000","9","1000","1000000","18762"
"6106","true","local-density","false","26","1000","9","1000","1000000","18903"
"6107","true","local-density","false","26","1000","9","1000","1000000","18849"
"6108","true","local-density","false","26","1000","9","1000","1000000","18842"
"6110","true","local-density","false","26","1000","9","1000","1000000","18741"
"6109","true","local-density","false","26","1000","9","1000","1000000","19021"
"6111","true","local-density","false","26","1000","9","1000","1000000","18956"
"6112","true","local-density","false","26","1000","9","1000","1000000","19047"
"6113","true","local-density","false","26","1000","9","1000","1000000","18717"
"6114","true","local-density","false","26","1000","9","1000","1000000","19223"
"6115","true","local-density","false","26","1000","9","1000","1000000","18880"
"6116","true","local-density","false","26","1000","9","1000","1000000","18915"
"6117","true","local-density","false","26","1000","9","1000","1000000","18758"
"6118","true","local-density","false","26","1000","9","1000","1000000","19056"
"6119","true","local-density","false","26","1000","9","1000","1000000","19231"
"6120","true","local-density","false","26","1000","9","1000","1000000","19004"
"6121","true","local-density","false","26","1","4.5","1000","1000000","33923"
"6122","true","local-density","false","26","1","4.5","1000","1000000","33935"
"6123","true","local-density","false","26","1","4.5","1000","1000000","33394"
"6124","true","local-density","false","26","1","4.5","1000","1000000","33594"
"6125","true","local-density","false","26","1","4.5","1000","1000000","33428"
"6126","true","local-density","false","26","1","4.5","1000","1000000","34621"
"6127","true","local-density","false","26","1","4.5","1000","1000000","33330"
"6128","true","local-density","false","26","1","4.5","1000","1000000","33756"
"6129","true","local-density","false","26","1","4.5","1000","1000000","34174"
"6130","true","local-density","false","26","1","4.5","1000","1000000","33878"
"6131","true","local-density","false","26","1","4.5","1000","1000000","33765"
"6132","true","local-density","false","26","1","4.5","1000","1000000","33751"
"6133","true","local-density","false","26","1","4.5","1000","1000000","34465"
"6134","true","local-density","false","26","1","4.5","1000","1000000","33923"
"6135","true","local-density","false","26","1","4.5","1000","1000000","33889"
"6136","true","local-density","false","26","1","4.5","1000","1000000","33554"
"6137","true","local-density","false","26","1","4.5","1000","1000000","33418"
"6138","true","local-density","false","26","1","4.5","1000","1000000","33804"
"6139","true","local-density","false","26","1","4.5","1000","1000000","33683"
"6140","true","local-density","false","26","1","4.5","1000","1000000","33889"
"6141","true","local-density","false","26","1","4.5","1000","1000000","34338"
"6142","true","local-density","false","26","1","4.5","1000","1000000","34142"
"6143","true","local-density","false","26","1","4.5","1000","1000000","34022"
"6144","true","local-density","false","26","1","4.5","1000","1000000","33944"
"6145","true","local-density","false","26","1","4.5","1000","1000000","34069"
"6146","true","local-density","false","26","1","4.5","1000","1000000","33861"
"6147","true","local-density","false","26","1","4.5","1000","1000000","33621"
"6148","true","local-density","false","26","1","4.5","1000","1000000","34250"
"6150","true","local-density","false","26","1","4.5","1000","1000000","33691"
"6149","true","local-density","false","26","1","4.5","1000","1000000","33689"
"6151","true","local-density","false","26","1","4.5","1000","1000000","33858"
"6152","true","local-density","false","26","1","4.5","1000","1000000","33925"
"6153","true","local-density","false","26","1","4.5","1000","1000000","33577"
"6154","true","local-density","false","26","1","4.5","1000","1000000","33949"
"6155","true","local-density","false","26","1","4.5","1000","1000000","33502"
"6156","true","local-density","false","26","1","4.5","1000","1000000","34030"
"6157","true","local-density","false","26","1","4.5","1000","1000000","34052"
"6158","true","local-density","false","26","1","4.5","1000","1000000","33187"
"6159","true","local-density","false","26","1","4.5","1000","1000000","33620"
"6160","true","local-density","false","26","1","4.5","1000","1000000","33590"
"6161","true","local-density","false","26","1","4.5","1000","1000000","33535"
"6162","true","local-density","false","26","1","4.5","1000","1000000","33733"
"6163","true","local-density","false","26","1","4.5","1000","1000000","33486"
"6164","true","local-density","false","26","1","4.5","1000","1000000","33276"
"6165","true","local-density","false","26","1","4.5","1000","1000000","33826"
"6166","true","local-density","false","26","1","4.5","1000","1000000","32896"
"6167","true","local-density","false","26","1","4.5","1000","1000000","33527"
"6168","true","local-density","false","26","1","4.5","1000","1000000","34057"
"6169","true","local-density","false","26","1","4.5","1000","1000000","33673"
"6170","true","local-density","false","26","1","4.5","1000","1000000","33855"
"6171","true","local-density","false","26","1","4.5","1000","1000000","34260"
"6172","true","local-density","false","26","1","4.5","1000","1000000","33439"
"6173","true","local-density","false","26","1","4.5","1000","1000000","33612"
"6174","true","local-density","false","26","1","4.5","1000","1000000","33904"
"6175","true","local-density","false","26","1","4.5","1000","1000000","33873"
"6176","true","local-density","false","26","1","4.5","1000","1000000","33063"
"6177","true","local-density","false","26","1","4.5","1000","1000000","33902"
"6178","true","local-density","false","26","1","4.5","1000","1000000","33723"
"6179","true","local-density","false","26","1","4.5","1000","1000000","33049"
"6180","true","local-density","false","26","1","4.5","1000","1000000","33253"
"6181","true","local-density","false","26","1","9","1000","1000000","31218"
"6182","true","local-density","false","26","1","9","1000","1000000","31501"
"6183","true","local-density","false","26","1","9","1000","1000000","30653"
"6184","true","local-density","false","26","1","9","1000","1000000","31614"
"6185","true","local-density","false","26","1","9","1000","1000000","31363"
"6186","true","local-density","false","26","1","9","1000","1000000","31429"
"6187","true","local-density","false","26","1","9","1000","1000000","31879"
"6189","true","local-density","false","26","1","9","1000","1000000","31706"
"6188","true","local-density","false","26","1","9","1000","1000000","31595"
"6190","true","local-density","false","26","1","9","1000","1000000","32895"
"6191","true","local-density","false","26","1","9","1000","1000000","31467"
"6192","true","local-density","false","26","1","9","1000","1000000","31373"
"6193","true","local-density","false","26","1","9","1000","1000000","31588"
"6194","true","local-density","false","26","1","9","1000","1000000","30944"
"6195","true","local-density","false","26","1","9","1000","1000000","31644"
"6197","true","local-density","false","26","1","9","1000","1000000","31213"
"6196","true","local-density","false","26","1","9","1000","1000000","31130"
"6198","true","local-density","false","26","1","9","1000","1000000","32065"
"6199","true","local-density","false","26","1","9","1000","1000000","31675"
"6200","true","local-density","false","26","1","9","1000","1000000","31747"
"6201","true","local-density","false","26","1","9","1000","1000000","30501"
"6202","true","local-density","false","26","1","9","1000","1000000","31351"
"6205","true","local-density","false","26","1","9","1000","1000000","31528"
"6204","true","local-density","false","26","1","9","1000","1000000","31598"
"6203","true","local-density","false","26","1","9","1000","1000000","31619"
"6206","true","local-density","false","26","1","9","1000","1000000","31330"
"6207","true","local-density","false","26","1","9","1000","1000000","31634"
"6208","true","local-density","false","26","1","9","1000","1000000","31362"
"6209","true","local-density","false","26","1","9","1000","1000000","30701"
"6210","true","local-density","false","26","1","9","1000","1000000","31264"
"6211","true","local-density","false","26","1","9","1000","1000000","31474"
"6212","true","local-density","false","26","1","9","1000","1000000","31307"
"6213","true","local-density","false","26","1","9","1000","1000000","31463"
"6214","true","local-density","false","26","1","9","1000","1000000","31503"
"6215","true","local-density","false","26","1","9","1000","1000000","32191"
"6216","true","local-density","false","26","1","9","1000","1000000","31476"
"6217","true","local-density","false","26","1","9","1000","1000000","31161"
"6218","true","local-density","false","26","1","9","1000","1000000","31224"
"6219","true","local-density","false","26","1","9","1000","1000000","31589"
"6220","true","local-density","false","26","1","9","1000","1000000","31088"
"6221","true","local-density","false","26","1","9","1000","1000000","31270"
"6222","true","local-density","false","26","1","9","1000","1000000","31515"
"6223","true","local-density","false","26","1","9","1000","1000000","31524"
"6224","true","local-density","false","26","1","9","1000","1000000","31521"
"6225","true","local-density","false","26","1","9","1000","1000000","31880"
"6226","true","local-density","false","26","1","9","1000","1000000","30644"
"6227","true","local-density","false","26","1","9","1000","1000000","32150"
"6228","true","local-density","false","26","1","9","1000","1000000","31259"
"6229","true","local-density","false","26","1","9","1000","1000000","31238"
"6230","true","local-density","false","26","1","9","1000","1000000","31553"
"6231","true","local-density","false","26","1","9","1000","1000000","31843"
"6232","true","local-density","false","26","1","9","1000","1000000","32019"
"6233","true","local-density","false","26","1","9","1000","1000000","31527"
"6234","true","local-density","false","26","1","9","1000","1000000","31542"
"6236","true","local-density","false","26","1","9","1000","1000000","31174"
"6235","true","local-density","false","26","1","9","1000","1000000","31430"
"6237","true","local-density","false","26","1","9","1000","1000000","31278"
"6238","true","local-density","false","26","1","9","1000","1000000","31350"
"6239","true","local-density","false","26","1","9","1000","1000000","31316"
"6240","true","local-density","false","26","1","9","1000","1000000","31521"
