"BehaviorSpace results (NetLogo 7.0.4)","Table version 2.0"
"plaice-search-model.nlogox"
"random-sampling"
"10/01/2026 04:31:31:910 -0700"
"min-pxcor","max-pxcor","min-pycor","max-pycor"
"0","71","0","71"
"[run number]","use-scenario?","search-tactic","pen-down?","scenario","regeneration-time","response-radius","[step]","ticks","sum [prey-captured] of predators"
"8","true","random-sampling","false","1","1000","9","1000","1000000","14617"
"5","true","random-sampling","false","1","1000","9","1000","1000000","15429"
"4","true","random-sampling","false","1","1000","9","1000","1000000","15161"
"1","true","random-sampling","false","1","1000","9","1000","1000000","14915"
"6","true","random-sampling","false","1","1000","9","1000","1000000","14483"
"7","true","random-sampling","false","1","1000","9","1000","1000000","15349"
"3","true","random-sampling","false","1","1000","9","1000","1000000","14863"
"2","true","random-sampling","false","1","1000","9","1000","1000000","15307"
"9","true","random-sampling","false","1","1000","9","1000","1000000","15287"
"10","true","random-sampling","false","1","1000","9","1000","1000000","15596"
"13","true","random-sampling","false","1","1000","9","1000","1000000","14864"
"11","true","random-sampling","false","1","1000","9","1000","1000000","15337"
"14","true","random-sampling","false","1","1000","9","1000","1000000","15750"
"12","true","random-sampling","false","1","1000","9","1000","1000000","15369"
"16","true","random-sampling","false","1","1000","9","1000","1000000","15535"
"15","true","random-sampling","false","1","1000","9","1000","1000000","15160"
"17","true","random-sampling","false","1","1000","9","1000","1000000","15067"
"19","true","random-sampling","false","1","1000","9","1000","1000000","14889"
"18","true","random-sampling","false","1","1000","9","1000","1000000","14851"
"21","true","random-sampling","false","1","1000","9","1000","1000000","15475"
"20","true","random-sampling","false","1","1000","9","1000","1000000","15171"
"23","true","random-sampling","false","1","1000","9","1000","1000000","15103"
"24","true","random-sampling","false","1","1000","9","1000","1000000","15302"
"22","true","random-sampling","false","1","1000","9","1000","1000000","15387"
"25","true","random-sampling","false","1","1000","9","1000","1000000","15163"
"27","true","random-sampling","false","1","1000","9","1000","1000000","15417"
"28","true","random-sampling","false","1","1000","9","1000","1000000","14554"
"26","true","random-sampling","false","1","1000","9","1000","1000000","14934"
"30","true","random-sampling","false","1","1000","9","1000","1000000","15561"
"31","true","random-sampling","false","1","1000","9","1000","1000000","15765"
"29","true","random-sampling","false","1","1000","9","1000","1000000","15566"
"32","true","random-sampling","false","1","1000","9","1000","1000000","15143"
"33","true","random-sampling","false","1","1000","9","1000","1000000","15545"
"35","true","random-sampling","false","1","1000","9","1000","1000000","15028"
"34","true","random-sampling","false","1","1000","9","1000","1000000","15220"
"36","true","random-sampling","false","1","1000","9","1000","1000000","15114"
"39","true","random-sampling","false","1","1000","9","1000","1000000","15052"
"37","true","random-sampling","false","1","1000","9","1000","1000000","14804"
"38","true","random-sampling","false","1","1000","9","1000","1000000","15461"
"40","true","random-sampling","false","1","1000","9","1000","1000000","15262"
"41","true","random-sampling","false","1","1000","9","1000","1000000","15341"
"42","true","random-sampling","false","1","1000","9","1000","1000000","15243"
"43","true","random-sampling","false","1","1000","9","1000","1000000","15487"
"44","true","random-sampling","false","1","1000","9","1000","1000000","14747"
"45","true","random-sampling","false","1","1000","9","1000","1000000","15082"
"46","true","random-sampling","false","1","1000","9","1000","1000000","15160"
"47","true","random-sampling","false","1","1000","9","1000","1000000","15549"
"48","true","random-sampling","false","1","1000","9","1000","1000000","15112"
"49","true","random-sampling","false","1","1000","9","1000","1000000","14988"
"50","true","random-sampling","false","1","1000","9","1000","1000000","15757"
"51","true","random-sampling","false","1","1000","9","1000","1000000","14628"
"52","true","random-sampling","false","1","1000","9","1000","1000000","14972"
"54","true","random-sampling","false","1","1000","9","1000","1000000","14868"
"53","true","random-sampling","false","1","1000","9","1000","1000000","14954"
"55","true","random-sampling","false","1","1000","9","1000","1000000","15214"
"56","true","random-sampling","false","1","1000","9","1000","1000000","15222"
"61","true","random-sampling","false","1","1","9","1000","1000000","19444"
"62","true","random-sampling","false","1","1","9","1000","1000000","19170"
"57","true","random-sampling","false","1","1000","9","1000","1000000","15608"
"58","true","random-sampling","false","1","1000","9","1000","1000000","14993"
"59","true","random-sampling","false","1","1000","9","1000","1000000","15505"
"63","true","random-sampling","false","1","1","9","1000","1000000","19339"
"60","true","random-sampling","false","1","1000","9","1000","1000000","15054"
"64","true","random-sampling","false","1","1","9","1000","1000000","19590"
"65","true","random-sampling","false","1","1","9","1000","1000000","19170"
"66","true","random-sampling","false","1","1","9","1000","1000000","19050"
"68","true","random-sampling","false","1","1","9","1000","1000000","18940"
"69","true","random-sampling","false","1","1","9","1000","1000000","19426"
"67","true","random-sampling","false","1","1","9","1000","1000000","20372"
"70","true","random-sampling","false","1","1","9","1000","1000000","18952"
"71","true","random-sampling","false","1","1","9","1000","1000000","19386"
"72","true","random-sampling","false","1","1","9","1000","1000000","18850"
"73","true","random-sampling","false","1","1","9","1000","1000000","18945"
"75","true","random-sampling","false","1","1","9","1000","1000000","18856"
"74","true","random-sampling","false","1","1","9","1000","1000000","19857"
"76","true","random-sampling","false","1","1","9","1000","1000000","20297"
"77","true","random-sampling","false","1","1","9","1000","1000000","19764"
"78","true","random-sampling","false","1","1","9","1000","1000000","18102"
"79","true","random-sampling","false","1","1","9","1000","1000000","20146"
"80","true","random-sampling","false","1","1","9","1000","1000000","19604"
"81","true","random-sampling","false","1","1","9","1000","1000000","19856"
"83","true","random-sampling","false","1","1","9","1000","1000000","19424"
"82","true","random-sampling","false","1","1","9","1000","1000000","19048"
"84","true","random-sampling","false","1","1","9","1000","1000000","19376"
"85","true","random-sampling","false","1","1","9","1000","1000000","18678"
"87","true","random-sampling","false","1","1","9","1000","1000000","20057"
"86","true","random-sampling","false","1","1","9","1000","1000000","19141"
"88","true","random-sampling","false","1","1","9","1000","1000000","20064"
"89","true","random-sampling","false","1","1","9","1000","1000000","18517"
"91","true","random-sampling","false","1","1","9","1000","1000000","19148"
"90","true","random-sampling","false","1","1","9","1000","1000000","20562"
"92","true","random-sampling","false","1","1","9","1000","1000000","19988"
"94","true","random-sampling","false","1","1","9","1000","1000000","19509"
"93","true","random-sampling","false","1","1","9","1000","1000000","19605"
"95","true","random-sampling","false","1","1","9","1000","1000000","19700"
"96","true","random-sampling","false","1","1","9","1000","1000000","20196"
"97","true","random-sampling","false","1","1","9","1000","1000000","19284"
"98","true","random-sampling","false","1","1","9","1000","1000000","18366"
"99","true","random-sampling","false","1","1","9","1000","1000000","19901"
"100","true","random-sampling","false","1","1","9","1000","1000000","19589"
"101","true","random-sampling","false","1","1","9","1000","1000000","19512"
"103","true","random-sampling","false","1","1","9","1000","1000000","18762"
"104","true","random-sampling","false","1","1","9","1000","1000000","19366"
"102","true","random-sampling","false","1","1","9","1000","1000000","18911"
"105","true","random-sampling","false","1","1","9","1000","1000000","20022"
"106","true","random-sampling","false","1","1","9","1000","1000000","20000"
"107","true","random-sampling","false","1","1","9","1000","1000000","20751"
"108","true","random-sampling","false","1","1","9","1000","1000000","19213"
"109","true","random-sampling","false","1","1","9","1000","1000000","18812"
"110","true","random-sampling","false","1","1","9","1000","1000000","19273"
"111","true","random-sampling","false","1","1","9","1000","1000000","18888"
"112","true","random-sampling","false","1","1","9","1000","1000000","19417"
"113","true","random-sampling","false","1","1","9","1000","1000000","19539"
"114","true","random-sampling","false","1","1","9","1000","1000000","18592"
"116","true","random-sampling","false","1","1","9","1000","1000000","18208"
"115","true","random-sampling","false","1","1","9","1000","1000000","19949"
"117","true","random-sampling","false","1","1","9","1000","1000000","19275"
"118","true","random-sampling","false","1","1","9","1000","1000000","19876"
"119","true","random-sampling","false","1","1","9","1000","1000000","18635"
"120","true","random-sampling","false","1","1","9","1000","1000000","19031"
"121","true","random-sampling","false","2","1000","9","1000","1000000","17705"
"122","true","random-sampling","false","2","1000","9","1000","1000000","17258"
"124","true","random-sampling","false","2","1000","9","1000","1000000","17410"
"123","true","random-sampling","false","2","1000","9","1000","1000000","17247"
"125","true","random-sampling","false","2","1000","9","1000","1000000","17681"
"128","true","random-sampling","false","2","1000","9","1000","1000000","17472"
"127","true","random-sampling","false","2","1000","9","1000","1000000","17567"
"126","true","random-sampling","false","2","1000","9","1000","1000000","17548"
"129","true","random-sampling","false","2","1000","9","1000","1000000","17241"
"130","true","random-sampling","false","2","1000","9","1000","1000000","17345"
"131","true","random-sampling","false","2","1000","9","1000","1000000","17029"
"132","true","random-sampling","false","2","1000","9","1000","1000000","17568"
"133","true","random-sampling","false","2","1000","9","1000","1000000","17597"
"134","true","random-sampling","false","2","1000","9","1000","1000000","17625"
"135","true","random-sampling","false","2","1000","9","1000","1000000","17684"
"136","true","random-sampling","false","2","1000","9","1000","1000000","17036"
"137","true","random-sampling","false","2","1000","9","1000","1000000","17349"
"138","true","random-sampling","false","2","1000","9","1000","1000000","17450"
"139","true","random-sampling","false","2","1000","9","1000","1000000","17330"
"140","true","random-sampling","false","2","1000","9","1000","1000000","17306"
"141","true","random-sampling","false","2","1000","9","1000","1000000","17973"
"142","true","random-sampling","false","2","1000","9","1000","1000000","17192"
"143","true","random-sampling","false","2","1000","9","1000","1000000","17040"
"144","true","random-sampling","false","2","1000","9","1000","1000000","16910"
"145","true","random-sampling","false","2","1000","9","1000","1000000","17440"
"147","true","random-sampling","false","2","1000","9","1000","1000000","17559"
"146","true","random-sampling","false","2","1000","9","1000","1000000","17402"
"148","true","random-sampling","false","2","1000","9","1000","1000000","17456"
"149","true","random-sampling","false","2","1000","9","1000","1000000","17156"
"150","true","random-sampling","false","2","1000","9","1000","1000000","17718"
"151","true","random-sampling","false","2","1000","9","1000","1000000","17011"
"152","true","random-sampling","false","2","1000","9","1000","1000000","16917"
"153","true","random-sampling","false","2","1000","9","1000","1000000","17724"
"155","true","random-sampling","false","2","1000","9","1000","1000000","17355"
"154","true","random-sampling","false","2","1000","9","1000","1000000","17142"
"156","true","random-sampling","false","2","1000","9","1000","1000000","17355"
"157","true","random-sampling","false","2","1000","9","1000","1000000","17348"
"158","true","random-sampling","false","2","1000","9","1000","1000000","17731"
"159","true","random-sampling","false","2","1000","9","1000","1000000","17288"
"160","true","random-sampling","false","2","1000","9","1000","1000000","17079"
"161","true","random-sampling","false","2","1000","9","1000","1000000","17466"
"162","true","random-sampling","false","2","1000","9","1000","1000000","17329"
"163","true","random-sampling","false","2","1000","9","1000","1000000","17199"
"164","true","random-sampling","false","2","1000","9","1000","1000000","17282"
"165","true","random-sampling","false","2","1000","9","1000","1000000","17439"
"166","true","random-sampling","false","2","1000","9","1000","1000000","16949"
"167","true","random-sampling","false","2","1000","9","1000","1000000","17221"
"168","true","random-sampling","false","2","1000","9","1000","1000000","17246"
"169","true","random-sampling","false","2","1000","9","1000","1000000","18029"
"170","true","random-sampling","false","2","1000","9","1000","1000000","17650"
"171","true","random-sampling","false","2","1000","9","1000","1000000","17128"
"172","true","random-sampling","false","2","1000","9","1000","1000000","17151"
"174","true","random-sampling","false","2","1000","9","1000","1000000","17726"
"173","true","random-sampling","false","2","1000","9","1000","1000000","17460"
"175","true","random-sampling","false","2","1000","9","1000","1000000","17220"
"176","true","random-sampling","false","2","1000","9","1000","1000000","17600"
"181","true","random-sampling","false","2","1","9","1000","1000000","25751"
"182","true","random-sampling","false","2","1","9","1000","1000000","24151"
"178","true","random-sampling","false","2","1000","9","1000","1000000","17489"
"177","true","random-sampling","false","2","1000","9","1000","1000000","17394"
"179","true","random-sampling","false","2","1000","9","1000","1000000","17145"
"180","true","random-sampling","false","2","1000","9","1000","1000000","16708"
"183","true","random-sampling","false","2","1","9","1000","1000000","25133"
"184","true","random-sampling","false","2","1","9","1000","1000000","25416"
"185","true","random-sampling","false","2","1","9","1000","1000000","25769"
"186","true","random-sampling","false","2","1","9","1000","1000000","24908"
"187","true","random-sampling","false","2","1","9","1000","1000000","25684"
"188","true","random-sampling","false","2","1","9","1000","1000000","25065"
"189","true","random-sampling","false","2","1","9","1000","1000000","24344"
"190","true","random-sampling","false","2","1","9","1000","1000000","25742"
"191","true","random-sampling","false","2","1","9","1000","1000000","25415"
"192","true","random-sampling","false","2","1","9","1000","1000000","24727"
"193","true","random-sampling","false","2","1","9","1000","1000000","24155"
"194","true","random-sampling","false","2","1","9","1000","1000000","24524"
"195","true","random-sampling","false","2","1","9","1000","1000000","25034"
"196","true","random-sampling","false","2","1","9","1000","1000000","26135"
"197","true","random-sampling","false","2","1","9","1000","1000000","24237"
"198","true","random-sampling","false","2","1","9","1000","1000000","26024"
"199","true","random-sampling","false","2","1","9","1000","1000000","25151"
"200","true","random-sampling","false","2","1","9","1000","1000000","24830"
"201","true","random-sampling","false","2","1","9","1000","1000000","25104"
"202","true","random-sampling","false","2","1","9","1000","1000000","24298"
"204","true","random-sampling","false","2","1","9","1000","1000000","24738"
"203","true","random-sampling","false","2","1","9","1000","1000000","26026"
"205","true","random-sampling","false","2","1","9","1000","1000000","23933"
"206","true","random-sampling","false","2","1","9","1000","1000000","24777"
"207","true","random-sampling","false","2","1","9","1000","1000000","24555"
"208","true","random-sampling","false","2","1","9","1000","1000000","24377"
"210","true","random-sampling","false","2","1","9","1000","1000000","24790"
"209","true","random-sampling","false","2","1","9","1000","1000000","25778"
"212","true","random-sampling","false","2","1","9","1000","1000000","24024"
"211","true","random-sampling","false","2","1","9","1000","1000000","24044"
"214","true","random-sampling","false","2","1","9","1000","1000000","25585"
"213","true","random-sampling","false","2","1","9","1000","1000000","24154"
"215","true","random-sampling","false","2","1","9","1000","1000000","24549"
"216","true","random-sampling","false","2","1","9","1000","1000000","25760"
"218","true","random-sampling","false","2","1","9","1000","1000000","24609"
"217","true","random-sampling","false","2","1","9","1000","1000000","25162"
"219","true","random-sampling","false","2","1","9","1000","1000000","25496"
"220","true","random-sampling","false","2","1","9","1000","1000000","25986"
"221","true","random-sampling","false","2","1","9","1000","1000000","26480"
"222","true","random-sampling","false","2","1","9","1000","1000000","23784"
"223","true","random-sampling","false","2","1","9","1000","1000000","25111"
"224","true","random-sampling","false","2","1","9","1000","1000000","24520"
"225","true","random-sampling","false","2","1","9","1000","1000000","25448"
"226","true","random-sampling","false","2","1","9","1000","1000000","24609"
"227","true","random-sampling","false","2","1","9","1000","1000000","24567"
"228","true","random-sampling","false","2","1","9","1000","1000000","24335"
"229","true","random-sampling","false","2","1","9","1000","1000000","25905"
"230","true","random-sampling","false","2","1","9","1000","1000000","24315"
"231","true","random-sampling","false","2","1","9","1000","1000000","24471"
"232","true","random-sampling","false","2","1","9","1000","1000000","25369"
"234","true","random-sampling","false","2","1","9","1000","1000000","24702"
"233","true","random-sampling","false","2","1","9","1000","1000000","26000"
"235","true","random-sampling","false","2","1","9","1000","1000000","24946"
"236","true","random-sampling","false","2","1","9","1000","1000000","25420"
"237","true","random-sampling","false","2","1","9","1000","1000000","25789"
"238","true","random-sampling","false","2","1","9","1000","1000000","25077"
"239","true","random-sampling","false","2","1","9","1000","1000000","24508"
"240","true","random-sampling","false","2","1","9","1000","1000000","24701"
"241","true","random-sampling","false","3","1000","9","1000","1000000","18769"
"242","true","random-sampling","false","3","1000","9","1000","1000000","18653"
"243","true","random-sampling","false","3","1000","9","1000","1000000","18714"
"244","true","random-sampling","false","3","1000","9","1000","1000000","18913"
"245","true","random-sampling","false","3","1000","9","1000","1000000","18865"
"246","true","random-sampling","false","3","1000","9","1000","1000000","18946"
"247","true","random-sampling","false","3","1000","9","1000","1000000","19000"
"248","true","random-sampling","false","3","1000","9","1000","1000000","18703"
"249","true","random-sampling","false","3","1000","9","1000","1000000","18684"
"250","true","random-sampling","false","3","1000","9","1000","1000000","19078"
"251","true","random-sampling","false","3","1000","9","1000","1000000","18784"
"252","true","random-sampling","false","3","1000","9","1000","1000000","18861"
"253","true","random-sampling","false","3","1000","9","1000","1000000","18566"
"254","true","random-sampling","false","3","1000","9","1000","1000000","18669"
"255","true","random-sampling","false","3","1000","9","1000","1000000","18946"
"256","true","random-sampling","false","3","1000","9","1000","1000000","18608"
"257","true","random-sampling","false","3","1000","9","1000","1000000","18970"
"258","true","random-sampling","false","3","1000","9","1000","1000000","18652"
"259","true","random-sampling","false","3","1000","9","1000","1000000","18709"
"260","true","random-sampling","false","3","1000","9","1000","1000000","18846"
"261","true","random-sampling","false","3","1000","9","1000","1000000","18598"
"262","true","random-sampling","false","3","1000","9","1000","1000000","18855"
"263","true","random-sampling","false","3","1000","9","1000","1000000","18751"
"264","true","random-sampling","false","3","1000","9","1000","1000000","18886"
"265","true","random-sampling","false","3","1000","9","1000","1000000","18771"
"268","true","random-sampling","false","3","1000","9","1000","1000000","18578"
"267","true","random-sampling","false","3","1000","9","1000","1000000","18879"
"266","true","random-sampling","false","3","1000","9","1000","1000000","18964"
"269","true","random-sampling","false","3","1000","9","1000","1000000","18693"
"270","true","random-sampling","false","3","1000","9","1000","1000000","18794"
"271","true","random-sampling","false","3","1000","9","1000","1000000","18730"
"272","true","random-sampling","false","3","1000","9","1000","1000000","18806"
"273","true","random-sampling","false","3","1000","9","1000","1000000","18916"
"275","true","random-sampling","false","3","1000","9","1000","1000000","18838"
"274","true","random-sampling","false","3","1000","9","1000","1000000","18946"
"276","true","random-sampling","false","3","1000","9","1000","1000000","18831"
"277","true","random-sampling","false","3","1000","9","1000","1000000","18812"
"278","true","random-sampling","false","3","1000","9","1000","1000000","19040"
"279","true","random-sampling","false","3","1000","9","1000","1000000","18599"
"280","true","random-sampling","false","3","1000","9","1000","1000000","18900"
"281","true","random-sampling","false","3","1000","9","1000","1000000","18929"
"282","true","random-sampling","false","3","1000","9","1000","1000000","18737"
"284","true","random-sampling","false","3","1000","9","1000","1000000","18661"
"283","true","random-sampling","false","3","1000","9","1000","1000000","18814"
"285","true","random-sampling","false","3","1000","9","1000","1000000","18694"
"286","true","random-sampling","false","3","1000","9","1000","1000000","18852"
"287","true","random-sampling","false","3","1000","9","1000","1000000","18746"
"288","true","random-sampling","false","3","1000","9","1000","1000000","18583"
"289","true","random-sampling","false","3","1000","9","1000","1000000","18445"
"291","true","random-sampling","false","3","1000","9","1000","1000000","18962"
"290","true","random-sampling","false","3","1000","9","1000","1000000","19025"
"292","true","random-sampling","false","3","1000","9","1000","1000000","18893"
"293","true","random-sampling","false","3","1000","9","1000","1000000","18823"
"294","true","random-sampling","false","3","1000","9","1000","1000000","18927"
"295","true","random-sampling","false","3","1000","9","1000","1000000","18825"
"296","true","random-sampling","false","3","1000","9","1000","1000000","18716"
"301","true","random-sampling","false","3","1","9","1000","1000000","29944"
"297","true","random-sampling","false","3","1000","9","1000","1000000","18832"
"302","true","random-sampling","false","3","1","9","1000","1000000","29418"
"298","true","random-sampling","false","3","1000","9","1000","1000000","18833"
"300","true","random-sampling","false","3","1000","9","1000","1000000","18746"
"299","true","random-sampling","false","3","1000","9","1000","1000000","18704"
"303","true","random-sampling","false","3","1","9","1000","1000000","29888"
"304","true","random-sampling","false","3","1","9","1000","1000000","29619"
"305","true","random-sampling","false","3","1","9","1000","1000000","30359"
"306","true","random-sampling","false","3","1","9","1000","1000000","29981"
"308","true","random-sampling","false","3","1","9","1000","1000000","30111"
"307","true","random-sampling","false","3","1","9","1000","1000000","30038"
"309","true","random-sampling","false","3","1","9","1000","1000000","29883"
"310","true","random-sampling","false","3","1","9","1000","1000000","29779"
"311","true","random-sampling","false","3","1","9","1000","1000000","29875"
"312","true","random-sampling","false","3","1","9","1000","1000000","29783"
"313","true","random-sampling","false","3","1","9","1000","1000000","30432"
"314","true","random-sampling","false","3","1","9","1000","1000000","30159"
"316","true","random-sampling","false","3","1","9","1000","1000000","29929"
"315","true","random-sampling","false","3","1","9","1000","1000000","29801"
"317","true","random-sampling","false","3","1","9","1000","1000000","30397"
"318","true","random-sampling","false","3","1","9","1000","1000000","29163"
"319","true","random-sampling","false","3","1","9","1000","1000000","29848"
"320","true","random-sampling","false","3","1","9","1000","1000000","29475"
"321","true","random-sampling","false","3","1","9","1000","1000000","30028"
"322","true","random-sampling","false","3","1","9","1000","1000000","29682"
"323","true","random-sampling","false","3","1","9","1000","1000000","30145"
"324","true","random-sampling","false","3","1","9","1000","1000000","30138"
"326","true","random-sampling","false","3","1","9","1000","1000000","30188"
"325","true","random-sampling","false","3","1","9","1000","1000000","29769"
"327","true","random-sampling","false","3","1","9","1000","1000000","29659"
"328","true","random-sampling","false","3","1","9","1000","1000000","29533"
"329","true","random-sampling","false","3","1","9","1000","1000000","29309"
"330","true","random-sampling","false","3","1","9","1000","1000000","30392"
"333","true","random-sampling","false","3","1","9","1000","1000000","30528"
"332","true","random-sampling","false","3","1","9","1000","1000000","29345"
"331","true","random-sampling","false","3","1","9","1000","1000000","29506"
"334","true","random-sampling","false","3","1","9","1000","1000000","30207"
"335","true","random-sampling","false","3","1","9","1000","1000000","29702"
"336","true","random-sampling","false","3","1","9","1000","1000000","29262"
"337","true","random-sampling","false","3","1","9","1000","1000000","30626"
"338","true","random-sampling","false","3","1","9","1000","1000000","29526"
"340","true","random-sampling","false","3","1","9","1000","1000000","29669"
"339","true","random-sampling","false","3","1","9","1000","1000000","29458"
"341","true","random-sampling","false","3","1","9","1000","1000000","30098"
"342","true","random-sampling","false","3","1","9","1000","1000000","29589"
"343","true","random-sampling","false","3","1","9","1000","1000000","29813"
"344","true","random-sampling","false","3","1","9","1000","1000000","30065"
"345","true","random-sampling","false","3","1","9","1000","1000000","29677"
"346","true","random-sampling","false","3","1","9","1000","1000000","29973"
"347","true","random-sampling","false","3","1","9","1000","1000000","30257"
"348","true","random-sampling","false","3","1","9","1000","1000000","29982"
"349","true","random-sampling","false","3","1","9","1000","1000000","29931"
"350","true","random-sampling","false","3","1","9","1000","1000000","30267"
"351","true","random-sampling","false","3","1","9","1000","1000000","29932"
"352","true","random-sampling","false","3","1","9","1000","1000000","29898"
"353","true","random-sampling","false","3","1","9","1000","1000000","29996"
"354","true","random-sampling","false","3","1","9","1000","1000000","29842"
"355","true","random-sampling","false","3","1","9","1000","1000000","31094"
"356","true","random-sampling","false","3","1","9","1000","1000000","30142"
"358","true","random-sampling","false","3","1","9","1000","1000000","30043"
"357","true","random-sampling","false","3","1","9","1000","1000000","29838"
"359","true","random-sampling","false","3","1","9","1000","1000000","28966"
"360","true","random-sampling","false","3","1","9","1000","1000000","29609"
"361","true","random-sampling","false","4","1000","9","1000","1000000","19167"
"362","true","random-sampling","false","4","1000","9","1000","1000000","19138"
"363","true","random-sampling","false","4","1000","9","1000","1000000","19165"
"365","true","random-sampling","false","4","1000","9","1000","1000000","19130"
"364","true","random-sampling","false","4","1000","9","1000","1000000","19195"
"366","true","random-sampling","false","4","1000","9","1000","1000000","19230"
"367","true","random-sampling","false","4","1000","9","1000","1000000","19118"
"368","true","random-sampling","false","4","1000","9","1000","1000000","19181"
"369","true","random-sampling","false","4","1000","9","1000","1000000","19211"
"370","true","random-sampling","false","4","1000","9","1000","1000000","19072"
"371","true","random-sampling","false","4","1000","9","1000","1000000","19025"
"372","true","random-sampling","false","4","1000","9","1000","1000000","19058"
"373","true","random-sampling","false","4","1000","9","1000","1000000","19247"
"374","true","random-sampling","false","4","1000","9","1000","1000000","19118"
"375","true","random-sampling","false","4","1000","9","1000","1000000","19156"
"376","true","random-sampling","false","4","1000","9","1000","1000000","19270"
"377","true","random-sampling","false","4","1000","9","1000","1000000","19115"
"378","true","random-sampling","false","4","1000","9","1000","1000000","19069"
"380","true","random-sampling","false","4","1000","9","1000","1000000","19135"
"379","true","random-sampling","false","4","1000","9","1000","1000000","19155"
"381","true","random-sampling","false","4","1000","9","1000","1000000","19092"
"382","true","random-sampling","false","4","1000","9","1000","1000000","19045"
"383","true","random-sampling","false","4","1000","9","1000","1000000","19240"
"384","true","random-sampling","false","4","1000","9","1000","1000000","19219"
"385","true","random-sampling","false","4","1000","9","1000","1000000","19217"
"386","true","random-sampling","false","4","1000","9","1000","1000000","19119"
"388","true","random-sampling","false","4","1000","9","1000","1000000","19371"
"387","true","random-sampling","false","4","1000","9","1000","1000000","19218"
"389","true","random-sampling","false","4","1000","9","1000","1000000","19075"
"390","true","random-sampling","false","4","1000","9","1000","1000000","19060"
"391","true","random-sampling","false","4","1000","9","1000","1000000","19212"
"392","true","random-sampling","false","4","1000","9","1000","1000000","19294"
"393","true","random-sampling","false","4","1000","9","1000","1000000","19104"
"394","true","random-sampling","false","4","1000","9","1000","1000000","19161"
"395","true","random-sampling","false","4","1000","9","1000","1000000","19197"
"396","true","random-sampling","false","4","1000","9","1000","1000000","19233"
"397","true","random-sampling","false","4","1000","9","1000","1000000","19226"
"398","true","random-sampling","false","4","1000","9","1000","1000000","19177"
"399","true","random-sampling","false","4","1000","9","1000","1000000","19154"
"400","true","random-sampling","false","4","1000","9","1000","1000000","19103"
"401","true","random-sampling","false","4","1000","9","1000","1000000","19292"
"403","true","random-sampling","false","4","1000","9","1000","1000000","19291"
"402","true","random-sampling","false","4","1000","9","1000","1000000","19146"
"404","true","random-sampling","false","4","1000","9","1000","1000000","19350"
"405","true","random-sampling","false","4","1000","9","1000","1000000","19079"
"406","true","random-sampling","false","4","1000","9","1000","1000000","19270"
"407","true","random-sampling","false","4","1000","9","1000","1000000","19126"
"408","true","random-sampling","false","4","1000","9","1000","1000000","19183"
"409","true","random-sampling","false","4","1000","9","1000","1000000","19164"
"410","true","random-sampling","false","4","1000","9","1000","1000000","19198"
"411","true","random-sampling","false","4","1000","9","1000","1000000","19226"
"412","true","random-sampling","false","4","1000","9","1000","1000000","19222"
"413","true","random-sampling","false","4","1000","9","1000","1000000","19031"
"414","true","random-sampling","false","4","1000","9","1000","1000000","19144"
"415","true","random-sampling","false","4","1000","9","1000","1000000","19118"
"416","true","random-sampling","false","4","1000","9","1000","1000000","19191"
"417","true","random-sampling","false","4","1000","9","1000","1000000","19023"
"421","true","random-sampling","false","4","1","9","1000","1000000","31363"
"419","true","random-sampling","false","4","1000","9","1000","1000000","19112"
"418","true","random-sampling","false","4","1000","9","1000","1000000","19298"
"422","true","random-sampling","false","4","1","9","1000","1000000","31084"
"420","true","random-sampling","false","4","1000","9","1000","1000000","19052"
"423","true","random-sampling","false","4","1","9","1000","1000000","31667"
"424","true","random-sampling","false","4","1","9","1000","1000000","31292"
"425","true","random-sampling","false","4","1","9","1000","1000000","31324"
"426","true","random-sampling","false","4","1","9","1000","1000000","31541"
"427","true","random-sampling","false","4","1","9","1000","1000000","31391"
"428","true","random-sampling","false","4","1","9","1000","1000000","31327"
"429","true","random-sampling","false","4","1","9","1000","1000000","31465"
"430","true","random-sampling","false","4","1","9","1000","1000000","31472"
"431","true","random-sampling","false","4","1","9","1000","1000000","31495"
"432","true","random-sampling","false","4","1","9","1000","1000000","31397"
"433","true","random-sampling","false","4","1","9","1000","1000000","31418"
"434","true","random-sampling","false","4","1","9","1000","1000000","31633"
"435","true","random-sampling","false","4","1","9","1000","1000000","31305"
"436","true","random-sampling","false","4","1","9","1000","1000000","31225"
"437","true","random-sampling","false","4","1","9","1000","1000000","31247"
"438","true","random-sampling","false","4","1","9","1000","1000000","31466"
"439","true","random-sampling","false","4","1","9","1000","1000000","31469"
"440","true","random-sampling","false","4","1","9","1000","1000000","31506"
"441","true","random-sampling","false","4","1","9","1000","1000000","31391"
"443","true","random-sampling","false","4","1","9","1000","1000000","31793"
"442","true","random-sampling","false","4","1","9","1000","1000000","31770"
"444","true","random-sampling","false","4","1","9","1000","1000000","31591"
"445","true","random-sampling","false","4","1","9","1000","1000000","31491"
"446","true","random-sampling","false","4","1","9","1000","1000000","31543"
"447","true","random-sampling","false","4","1","9","1000","1000000","31603"
"448","true","random-sampling","false","4","1","9","1000","1000000","31526"
"449","true","random-sampling","false","4","1","9","1000","1000000","31527"
"450","true","random-sampling","false","4","1","9","1000","1000000","31661"
"451","true","random-sampling","false","4","1","9","1000","1000000","31386"
"452","true","random-sampling","false","4","1","9","1000","1000000","31611"
"453","true","random-sampling","false","4","1","9","1000","1000000","31555"
"454","true","random-sampling","false","4","1","9","1000","1000000","31317"
"455","true","random-sampling","false","4","1","9","1000","1000000","31458"
"456","true","random-sampling","false","4","1","9","1000","1000000","31736"
"457","true","random-sampling","false","4","1","9","1000","1000000","31329"
"458","true","random-sampling","false","4","1","9","1000","1000000","31507"
"459","true","random-sampling","false","4","1","9","1000","1000000","31529"
"460","true","random-sampling","false","4","1","9","1000","1000000","31426"
"461","true","random-sampling","false","4","1","9","1000","1000000","31580"
"462","true","random-sampling","false","4","1","9","1000","1000000","31463"
"463","true","random-sampling","false","4","1","9","1000","1000000","31087"
"464","true","random-sampling","false","4","1","9","1000","1000000","31299"
"465","true","random-sampling","false","4","1","9","1000","1000000","31659"
"466","true","random-sampling","false","4","1","9","1000","1000000","31526"
"467","true","random-sampling","false","4","1","9","1000","1000000","31136"
"468","true","random-sampling","false","4","1","9","1000","1000000","31883"
"469","true","random-sampling","false","4","1","9","1000","1000000","31735"
"470","true","random-sampling","false","4","1","9","1000","1000000","31340"
"471","true","random-sampling","false","4","1","9","1000","1000000","31599"
"472","true","random-sampling","false","4","1","9","1000","1000000","31258"
"473","true","random-sampling","false","4","1","9","1000","1000000","31562"
"474","true","random-sampling","false","4","1","9","1000","1000000","31559"
"475","true","random-sampling","false","4","1","9","1000","1000000","31505"
"476","true","random-sampling","false","4","1","9","1000","1000000","31162"
"477","true","random-sampling","false","4","1","9","1000","1000000","31778"
"478","true","random-sampling","false","4","1","9","1000","1000000","31614"
"479","true","random-sampling","false","4","1","9","1000","1000000","31168"
"480","true","random-sampling","false","4","1","9","1000","1000000","31366"
"481","true","random-sampling","false","5","1000","9","1000","1000000","18952"
"482","true","random-sampling","false","5","1000","9","1000","1000000","19152"
"484","true","random-sampling","false","5","1000","9","1000","1000000","19102"
"483","true","random-sampling","false","5","1000","9","1000","1000000","18947"
"485","true","random-sampling","false","5","1000","9","1000","1000000","19147"
"486","true","random-sampling","false","5","1000","9","1000","1000000","19258"
"487","true","random-sampling","false","5","1000","9","1000","1000000","19186"
"488","true","random-sampling","false","5","1000","9","1000","1000000","19229"
"489","true","random-sampling","false","5","1000","9","1000","1000000","18958"
"490","true","random-sampling","false","5","1000","9","1000","1000000","19089"
"492","true","random-sampling","false","5","1000","9","1000","1000000","19110"
"491","true","random-sampling","false","5","1000","9","1000","1000000","19246"
"493","true","random-sampling","false","5","1000","9","1000","1000000","19057"
"494","true","random-sampling","false","5","1000","9","1000","1000000","19069"
"495","true","random-sampling","false","5","1000","9","1000","1000000","19307"
"496","true","random-sampling","false","5","1000","9","1000","1000000","19107"
"497","true","random-sampling","false","5","1000","9","1000","1000000","19060"
"498","true","random-sampling","false","5","1000","9","1000","1000000","19100"
"499","true","random-sampling","false","5","1000","9","1000","1000000","19012"
"500","true","random-sampling","false","5","1000","9","1000","1000000","19253"
"501","true","random-sampling","false","5","1000","9","1000","1000000","19255"
"502","true","random-sampling","false","5","1000","9","1000","1000000","19013"
"503","true","random-sampling","false","5","1000","9","1000","1000000","19227"
"504","true","random-sampling","false","5","1000","9","1000","1000000","19183"
"505","true","random-sampling","false","5","1000","9","1000","1000000","18994"
"506","true","random-sampling","false","5","1000","9","1000","1000000","19077"
"507","true","random-sampling","false","5","1000","9","1000","1000000","19056"
"508","true","random-sampling","false","5","1000","9","1000","1000000","19240"
"509","true","random-sampling","false","5","1000","9","1000","1000000","19182"
"510","true","random-sampling","false","5","1000","9","1000","1000000","19178"
"511","true","random-sampling","false","5","1000","9","1000","1000000","19217"
"512","true","random-sampling","false","5","1000","9","1000","1000000","19293"
"513","true","random-sampling","false","5","1000","9","1000","1000000","19151"
"514","true","random-sampling","false","5","1000","9","1000","1000000","19069"
"515","true","random-sampling","false","5","1000","9","1000","1000000","19273"
"516","true","random-sampling","false","5","1000","9","1000","1000000","19134"
"517","true","random-sampling","false","5","1000","9","1000","1000000","19148"
"518","true","random-sampling","false","5","1000","9","1000","1000000","19114"
"519","true","random-sampling","false","5","1000","9","1000","1000000","19073"
"520","true","random-sampling","false","5","1000","9","1000","1000000","19215"
"521","true","random-sampling","false","5","1000","9","1000","1000000","19238"
"522","true","random-sampling","false","5","1000","9","1000","1000000","18967"
"523","true","random-sampling","false","5","1000","9","1000","1000000","19066"
"524","true","random-sampling","false","5","1000","9","1000","1000000","19108"
"525","true","random-sampling","false","5","1000","9","1000","1000000","19007"
"526","true","random-sampling","false","5","1000","9","1000","1000000","19269"
"527","true","random-sampling","false","5","1000","9","1000","1000000","19155"
"528","true","random-sampling","false","5","1000","9","1000","1000000","19124"
"529","true","random-sampling","false","5","1000","9","1000","1000000","19085"
"530","true","random-sampling","false","5","1000","9","1000","1000000","19129"
"532","true","random-sampling","false","5","1000","9","1000","1000000","19117"
"531","true","random-sampling","false","5","1000","9","1000","1000000","19272"
"533","true","random-sampling","false","5","1000","9","1000","1000000","19102"
"534","true","random-sampling","false","5","1000","9","1000","1000000","19046"
"535","true","random-sampling","false","5","1000","9","1000","1000000","19137"
"536","true","random-sampling","false","5","1000","9","1000","1000000","19176"
"537","true","random-sampling","false","5","1000","9","1000","1000000","19224"
"541","true","random-sampling","false","5","1","9","1000","1000000","31554"
"542","true","random-sampling","false","5","1","9","1000","1000000","31485"
"538","true","random-sampling","false","5","1000","9","1000","1000000","19328"
"539","true","random-sampling","false","5","1000","9","1000","1000000","19235"
"540","true","random-sampling","false","5","1000","9","1000","1000000","19225"
"543","true","random-sampling","false","5","1","9","1000","1000000","31427"
"544","true","random-sampling","false","5","1","9","1000","1000000","31597"
"545","true","random-sampling","false","5","1","9","1000","1000000","31164"
"546","true","random-sampling","false","5","1","9","1000","1000000","31433"
"547","true","random-sampling","false","5","1","9","1000","1000000","31329"
"548","true","random-sampling","false","5","1","9","1000","1000000","31705"
"549","true","random-sampling","false","5","1","9","1000","1000000","31592"
"550","true","random-sampling","false","5","1","9","1000","1000000","31313"
"551","true","random-sampling","false","5","1","9","1000","1000000","31616"
"552","true","random-sampling","false","5","1","9","1000","1000000","31201"
"553","true","random-sampling","false","5","1","9","1000","1000000","31443"
"554","true","random-sampling","false","5","1","9","1000","1000000","31517"
"555","true","random-sampling","false","5","1","9","1000","1000000","31256"
"556","true","random-sampling","false","5","1","9","1000","1000000","31494"
"558","true","random-sampling","false","5","1","9","1000","1000000","31162"
"557","true","random-sampling","false","5","1","9","1000","1000000","31627"
"559","true","random-sampling","false","5","1","9","1000","1000000","31439"
"560","true","random-sampling","false","5","1","9","1000","1000000","31637"
"561","true","random-sampling","false","5","1","9","1000","1000000","31148"
"563","true","random-sampling","false","5","1","9","1000","1000000","31284"
"562","true","random-sampling","false","5","1","9","1000","1000000","31491"
"564","true","random-sampling","false","5","1","9","1000","1000000","31553"
"566","true","random-sampling","false","5","1","9","1000","1000000","31191"
"565","true","random-sampling","false","5","1","9","1000","1000000","31415"
"567","true","random-sampling","false","5","1","9","1000","1000000","31379"
"568","true","random-sampling","false","5","1","9","1000","1000000","31341"
"569","true","random-sampling","false","5","1","9","1000","1000000","31528"
"570","true","random-sampling","false","5","1","9","1000","1000000","31036"
"571","true","random-sampling","false","5","1","9","1000","1000000","31289"
"572","true","random-sampling","false","5","1","9","1000","1000000","31575"
"573","true","random-sampling","false","5","1","9","1000","1000000","31486"
"574","true","random-sampling","false","5","1","9","1000","1000000","31654"
"575","true","random-sampling","false","5","1","9","1000","1000000","31460"
"576","true","random-sampling","false","5","1","9","1000","1000000","31439"
"577","true","random-sampling","false","5","1","9","1000","1000000","31777"
"578","true","random-sampling","false","5","1","9","1000","1000000","31739"
"579","true","random-sampling","false","5","1","9","1000","1000000","31019"
"581","true","random-sampling","false","5","1","9","1000","1000000","31522"
"582","true","random-sampling","false","5","1","9","1000","1000000","31190"
"580","true","random-sampling","false","5","1","9","1000","1000000","31363"
"583","true","random-sampling","false","5","1","9","1000","1000000","31263"
"584","true","random-sampling","false","5","1","9","1000","1000000","31216"
"585","true","random-sampling","false","5","1","9","1000","1000000","31359"
"586","true","random-sampling","false","5","1","9","1000","1000000","31376"
"587","true","random-sampling","false","5","1","9","1000","1000000","31212"
"589","true","random-sampling","false","5","1","9","1000","1000000","31497"
"588","true","random-sampling","false","5","1","9","1000","1000000","31387"
"590","true","random-sampling","false","5","1","9","1000","1000000","31263"
"591","true","random-sampling","false","5","1","9","1000","1000000","31363"
"592","true","random-sampling","false","5","1","9","1000","1000000","31559"
"593","true","random-sampling","false","5","1","9","1000","1000000","31373"
"595","true","random-sampling","false","5","1","9","1000","1000000","31326"
"594","true","random-sampling","false","5","1","9","1000","1000000","31590"
"596","true","random-sampling","false","5","1","9","1000","1000000","31584"
"598","true","random-sampling","false","5","1","9","1000","1000000","31424"
"597","true","random-sampling","false","5","1","9","1000","1000000","31478"
"599","true","random-sampling","false","5","1","9","1000","1000000","31303"
"600","true","random-sampling","false","5","1","9","1000","1000000","31506"
"601","true","random-sampling","false","6","1000","9","1000","1000000","19176"
"602","true","random-sampling","false","6","1000","9","1000","1000000","19047"
"603","true","random-sampling","false","6","1000","9","1000","1000000","19192"
"606","true","random-sampling","false","6","1000","9","1000","1000000","19112"
"604","true","random-sampling","false","6","1000","9","1000","1000000","19125"
"605","true","random-sampling","false","6","1000","9","1000","1000000","19187"
"607","true","random-sampling","false","6","1000","9","1000","1000000","19068"
"608","true","random-sampling","false","6","1000","9","1000","1000000","19057"
"609","true","random-sampling","false","6","1000","9","1000","1000000","19077"
"611","true","random-sampling","false","6","1000","9","1000","1000000","19050"
"610","true","random-sampling","false","6","1000","9","1000","1000000","19090"
"612","true","random-sampling","false","6","1000","9","1000","1000000","19054"
"613","true","random-sampling","false","6","1000","9","1000","1000000","19143"
"614","true","random-sampling","false","6","1000","9","1000","1000000","19166"
"615","true","random-sampling","false","6","1000","9","1000","1000000","19116"
"616","true","random-sampling","false","6","1000","9","1000","1000000","19063"
"617","true","random-sampling","false","6","1000","9","1000","1000000","19158"
"618","true","random-sampling","false","6","1000","9","1000","1000000","19138"
"619","true","random-sampling","false","6","1000","9","1000","1000000","19070"
"621","true","random-sampling","false","6","1000","9","1000","1000000","19067"
"620","true","random-sampling","false","6","1000","9","1000","1000000","19243"
"622","true","random-sampling","false","6","1000","9","1000","1000000","19187"
"623","true","random-sampling","false","6","1000","9","1000","1000000","19177"
"624","true","random-sampling","false","6","1000","9","1000","1000000","19110"
"625","true","random-sampling","false","6","1000","9","1000","1000000","19194"
"626","true","random-sampling","false","6","1000","9","1000","1000000","19187"
"627","true","random-sampling","false","6","1000","9","1000","1000000","19154"
"628","true","random-sampling","false","6","1000","9","1000","1000000","19125"
"629","true","random-sampling","false","6","1000","9","1000","1000000","19169"
"630","true","random-sampling","false","6","1000","9","1000","1000000","19184"
"631","true","random-sampling","false","6","1000","9","1000","1000000","19262"
"632","true","random-sampling","false","6","1000","9","1000","1000000","19053"
"633","true","random-sampling","false","6","1000","9","1000","1000000","19256"
"634","true","random-sampling","false","6","1000","9","1000","1000000","19100"
"635","true","random-sampling","false","6","1000","9","1000","1000000","19078"
"636","true","random-sampling","false","6","1000","9","1000","1000000","19065"
"637","true","random-sampling","false","6","1000","9","1000","1000000","19118"
"638","true","random-sampling","false","6","1000","9","1000","1000000","19125"
"639","true","random-sampling","false","6","1000","9","1000","1000000","19166"
"640","true","random-sampling","false","6","1000","9","1000","1000000","19218"
"641","true","random-sampling","false","6","1000","9","1000","1000000","19123"
"642","true","random-sampling","false","6","1000","9","1000","1000000","19088"
"643","true","random-sampling","false","6","1000","9","1000","1000000","19042"
"644","true","random-sampling","false","6","1000","9","1000","1000000","19173"
"646","true","random-sampling","false","6","1000","9","1000","1000000","19083"
"645","true","random-sampling","false","6","1000","9","1000","1000000","19175"
"647","true","random-sampling","false","6","1000","9","1000","1000000","19215"
"648","true","random-sampling","false","6","1000","9","1000","1000000","19218"
"649","true","random-sampling","false","6","1000","9","1000","1000000","19081"
"650","true","random-sampling","false","6","1000","9","1000","1000000","19193"
"651","true","random-sampling","false","6","1000","9","1000","1000000","19209"
"652","true","random-sampling","false","6","1000","9","1000","1000000","19220"
"653","true","random-sampling","false","6","1000","9","1000","1000000","19132"
"654","true","random-sampling","false","6","1000","9","1000","1000000","19115"
"655","true","random-sampling","false","6","1000","9","1000","1000000","19075"
"656","true","random-sampling","false","6","1000","9","1000","1000000","19102"
"657","true","random-sampling","false","6","1000","9","1000","1000000","19089"
"661","true","random-sampling","false","6","1","9","1000","1000000","31466"
"662","true","random-sampling","false","6","1","9","1000","1000000","31176"
"658","true","random-sampling","false","6","1000","9","1000","1000000","19152"
"659","true","random-sampling","false","6","1000","9","1000","1000000","19041"
"660","true","random-sampling","false","6","1000","9","1000","1000000","19018"
"663","true","random-sampling","false","6","1","9","1000","1000000","31456"
"664","true","random-sampling","false","6","1","9","1000","1000000","31488"
"665","true","random-sampling","false","6","1","9","1000","1000000","31555"
"666","true","random-sampling","false","6","1","9","1000","1000000","31457"
"667","true","random-sampling","false","6","1","9","1000","1000000","31293"
"668","true","random-sampling","false","6","1","9","1000","1000000","31447"
"670","true","random-sampling","false","6","1","9","1000","1000000","31287"
"669","true","random-sampling","false","6","1","9","1000","1000000","31344"
"671","true","random-sampling","false","6","1","9","1000","1000000","31324"
"672","true","random-sampling","false","6","1","9","1000","1000000","31420"
"673","true","random-sampling","false","6","1","9","1000","1000000","31360"
"674","true","random-sampling","false","6","1","9","1000","1000000","31669"
"675","true","random-sampling","false","6","1","9","1000","1000000","31423"
"676","true","random-sampling","false","6","1","9","1000","1000000","31425"
"677","true","random-sampling","false","6","1","9","1000","1000000","31356"
"678","true","random-sampling","false","6","1","9","1000","1000000","31066"
"679","true","random-sampling","false","6","1","9","1000","1000000","31623"
"680","true","random-sampling","false","6","1","9","1000","1000000","31364"
"681","true","random-sampling","false","6","1","9","1000","1000000","31855"
"682","true","random-sampling","false","6","1","9","1000","1000000","31402"
"684","true","random-sampling","false","6","1","9","1000","1000000","31325"
"683","true","random-sampling","false","6","1","9","1000","1000000","31306"
"685","true","random-sampling","false","6","1","9","1000","1000000","31417"
"686","true","random-sampling","false","6","1","9","1000","1000000","31448"
"687","true","random-sampling","false","6","1","9","1000","1000000","31466"
"688","true","random-sampling","false","6","1","9","1000","1000000","31308"
"689","true","random-sampling","false","6","1","9","1000","1000000","31261"
"690","true","random-sampling","false","6","1","9","1000","1000000","31511"
"691","true","random-sampling","false","6","1","9","1000","1000000","31641"
"692","true","random-sampling","false","6","1","9","1000","1000000","31391"
"693","true","random-sampling","false","6","1","9","1000","1000000","31659"
"694","true","random-sampling","false","6","1","9","1000","1000000","31502"
"695","true","random-sampling","false","6","1","9","1000","1000000","31454"
"696","true","random-sampling","false","6","1","9","1000","1000000","31474"
"697","true","random-sampling","false","6","1","9","1000","1000000","31675"
"698","true","random-sampling","false","6","1","9","1000","1000000","31343"
"699","true","random-sampling","false","6","1","9","1000","1000000","31231"
"700","true","random-sampling","false","6","1","9","1000","1000000","31607"
"702","true","random-sampling","false","6","1","9","1000","1000000","31584"
"701","true","random-sampling","false","6","1","9","1000","1000000","31552"
"703","true","random-sampling","false","6","1","9","1000","1000000","31050"
"704","true","random-sampling","false","6","1","9","1000","1000000","31165"
"705","true","random-sampling","false","6","1","9","1000","1000000","31405"
"706","true","random-sampling","false","6","1","9","1000","1000000","31448"
"707","true","random-sampling","false","6","1","9","1000","1000000","31500"
"708","true","random-sampling","false","6","1","9","1000","1000000","31535"
"709","true","random-sampling","false","6","1","9","1000","1000000","31192"
"710","true","random-sampling","false","6","1","9","1000","1000000","31481"
"711","true","random-sampling","false","6","1","9","1000","1000000","31566"
"712","true","random-sampling","false","6","1","9","1000","1000000","31546"
"713","true","random-sampling","false","6","1","9","1000","1000000","31563"
"714","true","random-sampling","false","6","1","9","1000","1000000","31497"
"715","true","random-sampling","false","6","1","9","1000","1000000","31189"
"716","true","random-sampling","false","6","1","9","1000","1000000","31388"
"717","true","random-sampling","false","6","1","9","1000","1000000","31658"
"718","true","random-sampling","false","6","1","9","1000","1000000","31580"
"719","true","random-sampling","false","6","1","9","1000","1000000","31517"
"720","true","random-sampling","false","6","1","9","1000","1000000","31227"
"721","true","random-sampling","false","7","1000","9","1000","1000000","19100"
"723","true","random-sampling","false","7","1000","9","1000","1000000","19171"
"722","true","random-sampling","false","7","1000","9","1000","1000000","19220"
"724","true","random-sampling","false","7","1000","9","1000","1000000","19227"
"726","true","random-sampling","false","7","1000","9","1000","1000000","19128"
"725","true","random-sampling","false","7","1000","9","1000","1000000","19115"
"727","true","random-sampling","false","7","1000","9","1000","1000000","19069"
"728","true","random-sampling","false","7","1000","9","1000","1000000","19123"
"729","true","random-sampling","false","7","1000","9","1000","1000000","19097"
"730","true","random-sampling","false","7","1000","9","1000","1000000","19166"
"732","true","random-sampling","false","7","1000","9","1000","1000000","19209"
"731","true","random-sampling","false","7","1000","9","1000","1000000","19159"
"733","true","random-sampling","false","7","1000","9","1000","1000000","19221"
"734","true","random-sampling","false","7","1000","9","1000","1000000","19213"
"735","true","random-sampling","false","7","1000","9","1000","1000000","19197"
"736","true","random-sampling","false","7","1000","9","1000","1000000","19043"
"737","true","random-sampling","false","7","1000","9","1000","1000000","19100"
"738","true","random-sampling","false","7","1000","9","1000","1000000","19131"
"740","true","random-sampling","false","7","1000","9","1000","1000000","19084"
"739","true","random-sampling","false","7","1000","9","1000","1000000","19060"
"741","true","random-sampling","false","7","1000","9","1000","1000000","19182"
"742","true","random-sampling","false","7","1000","9","1000","1000000","19269"
"743","true","random-sampling","false","7","1000","9","1000","1000000","19185"
"744","true","random-sampling","false","7","1000","9","1000","1000000","19113"
"745","true","random-sampling","false","7","1000","9","1000","1000000","19156"
"746","true","random-sampling","false","7","1000","9","1000","1000000","19194"
"748","true","random-sampling","false","7","1000","9","1000","1000000","19103"
"747","true","random-sampling","false","7","1000","9","1000","1000000","19143"
"749","true","random-sampling","false","7","1000","9","1000","1000000","19117"
"750","true","random-sampling","false","7","1000","9","1000","1000000","19179"
"751","true","random-sampling","false","7","1000","9","1000","1000000","19199"
"752","true","random-sampling","false","7","1000","9","1000","1000000","19186"
"753","true","random-sampling","false","7","1000","9","1000","1000000","19208"
"754","true","random-sampling","false","7","1000","9","1000","1000000","19125"
"755","true","random-sampling","false","7","1000","9","1000","1000000","19006"
"756","true","random-sampling","false","7","1000","9","1000","1000000","19145"
"757","true","random-sampling","false","7","1000","9","1000","1000000","19181"
"758","true","random-sampling","false","7","1000","9","1000","1000000","19127"
"759","true","random-sampling","false","7","1000","9","1000","1000000","19107"
"760","true","random-sampling","false","7","1000","9","1000","1000000","19191"
"761","true","random-sampling","false","7","1000","9","1000","1000000","19128"
"762","true","random-sampling","false","7","1000","9","1000","1000000","19156"
"763","true","random-sampling","false","7","1000","9","1000","1000000","19182"
"764","true","random-sampling","false","7","1000","9","1000","1000000","19191"
"765","true","random-sampling","false","7","1000","9","1000","1000000","19116"
"766","true","random-sampling","false","7","1000","9","1000","1000000","19139"
"767","true","random-sampling","false","7","1000","9","1000","1000000","19165"
"768","true","random-sampling","false","7","1000","9","1000","1000000","19235"
"769","true","random-sampling","false","7","1000","9","1000","1000000","19203"
"770","true","random-sampling","false","7","1000","9","1000","1000000","19101"
"771","true","random-sampling","false","7","1000","9","1000","1000000","19211"
"772","true","random-sampling","false","7","1000","9","1000","1000000","19100"
"773","true","random-sampling","false","7","1000","9","1000","1000000","19056"
"774","true","random-sampling","false","7","1000","9","1000","1000000","19110"
"775","true","random-sampling","false","7","1000","9","1000","1000000","19230"
"776","true","random-sampling","false","7","1000","9","1000","1000000","19097"
"777","true","random-sampling","false","7","1000","9","1000","1000000","19227"
"781","true","random-sampling","false","7","1","9","1000","1000000","31452"
"782","true","random-sampling","false","7","1","9","1000","1000000","31575"
"778","true","random-sampling","false","7","1000","9","1000","1000000","19138"
"779","true","random-sampling","false","7","1000","9","1000","1000000","19089"
"780","true","random-sampling","false","7","1000","9","1000","1000000","19052"
"783","true","random-sampling","false","7","1","9","1000","1000000","31542"
"784","true","random-sampling","false","7","1","9","1000","1000000","31385"
"785","true","random-sampling","false","7","1","9","1000","1000000","31724"
"786","true","random-sampling","false","7","1","9","1000","1000000","31529"
"787","true","random-sampling","false","7","1","9","1000","1000000","31418"
"788","true","random-sampling","false","7","1","9","1000","1000000","31579"
"789","true","random-sampling","false","7","1","9","1000","1000000","31553"
"790","true","random-sampling","false","7","1","9","1000","1000000","31201"
"791","true","random-sampling","false","7","1","9","1000","1000000","31568"
"792","true","random-sampling","false","7","1","9","1000","1000000","31468"
"793","true","random-sampling","false","7","1","9","1000","1000000","31358"
"794","true","random-sampling","false","7","1","9","1000","1000000","31324"
"795","true","random-sampling","false","7","1","9","1000","1000000","31390"
"796","true","random-sampling","false","7","1","9","1000","1000000","31371"
"797","true","random-sampling","false","7","1","9","1000","1000000","30991"
"798","true","random-sampling","false","7","1","9","1000","1000000","31054"
"799","true","random-sampling","false","7","1","9","1000","1000000","31412"
"800","true","random-sampling","false","7","1","9","1000","1000000","31421"
"801","true","random-sampling","false","7","1","9","1000","1000000","31273"
"802","true","random-sampling","false","7","1","9","1000","1000000","31326"
"804","true","random-sampling","false","7","1","9","1000","1000000","31420"
"803","true","random-sampling","false","7","1","9","1000","1000000","31304"
"805","true","random-sampling","false","7","1","9","1000","1000000","31466"
"806","true","random-sampling","false","7","1","9","1000","1000000","31306"
"807","true","random-sampling","false","7","1","9","1000","1000000","31598"
"808","true","random-sampling","false","7","1","9","1000","1000000","31487"
"809","true","random-sampling","false","7","1","9","1000","1000000","31316"
"810","true","random-sampling","false","7","1","9","1000","1000000","31493"
"811","true","random-sampling","false","7","1","9","1000","1000000","31205"
"812","true","random-sampling","false","7","1","9","1000","1000000","31259"
"813","true","random-sampling","false","7","1","9","1000","1000000","31421"
"814","true","random-sampling","false","7","1","9","1000","1000000","31522"
"815","true","random-sampling","false","7","1","9","1000","1000000","31538"
"816","true","random-sampling","false","7","1","9","1000","1000000","31177"
"817","true","random-sampling","false","7","1","9","1000","1000000","31289"
"818","true","random-sampling","false","7","1","9","1000","1000000","31116"
"819","true","random-sampling","false","7","1","9","1000","1000000","31337"
"820","true","random-sampling","false","7","1","9","1000","1000000","31365"
"822","true","random-sampling","false","7","1","9","1000","1000000","31481"
"821","true","random-sampling","false","7","1","9","1000","1000000","31308"
"823","true","random-sampling","false","7","1","9","1000","1000000","31567"
"824","true","random-sampling","false","7","1","9","1000","1000000","31293"
"825","true","random-sampling","false","7","1","9","1000","1000000","31263"
"826","true","random-sampling","false","7","1","9","1000","1000000","31298"
"828","true","random-sampling","false","7","1","9","1000","1000000","31551"
"827","true","random-sampling","false","7","1","9","1000","1000000","31514"
"829","true","random-sampling","false","7","1","9","1000","1000000","31524"
"830","true","random-sampling","false","7","1","9","1000","1000000","31462"
"831","true","random-sampling","false","7","1","9","1000","1000000","31300"
"832","true","random-sampling","false","7","1","9","1000","1000000","31530"
"833","true","random-sampling","false","7","1","9","1000","1000000","31225"
"834","true","random-sampling","false","7","1","9","1000","1000000","31179"
"835","true","random-sampling","false","7","1","9","1000","1000000","31518"
"836","true","random-sampling","false","7","1","9","1000","1000000","31495"
"837","true","random-sampling","false","7","1","9","1000","1000000","31525"
"838","true","random-sampling","false","7","1","9","1000","1000000","31333"
"839","true","random-sampling","false","7","1","9","1000","1000000","31227"
"840","true","random-sampling","false","7","1","9","1000","1000000","31614"
"841","true","random-sampling","false","8","1000","9","1000","1000000","18838"
"843","true","random-sampling","false","8","1000","9","1000","1000000","18800"
"842","true","random-sampling","false","8","1000","9","1000","1000000","19131"
"844","true","random-sampling","false","8","1000","9","1000","1000000","18874"
"845","true","random-sampling","false","8","1000","9","1000","1000000","18952"
"846","true","random-sampling","false","8","1000","9","1000","1000000","18797"
"847","true","random-sampling","false","8","1000","9","1000","1000000","18976"
"848","true","random-sampling","false","8","1000","9","1000","1000000","19188"
"849","true","random-sampling","false","8","1000","9","1000","1000000","18959"
"851","true","random-sampling","false","8","1000","9","1000","1000000","18808"
"852","true","random-sampling","false","8","1000","9","1000","1000000","19024"
"850","true","random-sampling","false","8","1000","9","1000","1000000","18874"
"853","true","random-sampling","false","8","1000","9","1000","1000000","18920"
"854","true","random-sampling","false","8","1000","9","1000","1000000","19039"
"855","true","random-sampling","false","8","1000","9","1000","1000000","18814"
"856","true","random-sampling","false","8","1000","9","1000","1000000","18577"
"857","true","random-sampling","false","8","1000","9","1000","1000000","18920"
"858","true","random-sampling","false","8","1000","9","1000","1000000","18902"
"859","true","random-sampling","false","8","1000","9","1000","1000000","18817"
"860","true","random-sampling","false","8","1000","9","1000","1000000","19058"
"861","true","random-sampling","false","8","1000","9","1000","1000000","18842"
"862","true","random-sampling","false","8","1000","9","1000","1000000","18940"
"863","true","random-sampling","false","8","1000","9","1000","1000000","18957"
"864","true","random-sampling","false","8","1000","9","1000","1000000","18871"
"865","true","random-sampling","false","8","1000","9","1000","1000000","18922"
"867","true","random-sampling","false","8","1000","9","1000","1000000","18842"
"866","true","random-sampling","false","8","1000","9","1000","1000000","18956"
"868","true","random-sampling","false","8","1000","9","1000","1000000","18816"
"869","true","random-sampling","false","8","1000","9","1000","1000000","18755"
"870","true","random-sampling","false","8","1000","9","1000","1000000","18809"
"871","true","random-sampling","false","8","1000","9","1000","1000000","18865"
"872","true","random-sampling","false","8","1000","9","1000","1000000","19020"
"873","true","random-sampling","false","8","1000","9","1000","1000000","18953"
"875","true","random-sampling","false","8","1000","9","1000","1000000","18769"
"874","true","random-sampling","false","8","1000","9","1000","1000000","19026"
"876","true","random-sampling","false","8","1000","9","1000","1000000","18927"
"877","true","random-sampling","false","8","1000","9","1000","1000000","18962"
"878","true","random-sampling","false","8","1000","9","1000","1000000","19038"
"879","true","random-sampling","false","8","1000","9","1000","1000000","19089"
"880","true","random-sampling","false","8","1000","9","1000","1000000","18899"
"881","true","random-sampling","false","8","1000","9","1000","1000000","18938"
"883","true","random-sampling","false","8","1000","9","1000","1000000","18887"
"882","true","random-sampling","false","8","1000","9","1000","1000000","19059"
"884","true","random-sampling","false","8","1000","9","1000","1000000","18855"
"885","true","random-sampling","false","8","1000","9","1000","1000000","18924"
"886","true","random-sampling","false","8","1000","9","1000","1000000","18969"
"887","true","random-sampling","false","8","1000","9","1000","1000000","18911"
"888","true","random-sampling","false","8","1000","9","1000","1000000","18878"
"889","true","random-sampling","false","8","1000","9","1000","1000000","18992"
"891","true","random-sampling","false","8","1000","9","1000","1000000","19073"
"890","true","random-sampling","false","8","1000","9","1000","1000000","18843"
"892","true","random-sampling","false","8","1000","9","1000","1000000","18928"
"893","true","random-sampling","false","8","1000","9","1000","1000000","18982"
"894","true","random-sampling","false","8","1000","9","1000","1000000","18819"
"895","true","random-sampling","false","8","1000","9","1000","1000000","18960"
"896","true","random-sampling","false","8","1000","9","1000","1000000","18921"
"901","true","random-sampling","false","8","1","9","1000","1000000","31189"
"897","true","random-sampling","false","8","1000","9","1000","1000000","19109"
"902","true","random-sampling","false","8","1","9","1000","1000000","30637"
"899","true","random-sampling","false","8","1000","9","1000","1000000","18898"
"900","true","random-sampling","false","8","1000","9","1000","1000000","18921"
"898","true","random-sampling","false","8","1000","9","1000","1000000","19052"
"903","true","random-sampling","false","8","1","9","1000","1000000","30983"
"904","true","random-sampling","false","8","1","9","1000","1000000","31098"
"905","true","random-sampling","false","8","1","9","1000","1000000","31127"
"906","true","random-sampling","false","8","1","9","1000","1000000","31055"
"907","true","random-sampling","false","8","1","9","1000","1000000","30712"
"908","true","random-sampling","false","8","1","9","1000","1000000","31202"
"910","true","random-sampling","false","8","1","9","1000","1000000","31031"
"909","true","random-sampling","false","8","1","9","1000","1000000","30152"
"911","true","random-sampling","false","8","1","9","1000","1000000","30271"
"912","true","random-sampling","false","8","1","9","1000","1000000","30557"
"913","true","random-sampling","false","8","1","9","1000","1000000","30879"
"914","true","random-sampling","false","8","1","9","1000","1000000","30876"
"915","true","random-sampling","false","8","1","9","1000","1000000","31244"
"916","true","random-sampling","false","8","1","9","1000","1000000","30782"
"917","true","random-sampling","false","8","1","9","1000","1000000","30158"
"918","true","random-sampling","false","8","1","9","1000","1000000","31018"
"919","true","random-sampling","false","8","1","9","1000","1000000","30836"
"920","true","random-sampling","false","8","1","9","1000","1000000","30306"
"922","true","random-sampling","false","8","1","9","1000","1000000","31031"
"921","true","random-sampling","false","8","1","9","1000","1000000","30607"
"923","true","random-sampling","false","8","1","9","1000","1000000","30749"
"924","true","random-sampling","false","8","1","9","1000","1000000","31390"
"925","true","random-sampling","false","8","1","9","1000","1000000","30779"
"926","true","random-sampling","false","8","1","9","1000","1000000","30828"
"927","true","random-sampling","false","8","1","9","1000","1000000","30608"
"928","true","random-sampling","false","8","1","9","1000","1000000","31004"
"930","true","random-sampling","false","8","1","9","1000","1000000","31028"
"929","true","random-sampling","false","8","1","9","1000","1000000","30542"
"931","true","random-sampling","false","8","1","9","1000","1000000","30946"
"932","true","random-sampling","false","8","1","9","1000","1000000","31316"
"933","true","random-sampling","false","8","1","9","1000","1000000","31280"
"934","true","random-sampling","false","8","1","9","1000","1000000","31040"
"935","true","random-sampling","false","8","1","9","1000","1000000","31436"
"936","true","random-sampling","false","8","1","9","1000","1000000","30572"
"937","true","random-sampling","false","8","1","9","1000","1000000","31094"
"938","true","random-sampling","false","8","1","9","1000","1000000","31336"
"939","true","random-sampling","false","8","1","9","1000","1000000","31212"
"941","true","random-sampling","false","8","1","9","1000","1000000","31124"
"940","true","random-sampling","false","8","1","9","1000","1000000","31256"
"942","true","random-sampling","false","8","1","9","1000","1000000","30662"
"943","true","random-sampling","false","8","1","9","1000","1000000","30480"
"944","true","random-sampling","false","8","1","9","1000","1000000","31294"
"945","true","random-sampling","false","8","1","9","1000","1000000","30852"
"946","true","random-sampling","false","8","1","9","1000","1000000","31095"
"947","true","random-sampling","false","8","1","9","1000","1000000","30603"
"949","true","random-sampling","false","8","1","9","1000","1000000","31026"
"948","true","random-sampling","false","8","1","9","1000","1000000","30995"
"950","true","random-sampling","false","8","1","9","1000","1000000","30914"
"951","true","random-sampling","false","8","1","9","1000","1000000","31024"
"952","true","random-sampling","false","8","1","9","1000","1000000","31031"
"953","true","random-sampling","false","8","1","9","1000","1000000","30693"
"954","true","random-sampling","false","8","1","9","1000","1000000","31020"
"955","true","random-sampling","false","8","1","9","1000","1000000","31331"
"956","true","random-sampling","false","8","1","9","1000","1000000","31066"
"957","true","random-sampling","false","8","1","9","1000","1000000","30811"
"958","true","random-sampling","false","8","1","9","1000","1000000","31240"
"961","true","random-sampling","false","9","1000","9","1000","1000000","1950"
"962","true","random-sampling","false","9","1000","9","1000","1000000","1947"
"959","true","random-sampling","false","8","1","9","1000","1000000","31366"
"965","true","random-sampling","false","9","1000","9","1000","1000000","1952"
"963","true","random-sampling","false","9","1000","9","1000","1000000","1939"
"964","true","random-sampling","false","9","1000","9","1000","1000000","1971"
"966","true","random-sampling","false","9","1000","9","1000","1000000","1999"
"967","true","random-sampling","false","9","1000","9","1000","1000000","1928"
"968","true","random-sampling","false","9","1000","9","1000","1000000","1964"
"971","true","random-sampling","false","9","1000","9","1000","1000000","2020"
"969","true","random-sampling","false","9","1000","9","1000","1000000","1928"
"970","true","random-sampling","false","9","1000","9","1000","1000000","1937"
"972","true","random-sampling","false","9","1000","9","1000","1000000","1867"
"973","true","random-sampling","false","9","1000","9","1000","1000000","1934"
"960","true","random-sampling","false","8","1","9","1000","1000000","30974"
"974","true","random-sampling","false","9","1000","9","1000","1000000","1945"
"975","true","random-sampling","false","9","1000","9","1000","1000000","1940"
"976","true","random-sampling","false","9","1000","9","1000","1000000","2024"
"978","true","random-sampling","false","9","1000","9","1000","1000000","1957"
"979","true","random-sampling","false","9","1000","9","1000","1000000","1941"
"977","true","random-sampling","false","9","1000","9","1000","1000000","1896"
"980","true","random-sampling","false","9","1000","9","1000","1000000","1982"
"981","true","random-sampling","false","9","1000","9","1000","1000000","1931"
"982","true","random-sampling","false","9","1000","9","1000","1000000","1955"
"983","true","random-sampling","false","9","1000","9","1000","1000000","1958"
"984","true","random-sampling","false","9","1000","9","1000","1000000","1953"
"985","true","random-sampling","false","9","1000","9","1000","1000000","1925"
"986","true","random-sampling","false","9","1000","9","1000","1000000","1953"
"987","true","random-sampling","false","9","1000","9","1000","1000000","1942"
"988","true","random-sampling","false","9","1000","9","1000","1000000","1960"
"989","true","random-sampling","false","9","1000","9","1000","1000000","1947"
"991","true","random-sampling","false","9","1000","9","1000","1000000","1952"
"992","true","random-sampling","false","9","1000","9","1000","1000000","1957"
"990","true","random-sampling","false","9","1000","9","1000","1000000","1927"
"993","true","random-sampling","false","9","1000","9","1000","1000000","1943"
"994","true","random-sampling","false","9","1000","9","1000","1000000","1939"
"995","true","random-sampling","false","9","1000","9","1000","1000000","1941"
"996","true","random-sampling","false","9","1000","9","1000","1000000","2028"
"997","true","random-sampling","false","9","1000","9","1000","1000000","1916"
"998","true","random-sampling","false","9","1000","9","1000","1000000","1961"
"1000","true","random-sampling","false","9","1000","9","1000","1000000","1958"
"999","true","random-sampling","false","9","1000","9","1000","1000000","1957"
"1001","true","random-sampling","false","9","1000","9","1000","1000000","1911"
"1002","true","random-sampling","false","9","1000","9","1000","1000000","1951"
"1003","true","random-sampling","false","9","1000","9","1000","1000000","1995"
"1004","true","random-sampling","false","9","1000","9","1000","1000000","1977"
"1005","true","random-sampling","false","9","1000","9","1000","1000000","1961"
"1006","true","random-sampling","false","9","1000","9","1000","1000000","1983"
"1008","true","random-sampling","false","9","1000","9","1000","1000000","1928"
"1007","true","random-sampling","false","9","1000","9","1000","1000000","1939"
"1009","true","random-sampling","false","9","1000","9","1000","1000000","1986"
"1010","true","random-sampling","false","9","1000","9","1000","1000000","2001"
"1011","true","random-sampling","false","9","1000","9","1000","1000000","1979"
"1012","true","random-sampling","false","9","1000","9","1000","1000000","1940"
"1013","true","random-sampling","false","9","1000","9","1000","1000000","1972"
"1014","true","random-sampling","false","9","1000","9","1000","1000000","1939"
"1015","true","random-sampling","false","9","1000","9","1000","1000000","1962"
"1016","true","random-sampling","false","9","1000","9","1000","1000000","1971"
"1017","true","random-sampling","false","9","1000","9","1000","1000000","1938"
"1018","true","random-sampling","false","9","1000","9","1000","1000000","1953"
"1019","true","random-sampling","false","9","1000","9","1000","1000000","1920"
"1020","true","random-sampling","false","9","1000","9","1000","1000000","1932"
"1021","true","random-sampling","false","9","1","9","1000","1000000","3111"
"1023","true","random-sampling","false","9","1","9","1000","1000000","3208"
"1022","true","random-sampling","false","9","1","9","1000","1000000","3257"
"1024","true","random-sampling","false","9","1","9","1000","1000000","3233"
"1025","true","random-sampling","false","9","1","9","1000","1000000","3247"
"1026","true","random-sampling","false","9","1","9","1000","1000000","3213"
"1027","true","random-sampling","false","9","1","9","1000","1000000","3191"
"1029","true","random-sampling","false","9","1","9","1000","1000000","3218"
"1028","true","random-sampling","false","9","1","9","1000","1000000","3267"
"1030","true","random-sampling","false","9","1","9","1000","1000000","3111"
"1031","true","random-sampling","false","9","1","9","1000","1000000","3152"
"1032","true","random-sampling","false","9","1","9","1000","1000000","3191"
"1034","true","random-sampling","false","9","1","9","1000","1000000","3194"
"1033","true","random-sampling","false","9","1","9","1000","1000000","3230"
"1035","true","random-sampling","false","9","1","9","1000","1000000","3214"
"1036","true","random-sampling","false","9","1","9","1000","1000000","3254"
"1037","true","random-sampling","false","9","1","9","1000","1000000","3227"
"1038","true","random-sampling","false","9","1","9","1000","1000000","3158"
"1039","true","random-sampling","false","9","1","9","1000","1000000","3153"
"1040","true","random-sampling","false","9","1","9","1000","1000000","3109"
"1042","true","random-sampling","false","9","1","9","1000","1000000","3316"
"1041","true","random-sampling","false","9","1","9","1000","1000000","3238"
"1043","true","random-sampling","false","9","1","9","1000","1000000","3240"
"1044","true","random-sampling","false","9","1","9","1000","1000000","3146"
"1045","true","random-sampling","false","9","1","9","1000","1000000","3233"
"1046","true","random-sampling","false","9","1","9","1000","1000000","3226"
"1047","true","random-sampling","false","9","1","9","1000","1000000","3202"
"1048","true","random-sampling","false","9","1","9","1000","1000000","3119"
"1049","true","random-sampling","false","9","1","9","1000","1000000","3214"
"1050","true","random-sampling","false","9","1","9","1000","1000000","3184"
"1051","true","random-sampling","false","9","1","9","1000","1000000","3202"
"1052","true","random-sampling","false","9","1","9","1000","1000000","3269"
"1053","true","random-sampling","false","9","1","9","1000","1000000","3166"
"1054","true","random-sampling","false","9","1","9","1000","1000000","3216"
"1055","true","random-sampling","false","9","1","9","1000","1000000","3153"
"1056","true","random-sampling","false","9","1","9","1000","1000000","3182"
"1057","true","random-sampling","false","9","1","9","1000","1000000","3160"
"1058","true","random-sampling","false","9","1","9","1000","1000000","3202"
"1059","true","random-sampling","false","9","1","9","1000","1000000","3256"
"1060","true","random-sampling","false","9","1","9","1000","1000000","3263"
"1061","true","random-sampling","false","9","1","9","1000","1000000","3256"
"1062","true","random-sampling","false","9","1","9","1000","1000000","3157"
"1063","true","random-sampling","false","9","1","9","1000","1000000","3277"
"1064","true","random-sampling","false","9","1","9","1000","1000000","3201"
"1066","true","random-sampling","false","9","1","9","1000","1000000","3213"
"1065","true","random-sampling","false","9","1","9","1000","1000000","3253"
"1067","true","random-sampling","false","9","1","9","1000","1000000","3176"
"1068","true","random-sampling","false","9","1","9","1000","1000000","3165"
"1069","true","random-sampling","false","9","1","9","1000","1000000","3206"
"1070","true","random-sampling","false","9","1","9","1000","1000000","3276"
"1071","true","random-sampling","false","9","1","9","1000","1000000","3197"
"1072","true","random-sampling","false","9","1","9","1000","1000000","3254"
"1074","true","random-sampling","false","9","1","9","1000","1000000","3225"
"1073","true","random-sampling","false","9","1","9","1000","1000000","3167"
"1075","true","random-sampling","false","9","1","9","1000","1000000","3168"
"1076","true","random-sampling","false","9","1","9","1000","1000000","3136"
"1077","true","random-sampling","false","9","1","9","1000","1000000","3301"
"1078","true","random-sampling","false","9","1","9","1000","1000000","3201"
"1079","true","random-sampling","false","9","1","9","1000","1000000","3186"
"1080","true","random-sampling","false","9","1","9","1000","1000000","3219"
"1081","true","random-sampling","false","10","1000","9","1000","1000000","3906"
"1082","true","random-sampling","false","10","1000","9","1000","1000000","3908"
"1084","true","random-sampling","false","10","1000","9","1000","1000000","3889"
"1083","true","random-sampling","false","10","1000","9","1000","1000000","3866"
"1085","true","random-sampling","false","10","1000","9","1000","1000000","3926"
"1086","true","random-sampling","false","10","1000","9","1000","1000000","3941"
"1087","true","random-sampling","false","10","1000","9","1000","1000000","3944"
"1088","true","random-sampling","false","10","1000","9","1000","1000000","3973"
"1089","true","random-sampling","false","10","1000","9","1000","1000000","4028"
"1090","true","random-sampling","false","10","1000","9","1000","1000000","3895"
"1091","true","random-sampling","false","10","1000","9","1000","1000000","3919"
"1092","true","random-sampling","false","10","1000","9","1000","1000000","3907"
"1093","true","random-sampling","false","10","1000","9","1000","1000000","3933"
"1094","true","random-sampling","false","10","1000","9","1000","1000000","3917"
"1095","true","random-sampling","false","10","1000","9","1000","1000000","3932"
"1096","true","random-sampling","false","10","1000","9","1000","1000000","3871"
"1098","true","random-sampling","false","10","1000","9","1000","1000000","3838"
"1097","true","random-sampling","false","10","1000","9","1000","1000000","3909"
"1099","true","random-sampling","false","10","1000","9","1000","1000000","3872"
"1100","true","random-sampling","false","10","1000","9","1000","1000000","3928"
"1101","true","random-sampling","false","10","1000","9","1000","1000000","3919"
"1102","true","random-sampling","false","10","1000","9","1000","1000000","3862"
"1103","true","random-sampling","false","10","1000","9","1000","1000000","3942"
"1104","true","random-sampling","false","10","1000","9","1000","1000000","3907"
"1105","true","random-sampling","false","10","1000","9","1000","1000000","3878"
"1106","true","random-sampling","false","10","1000","9","1000","1000000","3922"
"1107","true","random-sampling","false","10","1000","9","1000","1000000","3910"
"1108","true","random-sampling","false","10","1000","9","1000","1000000","3955"
"1109","true","random-sampling","false","10","1000","9","1000","1000000","3914"
"1110","true","random-sampling","false","10","1000","9","1000","1000000","3905"
"1111","true","random-sampling","false","10","1000","9","1000","1000000","3874"
"1112","true","random-sampling","false","10","1000","9","1000","1000000","3823"
"1113","true","random-sampling","false","10","1000","9","1000","1000000","3955"
"1114","true","random-sampling","false","10","1000","9","1000","1000000","3909"
"1115","true","random-sampling","false","10","1000","9","1000","1000000","3923"
"1116","true","random-sampling","false","10","1000","9","1000","1000000","3867"
"1117","true","random-sampling","false","10","1000","9","1000","1000000","3958"
"1118","true","random-sampling","false","10","1000","9","1000","1000000","3913"
"1119","true","random-sampling","false","10","1000","9","1000","1000000","3844"
"1120","true","random-sampling","false","10","1000","9","1000","1000000","3876"
"1121","true","random-sampling","false","10","1000","9","1000","1000000","3919"
"1122","true","random-sampling","false","10","1000","9","1000","1000000","3928"
"1123","true","random-sampling","false","10","1000","9","1000","1000000","3886"
"1124","true","random-sampling","false","10","1000","9","1000","1000000","3895"
"1125","true","random-sampling","false","10","1000","9","1000","1000000","3932"
"1126","true","random-sampling","false","10","1000","9","1000","1000000","3876"
"1127","true","random-sampling","false","10","1000","9","1000","1000000","3932"
"1128","true","random-sampling","false","10","1000","9","1000","1000000","3844"
"1129","true","random-sampling","false","10","1000","9","1000","1000000","3929"
"1130","true","random-sampling","false","10","1000","9","1000","1000000","3865"
"1131","true","random-sampling","false","10","1000","9","1000","1000000","3942"
"1132","true","random-sampling","false","10","1000","9","1000","1000000","3928"
"1134","true","random-sampling","false","10","1000","9","1000","1000000","3896"
"1133","true","random-sampling","false","10","1000","9","1000","1000000","3928"
"1135","true","random-sampling","false","10","1000","9","1000","1000000","3900"
"1136","true","random-sampling","false","10","1000","9","1000","1000000","3925"
"1137","true","random-sampling","false","10","1000","9","1000","1000000","3896"
"1138","true","random-sampling","false","10","1000","9","1000","1000000","3918"
"1139","true","random-sampling","false","10","1000","9","1000","1000000","3896"
"1141","true","random-sampling","false","10","1","9","1000","1000000","6317"
"1142","true","random-sampling","false","10","1","9","1000","1000000","6379"
"1140","true","random-sampling","false","10","1000","9","1000","1000000","3950"
"1143","true","random-sampling","false","10","1","9","1000","1000000","6559"
"1144","true","random-sampling","false","10","1","9","1000","1000000","6425"
"1145","true","random-sampling","false","10","1","9","1000","1000000","6555"
"1146","true","random-sampling","false","10","1","9","1000","1000000","6325"
"1147","true","random-sampling","false","10","1","9","1000","1000000","6284"
"1148","true","random-sampling","false","10","1","9","1000","1000000","6429"
"1149","true","random-sampling","false","10","1","9","1000","1000000","6365"
"1150","true","random-sampling","false","10","1","9","1000","1000000","6321"
"1151","true","random-sampling","false","10","1","9","1000","1000000","6459"
"1152","true","random-sampling","false","10","1","9","1000","1000000","6408"
"1153","true","random-sampling","false","10","1","9","1000","1000000","6437"
"1154","true","random-sampling","false","10","1","9","1000","1000000","6389"
"1155","true","random-sampling","false","10","1","9","1000","1000000","6528"
"1156","true","random-sampling","false","10","1","9","1000","1000000","6478"
"1158","true","random-sampling","false","10","1","9","1000","1000000","6368"
"1157","true","random-sampling","false","10","1","9","1000","1000000","6521"
"1159","true","random-sampling","false","10","1","9","1000","1000000","6335"
"1160","true","random-sampling","false","10","1","9","1000","1000000","6269"
"1161","true","random-sampling","false","10","1","9","1000","1000000","6430"
"1162","true","random-sampling","false","10","1","9","1000","1000000","6370"
"1163","true","random-sampling","false","10","1","9","1000","1000000","6348"
"1164","true","random-sampling","false","10","1","9","1000","1000000","6338"
"1166","true","random-sampling","false","10","1","9","1000","1000000","6417"
"1165","true","random-sampling","false","10","1","9","1000","1000000","6318"
"1167","true","random-sampling","false","10","1","9","1000","1000000","6421"
"1168","true","random-sampling","false","10","1","9","1000","1000000","6387"
"1169","true","random-sampling","false","10","1","9","1000","1000000","6427"
"1170","true","random-sampling","false","10","1","9","1000","1000000","6407"
"1171","true","random-sampling","false","10","1","9","1000","1000000","6318"
"1172","true","random-sampling","false","10","1","9","1000","1000000","6509"
"1175","true","random-sampling","false","10","1","9","1000","1000000","6402"
"1173","true","random-sampling","false","10","1","9","1000","1000000","6133"
"1174","true","random-sampling","false","10","1","9","1000","1000000","6300"
"1176","true","random-sampling","false","10","1","9","1000","1000000","6391"
"1177","true","random-sampling","false","10","1","9","1000","1000000","6431"
"1178","true","random-sampling","false","10","1","9","1000","1000000","6417"
"1179","true","random-sampling","false","10","1","9","1000","1000000","6507"
"1180","true","random-sampling","false","10","1","9","1000","1000000","6228"
"1181","true","random-sampling","false","10","1","9","1000","1000000","6286"
"1182","true","random-sampling","false","10","1","9","1000","1000000","6535"
"1183","true","random-sampling","false","10","1","9","1000","1000000","6261"
"1184","true","random-sampling","false","10","1","9","1000","1000000","6391"
"1186","true","random-sampling","false","10","1","9","1000","1000000","6443"
"1185","true","random-sampling","false","10","1","9","1000","1000000","6415"
"1187","true","random-sampling","false","10","1","9","1000","1000000","6538"
"1188","true","random-sampling","false","10","1","9","1000","1000000","6453"
"1189","true","random-sampling","false","10","1","9","1000","1000000","6295"
"1191","true","random-sampling","false","10","1","9","1000","1000000","6509"
"1190","true","random-sampling","false","10","1","9","1000","1000000","6510"
"1192","true","random-sampling","false","10","1","9","1000","1000000","6495"
"1194","true","random-sampling","false","10","1","9","1000","1000000","6298"
"1193","true","random-sampling","false","10","1","9","1000","1000000","6418"
"1195","true","random-sampling","false","10","1","9","1000","1000000","6464"
"1196","true","random-sampling","false","10","1","9","1000","1000000","6325"
"1197","true","random-sampling","false","10","1","9","1000","1000000","6555"
"1198","true","random-sampling","false","10","1","9","1000","1000000","6438"
"1199","true","random-sampling","false","10","1","9","1000","1000000","6519"
"1200","true","random-sampling","false","10","1","9","1000","1000000","6554"
"1201","true","random-sampling","false","11","1000","9","1000","1000000","7784"
"1202","true","random-sampling","false","11","1000","9","1000","1000000","7883"
"1204","true","random-sampling","false","11","1000","9","1000","1000000","7814"
"1203","true","random-sampling","false","11","1000","9","1000","1000000","7648"
"1205","true","random-sampling","false","11","1000","9","1000","1000000","7846"
"1206","true","random-sampling","false","11","1000","9","1000","1000000","7817"
"1207","true","random-sampling","false","11","1000","9","1000","1000000","7790"
"1208","true","random-sampling","false","11","1000","9","1000","1000000","7787"
"1209","true","random-sampling","false","11","1000","9","1000","1000000","7792"
"1210","true","random-sampling","false","11","1000","9","1000","1000000","7833"
"1211","true","random-sampling","false","11","1000","9","1000","1000000","7808"
"1212","true","random-sampling","false","11","1000","9","1000","1000000","7803"
"1213","true","random-sampling","false","11","1000","9","1000","1000000","7783"
"1214","true","random-sampling","false","11","1000","9","1000","1000000","7817"
"1215","true","random-sampling","false","11","1000","9","1000","1000000","7740"
"1216","true","random-sampling","false","11","1000","9","1000","1000000","7765"
"1218","true","random-sampling","false","11","1000","9","1000","1000000","7806"
"1217","true","random-sampling","false","11","1000","9","1000","1000000","7800"
"1219","true","random-sampling","false","11","1000","9","1000","1000000","7819"
"1220","true","random-sampling","false","11","1000","9","1000","1000000","7786"
"1221","true","random-sampling","false","11","1000","9","1000","1000000","7758"
"1222","true","random-sampling","false","11","1000","9","1000","1000000","7816"
"1223","true","random-sampling","false","11","1000","9","1000","1000000","7851"
"1224","true","random-sampling","false","11","1000","9","1000","1000000","7800"
"1226","true","random-sampling","false","11","1000","9","1000","1000000","7789"
"1225","true","random-sampling","false","11","1000","9","1000","1000000","7827"
"1227","true","random-sampling","false","11","1000","9","1000","1000000","7932"
"1228","true","random-sampling","false","11","1000","9","1000","1000000","7844"
"1229","true","random-sampling","false","11","1000","9","1000","1000000","7843"
"1230","true","random-sampling","false","11","1000","9","1000","1000000","7769"
"1231","true","random-sampling","false","11","1000","9","1000","1000000","7947"
"1232","true","random-sampling","false","11","1000","9","1000","1000000","7882"
"1233","true","random-sampling","false","11","1000","9","1000","1000000","7879"
"1234","true","random-sampling","false","11","1000","9","1000","1000000","7812"
"1235","true","random-sampling","false","11","1000","9","1000","1000000","7866"
"1237","true","random-sampling","false","11","1000","9","1000","1000000","7827"
"1236","true","random-sampling","false","11","1000","9","1000","1000000","7842"
"1240","true","random-sampling","false","11","1000","9","1000","1000000","7938"
"1239","true","random-sampling","false","11","1000","9","1000","1000000","7815"
"1238","true","random-sampling","false","11","1000","9","1000","1000000","7829"
"1242","true","random-sampling","false","11","1000","9","1000","1000000","7842"
"1241","true","random-sampling","false","11","1000","9","1000","1000000","7873"
"1243","true","random-sampling","false","11","1000","9","1000","1000000","7830"
"1244","true","random-sampling","false","11","1000","9","1000","1000000","7813"
"1245","true","random-sampling","false","11","1000","9","1000","1000000","7848"
"1246","true","random-sampling","false","11","1000","9","1000","1000000","7759"
"1248","true","random-sampling","false","11","1000","9","1000","1000000","7839"
"1247","true","random-sampling","false","11","1000","9","1000","1000000","7842"
"1249","true","random-sampling","false","11","1000","9","1000","1000000","7825"
"1250","true","random-sampling","false","11","1000","9","1000","1000000","7825"
"1251","true","random-sampling","false","11","1000","9","1000","1000000","7852"
"1252","true","random-sampling","false","11","1000","9","1000","1000000","7818"
"1253","true","random-sampling","false","11","1000","9","1000","1000000","7846"
"1254","true","random-sampling","false","11","1000","9","1000","1000000","7909"
"1255","true","random-sampling","false","11","1000","9","1000","1000000","7796"
"1256","true","random-sampling","false","11","1000","9","1000","1000000","7865"
"1257","true","random-sampling","false","11","1000","9","1000","1000000","7959"
"1258","true","random-sampling","false","11","1000","9","1000","1000000","7727"
"1259","true","random-sampling","false","11","1000","9","1000","1000000","7821"
"1261","true","random-sampling","false","11","1","9","1000","1000000","12810"
"1260","true","random-sampling","false","11","1000","9","1000","1000000","7789"
"1262","true","random-sampling","false","11","1","9","1000","1000000","12716"
"1263","true","random-sampling","false","11","1","9","1000","1000000","12768"
"1264","true","random-sampling","false","11","1","9","1000","1000000","12723"
"1265","true","random-sampling","false","11","1","9","1000","1000000","12744"
"1266","true","random-sampling","false","11","1","9","1000","1000000","12766"
"1267","true","random-sampling","false","11","1","9","1000","1000000","12683"
"1268","true","random-sampling","false","11","1","9","1000","1000000","12778"
"1269","true","random-sampling","false","11","1","9","1000","1000000","12724"
"1270","true","random-sampling","false","11","1","9","1000","1000000","12732"
"1271","true","random-sampling","false","11","1","9","1000","1000000","12706"
"1272","true","random-sampling","false","11","1","9","1000","1000000","12783"
"1273","true","random-sampling","false","11","1","9","1000","1000000","12659"
"1274","true","random-sampling","false","11","1","9","1000","1000000","12827"
"1275","true","random-sampling","false","11","1","9","1000","1000000","12951"
"1276","true","random-sampling","false","11","1","9","1000","1000000","12687"
"1277","true","random-sampling","false","11","1","9","1000","1000000","12818"
"1278","true","random-sampling","false","11","1","9","1000","1000000","13064"
"1279","true","random-sampling","false","11","1","9","1000","1000000","12667"
"1280","true","random-sampling","false","11","1","9","1000","1000000","12562"
"1281","true","random-sampling","false","11","1","9","1000","1000000","12742"
"1283","true","random-sampling","false","11","1","9","1000","1000000","12955"
"1282","true","random-sampling","false","11","1","9","1000","1000000","12629"
"1284","true","random-sampling","false","11","1","9","1000","1000000","12816"
"1285","true","random-sampling","false","11","1","9","1000","1000000","12908"
"1286","true","random-sampling","false","11","1","9","1000","1000000","12875"
"1287","true","random-sampling","false","11","1","9","1000","1000000","12711"
"1288","true","random-sampling","false","11","1","9","1000","1000000","13022"
"1289","true","random-sampling","false","11","1","9","1000","1000000","12923"
"1291","true","random-sampling","false","11","1","9","1000","1000000","12839"
"1290","true","random-sampling","false","11","1","9","1000","1000000","12851"
"1292","true","random-sampling","false","11","1","9","1000","1000000","12887"
"1293","true","random-sampling","false","11","1","9","1000","1000000","12862"
"1294","true","random-sampling","false","11","1","9","1000","1000000","12851"
"1295","true","random-sampling","false","11","1","9","1000","1000000","12636"
"1296","true","random-sampling","false","11","1","9","1000","1000000","12782"
"1297","true","random-sampling","false","11","1","9","1000","1000000","12766"
"1298","true","random-sampling","false","11","1","9","1000","1000000","12841"
"1299","true","random-sampling","false","11","1","9","1000","1000000","12854"
"1300","true","random-sampling","false","11","1","9","1000","1000000","12996"
"1301","true","random-sampling","false","11","1","9","1000","1000000","12853"
"1302","true","random-sampling","false","11","1","9","1000","1000000","12735"
"1303","true","random-sampling","false","11","1","9","1000","1000000","12791"
"1304","true","random-sampling","false","11","1","9","1000","1000000","12988"
"1305","true","random-sampling","false","11","1","9","1000","1000000","12842"
"1306","true","random-sampling","false","11","1","9","1000","1000000","13052"
"1307","true","random-sampling","false","11","1","9","1000","1000000","12707"
"1308","true","random-sampling","false","11","1","9","1000","1000000","12856"
"1309","true","random-sampling","false","11","1","9","1000","1000000","12860"
"1310","true","random-sampling","false","11","1","9","1000","1000000","12731"
"1311","true","random-sampling","false","11","1","9","1000","1000000","12629"
"1312","true","random-sampling","false","11","1","9","1000","1000000","12705"
"1313","true","random-sampling","false","11","1","9","1000","1000000","13012"
"1314","true","random-sampling","false","11","1","9","1000","1000000","12672"
"1315","true","random-sampling","false","11","1","9","1000","1000000","12775"
"1316","true","random-sampling","false","11","1","9","1000","1000000","12748"
"1317","true","random-sampling","false","11","1","9","1000","1000000","12848"
"1318","true","random-sampling","false","11","1","9","1000","1000000","12884"
"1319","true","random-sampling","false","11","1","9","1000","1000000","12999"
"1320","true","random-sampling","false","11","1","9","1000","1000000","12890"
"1321","true","random-sampling","false","12","1000","9","1000","1000000","11639"
"1323","true","random-sampling","false","12","1000","9","1000","1000000","11680"
"1322","true","random-sampling","false","12","1000","9","1000","1000000","11696"
"1324","true","random-sampling","false","12","1000","9","1000","1000000","11722"
"1325","true","random-sampling","false","12","1000","9","1000","1000000","11696"
"1326","true","random-sampling","false","12","1000","9","1000","1000000","11729"
"1327","true","random-sampling","false","12","1000","9","1000","1000000","11788"
"1328","true","random-sampling","false","12","1000","9","1000","1000000","11673"
"1329","true","random-sampling","false","12","1000","9","1000","1000000","11650"
"1330","true","random-sampling","false","12","1000","9","1000","1000000","11738"
"1331","true","random-sampling","false","12","1000","9","1000","1000000","11705"
"1333","true","random-sampling","false","12","1000","9","1000","1000000","11727"
"1332","true","random-sampling","false","12","1000","9","1000","1000000","11759"
"1334","true","random-sampling","false","12","1000","9","1000","1000000","11698"
"1335","true","random-sampling","false","12","1000","9","1000","1000000","11818"
"1336","true","random-sampling","false","12","1000","9","1000","1000000","11578"
"1337","true","random-sampling","false","12","1000","9","1000","1000000","11824"
"1338","true","random-sampling","false","12","1000","9","1000","1000000","11630"
"1339","true","random-sampling","false","12","1000","9","1000","1000000","11674"
"1340","true","random-sampling","false","12","1000","9","1000","1000000","11743"
"1341","true","random-sampling","false","12","1000","9","1000","1000000","11661"
"1342","true","random-sampling","false","12","1000","9","1000","1000000","11745"
"1343","true","random-sampling","false","12","1000","9","1000","1000000","11733"
"1344","true","random-sampling","false","12","1000","9","1000","1000000","11675"
"1345","true","random-sampling","false","12","1000","9","1000","1000000","11737"
"1346","true","random-sampling","false","12","1000","9","1000","1000000","11781"
"1347","true","random-sampling","false","12","1000","9","1000","1000000","11789"
"1348","true","random-sampling","false","12","1000","9","1000","1000000","11705"
"1350","true","random-sampling","false","12","1000","9","1000","1000000","11626"
"1349","true","random-sampling","false","12","1000","9","1000","1000000","11767"
"1351","true","random-sampling","false","12","1000","9","1000","1000000","11835"
"1352","true","random-sampling","false","12","1000","9","1000","1000000","11818"
"1353","true","random-sampling","false","12","1000","9","1000","1000000","11695"
"1354","true","random-sampling","false","12","1000","9","1000","1000000","11685"
"1355","true","random-sampling","false","12","1000","9","1000","1000000","11675"
"1356","true","random-sampling","false","12","1000","9","1000","1000000","11750"
"1358","true","random-sampling","false","12","1000","9","1000","1000000","11806"
"1357","true","random-sampling","false","12","1000","9","1000","1000000","11730"
"1359","true","random-sampling","false","12","1000","9","1000","1000000","11738"
"1360","true","random-sampling","false","12","1000","9","1000","1000000","11661"
"1361","true","random-sampling","false","12","1000","9","1000","1000000","11855"
"1362","true","random-sampling","false","12","1000","9","1000","1000000","11839"
"1364","true","random-sampling","false","12","1000","9","1000","1000000","11805"
"1363","true","random-sampling","false","12","1000","9","1000","1000000","11720"
"1366","true","random-sampling","false","12","1000","9","1000","1000000","11686"
"1365","true","random-sampling","false","12","1000","9","1000","1000000","11763"
"1367","true","random-sampling","false","12","1000","9","1000","1000000","11691"
"1368","true","random-sampling","false","12","1000","9","1000","1000000","11728"
"1370","true","random-sampling","false","12","1000","9","1000","1000000","11775"
"1369","true","random-sampling","false","12","1000","9","1000","1000000","11708"
"1371","true","random-sampling","false","12","1000","9","1000","1000000","11663"
"1372","true","random-sampling","false","12","1000","9","1000","1000000","11829"
"1373","true","random-sampling","false","12","1000","9","1000","1000000","11674"
"1374","true","random-sampling","false","12","1000","9","1000","1000000","11684"
"1375","true","random-sampling","false","12","1000","9","1000","1000000","11836"
"1376","true","random-sampling","false","12","1000","9","1000","1000000","11614"
"1377","true","random-sampling","false","12","1000","9","1000","1000000","11801"
"1378","true","random-sampling","false","12","1000","9","1000","1000000","11810"
"1379","true","random-sampling","false","12","1000","9","1000","1000000","11726"
"1381","true","random-sampling","false","12","1","9","1000","1000000","19231"
"1380","true","random-sampling","false","12","1000","9","1000","1000000","11728"
"1382","true","random-sampling","false","12","1","9","1000","1000000","19341"
"1383","true","random-sampling","false","12","1","9","1000","1000000","19114"
"1384","true","random-sampling","false","12","1","9","1000","1000000","19428"
"1385","true","random-sampling","false","12","1","9","1000","1000000","19123"
"1386","true","random-sampling","false","12","1","9","1000","1000000","19203"
"1387","true","random-sampling","false","12","1","9","1000","1000000","19359"
"1388","true","random-sampling","false","12","1","9","1000","1000000","19287"
"1389","true","random-sampling","false","12","1","9","1000","1000000","19132"
"1390","true","random-sampling","false","12","1","9","1000","1000000","19020"
"1391","true","random-sampling","false","12","1","9","1000","1000000","19329"
"1392","true","random-sampling","false","12","1","9","1000","1000000","19088"
"1393","true","random-sampling","false","12","1","9","1000","1000000","19082"
"1394","true","random-sampling","false","12","1","9","1000","1000000","19157"
"1395","true","random-sampling","false","12","1","9","1000","1000000","19303"
"1396","true","random-sampling","false","12","1","9","1000","1000000","19131"
"1397","true","random-sampling","false","12","1","9","1000","1000000","19196"
"1398","true","random-sampling","false","12","1","9","1000","1000000","19476"
"1399","true","random-sampling","false","12","1","9","1000","1000000","19293"
"1400","true","random-sampling","false","12","1","9","1000","1000000","19146"
"1402","true","random-sampling","false","12","1","9","1000","1000000","19551"
"1401","true","random-sampling","false","12","1","9","1000","1000000","19336"
"1403","true","random-sampling","false","12","1","9","1000","1000000","19263"
"1404","true","random-sampling","false","12","1","9","1000","1000000","19304"
"1405","true","random-sampling","false","12","1","9","1000","1000000","19381"
"1406","true","random-sampling","false","12","1","9","1000","1000000","19224"
"1407","true","random-sampling","false","12","1","9","1000","1000000","19078"
"1408","true","random-sampling","false","12","1","9","1000","1000000","19333"
"1409","true","random-sampling","false","12","1","9","1000","1000000","19184"
"1410","true","random-sampling","false","12","1","9","1000","1000000","19117"
"1411","true","random-sampling","false","12","1","9","1000","1000000","19299"
"1412","true","random-sampling","false","12","1","9","1000","1000000","19189"
"1413","true","random-sampling","false","12","1","9","1000","1000000","19302"
"1414","true","random-sampling","false","12","1","9","1000","1000000","19148"
"1415","true","random-sampling","false","12","1","9","1000","1000000","19147"
"1416","true","random-sampling","false","12","1","9","1000","1000000","19349"
"1417","true","random-sampling","false","12","1","9","1000","1000000","19095"
"1418","true","random-sampling","false","12","1","9","1000","1000000","19395"
"1419","true","random-sampling","false","12","1","9","1000","1000000","19148"
"1420","true","random-sampling","false","12","1","9","1000","1000000","19427"
"1422","true","random-sampling","false","12","1","9","1000","1000000","19353"
"1421","true","random-sampling","false","12","1","9","1000","1000000","19224"
"1423","true","random-sampling","false","12","1","9","1000","1000000","19238"
"1424","true","random-sampling","false","12","1","9","1000","1000000","19199"
"1425","true","random-sampling","false","12","1","9","1000","1000000","19271"
"1426","true","random-sampling","false","12","1","9","1000","1000000","19322"
"1427","true","random-sampling","false","12","1","9","1000","1000000","19224"
"1428","true","random-sampling","false","12","1","9","1000","1000000","18982"
"1430","true","random-sampling","false","12","1","9","1000","1000000","19288"
"1429","true","random-sampling","false","12","1","9","1000","1000000","19049"
"1431","true","random-sampling","false","12","1","9","1000","1000000","19253"
"1432","true","random-sampling","false","12","1","9","1000","1000000","19432"
"1433","true","random-sampling","false","12","1","9","1000","1000000","19100"
"1434","true","random-sampling","false","12","1","9","1000","1000000","19128"
"1435","true","random-sampling","false","12","1","9","1000","1000000","19196"
"1436","true","random-sampling","false","12","1","9","1000","1000000","19467"
"1437","true","random-sampling","false","12","1","9","1000","1000000","19173"
"1438","true","random-sampling","false","12","1","9","1000","1000000","19030"
"1439","true","random-sampling","false","12","1","9","1000","1000000","19029"
"1440","true","random-sampling","false","12","1","9","1000","1000000","19097"
"1441","true","random-sampling","false","13","1000","9","1000","1000000","15390"
"1442","true","random-sampling","false","13","1000","9","1000","1000000","15242"
"1443","true","random-sampling","false","13","1000","9","1000","1000000","15297"
"1444","true","random-sampling","false","13","1000","9","1000","1000000","15415"
"1445","true","random-sampling","false","13","1000","9","1000","1000000","15486"
"1446","true","random-sampling","false","13","1000","9","1000","1000000","15345"
"1447","true","random-sampling","false","13","1000","9","1000","1000000","15394"
"1448","true","random-sampling","false","13","1000","9","1000","1000000","15449"
"1449","true","random-sampling","false","13","1000","9","1000","1000000","15360"
"1450","true","random-sampling","false","13","1000","9","1000","1000000","15580"
"1451","true","random-sampling","false","13","1000","9","1000","1000000","15382"
"1452","true","random-sampling","false","13","1000","9","1000","1000000","15258"
"1453","true","random-sampling","false","13","1000","9","1000","1000000","15311"
"1454","true","random-sampling","false","13","1000","9","1000","1000000","15510"
"1455","true","random-sampling","false","13","1000","9","1000","1000000","15340"
"1456","true","random-sampling","false","13","1000","9","1000","1000000","15401"
"1457","true","random-sampling","false","13","1000","9","1000","1000000","15269"
"1458","true","random-sampling","false","13","1000","9","1000","1000000","15370"
"1459","true","random-sampling","false","13","1000","9","1000","1000000","15403"
"1460","true","random-sampling","false","13","1000","9","1000","1000000","15474"
"1461","true","random-sampling","false","13","1000","9","1000","1000000","15215"
"1462","true","random-sampling","false","13","1000","9","1000","1000000","15466"
"1463","true","random-sampling","false","13","1000","9","1000","1000000","15668"
"1464","true","random-sampling","false","13","1000","9","1000","1000000","15512"
"1465","true","random-sampling","false","13","1000","9","1000","1000000","15575"
"1466","true","random-sampling","false","13","1000","9","1000","1000000","15306"
"1467","true","random-sampling","false","13","1000","9","1000","1000000","15368"
"1468","true","random-sampling","false","13","1000","9","1000","1000000","15487"
"1469","true","random-sampling","false","13","1000","9","1000","1000000","15291"
"1470","true","random-sampling","false","13","1000","9","1000","1000000","15360"
"1471","true","random-sampling","false","13","1000","9","1000","1000000","15355"
"1472","true","random-sampling","false","13","1000","9","1000","1000000","15358"
"1474","true","random-sampling","false","13","1000","9","1000","1000000","15471"
"1473","true","random-sampling","false","13","1000","9","1000","1000000","15514"
"1475","true","random-sampling","false","13","1000","9","1000","1000000","15101"
"1476","true","random-sampling","false","13","1000","9","1000","1000000","15338"
"1477","true","random-sampling","false","13","1000","9","1000","1000000","15364"
"1478","true","random-sampling","false","13","1000","9","1000","1000000","15420"
"1479","true","random-sampling","false","13","1000","9","1000","1000000","15458"
"1480","true","random-sampling","false","13","1000","9","1000","1000000","15400"
"1481","true","random-sampling","false","13","1000","9","1000","1000000","15376"
"1482","true","random-sampling","false","13","1000","9","1000","1000000","15449"
"1483","true","random-sampling","false","13","1000","9","1000","1000000","15336"
"1484","true","random-sampling","false","13","1000","9","1000","1000000","15342"
"1485","true","random-sampling","false","13","1000","9","1000","1000000","15601"
"1487","true","random-sampling","false","13","1000","9","1000","1000000","15407"
"1486","true","random-sampling","false","13","1000","9","1000","1000000","15318"
"1488","true","random-sampling","false","13","1000","9","1000","1000000","15422"
"1489","true","random-sampling","false","13","1000","9","1000","1000000","15220"
"1490","true","random-sampling","false","13","1000","9","1000","1000000","15424"
"1491","true","random-sampling","false","13","1000","9","1000","1000000","15539"
"1492","true","random-sampling","false","13","1000","9","1000","1000000","15124"
"1493","true","random-sampling","false","13","1000","9","1000","1000000","15654"
"1494","true","random-sampling","false","13","1000","9","1000","1000000","15404"
"1495","true","random-sampling","false","13","1000","9","1000","1000000","15420"
"1496","true","random-sampling","false","13","1000","9","1000","1000000","15413"
"1497","true","random-sampling","false","13","1000","9","1000","1000000","15356"
"1499","true","random-sampling","false","13","1000","9","1000","1000000","15217"
"1498","true","random-sampling","false","13","1000","9","1000","1000000","15570"
"1501","true","random-sampling","false","13","1","9","1000","1000000","24844"
"1500","true","random-sampling","false","13","1000","9","1000","1000000","15436"
"1502","true","random-sampling","false","13","1","9","1000","1000000","25166"
"1503","true","random-sampling","false","13","1","9","1000","1000000","24914"
"1504","true","random-sampling","false","13","1","9","1000","1000000","24984"
"1505","true","random-sampling","false","13","1","9","1000","1000000","24292"
"1506","true","random-sampling","false","13","1","9","1000","1000000","24330"
"1507","true","random-sampling","false","13","1","9","1000","1000000","25191"
"1508","true","random-sampling","false","13","1","9","1000","1000000","24522"
"1509","true","random-sampling","false","13","1","9","1000","1000000","25057"
"1510","true","random-sampling","false","13","1","9","1000","1000000","24888"
"1511","true","random-sampling","false","13","1","9","1000","1000000","25223"
"1512","true","random-sampling","false","13","1","9","1000","1000000","24313"
"1514","true","random-sampling","false","13","1","9","1000","1000000","24846"
"1513","true","random-sampling","false","13","1","9","1000","1000000","24325"
"1515","true","random-sampling","false","13","1","9","1000","1000000","24611"
"1516","true","random-sampling","false","13","1","9","1000","1000000","24785"
"1517","true","random-sampling","false","13","1","9","1000","1000000","24283"
"1518","true","random-sampling","false","13","1","9","1000","1000000","24545"
"1519","true","random-sampling","false","13","1","9","1000","1000000","25062"
"1520","true","random-sampling","false","13","1","9","1000","1000000","24634"
"1522","true","random-sampling","false","13","1","9","1000","1000000","24685"
"1523","true","random-sampling","false","13","1","9","1000","1000000","24519"
"1521","true","random-sampling","false","13","1","9","1000","1000000","24695"
"1524","true","random-sampling","false","13","1","9","1000","1000000","25072"
"1525","true","random-sampling","false","13","1","9","1000","1000000","24972"
"1527","true","random-sampling","false","13","1","9","1000","1000000","24559"
"1526","true","random-sampling","false","13","1","9","1000","1000000","24388"
"1528","true","random-sampling","false","13","1","9","1000","1000000","24428"
"1530","true","random-sampling","false","13","1","9","1000","1000000","25323"
"1529","true","random-sampling","false","13","1","9","1000","1000000","24152"
"1531","true","random-sampling","false","13","1","9","1000","1000000","24925"
"1532","true","random-sampling","false","13","1","9","1000","1000000","24739"
"1533","true","random-sampling","false","13","1","9","1000","1000000","24221"
"1535","true","random-sampling","false","13","1","9","1000","1000000","24975"
"1534","true","random-sampling","false","13","1","9","1000","1000000","24774"
"1536","true","random-sampling","false","13","1","9","1000","1000000","24459"
"1539","true","random-sampling","false","13","1","9","1000","1000000","25161"
"1540","true","random-sampling","false","13","1","9","1000","1000000","24468"
"1537","true","random-sampling","false","13","1","9","1000","1000000","24613"
"1538","true","random-sampling","false","13","1","9","1000","1000000","25235"
"1541","true","random-sampling","false","13","1","9","1000","1000000","24633"
"1543","true","random-sampling","false","13","1","9","1000","1000000","24110"
"1542","true","random-sampling","false","13","1","9","1000","1000000","24939"
"1544","true","random-sampling","false","13","1","9","1000","1000000","24680"
"1545","true","random-sampling","false","13","1","9","1000","1000000","24506"
"1546","true","random-sampling","false","13","1","9","1000","1000000","25335"
"1548","true","random-sampling","false","13","1","9","1000","1000000","24738"
"1547","true","random-sampling","false","13","1","9","1000","1000000","25299"
"1549","true","random-sampling","false","13","1","9","1000","1000000","24821"
"1550","true","random-sampling","false","13","1","9","1000","1000000","23951"
"1551","true","random-sampling","false","13","1","9","1000","1000000","24898"
"1552","true","random-sampling","false","13","1","9","1000","1000000","24376"
"1553","true","random-sampling","false","13","1","9","1000","1000000","24225"
"1554","true","random-sampling","false","13","1","9","1000","1000000","24908"
"1556","true","random-sampling","false","13","1","9","1000","1000000","24798"
"1555","true","random-sampling","false","13","1","9","1000","1000000","24841"
"1557","true","random-sampling","false","13","1","9","1000","1000000","24631"
"1558","true","random-sampling","false","13","1","9","1000","1000000","24618"
"1559","true","random-sampling","false","13","1","9","1000","1000000","24483"
"1560","true","random-sampling","false","13","1","9","1000","1000000","24840"
"1561","true","random-sampling","false","14","1000","9","1000","1000000","18745"
"1562","true","random-sampling","false","14","1000","9","1000","1000000","18884"
"1563","true","random-sampling","false","14","1000","9","1000","1000000","18900"
"1564","true","random-sampling","false","14","1000","9","1000","1000000","18984"
"1565","true","random-sampling","false","14","1000","9","1000","1000000","18816"
"1566","true","random-sampling","false","14","1000","9","1000","1000000","18895"
"1567","true","random-sampling","false","14","1000","9","1000","1000000","18788"
"1568","true","random-sampling","false","14","1000","9","1000","1000000","18721"
"1569","true","random-sampling","false","14","1000","9","1000","1000000","18740"
"1571","true","random-sampling","false","14","1000","9","1000","1000000","18867"
"1570","true","random-sampling","false","14","1000","9","1000","1000000","18633"
"1572","true","random-sampling","false","14","1000","9","1000","1000000","18651"
"1573","true","random-sampling","false","14","1000","9","1000","1000000","18932"
"1574","true","random-sampling","false","14","1000","9","1000","1000000","18873"
"1575","true","random-sampling","false","14","1000","9","1000","1000000","18762"
"1576","true","random-sampling","false","14","1000","9","1000","1000000","19026"
"1577","true","random-sampling","false","14","1000","9","1000","1000000","18815"
"1579","true","random-sampling","false","14","1000","9","1000","1000000","18841"
"1580","true","random-sampling","false","14","1000","9","1000","1000000","18679"
"1578","true","random-sampling","false","14","1000","9","1000","1000000","19136"
"1581","true","random-sampling","false","14","1000","9","1000","1000000","18951"
"1582","true","random-sampling","false","14","1000","9","1000","1000000","18725"
"1583","true","random-sampling","false","14","1000","9","1000","1000000","18741"
"1584","true","random-sampling","false","14","1000","9","1000","1000000","18755"
"1585","true","random-sampling","false","14","1000","9","1000","1000000","18823"
"1587","true","random-sampling","false","14","1000","9","1000","1000000","19040"
"1586","true","random-sampling","false","14","1000","9","1000","1000000","18833"
"1588","true","random-sampling","false","14","1000","9","1000","1000000","18686"
"1589","true","random-sampling","false","14","1000","9","1000","1000000","18823"
"1591","true","random-sampling","false","14","1000","9","1000","1000000","18821"
"1590","true","random-sampling","false","14","1000","9","1000","1000000","18843"
"1592","true","random-sampling","false","14","1000","9","1000","1000000","18706"
"1596","true","random-sampling","false","14","1000","9","1000","1000000","19038"
"1595","true","random-sampling","false","14","1000","9","1000","1000000","18590"
"1594","true","random-sampling","false","14","1000","9","1000","1000000","18621"
"1593","true","random-sampling","false","14","1000","9","1000","1000000","18849"
"1597","true","random-sampling","false","14","1000","9","1000","1000000","18851"
"1598","true","random-sampling","false","14","1000","9","1000","1000000","18817"
"1599","true","random-sampling","false","14","1000","9","1000","1000000","18768"
"1600","true","random-sampling","false","14","1000","9","1000","1000000","18880"
"1602","true","random-sampling","false","14","1000","9","1000","1000000","18912"
"1604","true","random-sampling","false","14","1000","9","1000","1000000","18838"
"1603","true","random-sampling","false","14","1000","9","1000","1000000","18919"
"1601","true","random-sampling","false","14","1000","9","1000","1000000","18676"
"1605","true","random-sampling","false","14","1000","9","1000","1000000","18932"
"1607","true","random-sampling","false","14","1000","9","1000","1000000","18851"
"1606","true","random-sampling","false","14","1000","9","1000","1000000","18867"
"1608","true","random-sampling","false","14","1000","9","1000","1000000","18820"
"1611","true","random-sampling","false","14","1000","9","1000","1000000","18815"
"1610","true","random-sampling","false","14","1000","9","1000","1000000","18507"
"1609","true","random-sampling","false","14","1000","9","1000","1000000","18613"
"1612","true","random-sampling","false","14","1000","9","1000","1000000","18749"
"1613","true","random-sampling","false","14","1000","9","1000","1000000","18661"
"1614","true","random-sampling","false","14","1000","9","1000","1000000","18823"
"1615","true","random-sampling","false","14","1000","9","1000","1000000","18638"
"1616","true","random-sampling","false","14","1000","9","1000","1000000","18835"
"1617","true","random-sampling","false","14","1000","9","1000","1000000","18827"
"1618","true","random-sampling","false","14","1000","9","1000","1000000","18861"
"1619","true","random-sampling","false","14","1000","9","1000","1000000","18742"
"1621","true","random-sampling","false","14","1","9","1000","1000000","30011"
"1620","true","random-sampling","false","14","1000","9","1000","1000000","18905"
"1622","true","random-sampling","false","14","1","9","1000","1000000","30683"
"1623","true","random-sampling","false","14","1","9","1000","1000000","30184"
"1624","true","random-sampling","false","14","1","9","1000","1000000","30374"
"1625","true","random-sampling","false","14","1","9","1000","1000000","30129"
"1626","true","random-sampling","false","14","1","9","1000","1000000","29884"
"1627","true","random-sampling","false","14","1","9","1000","1000000","29605"
"1628","true","random-sampling","false","14","1","9","1000","1000000","29994"
"1629","true","random-sampling","false","14","1","9","1000","1000000","30336"
"1630","true","random-sampling","false","14","1","9","1000","1000000","29588"
"1631","true","random-sampling","false","14","1","9","1000","1000000","29951"
"1632","true","random-sampling","false","14","1","9","1000","1000000","30706"
"1633","true","random-sampling","false","14","1","9","1000","1000000","29787"
"1634","true","random-sampling","false","14","1","9","1000","1000000","29847"
"1635","true","random-sampling","false","14","1","9","1000","1000000","29889"
"1637","true","random-sampling","false","14","1","9","1000","1000000","29800"
"1636","true","random-sampling","false","14","1","9","1000","1000000","30401"
"1638","true","random-sampling","false","14","1","9","1000","1000000","29714"
"1639","true","random-sampling","false","14","1","9","1000","1000000","29617"
"1640","true","random-sampling","false","14","1","9","1000","1000000","29469"
"1641","true","random-sampling","false","14","1","9","1000","1000000","30198"
"1643","true","random-sampling","false","14","1","9","1000","1000000","30400"
"1642","true","random-sampling","false","14","1","9","1000","1000000","29398"
"1644","true","random-sampling","false","14","1","9","1000","1000000","30269"
"1645","true","random-sampling","false","14","1","9","1000","1000000","30110"
"1646","true","random-sampling","false","14","1","9","1000","1000000","29815"
"1647","true","random-sampling","false","14","1","9","1000","1000000","29793"
"1648","true","random-sampling","false","14","1","9","1000","1000000","29982"
"1649","true","random-sampling","false","14","1","9","1000","1000000","30069"
"1650","true","random-sampling","false","14","1","9","1000","1000000","30254"
"1651","true","random-sampling","false","14","1","9","1000","1000000","30777"
"1652","true","random-sampling","false","14","1","9","1000","1000000","30210"
"1653","true","random-sampling","false","14","1","9","1000","1000000","29629"
"1655","true","random-sampling","false","14","1","9","1000","1000000","30058"
"1654","true","random-sampling","false","14","1","9","1000","1000000","30607"
"1656","true","random-sampling","false","14","1","9","1000","1000000","30711"
"1657","true","random-sampling","false","14","1","9","1000","1000000","29948"
"1658","true","random-sampling","false","14","1","9","1000","1000000","30275"
"1659","true","random-sampling","false","14","1","9","1000","1000000","30598"
"1660","true","random-sampling","false","14","1","9","1000","1000000","30553"
"1661","true","random-sampling","false","14","1","9","1000","1000000","30651"
"1662","true","random-sampling","false","14","1","9","1000","1000000","29465"
"1663","true","random-sampling","false","14","1","9","1000","1000000","29882"
"1664","true","random-sampling","false","14","1","9","1000","1000000","29894"
"1667","true","random-sampling","false","14","1","9","1000","1000000","29908"
"1665","true","random-sampling","false","14","1","9","1000","1000000","30050"
"1666","true","random-sampling","false","14","1","9","1000","1000000","30024"
"1668","true","random-sampling","false","14","1","9","1000","1000000","29399"
"1669","true","random-sampling","false","14","1","9","1000","1000000","30555"
"1670","true","random-sampling","false","14","1","9","1000","1000000","30036"
"1671","true","random-sampling","false","14","1","9","1000","1000000","30076"
"1672","true","random-sampling","false","14","1","9","1000","1000000","30010"
"1675","true","random-sampling","false","14","1","9","1000","1000000","29760"
"1673","true","random-sampling","false","14","1","9","1000","1000000","29756"
"1674","true","random-sampling","false","14","1","9","1000","1000000","29028"
"1676","true","random-sampling","false","14","1","9","1000","1000000","30213"
"1677","true","random-sampling","false","14","1","9","1000","1000000","29492"
"1681","true","random-sampling","false","15","1000","9","1000","1000000","1825"
"1683","true","random-sampling","false","15","1000","9","1000","1000000","1864"
"1682","true","random-sampling","false","15","1000","9","1000","1000000","1697"
"1678","true","random-sampling","false","14","1","9","1000","1000000","30434"
"1684","true","random-sampling","false","15","1000","9","1000","1000000","1915"
"1680","true","random-sampling","false","14","1","9","1000","1000000","30324"
"1679","true","random-sampling","false","14","1","9","1000","1000000","29790"
"1685","true","random-sampling","false","15","1000","9","1000","1000000","1975"
"1687","true","random-sampling","false","15","1000","9","1000","1000000","1852"
"1686","true","random-sampling","false","15","1000","9","1000","1000000","1880"
"1688","true","random-sampling","false","15","1000","9","1000","1000000","1721"
"1689","true","random-sampling","false","15","1000","9","1000","1000000","1935"
"1690","true","random-sampling","false","15","1000","9","1000","1000000","1896"
"1692","true","random-sampling","false","15","1000","9","1000","1000000","1818"
"1691","true","random-sampling","false","15","1000","9","1000","1000000","1873"
"1693","true","random-sampling","false","15","1000","9","1000","1000000","1827"
"1694","true","random-sampling","false","15","1000","9","1000","1000000","1954"
"1695","true","random-sampling","false","15","1000","9","1000","1000000","1869"
"1696","true","random-sampling","false","15","1000","9","1000","1000000","1892"
"1698","true","random-sampling","false","15","1000","9","1000","1000000","1851"
"1697","true","random-sampling","false","15","1000","9","1000","1000000","1934"
"1699","true","random-sampling","false","15","1000","9","1000","1000000","1712"
"1700","true","random-sampling","false","15","1000","9","1000","1000000","1751"
"1701","true","random-sampling","false","15","1000","9","1000","1000000","1855"
"1702","true","random-sampling","false","15","1000","9","1000","1000000","1828"
"1703","true","random-sampling","false","15","1000","9","1000","1000000","1705"
"1704","true","random-sampling","false","15","1000","9","1000","1000000","1826"
"1705","true","random-sampling","false","15","1000","9","1000","1000000","1927"
"1707","true","random-sampling","false","15","1000","9","1000","1000000","1886"
"1706","true","random-sampling","false","15","1000","9","1000","1000000","1748"
"1708","true","random-sampling","false","15","1000","9","1000","1000000","1891"
"1709","true","random-sampling","false","15","1000","9","1000","1000000","1906"
"1710","true","random-sampling","false","15","1000","9","1000","1000000","1898"
"1711","true","random-sampling","false","15","1000","9","1000","1000000","1949"
"1712","true","random-sampling","false","15","1000","9","1000","1000000","1857"
"1713","true","random-sampling","false","15","1000","9","1000","1000000","1870"
"1714","true","random-sampling","false","15","1000","9","1000","1000000","1808"
"1715","true","random-sampling","false","15","1000","9","1000","1000000","1917"
"1716","true","random-sampling","false","15","1000","9","1000","1000000","1922"
"1717","true","random-sampling","false","15","1000","9","1000","1000000","1844"
"1718","true","random-sampling","false","15","1000","9","1000","1000000","1886"
"1719","true","random-sampling","false","15","1000","9","1000","1000000","1810"
"1720","true","random-sampling","false","15","1000","9","1000","1000000","1788"
"1721","true","random-sampling","false","15","1000","9","1000","1000000","1896"
"1722","true","random-sampling","false","15","1000","9","1000","1000000","1969"
"1723","true","random-sampling","false","15","1000","9","1000","1000000","1818"
"1724","true","random-sampling","false","15","1000","9","1000","1000000","1753"
"1725","true","random-sampling","false","15","1000","9","1000","1000000","1900"
"1726","true","random-sampling","false","15","1000","9","1000","1000000","1961"
"1727","true","random-sampling","false","15","1000","9","1000","1000000","1907"
"1728","true","random-sampling","false","15","1000","9","1000","1000000","1895"
"1729","true","random-sampling","false","15","1000","9","1000","1000000","1863"
"1730","true","random-sampling","false","15","1000","9","1000","1000000","1827"
"1731","true","random-sampling","false","15","1000","9","1000","1000000","1807"
"1732","true","random-sampling","false","15","1000","9","1000","1000000","1858"
"1733","true","random-sampling","false","15","1000","9","1000","1000000","1879"
"1734","true","random-sampling","false","15","1000","9","1000","1000000","1834"
"1735","true","random-sampling","false","15","1000","9","1000","1000000","1852"
"1736","true","random-sampling","false","15","1000","9","1000","1000000","1921"
"1737","true","random-sampling","false","15","1000","9","1000","1000000","1853"
"1739","true","random-sampling","false","15","1000","9","1000","1000000","1788"
"1738","true","random-sampling","false","15","1000","9","1000","1000000","1847"
"1740","true","random-sampling","false","15","1000","9","1000","1000000","1913"
"1741","true","random-sampling","false","15","1","9","1000","1000000","2912"
"1742","true","random-sampling","false","15","1","9","1000","1000000","2891"
"1743","true","random-sampling","false","15","1","9","1000","1000000","2993"
"1744","true","random-sampling","false","15","1","9","1000","1000000","3000"
"1747","true","random-sampling","false","15","1","9","1000","1000000","2762"
"1746","true","random-sampling","false","15","1","9","1000","1000000","2834"
"1745","true","random-sampling","false","15","1","9","1000","1000000","2994"
"1748","true","random-sampling","false","15","1","9","1000","1000000","3033"
"1749","true","random-sampling","false","15","1","9","1000","1000000","2697"
"1750","true","random-sampling","false","15","1","9","1000","1000000","2778"
"1751","true","random-sampling","false","15","1","9","1000","1000000","2812"
"1752","true","random-sampling","false","15","1","9","1000","1000000","3179"
"1753","true","random-sampling","false","15","1","9","1000","1000000","2983"
"1754","true","random-sampling","false","15","1","9","1000","1000000","3182"
"1755","true","random-sampling","false","15","1","9","1000","1000000","2692"
"1756","true","random-sampling","false","15","1","9","1000","1000000","2758"
"1757","true","random-sampling","false","15","1","9","1000","1000000","2713"
"1758","true","random-sampling","false","15","1","9","1000","1000000","3026"
"1759","true","random-sampling","false","15","1","9","1000","1000000","2973"
"1760","true","random-sampling","false","15","1","9","1000","1000000","2686"
"1761","true","random-sampling","false","15","1","9","1000","1000000","3125"
"1762","true","random-sampling","false","15","1","9","1000","1000000","2915"
"1763","true","random-sampling","false","15","1","9","1000","1000000","2536"
"1764","true","random-sampling","false","15","1","9","1000","1000000","3105"
"1765","true","random-sampling","false","15","1","9","1000","1000000","2762"
"1766","true","random-sampling","false","15","1","9","1000","1000000","2994"
"1768","true","random-sampling","false","15","1","9","1000","1000000","2649"
"1767","true","random-sampling","false","15","1","9","1000","1000000","2775"
"1771","true","random-sampling","false","15","1","9","1000","1000000","3013"
"1769","true","random-sampling","false","15","1","9","1000","1000000","2831"
"1770","true","random-sampling","false","15","1","9","1000","1000000","2575"
"1772","true","random-sampling","false","15","1","9","1000","1000000","2820"
"1773","true","random-sampling","false","15","1","9","1000","1000000","2883"
"1774","true","random-sampling","false","15","1","9","1000","1000000","3188"
"1777","true","random-sampling","false","15","1","9","1000","1000000","2665"
"1776","true","random-sampling","false","15","1","9","1000","1000000","2737"
"1775","true","random-sampling","false","15","1","9","1000","1000000","2371"
"1778","true","random-sampling","false","15","1","9","1000","1000000","3045"
"1780","true","random-sampling","false","15","1","9","1000","1000000","3081"
"1779","true","random-sampling","false","15","1","9","1000","1000000","2415"
"1781","true","random-sampling","false","15","1","9","1000","1000000","3089"
"1782","true","random-sampling","false","15","1","9","1000","1000000","2273"
"1785","true","random-sampling","false","15","1","9","1000","1000000","3036"
"1783","true","random-sampling","false","15","1","9","1000","1000000","2557"
"1784","true","random-sampling","false","15","1","9","1000","1000000","2877"
"1786","true","random-sampling","false","15","1","9","1000","1000000","2885"
"1788","true","random-sampling","false","15","1","9","1000","1000000","3121"
"1787","true","random-sampling","false","15","1","9","1000","1000000","3245"
"1789","true","random-sampling","false","15","1","9","1000","1000000","2951"
"1790","true","random-sampling","false","15","1","9","1000","1000000","2702"
"1792","true","random-sampling","false","15","1","9","1000","1000000","3057"
"1791","true","random-sampling","false","15","1","9","1000","1000000","3010"
"1793","true","random-sampling","false","15","1","9","1000","1000000","2619"
"1794","true","random-sampling","false","15","1","9","1000","1000000","2924"
"1795","true","random-sampling","false","15","1","9","1000","1000000","3148"
"1796","true","random-sampling","false","15","1","9","1000","1000000","3045"
"1797","true","random-sampling","false","15","1","9","1000","1000000","3103"
"1799","true","random-sampling","false","15","1","9","1000","1000000","3116"
"1798","true","random-sampling","false","15","1","9","1000","1000000","2650"
"1800","true","random-sampling","false","15","1","9","1000","1000000","2728"
"1801","true","random-sampling","false","16","1000","9","1000","1000000","3768"
"1802","true","random-sampling","false","16","1000","9","1000","1000000","3783"
"1804","true","random-sampling","false","16","1000","9","1000","1000000","3892"
"1803","true","random-sampling","false","16","1000","9","1000","1000000","3786"
"1805","true","random-sampling","false","16","1000","9","1000","1000000","3656"
"1806","true","random-sampling","false","16","1000","9","1000","1000000","3601"
"1807","true","random-sampling","false","16","1000","9","1000","1000000","3806"
"1808","true","random-sampling","false","16","1000","9","1000","1000000","3676"
"1810","true","random-sampling","false","16","1000","9","1000","1000000","3619"
"1809","true","random-sampling","false","16","1000","9","1000","1000000","3839"
"1811","true","random-sampling","false","16","1000","9","1000","1000000","3612"
"1812","true","random-sampling","false","16","1000","9","1000","1000000","3845"
"1813","true","random-sampling","false","16","1000","9","1000","1000000","3721"
"1814","true","random-sampling","false","16","1000","9","1000","1000000","3577"
"1815","true","random-sampling","false","16","1000","9","1000","1000000","3769"
"1816","true","random-sampling","false","16","1000","9","1000","1000000","3661"
"1817","true","random-sampling","false","16","1000","9","1000","1000000","3553"
"1818","true","random-sampling","false","16","1000","9","1000","1000000","3891"
"1819","true","random-sampling","false","16","1000","9","1000","1000000","3858"
"1820","true","random-sampling","false","16","1000","9","1000","1000000","3650"
"1821","true","random-sampling","false","16","1000","9","1000","1000000","3816"
"1822","true","random-sampling","false","16","1000","9","1000","1000000","3783"
"1823","true","random-sampling","false","16","1000","9","1000","1000000","3655"
"1824","true","random-sampling","false","16","1000","9","1000","1000000","3802"
"1826","true","random-sampling","false","16","1000","9","1000","1000000","3631"
"1827","true","random-sampling","false","16","1000","9","1000","1000000","3712"
"1825","true","random-sampling","false","16","1000","9","1000","1000000","3572"
"1828","true","random-sampling","false","16","1000","9","1000","1000000","3759"
"1829","true","random-sampling","false","16","1000","9","1000","1000000","3590"
"1831","true","random-sampling","false","16","1000","9","1000","1000000","3650"
"1830","true","random-sampling","false","16","1000","9","1000","1000000","3702"
"1832","true","random-sampling","false","16","1000","9","1000","1000000","3905"
"1833","true","random-sampling","false","16","1000","9","1000","1000000","3728"
"1834","true","random-sampling","false","16","1000","9","1000","1000000","3834"
"1835","true","random-sampling","false","16","1000","9","1000","1000000","3819"
"1836","true","random-sampling","false","16","1000","9","1000","1000000","3788"
"1837","true","random-sampling","false","16","1000","9","1000","1000000","3755"
"1839","true","random-sampling","false","16","1000","9","1000","1000000","3890"
"1838","true","random-sampling","false","16","1000","9","1000","1000000","3755"
"1840","true","random-sampling","false","16","1000","9","1000","1000000","3780"
"1841","true","random-sampling","false","16","1000","9","1000","1000000","3660"
"1842","true","random-sampling","false","16","1000","9","1000","1000000","3734"
"1843","true","random-sampling","false","16","1000","9","1000","1000000","3714"
"1845","true","random-sampling","false","16","1000","9","1000","1000000","3881"
"1844","true","random-sampling","false","16","1000","9","1000","1000000","3810"
"1846","true","random-sampling","false","16","1000","9","1000","1000000","3788"
"1847","true","random-sampling","false","16","1000","9","1000","1000000","3732"
"1848","true","random-sampling","false","16","1000","9","1000","1000000","3864"
"1849","true","random-sampling","false","16","1000","9","1000","1000000","3750"
"1850","true","random-sampling","false","16","1000","9","1000","1000000","3820"
"1851","true","random-sampling","false","16","1000","9","1000","1000000","3457"
"1852","true","random-sampling","false","16","1000","9","1000","1000000","3654"
"1853","true","random-sampling","false","16","1000","9","1000","1000000","3676"
"1855","true","random-sampling","false","16","1000","9","1000","1000000","3652"
"1854","true","random-sampling","false","16","1000","9","1000","1000000","3821"
"1856","true","random-sampling","false","16","1000","9","1000","1000000","3707"
"1857","true","random-sampling","false","16","1000","9","1000","1000000","3737"
"1859","true","random-sampling","false","16","1000","9","1000","1000000","3844"
"1858","true","random-sampling","false","16","1000","9","1000","1000000","3806"
"1860","true","random-sampling","false","16","1000","9","1000","1000000","3674"
"1861","true","random-sampling","false","16","1","9","1000","1000000","5539"
"1863","true","random-sampling","false","16","1","9","1000","1000000","5560"
"1862","true","random-sampling","false","16","1","9","1000","1000000","6057"
"1864","true","random-sampling","false","16","1","9","1000","1000000","5645"
"1865","true","random-sampling","false","16","1","9","1000","1000000","5804"
"1866","true","random-sampling","false","16","1","9","1000","1000000","5873"
"1867","true","random-sampling","false","16","1","9","1000","1000000","5966"
"1868","true","random-sampling","false","16","1","9","1000","1000000","5570"
"1869","true","random-sampling","false","16","1","9","1000","1000000","5539"
"1871","true","random-sampling","false","16","1","9","1000","1000000","5666"
"1870","true","random-sampling","false","16","1","9","1000","1000000","6184"
"1872","true","random-sampling","false","16","1","9","1000","1000000","5136"
"1873","true","random-sampling","false","16","1","9","1000","1000000","5804"
"1874","true","random-sampling","false","16","1","9","1000","1000000","5540"
"1875","true","random-sampling","false","16","1","9","1000","1000000","5765"
"1876","true","random-sampling","false","16","1","9","1000","1000000","5737"
"1877","true","random-sampling","false","16","1","9","1000","1000000","5981"
"1878","true","random-sampling","false","16","1","9","1000","1000000","5705"
"1879","true","random-sampling","false","16","1","9","1000","1000000","5895"
"1880","true","random-sampling","false","16","1","9","1000","1000000","5940"
"1881","true","random-sampling","false","16","1","9","1000","1000000","5300"
"1882","true","random-sampling","false","16","1","9","1000","1000000","5665"
"1883","true","random-sampling","false","16","1","9","1000","1000000","5904"
"1884","true","random-sampling","false","16","1","9","1000","1000000","5870"
"1885","true","random-sampling","false","16","1","9","1000","1000000","5696"
"1887","true","random-sampling","false","16","1","9","1000","1000000","5627"
"1886","true","random-sampling","false","16","1","9","1000","1000000","5812"
"1888","true","random-sampling","false","16","1","9","1000","1000000","5567"
"1889","true","random-sampling","false","16","1","9","1000","1000000","5090"
"1890","true","random-sampling","false","16","1","9","1000","1000000","5897"
"1891","true","random-sampling","false","16","1","9","1000","1000000","5691"
"1892","true","random-sampling","false","16","1","9","1000","1000000","5557"
"1894","true","random-sampling","false","16","1","9","1000","1000000","5330"
"1893","true","random-sampling","false","16","1","9","1000","1000000","5526"
"1895","true","random-sampling","false","16","1","9","1000","1000000","5533"
"1896","true","random-sampling","false","16","1","9","1000","1000000","5913"
"1897","true","random-sampling","false","16","1","9","1000","1000000","5490"
"1898","true","random-sampling","false","16","1","9","1000","1000000","5660"
"1899","true","random-sampling","false","16","1","9","1000","1000000","5646"
"1900","true","random-sampling","false","16","1","9","1000","1000000","5134"
"1901","true","random-sampling","false","16","1","9","1000","1000000","5534"
"1902","true","random-sampling","false","16","1","9","1000","1000000","6050"
"1903","true","random-sampling","false","16","1","9","1000","1000000","6109"
"1904","true","random-sampling","false","16","1","9","1000","1000000","6396"
"1905","true","random-sampling","false","16","1","9","1000","1000000","5781"
"1906","true","random-sampling","false","16","1","9","1000","1000000","5709"
"1907","true","random-sampling","false","16","1","9","1000","1000000","5496"
"1908","true","random-sampling","false","16","1","9","1000","1000000","5980"
"1909","true","random-sampling","false","16","1","9","1000","1000000","6039"
"1910","true","random-sampling","false","16","1","9","1000","1000000","5664"
"1911","true","random-sampling","false","16","1","9","1000","1000000","5267"
"1912","true","random-sampling","false","16","1","9","1000","1000000","5437"
"1913","true","random-sampling","false","16","1","9","1000","1000000","5307"
"1914","true","random-sampling","false","16","1","9","1000","1000000","6041"
"1915","true","random-sampling","false","16","1","9","1000","1000000","5972"
"1916","true","random-sampling","false","16","1","9","1000","1000000","6221"
"1917","true","random-sampling","false","16","1","9","1000","1000000","5864"
"1918","true","random-sampling","false","16","1","9","1000","1000000","5539"
"1919","true","random-sampling","false","16","1","9","1000","1000000","5848"
"1920","true","random-sampling","false","16","1","9","1000","1000000","6263"
"1921","true","random-sampling","false","17","1000","9","1000","1000000","7451"
"1922","true","random-sampling","false","17","1000","9","1000","1000000","7562"
"1925","true","random-sampling","false","17","1000","9","1000","1000000","7260"
"1923","true","random-sampling","false","17","1000","9","1000","1000000","7432"
"1924","true","random-sampling","false","17","1000","9","1000","1000000","7422"
"1926","true","random-sampling","false","17","1000","9","1000","1000000","7340"
"1927","true","random-sampling","false","17","1000","9","1000","1000000","7656"
"1928","true","random-sampling","false","17","1000","9","1000","1000000","7292"
"1929","true","random-sampling","false","17","1000","9","1000","1000000","7305"
"1930","true","random-sampling","false","17","1000","9","1000","1000000","7441"
"1931","true","random-sampling","false","17","1000","9","1000","1000000","7327"
"1932","true","random-sampling","false","17","1000","9","1000","1000000","7311"
"1933","true","random-sampling","false","17","1000","9","1000","1000000","7329"
"1934","true","random-sampling","false","17","1000","9","1000","1000000","7472"
"1935","true","random-sampling","false","17","1000","9","1000","1000000","7513"
"1936","true","random-sampling","false","17","1000","9","1000","1000000","7521"
"1937","true","random-sampling","false","17","1000","9","1000","1000000","7654"
"1938","true","random-sampling","false","17","1000","9","1000","1000000","7598"
"1939","true","random-sampling","false","17","1000","9","1000","1000000","7151"
"1940","true","random-sampling","false","17","1000","9","1000","1000000","7573"
"1941","true","random-sampling","false","17","1000","9","1000","1000000","7580"
"1943","true","random-sampling","false","17","1000","9","1000","1000000","7444"
"1942","true","random-sampling","false","17","1000","9","1000","1000000","7337"
"1944","true","random-sampling","false","17","1000","9","1000","1000000","7446"
"1945","true","random-sampling","false","17","1000","9","1000","1000000","7384"
"1946","true","random-sampling","false","17","1000","9","1000","1000000","7449"
"1947","true","random-sampling","false","17","1000","9","1000","1000000","7339"
"1949","true","random-sampling","false","17","1000","9","1000","1000000","7567"
"1948","true","random-sampling","false","17","1000","9","1000","1000000","7437"
"1950","true","random-sampling","false","17","1000","9","1000","1000000","7323"
"1951","true","random-sampling","false","17","1000","9","1000","1000000","7723"
"1952","true","random-sampling","false","17","1000","9","1000","1000000","7411"
"1953","true","random-sampling","false","17","1000","9","1000","1000000","7132"
"1954","true","random-sampling","false","17","1000","9","1000","1000000","7398"
"1955","true","random-sampling","false","17","1000","9","1000","1000000","7345"
"1956","true","random-sampling","false","17","1000","9","1000","1000000","7423"
"1958","true","random-sampling","false","17","1000","9","1000","1000000","7446"
"1957","true","random-sampling","false","17","1000","9","1000","1000000","7525"
"1959","true","random-sampling","false","17","1000","9","1000","1000000","7364"
"1960","true","random-sampling","false","17","1000","9","1000","1000000","7381"
"1961","true","random-sampling","false","17","1000","9","1000","1000000","7644"
"1962","true","random-sampling","false","17","1000","9","1000","1000000","7536"
"1963","true","random-sampling","false","17","1000","9","1000","1000000","7492"
"1964","true","random-sampling","false","17","1000","9","1000","1000000","7376"
"1966","true","random-sampling","false","17","1000","9","1000","1000000","7376"
"1965","true","random-sampling","false","17","1000","9","1000","1000000","7096"
"1967","true","random-sampling","false","17","1000","9","1000","1000000","7322"
"1968","true","random-sampling","false","17","1000","9","1000","1000000","7363"
"1969","true","random-sampling","false","17","1000","9","1000","1000000","7620"
"1970","true","random-sampling","false","17","1000","9","1000","1000000","7584"
"1971","true","random-sampling","false","17","1000","9","1000","1000000","7402"
"1972","true","random-sampling","false","17","1000","9","1000","1000000","7681"
"1974","true","random-sampling","false","17","1000","9","1000","1000000","7550"
"1973","true","random-sampling","false","17","1000","9","1000","1000000","7330"
"1976","true","random-sampling","false","17","1000","9","1000","1000000","7603"
"1975","true","random-sampling","false","17","1000","9","1000","1000000","7443"
"1977","true","random-sampling","false","17","1000","9","1000","1000000","7322"
"1978","true","random-sampling","false","17","1000","9","1000","1000000","7316"
"1979","true","random-sampling","false","17","1000","9","1000","1000000","7334"
"1981","true","random-sampling","false","17","1","9","1000","1000000","10935"
"1983","true","random-sampling","false","17","1","9","1000","1000000","11116"
"1982","true","random-sampling","false","17","1","9","1000","1000000","11749"
"1980","true","random-sampling","false","17","1000","9","1000","1000000","7232"
"1984","true","random-sampling","false","17","1","9","1000","1000000","11425"
"1985","true","random-sampling","false","17","1","9","1000","1000000","11416"
"1986","true","random-sampling","false","17","1","9","1000","1000000","11085"
"1987","true","random-sampling","false","17","1","9","1000","1000000","11016"
"1989","true","random-sampling","false","17","1","9","1000","1000000","11182"
"1988","true","random-sampling","false","17","1","9","1000","1000000","11216"
"1990","true","random-sampling","false","17","1","9","1000","1000000","11692"
"1992","true","random-sampling","false","17","1","9","1000","1000000","11157"
"1991","true","random-sampling","false","17","1","9","1000","1000000","10437"
"1993","true","random-sampling","false","17","1","9","1000","1000000","12512"
"1994","true","random-sampling","false","17","1","9","1000","1000000","11156"
"1995","true","random-sampling","false","17","1","9","1000","1000000","11390"
"1996","true","random-sampling","false","17","1","9","1000","1000000","12002"
"1997","true","random-sampling","false","17","1","9","1000","1000000","11531"
"1998","true","random-sampling","false","17","1","9","1000","1000000","10848"
"1999","true","random-sampling","false","17","1","9","1000","1000000","10904"
"2000","true","random-sampling","false","17","1","9","1000","1000000","11193"
"2001","true","random-sampling","false","17","1","9","1000","1000000","11198"
"2003","true","random-sampling","false","17","1","9","1000","1000000","11566"
"2002","true","random-sampling","false","17","1","9","1000","1000000","11337"
"2004","true","random-sampling","false","17","1","9","1000","1000000","11386"
"2005","true","random-sampling","false","17","1","9","1000","1000000","11797"
"2006","true","random-sampling","false","17","1","9","1000","1000000","11178"
"2007","true","random-sampling","false","17","1","9","1000","1000000","11479"
"2008","true","random-sampling","false","17","1","9","1000","1000000","11583"
"2009","true","random-sampling","false","17","1","9","1000","1000000","11504"
"2010","true","random-sampling","false","17","1","9","1000","1000000","11682"
"2011","true","random-sampling","false","17","1","9","1000","1000000","11580"
"2013","true","random-sampling","false","17","1","9","1000","1000000","11269"
"2014","true","random-sampling","false","17","1","9","1000","1000000","11431"
"2012","true","random-sampling","false","17","1","9","1000","1000000","12486"
"2015","true","random-sampling","false","17","1","9","1000","1000000","11284"
"2016","true","random-sampling","false","17","1","9","1000","1000000","10963"
"2017","true","random-sampling","false","17","1","9","1000","1000000","11061"
"2018","true","random-sampling","false","17","1","9","1000","1000000","11478"
"2019","true","random-sampling","false","17","1","9","1000","1000000","12102"
"2020","true","random-sampling","false","17","1","9","1000","1000000","11144"
"2021","true","random-sampling","false","17","1","9","1000","1000000","11379"
"2023","true","random-sampling","false","17","1","9","1000","1000000","10899"
"2022","true","random-sampling","false","17","1","9","1000","1000000","11210"
"2024","true","random-sampling","false","17","1","9","1000","1000000","11830"
"2025","true","random-sampling","false","17","1","9","1000","1000000","10827"
"2026","true","random-sampling","false","17","1","9","1000","1000000","10190"
"2027","true","random-sampling","false","17","1","9","1000","1000000","10946"
"2028","true","random-sampling","false","17","1","9","1000","1000000","10632"
"2029","true","random-sampling","false","17","1","9","1000","1000000","11214"
"2030","true","random-sampling","false","17","1","9","1000","1000000","11958"
"2031","true","random-sampling","false","17","1","9","1000","1000000","11956"
"2032","true","random-sampling","false","17","1","9","1000","1000000","11651"
"2033","true","random-sampling","false","17","1","9","1000","1000000","10914"
"2034","true","random-sampling","false","17","1","9","1000","1000000","11241"
"2035","true","random-sampling","false","17","1","9","1000","1000000","11215"
"2036","true","random-sampling","false","17","1","9","1000","1000000","12319"
"2039","true","random-sampling","false","17","1","9","1000","1000000","11173"
"2038","true","random-sampling","false","17","1","9","1000","1000000","11846"
"2037","true","random-sampling","false","17","1","9","1000","1000000","10827"
"2040","true","random-sampling","false","17","1","9","1000","1000000","11481"
"2041","true","random-sampling","false","18","1000","9","1000","1000000","11340"
"2042","true","random-sampling","false","18","1000","9","1000","1000000","11307"
"2043","true","random-sampling","false","18","1000","9","1000","1000000","10902"
"2044","true","random-sampling","false","18","1000","9","1000","1000000","11085"
"2046","true","random-sampling","false","18","1000","9","1000","1000000","10684"
"2045","true","random-sampling","false","18","1000","9","1000","1000000","11046"
"2047","true","random-sampling","false","18","1000","9","1000","1000000","10950"
"2048","true","random-sampling","false","18","1000","9","1000","1000000","11261"
"2049","true","random-sampling","false","18","1000","9","1000","1000000","11050"
"2050","true","random-sampling","false","18","1000","9","1000","1000000","11122"
"2051","true","random-sampling","false","18","1000","9","1000","1000000","10993"
"2052","true","random-sampling","false","18","1000","9","1000","1000000","11120"
"2056","true","random-sampling","false","18","1000","9","1000","1000000","11103"
"2054","true","random-sampling","false","18","1000","9","1000","1000000","10979"
"2053","true","random-sampling","false","18","1000","9","1000","1000000","11077"
"2055","true","random-sampling","false","18","1000","9","1000","1000000","11079"
"2058","true","random-sampling","false","18","1000","9","1000","1000000","11339"
"2057","true","random-sampling","false","18","1000","9","1000","1000000","11145"
"2059","true","random-sampling","false","18","1000","9","1000","1000000","11049"
"2060","true","random-sampling","false","18","1000","9","1000","1000000","11278"
"2063","true","random-sampling","false","18","1000","9","1000","1000000","10612"
"2064","true","random-sampling","false","18","1000","9","1000","1000000","10891"
"2062","true","random-sampling","false","18","1000","9","1000","1000000","11315"
"2061","true","random-sampling","false","18","1000","9","1000","1000000","11019"
"2065","true","random-sampling","false","18","1000","9","1000","1000000","10879"
"2066","true","random-sampling","false","18","1000","9","1000","1000000","11361"
"2067","true","random-sampling","false","18","1000","9","1000","1000000","11017"
"2068","true","random-sampling","false","18","1000","9","1000","1000000","11056"
"2069","true","random-sampling","false","18","1000","9","1000","1000000","10842"
"2070","true","random-sampling","false","18","1000","9","1000","1000000","11251"
"2071","true","random-sampling","false","18","1000","9","1000","1000000","11243"
"2072","true","random-sampling","false","18","1000","9","1000","1000000","11024"
"2073","true","random-sampling","false","18","1000","9","1000","1000000","11173"
"2074","true","random-sampling","false","18","1000","9","1000","1000000","11340"
"2076","true","random-sampling","false","18","1000","9","1000","1000000","11180"
"2075","true","random-sampling","false","18","1000","9","1000","1000000","11480"
"2077","true","random-sampling","false","18","1000","9","1000","1000000","10899"
"2078","true","random-sampling","false","18","1000","9","1000","1000000","10914"
"2080","true","random-sampling","false","18","1000","9","1000","1000000","10818"
"2079","true","random-sampling","false","18","1000","9","1000","1000000","11012"
"2082","true","random-sampling","false","18","1000","9","1000","1000000","11234"
"2081","true","random-sampling","false","18","1000","9","1000","1000000","11417"
"2083","true","random-sampling","false","18","1000","9","1000","1000000","10927"
"2085","true","random-sampling","false","18","1000","9","1000","1000000","11050"
"2084","true","random-sampling","false","18","1000","9","1000","1000000","11211"
"2088","true","random-sampling","false","18","1000","9","1000","1000000","11240"
"2086","true","random-sampling","false","18","1000","9","1000","1000000","11191"
"2087","true","random-sampling","false","18","1000","9","1000","1000000","11466"
"2090","true","random-sampling","false","18","1000","9","1000","1000000","11183"
"2089","true","random-sampling","false","18","1000","9","1000","1000000","11055"
"2091","true","random-sampling","false","18","1000","9","1000","1000000","11162"
"2092","true","random-sampling","false","18","1000","9","1000","1000000","11129"
"2094","true","random-sampling","false","18","1000","9","1000","1000000","11208"
"2096","true","random-sampling","false","18","1000","9","1000","1000000","11282"
"2093","true","random-sampling","false","18","1000","9","1000","1000000","10967"
"2095","true","random-sampling","false","18","1000","9","1000","1000000","11493"
"2098","true","random-sampling","false","18","1000","9","1000","1000000","11334"
"2099","true","random-sampling","false","18","1000","9","1000","1000000","11016"
"2097","true","random-sampling","false","18","1000","9","1000","1000000","10987"
"2101","true","random-sampling","false","18","1","9","1000","1000000","17742"
"2102","true","random-sampling","false","18","1","9","1000","1000000","17026"
"2103","true","random-sampling","false","18","1","9","1000","1000000","17029"
"2100","true","random-sampling","false","18","1000","9","1000","1000000","11033"
"2104","true","random-sampling","false","18","1","9","1000","1000000","16452"
"2105","true","random-sampling","false","18","1","9","1000","1000000","16743"
"2107","true","random-sampling","false","18","1","9","1000","1000000","17421"
"2106","true","random-sampling","false","18","1","9","1000","1000000","17551"
"2109","true","random-sampling","false","18","1","9","1000","1000000","17052"
"2108","true","random-sampling","false","18","1","9","1000","1000000","16586"
"2110","true","random-sampling","false","18","1","9","1000","1000000","17564"
"2111","true","random-sampling","false","18","1","9","1000","1000000","17170"
"2112","true","random-sampling","false","18","1","9","1000","1000000","16655"
"2114","true","random-sampling","false","18","1","9","1000","1000000","17690"
"2113","true","random-sampling","false","18","1","9","1000","1000000","16372"
"2115","true","random-sampling","false","18","1","9","1000","1000000","17116"
"2117","true","random-sampling","false","18","1","9","1000","1000000","16345"
"2116","true","random-sampling","false","18","1","9","1000","1000000","17144"
"2118","true","random-sampling","false","18","1","9","1000","1000000","17356"
"2120","true","random-sampling","false","18","1","9","1000","1000000","16993"
"2119","true","random-sampling","false","18","1","9","1000","1000000","17204"
"2121","true","random-sampling","false","18","1","9","1000","1000000","17346"
"2122","true","random-sampling","false","18","1","9","1000","1000000","17069"
"2123","true","random-sampling","false","18","1","9","1000","1000000","17048"
"2124","true","random-sampling","false","18","1","9","1000","1000000","17176"
"2125","true","random-sampling","false","18","1","9","1000","1000000","16565"
"2126","true","random-sampling","false","18","1","9","1000","1000000","16608"
"2128","true","random-sampling","false","18","1","9","1000","1000000","17073"
"2127","true","random-sampling","false","18","1","9","1000","1000000","17401"
"2129","true","random-sampling","false","18","1","9","1000","1000000","17127"
"2130","true","random-sampling","false","18","1","9","1000","1000000","16946"
"2131","true","random-sampling","false","18","1","9","1000","1000000","16857"
"2132","true","random-sampling","false","18","1","9","1000","1000000","17659"
"2133","true","random-sampling","false","18","1","9","1000","1000000","16936"
"2135","true","random-sampling","false","18","1","9","1000","1000000","16340"
"2136","true","random-sampling","false","18","1","9","1000","1000000","16142"
"2134","true","random-sampling","false","18","1","9","1000","1000000","17539"
"2137","true","random-sampling","false","18","1","9","1000","1000000","17432"
"2138","true","random-sampling","false","18","1","9","1000","1000000","15817"
"2139","true","random-sampling","false","18","1","9","1000","1000000","15608"
"2140","true","random-sampling","false","18","1","9","1000","1000000","17502"
"2141","true","random-sampling","false","18","1","9","1000","1000000","16454"
"2142","true","random-sampling","false","18","1","9","1000","1000000","16590"
"2143","true","random-sampling","false","18","1","9","1000","1000000","17029"
"2144","true","random-sampling","false","18","1","9","1000","1000000","17277"
"2145","true","random-sampling","false","18","1","9","1000","1000000","17666"
"2146","true","random-sampling","false","18","1","9","1000","1000000","17470"
"2147","true","random-sampling","false","18","1","9","1000","1000000","17700"
"2148","true","random-sampling","false","18","1","9","1000","1000000","16490"
"2149","true","random-sampling","false","18","1","9","1000","1000000","16373"
"2150","true","random-sampling","false","18","1","9","1000","1000000","17328"
"2151","true","random-sampling","false","18","1","9","1000","1000000","17948"
"2152","true","random-sampling","false","18","1","9","1000","1000000","16096"
"2153","true","random-sampling","false","18","1","9","1000","1000000","16259"
"2155","true","random-sampling","false","18","1","9","1000","1000000","16985"
"2154","true","random-sampling","false","18","1","9","1000","1000000","16842"
"2156","true","random-sampling","false","18","1","9","1000","1000000","16345"
"2157","true","random-sampling","false","18","1","9","1000","1000000","17079"
"2158","true","random-sampling","false","18","1","9","1000","1000000","16059"
"2159","true","random-sampling","false","18","1","9","1000","1000000","17105"
"2160","true","random-sampling","false","18","1","9","1000","1000000","16723"
"2162","true","random-sampling","false","19","1000","9","1000","1000000","14439"
"2161","true","random-sampling","false","19","1000","9","1000","1000000","14850"
"2165","true","random-sampling","false","19","1000","9","1000","1000000","14879"
"2163","true","random-sampling","false","19","1000","9","1000","1000000","14545"
"2164","true","random-sampling","false","19","1000","9","1000","1000000","14733"
"2166","true","random-sampling","false","19","1000","9","1000","1000000","15005"
"2167","true","random-sampling","false","19","1000","9","1000","1000000","14794"
"2168","true","random-sampling","false","19","1000","9","1000","1000000","14876"
"2170","true","random-sampling","false","19","1000","9","1000","1000000","14632"
"2169","true","random-sampling","false","19","1000","9","1000","1000000","14649"
"2171","true","random-sampling","false","19","1000","9","1000","1000000","14838"
"2172","true","random-sampling","false","19","1000","9","1000","1000000","14851"
"2173","true","random-sampling","false","19","1000","9","1000","1000000","14734"
"2174","true","random-sampling","false","19","1000","9","1000","1000000","14829"
"2175","true","random-sampling","false","19","1000","9","1000","1000000","14738"
"2176","true","random-sampling","false","19","1000","9","1000","1000000","15078"
"2177","true","random-sampling","false","19","1000","9","1000","1000000","14499"
"2178","true","random-sampling","false","19","1000","9","1000","1000000","14711"
"2179","true","random-sampling","false","19","1000","9","1000","1000000","14574"
"2180","true","random-sampling","false","19","1000","9","1000","1000000","14827"
"2181","true","random-sampling","false","19","1000","9","1000","1000000","14924"
"2183","true","random-sampling","false","19","1000","9","1000","1000000","15067"
"2182","true","random-sampling","false","19","1000","9","1000","1000000","14585"
"2184","true","random-sampling","false","19","1000","9","1000","1000000","14876"
"2185","true","random-sampling","false","19","1000","9","1000","1000000","14758"
"2186","true","random-sampling","false","19","1000","9","1000","1000000","14671"
"2187","true","random-sampling","false","19","1000","9","1000","1000000","14569"
"2189","true","random-sampling","false","19","1000","9","1000","1000000","15007"
"2188","true","random-sampling","false","19","1000","9","1000","1000000","14821"
"2190","true","random-sampling","false","19","1000","9","1000","1000000","14855"
"2191","true","random-sampling","false","19","1000","9","1000","1000000","14768"
"2192","true","random-sampling","false","19","1000","9","1000","1000000","14623"
"2193","true","random-sampling","false","19","1000","9","1000","1000000","14689"
"2195","true","random-sampling","false","19","1000","9","1000","1000000","14446"
"2196","true","random-sampling","false","19","1000","9","1000","1000000","14735"
"2194","true","random-sampling","false","19","1000","9","1000","1000000","14637"
"2197","true","random-sampling","false","19","1000","9","1000","1000000","15105"
"2198","true","random-sampling","false","19","1000","9","1000","1000000","15143"
"2199","true","random-sampling","false","19","1000","9","1000","1000000","14759"
"2200","true","random-sampling","false","19","1000","9","1000","1000000","15006"
"2201","true","random-sampling","false","19","1000","9","1000","1000000","14668"
"2202","true","random-sampling","false","19","1000","9","1000","1000000","14849"
"2205","true","random-sampling","false","19","1000","9","1000","1000000","14710"
"2204","true","random-sampling","false","19","1000","9","1000","1000000","15336"
"2203","true","random-sampling","false","19","1000","9","1000","1000000","14785"
"2206","true","random-sampling","false","19","1000","9","1000","1000000","15046"
"2207","true","random-sampling","false","19","1000","9","1000","1000000","14697"
"2208","true","random-sampling","false","19","1000","9","1000","1000000","14835"
"2209","true","random-sampling","false","19","1000","9","1000","1000000","14896"
"2210","true","random-sampling","false","19","1000","9","1000","1000000","14455"
"2211","true","random-sampling","false","19","1000","9","1000","1000000","14669"
"2212","true","random-sampling","false","19","1000","9","1000","1000000","14636"
"2213","true","random-sampling","false","19","1000","9","1000","1000000","14941"
"2214","true","random-sampling","false","19","1000","9","1000","1000000","14693"
"2215","true","random-sampling","false","19","1000","9","1000","1000000","14568"
"2216","true","random-sampling","false","19","1000","9","1000","1000000","14828"
"2221","true","random-sampling","false","19","1","9","1000","1000000","22943"
"2218","true","random-sampling","false","19","1000","9","1000","1000000","15061"
"2217","true","random-sampling","false","19","1000","9","1000","1000000","14995"
"2219","true","random-sampling","false","19","1000","9","1000","1000000","14653"
"2220","true","random-sampling","false","19","1000","9","1000","1000000","14794"
"2222","true","random-sampling","false","19","1","9","1000","1000000","22588"
"2223","true","random-sampling","false","19","1","9","1000","1000000","21691"
"2224","true","random-sampling","false","19","1","9","1000","1000000","22236"
"2225","true","random-sampling","false","19","1","9","1000","1000000","22042"
"2227","true","random-sampling","false","19","1","9","1000","1000000","22266"
"2226","true","random-sampling","false","19","1","9","1000","1000000","22253"
"2229","true","random-sampling","false","19","1","9","1000","1000000","23562"
"2228","true","random-sampling","false","19","1","9","1000","1000000","23015"
"2230","true","random-sampling","false","19","1","9","1000","1000000","22279"
"2231","true","random-sampling","false","19","1","9","1000","1000000","21450"
"2232","true","random-sampling","false","19","1","9","1000","1000000","21924"
"2233","true","random-sampling","false","19","1","9","1000","1000000","21044"
"2235","true","random-sampling","false","19","1","9","1000","1000000","22003"
"2234","true","random-sampling","false","19","1","9","1000","1000000","22694"
"2237","true","random-sampling","false","19","1","9","1000","1000000","22236"
"2236","true","random-sampling","false","19","1","9","1000","1000000","22373"
"2238","true","random-sampling","false","19","1","9","1000","1000000","22359"
"2239","true","random-sampling","false","19","1","9","1000","1000000","22599"
"2240","true","random-sampling","false","19","1","9","1000","1000000","22685"
"2241","true","random-sampling","false","19","1","9","1000","1000000","23172"
"2242","true","random-sampling","false","19","1","9","1000","1000000","22686"
"2243","true","random-sampling","false","19","1","9","1000","1000000","22673"
"2244","true","random-sampling","false","19","1","9","1000","1000000","22449"
"2245","true","random-sampling","false","19","1","9","1000","1000000","22724"
"2246","true","random-sampling","false","19","1","9","1000","1000000","22479"
"2247","true","random-sampling","false","19","1","9","1000","1000000","22635"
"2248","true","random-sampling","false","19","1","9","1000","1000000","22759"
"2249","true","random-sampling","false","19","1","9","1000","1000000","21959"
"2251","true","random-sampling","false","19","1","9","1000","1000000","22508"
"2250","true","random-sampling","false","19","1","9","1000","1000000","22347"
"2253","true","random-sampling","false","19","1","9","1000","1000000","22128"
"2252","true","random-sampling","false","19","1","9","1000","1000000","23155"
"2254","true","random-sampling","false","19","1","9","1000","1000000","23113"
"2255","true","random-sampling","false","19","1","9","1000","1000000","21752"
"2256","true","random-sampling","false","19","1","9","1000","1000000","21824"
"2257","true","random-sampling","false","19","1","9","1000","1000000","22547"
"2259","true","random-sampling","false","19","1","9","1000","1000000","22820"
"2258","true","random-sampling","false","19","1","9","1000","1000000","22296"
"2260","true","random-sampling","false","19","1","9","1000","1000000","22066"
"2261","true","random-sampling","false","19","1","9","1000","1000000","22060"
"2262","true","random-sampling","false","19","1","9","1000","1000000","22277"
"2263","true","random-sampling","false","19","1","9","1000","1000000","23497"
"2264","true","random-sampling","false","19","1","9","1000","1000000","21184"
"2265","true","random-sampling","false","19","1","9","1000","1000000","22392"
"2266","true","random-sampling","false","19","1","9","1000","1000000","23257"
"2267","true","random-sampling","false","19","1","9","1000","1000000","21745"
"2268","true","random-sampling","false","19","1","9","1000","1000000","22380"
"2269","true","random-sampling","false","19","1","9","1000","1000000","21829"
"2270","true","random-sampling","false","19","1","9","1000","1000000","23024"
"2271","true","random-sampling","false","19","1","9","1000","1000000","21874"
"2272","true","random-sampling","false","19","1","9","1000","1000000","23280"
"2273","true","random-sampling","false","19","1","9","1000","1000000","22245"
"2274","true","random-sampling","false","19","1","9","1000","1000000","23615"
"2275","true","random-sampling","false","19","1","9","1000","1000000","23437"
"2276","true","random-sampling","false","19","1","9","1000","1000000","22373"
"2277","true","random-sampling","false","19","1","9","1000","1000000","22466"
"2278","true","random-sampling","false","19","1","9","1000","1000000","22718"
"2279","true","random-sampling","false","19","1","9","1000","1000000","22220"
"2280","true","random-sampling","false","19","1","9","1000","1000000","21845"
"2281","true","random-sampling","false","20","1000","9","1000","1000000","18261"
"2283","true","random-sampling","false","20","1000","9","1000","1000000","17858"
"2282","true","random-sampling","false","20","1000","9","1000","1000000","18239"
"2284","true","random-sampling","false","20","1000","9","1000","1000000","18070"
"2285","true","random-sampling","false","20","1000","9","1000","1000000","18627"
"2286","true","random-sampling","false","20","1000","9","1000","1000000","18352"
"2287","true","random-sampling","false","20","1000","9","1000","1000000","18370"
"2288","true","random-sampling","false","20","1000","9","1000","1000000","17930"
"2289","true","random-sampling","false","20","1000","9","1000","1000000","18311"
"2290","true","random-sampling","false","20","1000","9","1000","1000000","17780"
"2291","true","random-sampling","false","20","1000","9","1000","1000000","18374"
"2293","true","random-sampling","false","20","1000","9","1000","1000000","18154"
"2292","true","random-sampling","false","20","1000","9","1000","1000000","17887"
"2294","true","random-sampling","false","20","1000","9","1000","1000000","18221"
"2295","true","random-sampling","false","20","1000","9","1000","1000000","18247"
"2296","true","random-sampling","false","20","1000","9","1000","1000000","18386"
"2297","true","random-sampling","false","20","1000","9","1000","1000000","18282"
"2298","true","random-sampling","false","20","1000","9","1000","1000000","17358"
"2299","true","random-sampling","false","20","1000","9","1000","1000000","18078"
"2300","true","random-sampling","false","20","1000","9","1000","1000000","18113"
"2301","true","random-sampling","false","20","1000","9","1000","1000000","18031"
"2302","true","random-sampling","false","20","1000","9","1000","1000000","17718"
"2303","true","random-sampling","false","20","1000","9","1000","1000000","17844"
"2304","true","random-sampling","false","20","1000","9","1000","1000000","17992"
"2306","true","random-sampling","false","20","1000","9","1000","1000000","18114"
"2305","true","random-sampling","false","20","1000","9","1000","1000000","17673"
"2307","true","random-sampling","false","20","1000","9","1000","1000000","18075"
"2308","true","random-sampling","false","20","1000","9","1000","1000000","18383"
"2309","true","random-sampling","false","20","1000","9","1000","1000000","17997"
"2310","true","random-sampling","false","20","1000","9","1000","1000000","18469"
"2311","true","random-sampling","false","20","1000","9","1000","1000000","18241"
"2312","true","random-sampling","false","20","1000","9","1000","1000000","18161"
"2313","true","random-sampling","false","20","1000","9","1000","1000000","18306"
"2315","true","random-sampling","false","20","1000","9","1000","1000000","17916"
"2314","true","random-sampling","false","20","1000","9","1000","1000000","18036"
"2316","true","random-sampling","false","20","1000","9","1000","1000000","18157"
"2317","true","random-sampling","false","20","1000","9","1000","1000000","18150"
"2318","true","random-sampling","false","20","1000","9","1000","1000000","18331"
"2319","true","random-sampling","false","20","1000","9","1000","1000000","18327"
"2320","true","random-sampling","false","20","1000","9","1000","1000000","17890"
"2321","true","random-sampling","false","20","1000","9","1000","1000000","18142"
"2322","true","random-sampling","false","20","1000","9","1000","1000000","17721"
"2325","true","random-sampling","false","20","1000","9","1000","1000000","18526"
"2324","true","random-sampling","false","20","1000","9","1000","1000000","18329"
"2323","true","random-sampling","false","20","1000","9","1000","1000000","18198"
"2326","true","random-sampling","false","20","1000","9","1000","1000000","18033"
"2327","true","random-sampling","false","20","1000","9","1000","1000000","18585"
"2328","true","random-sampling","false","20","1000","9","1000","1000000","18314"
"2329","true","random-sampling","false","20","1000","9","1000","1000000","18274"
"2332","true","random-sampling","false","20","1000","9","1000","1000000","17972"
"2331","true","random-sampling","false","20","1000","9","1000","1000000","18599"
"2330","true","random-sampling","false","20","1000","9","1000","1000000","17988"
"2333","true","random-sampling","false","20","1000","9","1000","1000000","18089"
"2334","true","random-sampling","false","20","1000","9","1000","1000000","17973"
"2335","true","random-sampling","false","20","1000","9","1000","1000000","18155"
"2336","true","random-sampling","false","20","1000","9","1000","1000000","17986"
"2341","true","random-sampling","false","20","1","9","1000","1000000","28570"
"2337","true","random-sampling","false","20","1000","9","1000","1000000","18178"
"2339","true","random-sampling","false","20","1000","9","1000","1000000","17966"
"2338","true","random-sampling","false","20","1000","9","1000","1000000","18245"
"2342","true","random-sampling","false","20","1","9","1000","1000000","27973"
"2340","true","random-sampling","false","20","1000","9","1000","1000000","17940"
"2343","true","random-sampling","false","20","1","9","1000","1000000","28231"
"2344","true","random-sampling","false","20","1","9","1000","1000000","26874"
"2345","true","random-sampling","false","20","1","9","1000","1000000","27820"
"2346","true","random-sampling","false","20","1","9","1000","1000000","27252"
"2347","true","random-sampling","false","20","1","9","1000","1000000","26782"
"2348","true","random-sampling","false","20","1","9","1000","1000000","27047"
"2350","true","random-sampling","false","20","1","9","1000","1000000","27711"
"2349","true","random-sampling","false","20","1","9","1000","1000000","28076"
"2351","true","random-sampling","false","20","1","9","1000","1000000","27518"
"2352","true","random-sampling","false","20","1","9","1000","1000000","27885"
"2354","true","random-sampling","false","20","1","9","1000","1000000","28285"
"2355","true","random-sampling","false","20","1","9","1000","1000000","26154"
"2353","true","random-sampling","false","20","1","9","1000","1000000","28065"
"2356","true","random-sampling","false","20","1","9","1000","1000000","27742"
"2358","true","random-sampling","false","20","1","9","1000","1000000","26909"
"2357","true","random-sampling","false","20","1","9","1000","1000000","28087"
"2359","true","random-sampling","false","20","1","9","1000","1000000","26912"
"2360","true","random-sampling","false","20","1","9","1000","1000000","27292"
"2361","true","random-sampling","false","20","1","9","1000","1000000","28973"
"2362","true","random-sampling","false","20","1","9","1000","1000000","28388"
"2365","true","random-sampling","false","20","1","9","1000","1000000","25232"
"2366","true","random-sampling","false","20","1","9","1000","1000000","27039"
"2363","true","random-sampling","false","20","1","9","1000","1000000","27086"
"2364","true","random-sampling","false","20","1","9","1000","1000000","27520"
"2367","true","random-sampling","false","20","1","9","1000","1000000","26990"
"2368","true","random-sampling","false","20","1","9","1000","1000000","27241"
"2369","true","random-sampling","false","20","1","9","1000","1000000","28077"
"2370","true","random-sampling","false","20","1","9","1000","1000000","27253"
"2372","true","random-sampling","false","20","1","9","1000","1000000","28528"
"2371","true","random-sampling","false","20","1","9","1000","1000000","28052"
"2374","true","random-sampling","false","20","1","9","1000","1000000","27125"
"2373","true","random-sampling","false","20","1","9","1000","1000000","26967"
"2375","true","random-sampling","false","20","1","9","1000","1000000","27089"
"2376","true","random-sampling","false","20","1","9","1000","1000000","26883"
"2378","true","random-sampling","false","20","1","9","1000","1000000","27313"
"2377","true","random-sampling","false","20","1","9","1000","1000000","27301"
"2380","true","random-sampling","false","20","1","9","1000","1000000","28699"
"2381","true","random-sampling","false","20","1","9","1000","1000000","29235"
"2379","true","random-sampling","false","20","1","9","1000","1000000","27760"
"2382","true","random-sampling","false","20","1","9","1000","1000000","26518"
"2383","true","random-sampling","false","20","1","9","1000","1000000","28125"
"2384","true","random-sampling","false","20","1","9","1000","1000000","27193"
"2385","true","random-sampling","false","20","1","9","1000","1000000","27987"
"2386","true","random-sampling","false","20","1","9","1000","1000000","27131"
"2390","true","random-sampling","false","20","1","9","1000","1000000","26523"
"2389","true","random-sampling","false","20","1","9","1000","1000000","25963"
"2387","true","random-sampling","false","20","1","9","1000","1000000","28049"
"2388","true","random-sampling","false","20","1","9","1000","1000000","26958"
"2391","true","random-sampling","false","20","1","9","1000","1000000","28519"
"2392","true","random-sampling","false","20","1","9","1000","1000000","27657"
"2393","true","random-sampling","false","20","1","9","1000","1000000","27573"
"2394","true","random-sampling","false","20","1","9","1000","1000000","28156"
"2398","true","random-sampling","false","20","1","9","1000","1000000","29702"
"2395","true","random-sampling","false","20","1","9","1000","1000000","28170"
"2397","true","random-sampling","false","20","1","9","1000","1000000","28046"
"2399","true","random-sampling","false","20","1","9","1000","1000000","27632"
"2396","true","random-sampling","false","20","1","9","1000","1000000","26757"
"2401","true","random-sampling","false","21","1000","9","1000","1000000","1941"
"2402","true","random-sampling","false","21","1000","9","1000","1000000","1892"
"2403","true","random-sampling","false","21","1000","9","1000","1000000","1906"
"2404","true","random-sampling","false","21","1000","9","1000","1000000","1871"
"2405","true","random-sampling","false","21","1000","9","1000","1000000","1940"
"2407","true","random-sampling","false","21","1000","9","1000","1000000","1861"
"2406","true","random-sampling","false","21","1000","9","1000","1000000","1912"
"2409","true","random-sampling","false","21","1000","9","1000","1000000","1938"
"2408","true","random-sampling","false","21","1000","9","1000","1000000","1949"
"2400","true","random-sampling","false","20","1","9","1000","1000000","26642"
"2410","true","random-sampling","false","21","1000","9","1000","1000000","1929"
"2413","true","random-sampling","false","21","1000","9","1000","1000000","1936"
"2411","true","random-sampling","false","21","1000","9","1000","1000000","1943"
"2412","true","random-sampling","false","21","1000","9","1000","1000000","1956"
"2414","true","random-sampling","false","21","1000","9","1000","1000000","1896"
"2415","true","random-sampling","false","21","1000","9","1000","1000000","1963"
"2416","true","random-sampling","false","21","1000","9","1000","1000000","1993"
"2417","true","random-sampling","false","21","1000","9","1000","1000000","1863"
"2418","true","random-sampling","false","21","1000","9","1000","1000000","1920"
"2419","true","random-sampling","false","21","1000","9","1000","1000000","1950"
"2420","true","random-sampling","false","21","1000","9","1000","1000000","1928"
"2422","true","random-sampling","false","21","1000","9","1000","1000000","1981"
"2421","true","random-sampling","false","21","1000","9","1000","1000000","1985"
"2424","true","random-sampling","false","21","1000","9","1000","1000000","1938"
"2423","true","random-sampling","false","21","1000","9","1000","1000000","1922"
"2425","true","random-sampling","false","21","1000","9","1000","1000000","1949"
"2426","true","random-sampling","false","21","1000","9","1000","1000000","1985"
"2427","true","random-sampling","false","21","1000","9","1000","1000000","1846"
"2428","true","random-sampling","false","21","1000","9","1000","1000000","1901"
"2429","true","random-sampling","false","21","1000","9","1000","1000000","1994"
"2430","true","random-sampling","false","21","1000","9","1000","1000000","1991"
"2432","true","random-sampling","false","21","1000","9","1000","1000000","1925"
"2431","true","random-sampling","false","21","1000","9","1000","1000000","1975"
"2433","true","random-sampling","false","21","1000","9","1000","1000000","1914"
"2434","true","random-sampling","false","21","1000","9","1000","1000000","1856"
"2435","true","random-sampling","false","21","1000","9","1000","1000000","1938"
"2437","true","random-sampling","false","21","1000","9","1000","1000000","1790"
"2436","true","random-sampling","false","21","1000","9","1000","1000000","1978"
"2438","true","random-sampling","false","21","1000","9","1000","1000000","1918"
"2439","true","random-sampling","false","21","1000","9","1000","1000000","1942"
"2440","true","random-sampling","false","21","1000","9","1000","1000000","1911"
"2441","true","random-sampling","false","21","1000","9","1000","1000000","1960"
"2442","true","random-sampling","false","21","1000","9","1000","1000000","2003"
"2443","true","random-sampling","false","21","1000","9","1000","1000000","1985"
"2444","true","random-sampling","false","21","1000","9","1000","1000000","1981"
"2446","true","random-sampling","false","21","1000","9","1000","1000000","1940"
"2445","true","random-sampling","false","21","1000","9","1000","1000000","1936"
"2448","true","random-sampling","false","21","1000","9","1000","1000000","1941"
"2447","true","random-sampling","false","21","1000","9","1000","1000000","1891"
"2449","true","random-sampling","false","21","1000","9","1000","1000000","1891"
"2450","true","random-sampling","false","21","1000","9","1000","1000000","1938"
"2451","true","random-sampling","false","21","1000","9","1000","1000000","1884"
"2452","true","random-sampling","false","21","1000","9","1000","1000000","1966"
"2453","true","random-sampling","false","21","1000","9","1000","1000000","1898"
"2454","true","random-sampling","false","21","1000","9","1000","1000000","1987"
"2456","true","random-sampling","false","21","1000","9","1000","1000000","1933"
"2455","true","random-sampling","false","21","1000","9","1000","1000000","1862"
"2457","true","random-sampling","false","21","1000","9","1000","1000000","2009"
"2458","true","random-sampling","false","21","1000","9","1000","1000000","1953"
"2459","true","random-sampling","false","21","1000","9","1000","1000000","1971"
"2462","true","random-sampling","false","21","1","9","1000","1000000","2924"
"2461","true","random-sampling","false","21","1","9","1000","1000000","3039"
"2460","true","random-sampling","false","21","1000","9","1000","1000000","1941"
"2463","true","random-sampling","false","21","1","9","1000","1000000","3189"
"2464","true","random-sampling","false","21","1","9","1000","1000000","3271"
"2465","true","random-sampling","false","21","1","9","1000","1000000","3102"
"2466","true","random-sampling","false","21","1","9","1000","1000000","3043"
"2467","true","random-sampling","false","21","1","9","1000","1000000","3170"
"2468","true","random-sampling","false","21","1","9","1000","1000000","3307"
"2469","true","random-sampling","false","21","1","9","1000","1000000","3196"
"2470","true","random-sampling","false","21","1","9","1000","1000000","3110"
"2472","true","random-sampling","false","21","1","9","1000","1000000","2836"
"2471","true","random-sampling","false","21","1","9","1000","1000000","3279"
"2473","true","random-sampling","false","21","1","9","1000","1000000","3272"
"2474","true","random-sampling","false","21","1","9","1000","1000000","3170"
"2475","true","random-sampling","false","21","1","9","1000","1000000","3163"
"2477","true","random-sampling","false","21","1","9","1000","1000000","3231"
"2476","true","random-sampling","false","21","1","9","1000","1000000","3282"
"2478","true","random-sampling","false","21","1","9","1000","1000000","3192"
"2479","true","random-sampling","false","21","1","9","1000","1000000","3116"
"2480","true","random-sampling","false","21","1","9","1000","1000000","3162"
"2481","true","random-sampling","false","21","1","9","1000","1000000","3088"
"2483","true","random-sampling","false","21","1","9","1000","1000000","3036"
"2482","true","random-sampling","false","21","1","9","1000","1000000","3325"
"2485","true","random-sampling","false","21","1","9","1000","1000000","3202"
"2484","true","random-sampling","false","21","1","9","1000","1000000","3270"
"2486","true","random-sampling","false","21","1","9","1000","1000000","3221"
"2487","true","random-sampling","false","21","1","9","1000","1000000","3197"
"2488","true","random-sampling","false","21","1","9","1000","1000000","3205"
"2489","true","random-sampling","false","21","1","9","1000","1000000","3260"
"2490","true","random-sampling","false","21","1","9","1000","1000000","3209"
"2491","true","random-sampling","false","21","1","9","1000","1000000","3147"
"2493","true","random-sampling","false","21","1","9","1000","1000000","3111"
"2492","true","random-sampling","false","21","1","9","1000","1000000","3159"
"2494","true","random-sampling","false","21","1","9","1000","1000000","3195"
"2495","true","random-sampling","false","21","1","9","1000","1000000","3053"
"2496","true","random-sampling","false","21","1","9","1000","1000000","3127"
"2497","true","random-sampling","false","21","1","9","1000","1000000","3072"
"2499","true","random-sampling","false","21","1","9","1000","1000000","3226"
"2498","true","random-sampling","false","21","1","9","1000","1000000","3239"
"2501","true","random-sampling","false","21","1","9","1000","1000000","3141"
"2500","true","random-sampling","false","21","1","9","1000","1000000","3296"
"2502","true","random-sampling","false","21","1","9","1000","1000000","3178"
"2503","true","random-sampling","false","21","1","9","1000","1000000","3025"
"2504","true","random-sampling","false","21","1","9","1000","1000000","3145"
"2505","true","random-sampling","false","21","1","9","1000","1000000","3283"
"2506","true","random-sampling","false","21","1","9","1000","1000000","3032"
"2507","true","random-sampling","false","21","1","9","1000","1000000","3069"
"2508","true","random-sampling","false","21","1","9","1000","1000000","3174"
"2509","true","random-sampling","false","21","1","9","1000","1000000","3093"
"2510","true","random-sampling","false","21","1","9","1000","1000000","3260"
"2512","true","random-sampling","false","21","1","9","1000","1000000","3296"
"2511","true","random-sampling","false","21","1","9","1000","1000000","3329"
"2513","true","random-sampling","false","21","1","9","1000","1000000","3245"
"2515","true","random-sampling","false","21","1","9","1000","1000000","3254"
"2514","true","random-sampling","false","21","1","9","1000","1000000","3244"
"2516","true","random-sampling","false","21","1","9","1000","1000000","3225"
"2517","true","random-sampling","false","21","1","9","1000","1000000","3094"
"2518","true","random-sampling","false","21","1","9","1000","1000000","2970"
"2519","true","random-sampling","false","21","1","9","1000","1000000","3124"
"2520","true","random-sampling","false","21","1","9","1000","1000000","3142"
"2521","true","random-sampling","false","22","1000","9","1000","1000000","3964"
"2522","true","random-sampling","false","22","1000","9","1000","1000000","3862"
"2523","true","random-sampling","false","22","1000","9","1000","1000000","3834"
"2525","true","random-sampling","false","22","1000","9","1000","1000000","3875"
"2524","true","random-sampling","false","22","1000","9","1000","1000000","3803"
"2526","true","random-sampling","false","22","1000","9","1000","1000000","3915"
"2527","true","random-sampling","false","22","1000","9","1000","1000000","3878"
"2528","true","random-sampling","false","22","1000","9","1000","1000000","3984"
"2529","true","random-sampling","false","22","1000","9","1000","1000000","3854"
"2531","true","random-sampling","false","22","1000","9","1000","1000000","3909"
"2530","true","random-sampling","false","22","1000","9","1000","1000000","3805"
"2533","true","random-sampling","false","22","1000","9","1000","1000000","3943"
"2532","true","random-sampling","false","22","1000","9","1000","1000000","3829"
"2534","true","random-sampling","false","22","1000","9","1000","1000000","3935"
"2535","true","random-sampling","false","22","1000","9","1000","1000000","3915"
"2536","true","random-sampling","false","22","1000","9","1000","1000000","3874"
"2537","true","random-sampling","false","22","1000","9","1000","1000000","3927"
"2538","true","random-sampling","false","22","1000","9","1000","1000000","3925"
"2539","true","random-sampling","false","22","1000","9","1000","1000000","3932"
"2540","true","random-sampling","false","22","1000","9","1000","1000000","3936"
"2541","true","random-sampling","false","22","1000","9","1000","1000000","3767"
"2543","true","random-sampling","false","22","1000","9","1000","1000000","3854"
"2542","true","random-sampling","false","22","1000","9","1000","1000000","3872"
"2544","true","random-sampling","false","22","1000","9","1000","1000000","3889"
"2545","true","random-sampling","false","22","1000","9","1000","1000000","3874"
"2546","true","random-sampling","false","22","1000","9","1000","1000000","3847"
"2547","true","random-sampling","false","22","1000","9","1000","1000000","3781"
"2548","true","random-sampling","false","22","1000","9","1000","1000000","3837"
"2550","true","random-sampling","false","22","1000","9","1000","1000000","3776"
"2549","true","random-sampling","false","22","1000","9","1000","1000000","3885"
"2551","true","random-sampling","false","22","1000","9","1000","1000000","3791"
"2552","true","random-sampling","false","22","1000","9","1000","1000000","3927"
"2553","true","random-sampling","false","22","1000","9","1000","1000000","3838"
"2554","true","random-sampling","false","22","1000","9","1000","1000000","3917"
"2555","true","random-sampling","false","22","1000","9","1000","1000000","3866"
"2556","true","random-sampling","false","22","1000","9","1000","1000000","3955"
"2557","true","random-sampling","false","22","1000","9","1000","1000000","3909"
"2558","true","random-sampling","false","22","1000","9","1000","1000000","3935"
"2559","true","random-sampling","false","22","1000","9","1000","1000000","3952"
"2560","true","random-sampling","false","22","1000","9","1000","1000000","3837"
"2561","true","random-sampling","false","22","1000","9","1000","1000000","4006"
"2562","true","random-sampling","false","22","1000","9","1000","1000000","3799"
"2563","true","random-sampling","false","22","1000","9","1000","1000000","3983"
"2566","true","random-sampling","false","22","1000","9","1000","1000000","3976"
"2565","true","random-sampling","false","22","1000","9","1000","1000000","3815"
"2564","true","random-sampling","false","22","1000","9","1000","1000000","3964"
"2567","true","random-sampling","false","22","1000","9","1000","1000000","3872"
"2568","true","random-sampling","false","22","1000","9","1000","1000000","3818"
"2569","true","random-sampling","false","22","1000","9","1000","1000000","3754"
"2571","true","random-sampling","false","22","1000","9","1000","1000000","3902"
"2570","true","random-sampling","false","22","1000","9","1000","1000000","3927"
"2572","true","random-sampling","false","22","1000","9","1000","1000000","3900"
"2574","true","random-sampling","false","22","1000","9","1000","1000000","3879"
"2573","true","random-sampling","false","22","1000","9","1000","1000000","3845"
"2576","true","random-sampling","false","22","1000","9","1000","1000000","3977"
"2575","true","random-sampling","false","22","1000","9","1000","1000000","3812"
"2577","true","random-sampling","false","22","1000","9","1000","1000000","3869"
"2578","true","random-sampling","false","22","1000","9","1000","1000000","3849"
"2579","true","random-sampling","false","22","1000","9","1000","1000000","3816"
"2581","true","random-sampling","false","22","1","9","1000","1000000","6374"
"2580","true","random-sampling","false","22","1000","9","1000","1000000","3826"
"2582","true","random-sampling","false","22","1","9","1000","1000000","6099"
"2583","true","random-sampling","false","22","1","9","1000","1000000","6247"
"2584","true","random-sampling","false","22","1","9","1000","1000000","6373"
"2585","true","random-sampling","false","22","1","9","1000","1000000","6439"
"2586","true","random-sampling","false","22","1","9","1000","1000000","6033"
"2587","true","random-sampling","false","22","1","9","1000","1000000","6372"
"2588","true","random-sampling","false","22","1","9","1000","1000000","6335"
"2590","true","random-sampling","false","22","1","9","1000","1000000","6444"
"2589","true","random-sampling","false","22","1","9","1000","1000000","6604"
"2591","true","random-sampling","false","22","1","9","1000","1000000","6427"
"2592","true","random-sampling","false","22","1","9","1000","1000000","6541"
"2593","true","random-sampling","false","22","1","9","1000","1000000","6368"
"2595","true","random-sampling","false","22","1","9","1000","1000000","6406"
"2594","true","random-sampling","false","22","1","9","1000","1000000","6468"
"2596","true","random-sampling","false","22","1","9","1000","1000000","6186"
"2597","true","random-sampling","false","22","1","9","1000","1000000","5957"
"2598","true","random-sampling","false","22","1","9","1000","1000000","6170"
"2599","true","random-sampling","false","22","1","9","1000","1000000","6299"
"2600","true","random-sampling","false","22","1","9","1000","1000000","6138"
"2601","true","random-sampling","false","22","1","9","1000","1000000","6337"
"2602","true","random-sampling","false","22","1","9","1000","1000000","6449"
"2603","true","random-sampling","false","22","1","9","1000","1000000","6180"
"2605","true","random-sampling","false","22","1","9","1000","1000000","6563"
"2608","true","random-sampling","false","22","1","9","1000","1000000","6289"
"2604","true","random-sampling","false","22","1","9","1000","1000000","6041"
"2606","true","random-sampling","false","22","1","9","1000","1000000","6255"
"2607","true","random-sampling","false","22","1","9","1000","1000000","6607"
"2609","true","random-sampling","false","22","1","9","1000","1000000","6497"
"2611","true","random-sampling","false","22","1","9","1000","1000000","6312"
"2610","true","random-sampling","false","22","1","9","1000","1000000","6226"
"2614","true","random-sampling","false","22","1","9","1000","1000000","6386"
"2612","true","random-sampling","false","22","1","9","1000","1000000","6197"
"2616","true","random-sampling","false","22","1","9","1000","1000000","6387"
"2613","true","random-sampling","false","22","1","9","1000","1000000","6312"
"2615","true","random-sampling","false","22","1","9","1000","1000000","6284"
"2617","true","random-sampling","false","22","1","9","1000","1000000","6313"
"2618","true","random-sampling","false","22","1","9","1000","1000000","6005"
"2619","true","random-sampling","false","22","1","9","1000","1000000","6179"
"2620","true","random-sampling","false","22","1","9","1000","1000000","6246"
"2621","true","random-sampling","false","22","1","9","1000","1000000","6136"
"2622","true","random-sampling","false","22","1","9","1000","1000000","6274"
"2624","true","random-sampling","false","22","1","9","1000","1000000","6312"
"2623","true","random-sampling","false","22","1","9","1000","1000000","6213"
"2625","true","random-sampling","false","22","1","9","1000","1000000","6368"
"2626","true","random-sampling","false","22","1","9","1000","1000000","6367"
"2627","true","random-sampling","false","22","1","9","1000","1000000","6448"
"2628","true","random-sampling","false","22","1","9","1000","1000000","6468"
"2629","true","random-sampling","false","22","1","9","1000","1000000","6449"
"2631","true","random-sampling","false","22","1","9","1000","1000000","6232"
"2630","true","random-sampling","false","22","1","9","1000","1000000","6496"
"2632","true","random-sampling","false","22","1","9","1000","1000000","6438"
"2633","true","random-sampling","false","22","1","9","1000","1000000","6214"
"2634","true","random-sampling","false","22","1","9","1000","1000000","6330"
"2635","true","random-sampling","false","22","1","9","1000","1000000","6225"
"2636","true","random-sampling","false","22","1","9","1000","1000000","6349"
"2637","true","random-sampling","false","22","1","9","1000","1000000","6378"
"2638","true","random-sampling","false","22","1","9","1000","1000000","6155"
"2639","true","random-sampling","false","22","1","9","1000","1000000","6305"
"2640","true","random-sampling","false","22","1","9","1000","1000000","6385"
"2641","true","random-sampling","false","23","1000","9","1000","1000000","7677"
"2642","true","random-sampling","false","23","1000","9","1000","1000000","7700"
"2643","true","random-sampling","false","23","1000","9","1000","1000000","7648"
"2644","true","random-sampling","false","23","1000","9","1000","1000000","7705"
"2645","true","random-sampling","false","23","1000","9","1000","1000000","7681"
"2647","true","random-sampling","false","23","1000","9","1000","1000000","7705"
"2648","true","random-sampling","false","23","1000","9","1000","1000000","7694"
"2646","true","random-sampling","false","23","1000","9","1000","1000000","7799"
"2650","true","random-sampling","false","23","1000","9","1000","1000000","7626"
"2649","true","random-sampling","false","23","1000","9","1000","1000000","7753"
"2651","true","random-sampling","false","23","1000","9","1000","1000000","7859"
"2652","true","random-sampling","false","23","1000","9","1000","1000000","7732"
"2653","true","random-sampling","false","23","1000","9","1000","1000000","7736"
"2654","true","random-sampling","false","23","1000","9","1000","1000000","7700"
"2656","true","random-sampling","false","23","1000","9","1000","1000000","7500"
"2655","true","random-sampling","false","23","1000","9","1000","1000000","7701"
"2658","true","random-sampling","false","23","1000","9","1000","1000000","7727"
"2657","true","random-sampling","false","23","1000","9","1000","1000000","7761"
"2659","true","random-sampling","false","23","1000","9","1000","1000000","7872"
"2660","true","random-sampling","false","23","1000","9","1000","1000000","7722"
"2662","true","random-sampling","false","23","1000","9","1000","1000000","7682"
"2661","true","random-sampling","false","23","1000","9","1000","1000000","7711"
"2663","true","random-sampling","false","23","1000","9","1000","1000000","7810"
"2664","true","random-sampling","false","23","1000","9","1000","1000000","7730"
"2666","true","random-sampling","false","23","1000","9","1000","1000000","7691"
"2665","true","random-sampling","false","23","1000","9","1000","1000000","7737"
"2667","true","random-sampling","false","23","1000","9","1000","1000000","7670"
"2668","true","random-sampling","false","23","1000","9","1000","1000000","7823"
"2669","true","random-sampling","false","23","1000","9","1000","1000000","7809"
"2670","true","random-sampling","false","23","1000","9","1000","1000000","7754"
"2671","true","random-sampling","false","23","1000","9","1000","1000000","7670"
"2672","true","random-sampling","false","23","1000","9","1000","1000000","7716"
"2673","true","random-sampling","false","23","1000","9","1000","1000000","7796"
"2674","true","random-sampling","false","23","1000","9","1000","1000000","7494"
"2675","true","random-sampling","false","23","1000","9","1000","1000000","7559"
"2676","true","random-sampling","false","23","1000","9","1000","1000000","7778"
"2677","true","random-sampling","false","23","1000","9","1000","1000000","7637"
"2679","true","random-sampling","false","23","1000","9","1000","1000000","7753"
"2678","true","random-sampling","false","23","1000","9","1000","1000000","7807"
"2680","true","random-sampling","false","23","1000","9","1000","1000000","7844"
"2681","true","random-sampling","false","23","1000","9","1000","1000000","7728"
"2683","true","random-sampling","false","23","1000","9","1000","1000000","7567"
"2682","true","random-sampling","false","23","1000","9","1000","1000000","7664"
"2684","true","random-sampling","false","23","1000","9","1000","1000000","7711"
"2685","true","random-sampling","false","23","1000","9","1000","1000000","7769"
"2687","true","random-sampling","false","23","1000","9","1000","1000000","7766"
"2686","true","random-sampling","false","23","1000","9","1000","1000000","7839"
"2688","true","random-sampling","false","23","1000","9","1000","1000000","7812"
"2689","true","random-sampling","false","23","1000","9","1000","1000000","7675"
"2690","true","random-sampling","false","23","1000","9","1000","1000000","7779"
"2691","true","random-sampling","false","23","1000","9","1000","1000000","7853"
"2692","true","random-sampling","false","23","1000","9","1000","1000000","7752"
"2693","true","random-sampling","false","23","1000","9","1000","1000000","7793"
"2694","true","random-sampling","false","23","1000","9","1000","1000000","7727"
"2695","true","random-sampling","false","23","1000","9","1000","1000000","7667"
"2696","true","random-sampling","false","23","1000","9","1000","1000000","7663"
"2701","true","random-sampling","false","23","1","9","1000","1000000","12609"
"2698","true","random-sampling","false","23","1000","9","1000","1000000","7827"
"2697","true","random-sampling","false","23","1000","9","1000","1000000","7674"
"2699","true","random-sampling","false","23","1000","9","1000","1000000","7606"
"2700","true","random-sampling","false","23","1000","9","1000","1000000","7684"
"2703","true","random-sampling","false","23","1","9","1000","1000000","12621"
"2702","true","random-sampling","false","23","1","9","1000","1000000","12585"
"2704","true","random-sampling","false","23","1","9","1000","1000000","12596"
"2708","true","random-sampling","false","23","1","9","1000","1000000","12293"
"2707","true","random-sampling","false","23","1","9","1000","1000000","12500"
"2705","true","random-sampling","false","23","1","9","1000","1000000","12495"
"2706","true","random-sampling","false","23","1","9","1000","1000000","12460"
"2709","true","random-sampling","false","23","1","9","1000","1000000","12773"
"2711","true","random-sampling","false","23","1","9","1000","1000000","12582"
"2710","true","random-sampling","false","23","1","9","1000","1000000","12596"
"2712","true","random-sampling","false","23","1","9","1000","1000000","12267"
"2713","true","random-sampling","false","23","1","9","1000","1000000","12630"
"2715","true","random-sampling","false","23","1","9","1000","1000000","12384"
"2714","true","random-sampling","false","23","1","9","1000","1000000","12645"
"2716","true","random-sampling","false","23","1","9","1000","1000000","12742"
"2718","true","random-sampling","false","23","1","9","1000","1000000","12350"
"2719","true","random-sampling","false","23","1","9","1000","1000000","12800"
"2717","true","random-sampling","false","23","1","9","1000","1000000","12667"
"2720","true","random-sampling","false","23","1","9","1000","1000000","12731"
"2721","true","random-sampling","false","23","1","9","1000","1000000","12589"
"2722","true","random-sampling","false","23","1","9","1000","1000000","12393"
"2723","true","random-sampling","false","23","1","9","1000","1000000","12563"
"2725","true","random-sampling","false","23","1","9","1000","1000000","12442"
"2724","true","random-sampling","false","23","1","9","1000","1000000","12768"
"2726","true","random-sampling","false","23","1","9","1000","1000000","12748"
"2727","true","random-sampling","false","23","1","9","1000","1000000","12841"
"2728","true","random-sampling","false","23","1","9","1000","1000000","12460"
"2732","true","random-sampling","false","23","1","9","1000","1000000","12711"
"2729","true","random-sampling","false","23","1","9","1000","1000000","12718"
"2731","true","random-sampling","false","23","1","9","1000","1000000","12583"
"2730","true","random-sampling","false","23","1","9","1000","1000000","12864"
"2734","true","random-sampling","false","23","1","9","1000","1000000","12474"
"2733","true","random-sampling","false","23","1","9","1000","1000000","12648"
"2735","true","random-sampling","false","23","1","9","1000","1000000","12603"
"2736","true","random-sampling","false","23","1","9","1000","1000000","12549"
"2737","true","random-sampling","false","23","1","9","1000","1000000","12616"
"2738","true","random-sampling","false","23","1","9","1000","1000000","12763"
"2739","true","random-sampling","false","23","1","9","1000","1000000","12798"
"2740","true","random-sampling","false","23","1","9","1000","1000000","12412"
"2741","true","random-sampling","false","23","1","9","1000","1000000","12566"
"2743","true","random-sampling","false","23","1","9","1000","1000000","12696"
"2742","true","random-sampling","false","23","1","9","1000","1000000","12390"
"2744","true","random-sampling","false","23","1","9","1000","1000000","12496"
"2745","true","random-sampling","false","23","1","9","1000","1000000","12647"
"2747","true","random-sampling","false","23","1","9","1000","1000000","12741"
"2748","true","random-sampling","false","23","1","9","1000","1000000","12716"
"2746","true","random-sampling","false","23","1","9","1000","1000000","12622"
"2750","true","random-sampling","false","23","1","9","1000","1000000","12695"
"2749","true","random-sampling","false","23","1","9","1000","1000000","12551"
"2751","true","random-sampling","false","23","1","9","1000","1000000","12925"
"2752","true","random-sampling","false","23","1","9","1000","1000000","12493"
"2754","true","random-sampling","false","23","1","9","1000","1000000","12429"
"2753","true","random-sampling","false","23","1","9","1000","1000000","12714"
"2755","true","random-sampling","false","23","1","9","1000","1000000","12348"
"2758","true","random-sampling","false","23","1","9","1000","1000000","12838"
"2759","true","random-sampling","false","23","1","9","1000","1000000","12361"
"2757","true","random-sampling","false","23","1","9","1000","1000000","12297"
"2756","true","random-sampling","false","23","1","9","1000","1000000","12681"
"2760","true","random-sampling","false","23","1","9","1000","1000000","12475"
"2762","true","random-sampling","false","24","1000","9","1000","1000000","11663"
"2765","true","random-sampling","false","24","1000","9","1000","1000000","11799"
"2764","true","random-sampling","false","24","1000","9","1000","1000000","11623"
"2761","true","random-sampling","false","24","1000","9","1000","1000000","11583"
"2763","true","random-sampling","false","24","1000","9","1000","1000000","11622"
"2766","true","random-sampling","false","24","1000","9","1000","1000000","11667"
"2767","true","random-sampling","false","24","1000","9","1000","1000000","11599"
"2768","true","random-sampling","false","24","1000","9","1000","1000000","11511"
"2769","true","random-sampling","false","24","1000","9","1000","1000000","11709"
"2772","true","random-sampling","false","24","1000","9","1000","1000000","11373"
"2770","true","random-sampling","false","24","1000","9","1000","1000000","11543"
"2773","true","random-sampling","false","24","1000","9","1000","1000000","11573"
"2771","true","random-sampling","false","24","1000","9","1000","1000000","11494"
"2774","true","random-sampling","false","24","1000","9","1000","1000000","11451"
"2775","true","random-sampling","false","24","1000","9","1000","1000000","11605"
"2776","true","random-sampling","false","24","1000","9","1000","1000000","11622"
"2777","true","random-sampling","false","24","1000","9","1000","1000000","11623"
"2778","true","random-sampling","false","24","1000","9","1000","1000000","11664"
"2781","true","random-sampling","false","24","1000","9","1000","1000000","11610"
"2779","true","random-sampling","false","24","1000","9","1000","1000000","11610"
"2780","true","random-sampling","false","24","1000","9","1000","1000000","11728"
"2782","true","random-sampling","false","24","1000","9","1000","1000000","11333"
"2783","true","random-sampling","false","24","1000","9","1000","1000000","11351"
"2784","true","random-sampling","false","24","1000","9","1000","1000000","11684"
"2785","true","random-sampling","false","24","1000","9","1000","1000000","11492"
"2786","true","random-sampling","false","24","1000","9","1000","1000000","11552"
"2788","true","random-sampling","false","24","1000","9","1000","1000000","11685"
"2787","true","random-sampling","false","24","1000","9","1000","1000000","11360"
"2789","true","random-sampling","false","24","1000","9","1000","1000000","11576"
"2790","true","random-sampling","false","24","1000","9","1000","1000000","11607"
"2791","true","random-sampling","false","24","1000","9","1000","1000000","11578"
"2792","true","random-sampling","false","24","1000","9","1000","1000000","11671"
"2793","true","random-sampling","false","24","1000","9","1000","1000000","11584"
"2797","true","random-sampling","false","24","1000","9","1000","1000000","11620"
"2794","true","random-sampling","false","24","1000","9","1000","1000000","11413"
"2795","true","random-sampling","false","24","1000","9","1000","1000000","11596"
"2796","true","random-sampling","false","24","1000","9","1000","1000000","11616"
"2798","true","random-sampling","false","24","1000","9","1000","1000000","11765"
"2799","true","random-sampling","false","24","1000","9","1000","1000000","11435"
"2800","true","random-sampling","false","24","1000","9","1000","1000000","11630"
"2801","true","random-sampling","false","24","1000","9","1000","1000000","11751"
"2805","true","random-sampling","false","24","1000","9","1000","1000000","11575"
"2804","true","random-sampling","false","24","1000","9","1000","1000000","11499"
"2802","true","random-sampling","false","24","1000","9","1000","1000000","11645"
"2803","true","random-sampling","false","24","1000","9","1000","1000000","11480"
"2806","true","random-sampling","false","24","1000","9","1000","1000000","11639"
"2807","true","random-sampling","false","24","1000","9","1000","1000000","11435"
"2808","true","random-sampling","false","24","1000","9","1000","1000000","11643"
"2809","true","random-sampling","false","24","1000","9","1000","1000000","11489"
"2812","true","random-sampling","false","24","1000","9","1000","1000000","11546"
"2810","true","random-sampling","false","24","1000","9","1000","1000000","11545"
"2813","true","random-sampling","false","24","1000","9","1000","1000000","11441"
"2811","true","random-sampling","false","24","1000","9","1000","1000000","11441"
"2814","true","random-sampling","false","24","1000","9","1000","1000000","11609"
"2816","true","random-sampling","false","24","1000","9","1000","1000000","11561"
"2815","true","random-sampling","false","24","1000","9","1000","1000000","11567"
"2817","true","random-sampling","false","24","1000","9","1000","1000000","11503"
"2821","true","random-sampling","false","24","1","9","1000","1000000","19097"
"2822","true","random-sampling","false","24","1","9","1000","1000000","18846"
"2818","true","random-sampling","false","24","1000","9","1000","1000000","11701"
"2819","true","random-sampling","false","24","1000","9","1000","1000000","11596"
"2820","true","random-sampling","false","24","1000","9","1000","1000000","11708"
"2823","true","random-sampling","false","24","1","9","1000","1000000","18490"
"2824","true","random-sampling","false","24","1","9","1000","1000000","18830"
"2825","true","random-sampling","false","24","1","9","1000","1000000","19033"
"2826","true","random-sampling","false","24","1","9","1000","1000000","18316"
"2828","true","random-sampling","false","24","1","9","1000","1000000","19070"
"2827","true","random-sampling","false","24","1","9","1000","1000000","19045"
"2829","true","random-sampling","false","24","1","9","1000","1000000","18572"
"2830","true","random-sampling","false","24","1","9","1000","1000000","18690"
"2831","true","random-sampling","false","24","1","9","1000","1000000","18947"
"2832","true","random-sampling","false","24","1","9","1000","1000000","18399"
"2833","true","random-sampling","false","24","1","9","1000","1000000","18653"
"2836","true","random-sampling","false","24","1","9","1000","1000000","18926"
"2835","true","random-sampling","false","24","1","9","1000","1000000","19093"
"2837","true","random-sampling","false","24","1","9","1000","1000000","19082"
"2834","true","random-sampling","false","24","1","9","1000","1000000","18949"
"2838","true","random-sampling","false","24","1","9","1000","1000000","18577"
"2839","true","random-sampling","false","24","1","9","1000","1000000","18978"
"2840","true","random-sampling","false","24","1","9","1000","1000000","19483"
"2841","true","random-sampling","false","24","1","9","1000","1000000","19029"
"2842","true","random-sampling","false","24","1","9","1000","1000000","18990"
"2843","true","random-sampling","false","24","1","9","1000","1000000","19010"
"2844","true","random-sampling","false","24","1","9","1000","1000000","19235"
"2845","true","random-sampling","false","24","1","9","1000","1000000","18619"
"2846","true","random-sampling","false","24","1","9","1000","1000000","18826"
"2847","true","random-sampling","false","24","1","9","1000","1000000","18897"
"2848","true","random-sampling","false","24","1","9","1000","1000000","18729"
"2849","true","random-sampling","false","24","1","9","1000","1000000","18775"
"2850","true","random-sampling","false","24","1","9","1000","1000000","18858"
"2852","true","random-sampling","false","24","1","9","1000","1000000","18791"
"2851","true","random-sampling","false","24","1","9","1000","1000000","17932"
"2853","true","random-sampling","false","24","1","9","1000","1000000","18669"
"2854","true","random-sampling","false","24","1","9","1000","1000000","18169"
"2855","true","random-sampling","false","24","1","9","1000","1000000","18695"
"2856","true","random-sampling","false","24","1","9","1000","1000000","18498"
"2857","true","random-sampling","false","24","1","9","1000","1000000","18822"
"2858","true","random-sampling","false","24","1","9","1000","1000000","18877"
"2859","true","random-sampling","false","24","1","9","1000","1000000","18896"
"2861","true","random-sampling","false","24","1","9","1000","1000000","19263"
"2860","true","random-sampling","false","24","1","9","1000","1000000","18720"
"2863","true","random-sampling","false","24","1","9","1000","1000000","19136"
"2862","true","random-sampling","false","24","1","9","1000","1000000","19156"
"2864","true","random-sampling","false","24","1","9","1000","1000000","18525"
"2865","true","random-sampling","false","24","1","9","1000","1000000","18519"
"2866","true","random-sampling","false","24","1","9","1000","1000000","19088"
"2868","true","random-sampling","false","24","1","9","1000","1000000","18545"
"2867","true","random-sampling","false","24","1","9","1000","1000000","18990"
"2869","true","random-sampling","false","24","1","9","1000","1000000","18605"
"2870","true","random-sampling","false","24","1","9","1000","1000000","18842"
"2871","true","random-sampling","false","24","1","9","1000","1000000","18728"
"2872","true","random-sampling","false","24","1","9","1000","1000000","19015"
"2873","true","random-sampling","false","24","1","9","1000","1000000","19454"
"2874","true","random-sampling","false","24","1","9","1000","1000000","19042"
"2875","true","random-sampling","false","24","1","9","1000","1000000","18907"
"2876","true","random-sampling","false","24","1","9","1000","1000000","19052"
"2878","true","random-sampling","false","24","1","9","1000","1000000","19132"
"2877","true","random-sampling","false","24","1","9","1000","1000000","18987"
"2879","true","random-sampling","false","24","1","9","1000","1000000","19181"
"2880","true","random-sampling","false","24","1","9","1000","1000000","18686"
"2881","true","random-sampling","false","25","1000","9","1000","1000000","15588"
"2883","true","random-sampling","false","25","1000","9","1000","1000000","15600"
"2882","true","random-sampling","false","25","1000","9","1000","1000000","15175"
"2884","true","random-sampling","false","25","1000","9","1000","1000000","15398"
"2885","true","random-sampling","false","25","1000","9","1000","1000000","15651"
"2886","true","random-sampling","false","25","1000","9","1000","1000000","15496"
"2887","true","random-sampling","false","25","1000","9","1000","1000000","15292"
"2888","true","random-sampling","false","25","1000","9","1000","1000000","15475"
"2890","true","random-sampling","false","25","1000","9","1000","1000000","15260"
"2889","true","random-sampling","false","25","1000","9","1000","1000000","15441"
"2891","true","random-sampling","false","25","1000","9","1000","1000000","15608"
"2892","true","random-sampling","false","25","1000","9","1000","1000000","15403"
"2894","true","random-sampling","false","25","1000","9","1000","1000000","15413"
"2893","true","random-sampling","false","25","1000","9","1000","1000000","15391"
"2895","true","random-sampling","false","25","1000","9","1000","1000000","15645"
"2896","true","random-sampling","false","25","1000","9","1000","1000000","15540"
"2897","true","random-sampling","false","25","1000","9","1000","1000000","15452"
"2898","true","random-sampling","false","25","1000","9","1000","1000000","15318"
"2899","true","random-sampling","false","25","1000","9","1000","1000000","15357"
"2901","true","random-sampling","false","25","1000","9","1000","1000000","15424"
"2900","true","random-sampling","false","25","1000","9","1000","1000000","15443"
"2902","true","random-sampling","false","25","1000","9","1000","1000000","15538"
"2903","true","random-sampling","false","25","1000","9","1000","1000000","15545"
"2904","true","random-sampling","false","25","1000","9","1000","1000000","15377"
"2905","true","random-sampling","false","25","1000","9","1000","1000000","15624"
"2906","true","random-sampling","false","25","1000","9","1000","1000000","15231"
"2908","true","random-sampling","false","25","1000","9","1000","1000000","15446"
"2907","true","random-sampling","false","25","1000","9","1000","1000000","15606"
"2909","true","random-sampling","false","25","1000","9","1000","1000000","15680"
"2910","true","random-sampling","false","25","1000","9","1000","1000000","15358"
"2911","true","random-sampling","false","25","1000","9","1000","1000000","15433"
"2912","true","random-sampling","false","25","1000","9","1000","1000000","15504"
"2914","true","random-sampling","false","25","1000","9","1000","1000000","15466"
"2913","true","random-sampling","false","25","1000","9","1000","1000000","15317"
"2915","true","random-sampling","false","25","1000","9","1000","1000000","15393"
"2917","true","random-sampling","false","25","1000","9","1000","1000000","15458"
"2916","true","random-sampling","false","25","1000","9","1000","1000000","15509"
"2918","true","random-sampling","false","25","1000","9","1000","1000000","15218"
"2919","true","random-sampling","false","25","1000","9","1000","1000000","15233"
"2920","true","random-sampling","false","25","1000","9","1000","1000000","15558"
"2921","true","random-sampling","false","25","1000","9","1000","1000000","15499"
"2922","true","random-sampling","false","25","1000","9","1000","1000000","15371"
"2923","true","random-sampling","false","25","1000","9","1000","1000000","15254"
"2925","true","random-sampling","false","25","1000","9","1000","1000000","15454"
"2924","true","random-sampling","false","25","1000","9","1000","1000000","15459"
"2926","true","random-sampling","false","25","1000","9","1000","1000000","15452"
"2927","true","random-sampling","false","25","1000","9","1000","1000000","15580"
"2928","true","random-sampling","false","25","1000","9","1000","1000000","15408"
"2929","true","random-sampling","false","25","1000","9","1000","1000000","15267"
"2931","true","random-sampling","false","25","1000","9","1000","1000000","15521"
"2930","true","random-sampling","false","25","1000","9","1000","1000000","15589"
"2932","true","random-sampling","false","25","1000","9","1000","1000000","15663"
"2933","true","random-sampling","false","25","1000","9","1000","1000000","15334"
"2934","true","random-sampling","false","25","1000","9","1000","1000000","15374"
"2935","true","random-sampling","false","25","1000","9","1000","1000000","15526"
"2936","true","random-sampling","false","25","1000","9","1000","1000000","15494"
"2937","true","random-sampling","false","25","1000","9","1000","1000000","15460"
"2939","true","random-sampling","false","25","1000","9","1000","1000000","15461"
"2938","true","random-sampling","false","25","1000","9","1000","1000000","15417"
"2941","true","random-sampling","false","25","1","9","1000","1000000","25369"
"2942","true","random-sampling","false","25","1","9","1000","1000000","25101"
"2943","true","random-sampling","false","25","1","9","1000","1000000","25413"
"2940","true","random-sampling","false","25","1000","9","1000","1000000","15484"
"2944","true","random-sampling","false","25","1","9","1000","1000000","25150"
"2945","true","random-sampling","false","25","1","9","1000","1000000","25135"
"2946","true","random-sampling","false","25","1","9","1000","1000000","25199"
"2947","true","random-sampling","false","25","1","9","1000","1000000","25318"
"2949","true","random-sampling","false","25","1","9","1000","1000000","25375"
"2948","true","random-sampling","false","25","1","9","1000","1000000","25200"
"2950","true","random-sampling","false","25","1","9","1000","1000000","25298"
"2951","true","random-sampling","false","25","1","9","1000","1000000","25193"
"2952","true","random-sampling","false","25","1","9","1000","1000000","25203"
"2953","true","random-sampling","false","25","1","9","1000","1000000","25456"
"2954","true","random-sampling","false","25","1","9","1000","1000000","25693"
"2956","true","random-sampling","false","25","1","9","1000","1000000","25462"
"2955","true","random-sampling","false","25","1","9","1000","1000000","25076"
"2957","true","random-sampling","false","25","1","9","1000","1000000","24916"
"2959","true","random-sampling","false","25","1","9","1000","1000000","25600"
"2958","true","random-sampling","false","25","1","9","1000","1000000","25543"
"2960","true","random-sampling","false","25","1","9","1000","1000000","25366"
"2961","true","random-sampling","false","25","1","9","1000","1000000","25349"
"2962","true","random-sampling","false","25","1","9","1000","1000000","25484"
"2964","true","random-sampling","false","25","1","9","1000","1000000","25562"
"2963","true","random-sampling","false","25","1","9","1000","1000000","25125"
"2967","true","random-sampling","false","25","1","9","1000","1000000","25418"
"2966","true","random-sampling","false","25","1","9","1000","1000000","25439"
"2965","true","random-sampling","false","25","1","9","1000","1000000","25306"
"2968","true","random-sampling","false","25","1","9","1000","1000000","25280"
"2969","true","random-sampling","false","25","1","9","1000","1000000","25191"
"2970","true","random-sampling","false","25","1","9","1000","1000000","25280"
"2971","true","random-sampling","false","25","1","9","1000","1000000","25358"
"2972","true","random-sampling","false","25","1","9","1000","1000000","25498"
"2975","true","random-sampling","false","25","1","9","1000","1000000","25494"
"2974","true","random-sampling","false","25","1","9","1000","1000000","25377"
"2973","true","random-sampling","false","25","1","9","1000","1000000","24922"
"2976","true","random-sampling","false","25","1","9","1000","1000000","25613"
"2977","true","random-sampling","false","25","1","9","1000","1000000","25267"
"2978","true","random-sampling","false","25","1","9","1000","1000000","25673"
"2980","true","random-sampling","false","25","1","9","1000","1000000","25485"
"2979","true","random-sampling","false","25","1","9","1000","1000000","25122"
"2981","true","random-sampling","false","25","1","9","1000","1000000","25036"
"2982","true","random-sampling","false","25","1","9","1000","1000000","25140"
"2983","true","random-sampling","false","25","1","9","1000","1000000","25337"
"2984","true","random-sampling","false","25","1","9","1000","1000000","25624"
"2985","true","random-sampling","false","25","1","9","1000","1000000","25093"
"2986","true","random-sampling","false","25","1","9","1000","1000000","24834"
"2988","true","random-sampling","false","25","1","9","1000","1000000","25224"
"2987","true","random-sampling","false","25","1","9","1000","1000000","25641"
"2990","true","random-sampling","false","25","1","9","1000","1000000","25565"
"2989","true","random-sampling","false","25","1","9","1000","1000000","25200"
"2991","true","random-sampling","false","25","1","9","1000","1000000","25026"
"2992","true","random-sampling","false","25","1","9","1000","1000000","25342"
"2993","true","random-sampling","false","25","1","9","1000","1000000","25194"
"2994","true","random-sampling","false","25","1","9","1000","1000000","25302"
"2995","true","random-sampling","false","25","1","9","1000","1000000","25255"
"2997","true","random-sampling","false","25","1","9","1000","1000000","25251"
"2996","true","random-sampling","false","25","1","9","1000","1000000","24831"
"2999","true","random-sampling","false","25","1","9","1000","1000000","25201"
"2998","true","random-sampling","false","25","1","9","1000","1000000","25702"
"3000","true","random-sampling","false","25","1","9","1000","1000000","25892"
"3001","true","random-sampling","false","26","1000","9","1000","1000000","18879"
"3002","true","random-sampling","false","26","1000","9","1000","1000000","18839"
"3004","true","random-sampling","false","26","1000","9","1000","1000000","19022"
"3003","true","random-sampling","false","26","1000","9","1000","1000000","18861"
"3005","true","random-sampling","false","26","1000","9","1000","1000000","19091"
"3007","true","random-sampling","false","26","1000","9","1000","1000000","18933"
"3006","true","random-sampling","false","26","1000","9","1000","1000000","18934"
"3008","true","random-sampling","false","26","1000","9","1000","1000000","18844"
"3009","true","random-sampling","false","26","1000","9","1000","1000000","18874"
"3010","true","random-sampling","false","26","1000","9","1000","1000000","19002"
"3011","true","random-sampling","false","26","1000","9","1000","1000000","18867"
"3012","true","random-sampling","false","26","1000","9","1000","1000000","18844"
"3013","true","random-sampling","false","26","1000","9","1000","1000000","18917"
"3015","true","random-sampling","false","26","1000","9","1000","1000000","19025"
"3014","true","random-sampling","false","26","1000","9","1000","1000000","18875"
"3016","true","random-sampling","false","26","1000","9","1000","1000000","18994"
"3017","true","random-sampling","false","26","1000","9","1000","1000000","18914"
"3018","true","random-sampling","false","26","1000","9","1000","1000000","18907"
"3019","true","random-sampling","false","26","1000","9","1000","1000000","18918"
"3020","true","random-sampling","false","26","1000","9","1000","1000000","19065"
"3022","true","random-sampling","false","26","1000","9","1000","1000000","18938"
"3021","true","random-sampling","false","26","1000","9","1000","1000000","18822"
"3023","true","random-sampling","false","26","1000","9","1000","1000000","18838"
"3024","true","random-sampling","false","26","1000","9","1000","1000000","18927"
"3025","true","random-sampling","false","26","1000","9","1000","1000000","18987"
"3026","true","random-sampling","false","26","1000","9","1000","1000000","18905"
"3027","true","random-sampling","false","26","1000","9","1000","1000000","18779"
"3028","true","random-sampling","false","26","1000","9","1000","1000000","18874"
"3031","true","random-sampling","false","26","1000","9","1000","1000000","18995"
"3029","true","random-sampling","false","26","1000","9","1000","1000000","19166"
"3030","true","random-sampling","false","26","1000","9","1000","1000000","18963"
"3032","true","random-sampling","false","26","1000","9","1000","1000000","18987"
"3033","true","random-sampling","false","26","1000","9","1000","1000000","18873"
"3034","true","random-sampling","false","26","1000","9","1000","1000000","18866"
"3036","true","random-sampling","false","26","1000","9","1000","1000000","18911"
"3035","true","random-sampling","false","26","1000","9","1000","1000000","19004"
"3037","true","random-sampling","false","26","1000","9","1000","1000000","19043"
"3038","true","random-sampling","false","26","1000","9","1000","1000000","18796"
"3039","true","random-sampling","false","26","1000","9","1000","1000000","18807"
"3040","true","random-sampling","false","26","1000","9","1000","1000000","19039"
"3042","true","random-sampling","false","26","1000","9","1000","1000000","19083"
"3041","true","random-sampling","false","26","1000","9","1000","1000000","18950"
"3044","true","random-sampling","false","26","1000","9","1000","1000000","18663"
"3043","true","random-sampling","false","26","1000","9","1000","1000000","19018"
"3045","true","random-sampling","false","26","1000","9","1000","1000000","19149"
"3046","true","random-sampling","false","26","1000","9","1000","1000000","19087"
"3047","true","random-sampling","false","26","1000","9","1000","1000000","19024"
"3048","true","random-sampling","false","26","1000","9","1000","1000000","19020"
"3049","true","random-sampling","false","26","1000","9","1000","1000000","19008"
"3050","true","random-sampling","false","26","1000","9","1000","1000000","18827"
"3051","true","random-sampling","false","26","1000","9","1000","1000000","18917"
"3052","true","random-sampling","false","26","1000","9","1000","1000000","18811"
"3053","true","random-sampling","false","26","1000","9","1000","1000000","19153"
"3054","true","random-sampling","false","26","1000","9","1000","1000000","19060"
"3055","true","random-sampling","false","26","1000","9","1000","1000000","19027"
"3056","true","random-sampling","false","26","1000","9","1000","1000000","18694"
"3057","true","random-sampling","false","26","1000","9","1000","1000000","18630"
"3058","true","random-sampling","false","26","1000","9","1000","1000000","19003"
"3059","true","random-sampling","false","26","1000","9","1000","1000000","18885"
"3062","true","random-sampling","false","26","1","9","1000","1000000","30702"
"3060","true","random-sampling","false","26","1000","9","1000","1000000","18760"
"3061","true","random-sampling","false","26","1","9","1000","1000000","31116"
"3063","true","random-sampling","false","26","1","9","1000","1000000","31159"
"3064","true","random-sampling","false","26","1","9","1000","1000000","31043"
"3065","true","random-sampling","false","26","1","9","1000","1000000","30814"
"3066","true","random-sampling","false","26","1","9","1000","1000000","30870"
"3068","true","random-sampling","false","26","1","9","1000","1000000","30197"
"3069","true","random-sampling","false","26","1","9","1000","1000000","30466"
"3067","true","random-sampling","false","26","1","9","1000","1000000","30661"
"3071","true","random-sampling","false","26","1","9","1000","1000000","31077"
"3070","true","random-sampling","false","26","1","9","1000","1000000","30879"
"3072","true","random-sampling","false","26","1","9","1000","1000000","30622"
"3073","true","random-sampling","false","26","1","9","1000","1000000","30996"
"3075","true","random-sampling","false","26","1","9","1000","1000000","30868"
"3074","true","random-sampling","false","26","1","9","1000","1000000","30273"
"3076","true","random-sampling","false","26","1","9","1000","1000000","31022"
"3077","true","random-sampling","false","26","1","9","1000","1000000","30781"
"3078","true","random-sampling","false","26","1","9","1000","1000000","31222"
"3079","true","random-sampling","false","26","1","9","1000","1000000","30637"
"3080","true","random-sampling","false","26","1","9","1000","1000000","30664"
"3081","true","random-sampling","false","26","1","9","1000","1000000","31334"
"3083","true","random-sampling","false","26","1","9","1000","1000000","30881"
"3082","true","random-sampling","false","26","1","9","1000","1000000","30869"
"3085","true","random-sampling","false","26","1","9","1000","1000000","30881"
"3084","true","random-sampling","false","26","1","9","1000","1000000","30813"
"3087","true","random-sampling","false","26","1","9","1000","1000000","31176"
"3086","true","random-sampling","false","26","1","9","1000","1000000","30268"
"3088","true","random-sampling","false","26","1","9","1000","1000000","30970"
"3089","true","random-sampling","false","26","1","9","1000","1000000","31176"
"3091","true","random-sampling","false","26","1","9","1000","1000000","31048"
"3090","true","random-sampling","false","26","1","9","1000","1000000","30604"
"3092","true","random-sampling","false","26","1","9","1000","1000000","31040"
"3093","true","random-sampling","false","26","1","9","1000","1000000","31112"
"3094","true","random-sampling","false","26","1","9","1000","1000000","30683"
"3095","true","random-sampling","false","26","1","9","1000","1000000","30545"
"3096","true","random-sampling","false","26","1","9","1000","1000000","30889"
"3097","true","random-sampling","false","26","1","9","1000","1000000","30975"
"3098","true","random-sampling","false","26","1","9","1000","1000000","31242"
"3099","true","random-sampling","false","26","1","9","1000","1000000","30784"
"3100","true","random-sampling","false","26","1","9","1000","1000000","30981"
"3101","true","random-sampling","false","26","1","9","1000","1000000","30475"
"3102","true","random-sampling","false","26","1","9","1000","1000000","30922"
"3103","true","random-sampling","false","26","1","9","1000","1000000","30708"
"3104","true","random-sampling","false","26","1","9","1000","1000000","30753"
"3106","true","random-sampling","false","26","1","9","1000","1000000","30818"
"3105","true","random-sampling","false","26","1","9","1000","1000000","31172"
"3107","true","random-sampling","false","26","1","9","1000","1000000","30885"
"3108","true","random-sampling","false","26","1","9","1000","1000000","30796"
"3109","true","random-sampling","false","26","1","9","1000","1000000","30865"
"3110","true","random-sampling","false","26","1","9","1000","1000000","30512"
"3111","true","random-sampling","false","26","1","9","1000","1000000","30234"
"3112","true","random-sampling","false","26","1","9","1000","1000000","30686"
"3115","true","random-sampling","false","26","1","9","1000","1000000","30980"
"3114","true","random-sampling","false","26","1","9","1000","1000000","31067"
"3113","true","random-sampling","false","26","1","9","1000","1000000","30836"
"3117","true","random-sampling","false","26","1","9","1000","1000000","31251"
"3116","true","random-sampling","false","26","1","9","1000","1000000","30843"
"3118","true","random-sampling","false","26","1","9","1000","1000000","31114"
"3119","true","random-sampling","false","26","1","9","1000","1000000","30900"
"3120","true","random-sampling","false","26","1","9","1000","1000000","31183"
