"BehaviorSpace results (NetLogo 7.0.4)","Table version 2.0"
"plaice-search-model.nlogox"
"random-sampling-no-spacing"
"10/01/2026 13:01:42:880 -0700"
"min-pxcor","max-pxcor","min-pycor","max-pycor"
"0","71","0","71"
"[run number]","use-scenario?","search-tactic","pen-down?","enforce-spacing?","scenario","regeneration-time","response-radius","[step]","ticks","sum [prey-captured] of predators"
"3","true","random-sampling","false","false","3","1000","9","1000","1000000","18605"
"2","true","random-sampling","false","false","3","1000","9","1000","1000000","18001"
"5","true","random-sampling","false","false","3","1000","9","1000","1000000","17608"
"1","true","random-sampling","false","false","3","1000","9","1000","1000000","18103"
"6","true","random-sampling","false","false","3","1000","9","1000","1000000","18074"
"8","true","random-sampling","false","false","3","1000","9","1000","1000000","18221"
"7","true","random-sampling","false","false","3","1000","9","1000","1000000","18341"
"4","true","random-sampling","false","false","3","1000","9","1000","1000000","18331"
"9","true","random-sampling","false","false","3","1000","9","1000","1000000","17986"
"13","true","random-sampling","false","false","3","1000","9","1000","1000000","18340"
"10","true","random-sampling","false","false","3","1000","9","1000","1000000","17829"
"12","true","random-sampling","false","false","3","1000","9","1000","1000000","18303"
"11","true","random-sampling","false","false","3","1000","9","1000","1000000","18334"
"14","true","random-sampling","false","false","3","1000","9","1000","1000000","18221"
"15","true","random-sampling","false","false","3","1000","9","1000","1000000","18002"
"16","true","random-sampling","false","false","3","1000","9","1000","1000000","18448"
"17","true","random-sampling","false","false","3","1000","9","1000","1000000","18328"
"21","true","random-sampling","false","false","3","1000","9","1000","1000000","18075"
"19","true","random-sampling","false","false","3","1000","9","1000","1000000","17882"
"18","true","random-sampling","false","false","3","1000","9","1000","1000000","17849"
"22","true","random-sampling","false","false","3","1000","9","1000","1000000","18036"
"20","true","random-sampling","false","false","3","1000","9","1000","1000000","18398"
"23","true","random-sampling","false","false","3","1000","9","1000","1000000","18124"
"24","true","random-sampling","false","false","3","1000","9","1000","1000000","18360"
"25","true","random-sampling","false","false","3","1000","9","1000","1000000","18247"
"27","true","random-sampling","false","false","3","1000","9","1000","1000000","18558"
"26","true","random-sampling","false","false","3","1000","9","1000","1000000","18382"
"28","true","random-sampling","false","false","3","1000","9","1000","1000000","17828"
"29","true","random-sampling","false","false","3","1000","9","1000","1000000","18170"
"30","true","random-sampling","false","false","3","1000","9","1000","1000000","18529"
"31","true","random-sampling","false","false","3","1000","9","1000","1000000","18557"
"32","true","random-sampling","false","false","3","1000","9","1000","1000000","18318"
"33","true","random-sampling","false","false","3","1000","9","1000","1000000","17981"
"34","true","random-sampling","false","false","3","1000","9","1000","1000000","17774"
"36","true","random-sampling","false","false","3","1000","9","1000","1000000","17990"
"35","true","random-sampling","false","false","3","1000","9","1000","1000000","18368"
"37","true","random-sampling","false","false","3","1000","9","1000","1000000","18336"
"38","true","random-sampling","false","false","3","1000","9","1000","1000000","18081"
"39","true","random-sampling","false","false","3","1000","9","1000","1000000","18176"
"40","true","random-sampling","false","false","3","1000","9","1000","1000000","17896"
"41","true","random-sampling","false","false","3","1000","9","1000","1000000","18293"
"42","true","random-sampling","false","false","3","1000","9","1000","1000000","18088"
"43","true","random-sampling","false","false","3","1000","9","1000","1000000","17879"
"45","true","random-sampling","false","false","3","1000","9","1000","1000000","17925"
"44","true","random-sampling","false","false","3","1000","9","1000","1000000","17879"
"46","true","random-sampling","false","false","3","1000","9","1000","1000000","18005"
"47","true","random-sampling","false","false","3","1000","9","1000","1000000","18004"
"48","true","random-sampling","false","false","3","1000","9","1000","1000000","18322"
"49","true","random-sampling","false","false","3","1000","9","1000","1000000","18396"
"50","true","random-sampling","false","false","3","1000","9","1000","1000000","18001"
"51","true","random-sampling","false","false","3","1000","9","1000","1000000","18224"
"54","true","random-sampling","false","false","3","1000","9","1000","1000000","18178"
"52","true","random-sampling","false","false","3","1000","9","1000","1000000","18412"
"53","true","random-sampling","false","false","3","1000","9","1000","1000000","18260"
"55","true","random-sampling","false","false","3","1000","9","1000","1000000","18313"
"56","true","random-sampling","false","false","3","1000","9","1000","1000000","18089"
"61","true","random-sampling","false","false","3","1","9","1000","1000000","28075"
"57","true","random-sampling","false","false","3","1000","9","1000","1000000","18507"
"62","true","random-sampling","false","false","3","1","9","1000","1000000","27339"
"63","true","random-sampling","false","false","3","1","9","1000","1000000","27156"
"58","true","random-sampling","false","false","3","1000","9","1000","1000000","18263"
"59","true","random-sampling","false","false","3","1000","9","1000","1000000","18325"
"60","true","random-sampling","false","false","3","1000","9","1000","1000000","17899"
"64","true","random-sampling","false","false","3","1","9","1000","1000000","25878"
"65","true","random-sampling","false","false","3","1","9","1000","1000000","27561"
"66","true","random-sampling","false","false","3","1","9","1000","1000000","25720"
"67","true","random-sampling","false","false","3","1","9","1000","1000000","25620"
"69","true","random-sampling","false","false","3","1","9","1000","1000000","27478"
"68","true","random-sampling","false","false","3","1","9","1000","1000000","27203"
"70","true","random-sampling","false","false","3","1","9","1000","1000000","28132"
"71","true","random-sampling","false","false","3","1","9","1000","1000000","26110"
"72","true","random-sampling","false","false","3","1","9","1000","1000000","27994"
"73","true","random-sampling","false","false","3","1","9","1000","1000000","27399"
"74","true","random-sampling","false","false","3","1","9","1000","1000000","27487"
"76","true","random-sampling","false","false","3","1","9","1000","1000000","26974"
"75","true","random-sampling","false","false","3","1","9","1000","1000000","27904"
"78","true","random-sampling","false","false","3","1","9","1000","1000000","28158"
"77","true","random-sampling","false","false","3","1","9","1000","1000000","27006"
"79","true","random-sampling","false","false","3","1","9","1000","1000000","27925"
"80","true","random-sampling","false","false","3","1","9","1000","1000000","27261"
"81","true","random-sampling","false","false","3","1","9","1000","1000000","27730"
"82","true","random-sampling","false","false","3","1","9","1000","1000000","27842"
"83","true","random-sampling","false","false","3","1","9","1000","1000000","27777"
"84","true","random-sampling","false","false","3","1","9","1000","1000000","26701"
"85","true","random-sampling","false","false","3","1","9","1000","1000000","27608"
"86","true","random-sampling","false","false","3","1","9","1000","1000000","27546"
"87","true","random-sampling","false","false","3","1","9","1000","1000000","27277"
"88","true","random-sampling","false","false","3","1","9","1000","1000000","28792"
"89","true","random-sampling","false","false","3","1","9","1000","1000000","27575"
"90","true","random-sampling","false","false","3","1","9","1000","1000000","28302"
"91","true","random-sampling","false","false","3","1","9","1000","1000000","27538"
"92","true","random-sampling","false","false","3","1","9","1000","1000000","27406"
"93","true","random-sampling","false","false","3","1","9","1000","1000000","27995"
"94","true","random-sampling","false","false","3","1","9","1000","1000000","27829"
"95","true","random-sampling","false","false","3","1","9","1000","1000000","27621"
"96","true","random-sampling","false","false","3","1","9","1000","1000000","28447"
"97","true","random-sampling","false","false","3","1","9","1000","1000000","27011"
"98","true","random-sampling","false","false","3","1","9","1000","1000000","26605"
"99","true","random-sampling","false","false","3","1","9","1000","1000000","27838"
"101","true","random-sampling","false","false","3","1","9","1000","1000000","28903"
"100","true","random-sampling","false","false","3","1","9","1000","1000000","27701"
"102","true","random-sampling","false","false","3","1","9","1000","1000000","28039"
"104","true","random-sampling","false","false","3","1","9","1000","1000000","27360"
"103","true","random-sampling","false","false","3","1","9","1000","1000000","26419"
"105","true","random-sampling","false","false","3","1","9","1000","1000000","26685"
"106","true","random-sampling","false","false","3","1","9","1000","1000000","28541"
"108","true","random-sampling","false","false","3","1","9","1000","1000000","27275"
"109","true","random-sampling","false","false","3","1","9","1000","1000000","28154"
"107","true","random-sampling","false","false","3","1","9","1000","1000000","26733"
"110","true","random-sampling","false","false","3","1","9","1000","1000000","28309"
"111","true","random-sampling","false","false","3","1","9","1000","1000000","26995"
"112","true","random-sampling","false","false","3","1","9","1000","1000000","28277"
"113","true","random-sampling","false","false","3","1","9","1000","1000000","28443"
"114","true","random-sampling","false","false","3","1","9","1000","1000000","25671"
"115","true","random-sampling","false","false","3","1","9","1000","1000000","27640"
"117","true","random-sampling","false","false","3","1","9","1000","1000000","26360"
"116","true","random-sampling","false","false","3","1","9","1000","1000000","27386"
"118","true","random-sampling","false","false","3","1","9","1000","1000000","27135"
"119","true","random-sampling","false","false","3","1","9","1000","1000000","27677"
"120","true","random-sampling","false","false","3","1","9","1000","1000000","25920"
"121","true","random-sampling","false","false","4","1000","9","1000","1000000","18507"
"122","true","random-sampling","false","false","4","1000","9","1000","1000000","18882"
"124","true","random-sampling","false","false","4","1000","9","1000","1000000","18774"
"123","true","random-sampling","false","false","4","1000","9","1000","1000000","18637"
"125","true","random-sampling","false","false","4","1000","9","1000","1000000","18725"
"126","true","random-sampling","false","false","4","1000","9","1000","1000000","18698"
"127","true","random-sampling","false","false","4","1000","9","1000","1000000","18425"
"128","true","random-sampling","false","false","4","1000","9","1000","1000000","18735"
"129","true","random-sampling","false","false","4","1000","9","1000","1000000","18445"
"130","true","random-sampling","false","false","4","1000","9","1000","1000000","18905"
"131","true","random-sampling","false","false","4","1000","9","1000","1000000","18960"
"134","true","random-sampling","false","false","4","1000","9","1000","1000000","18823"
"132","true","random-sampling","false","false","4","1000","9","1000","1000000","18758"
"133","true","random-sampling","false","false","4","1000","9","1000","1000000","18565"
"135","true","random-sampling","false","false","4","1000","9","1000","1000000","18756"
"136","true","random-sampling","false","false","4","1000","9","1000","1000000","18827"
"138","true","random-sampling","false","false","4","1000","9","1000","1000000","18280"
"139","true","random-sampling","false","false","4","1000","9","1000","1000000","18876"
"137","true","random-sampling","false","false","4","1000","9","1000","1000000","18680"
"141","true","random-sampling","false","false","4","1000","9","1000","1000000","18997"
"140","true","random-sampling","false","false","4","1000","9","1000","1000000","18488"
"142","true","random-sampling","false","false","4","1000","9","1000","1000000","18766"
"143","true","random-sampling","false","false","4","1000","9","1000","1000000","18503"
"144","true","random-sampling","false","false","4","1000","9","1000","1000000","18716"
"145","true","random-sampling","false","false","4","1000","9","1000","1000000","18697"
"146","true","random-sampling","false","false","4","1000","9","1000","1000000","18874"
"147","true","random-sampling","false","false","4","1000","9","1000","1000000","18742"
"148","true","random-sampling","false","false","4","1000","9","1000","1000000","18637"
"149","true","random-sampling","false","false","4","1000","9","1000","1000000","18641"
"150","true","random-sampling","false","false","4","1000","9","1000","1000000","18491"
"151","true","random-sampling","false","false","4","1000","9","1000","1000000","18606"
"152","true","random-sampling","false","false","4","1000","9","1000","1000000","19080"
"153","true","random-sampling","false","false","4","1000","9","1000","1000000","18472"
"154","true","random-sampling","false","false","4","1000","9","1000","1000000","18673"
"155","true","random-sampling","false","false","4","1000","9","1000","1000000","18640"
"156","true","random-sampling","false","false","4","1000","9","1000","1000000","18680"
"157","true","random-sampling","false","false","4","1000","9","1000","1000000","19013"
"158","true","random-sampling","false","false","4","1000","9","1000","1000000","18645"
"159","true","random-sampling","false","false","4","1000","9","1000","1000000","18339"
"160","true","random-sampling","false","false","4","1000","9","1000","1000000","18640"
"161","true","random-sampling","false","false","4","1000","9","1000","1000000","18530"
"163","true","random-sampling","false","false","4","1000","9","1000","1000000","18855"
"162","true","random-sampling","false","false","4","1000","9","1000","1000000","18456"
"164","true","random-sampling","false","false","4","1000","9","1000","1000000","18776"
"165","true","random-sampling","false","false","4","1000","9","1000","1000000","18803"
"166","true","random-sampling","false","false","4","1000","9","1000","1000000","18653"
"167","true","random-sampling","false","false","4","1000","9","1000","1000000","18524"
"168","true","random-sampling","false","false","4","1000","9","1000","1000000","18857"
"170","true","random-sampling","false","false","4","1000","9","1000","1000000","18577"
"171","true","random-sampling","false","false","4","1000","9","1000","1000000","18518"
"169","true","random-sampling","false","false","4","1000","9","1000","1000000","18554"
"172","true","random-sampling","false","false","4","1000","9","1000","1000000","18796"
"173","true","random-sampling","false","false","4","1000","9","1000","1000000","18680"
"174","true","random-sampling","false","false","4","1000","9","1000","1000000","18761"
"175","true","random-sampling","false","false","4","1000","9","1000","1000000","18715"
"176","true","random-sampling","false","false","4","1000","9","1000","1000000","18701"
"181","true","random-sampling","false","false","4","1","9","1000","1000000","29634"
"177","true","random-sampling","false","false","4","1000","9","1000","1000000","18784"
"182","true","random-sampling","false","false","4","1","9","1000","1000000","30274"
"178","true","random-sampling","false","false","4","1000","9","1000","1000000","18847"
"179","true","random-sampling","false","false","4","1000","9","1000","1000000","18719"
"180","true","random-sampling","false","false","4","1000","9","1000","1000000","18808"
"183","true","random-sampling","false","false","4","1","9","1000","1000000","30135"
"184","true","random-sampling","false","false","4","1","9","1000","1000000","29695"
"186","true","random-sampling","false","false","4","1","9","1000","1000000","30368"
"189","true","random-sampling","false","false","4","1","9","1000","1000000","29930"
"190","true","random-sampling","false","false","4","1","9","1000","1000000","29862"
"185","true","random-sampling","false","false","4","1","9","1000","1000000","29294"
"188","true","random-sampling","false","false","4","1","9","1000","1000000","28995"
"187","true","random-sampling","false","false","4","1","9","1000","1000000","30060"
"191","true","random-sampling","false","false","4","1","9","1000","1000000","28808"
"192","true","random-sampling","false","false","4","1","9","1000","1000000","29475"
"193","true","random-sampling","false","false","4","1","9","1000","1000000","30746"
"195","true","random-sampling","false","false","4","1","9","1000","1000000","30520"
"194","true","random-sampling","false","false","4","1","9","1000","1000000","28749"
"196","true","random-sampling","false","false","4","1","9","1000","1000000","29394"
"198","true","random-sampling","false","false","4","1","9","1000","1000000","29769"
"197","true","random-sampling","false","false","4","1","9","1000","1000000","29264"
"199","true","random-sampling","false","false","4","1","9","1000","1000000","30006"
"200","true","random-sampling","false","false","4","1","9","1000","1000000","29178"
"201","true","random-sampling","false","false","4","1","9","1000","1000000","29689"
"202","true","random-sampling","false","false","4","1","9","1000","1000000","29446"
"203","true","random-sampling","false","false","4","1","9","1000","1000000","30000"
"204","true","random-sampling","false","false","4","1","9","1000","1000000","30218"
"206","true","random-sampling","false","false","4","1","9","1000","1000000","30376"
"205","true","random-sampling","false","false","4","1","9","1000","1000000","29708"
"207","true","random-sampling","false","false","4","1","9","1000","1000000","29560"
"208","true","random-sampling","false","false","4","1","9","1000","1000000","29105"
"209","true","random-sampling","false","false","4","1","9","1000","1000000","28726"
"210","true","random-sampling","false","false","4","1","9","1000","1000000","29504"
"211","true","random-sampling","false","false","4","1","9","1000","1000000","29274"
"213","true","random-sampling","false","false","4","1","9","1000","1000000","29171"
"212","true","random-sampling","false","false","4","1","9","1000","1000000","28370"
"214","true","random-sampling","false","false","4","1","9","1000","1000000","30556"
"216","true","random-sampling","false","false","4","1","9","1000","1000000","30360"
"215","true","random-sampling","false","false","4","1","9","1000","1000000","30251"
"217","true","random-sampling","false","false","4","1","9","1000","1000000","29771"
"218","true","random-sampling","false","false","4","1","9","1000","1000000","28506"
"219","true","random-sampling","false","false","4","1","9","1000","1000000","28786"
"220","true","random-sampling","false","false","4","1","9","1000","1000000","30580"
"221","true","random-sampling","false","false","4","1","9","1000","1000000","29068"
"222","true","random-sampling","false","false","4","1","9","1000","1000000","28383"
"223","true","random-sampling","false","false","4","1","9","1000","1000000","30157"
"224","true","random-sampling","false","false","4","1","9","1000","1000000","30070"
"225","true","random-sampling","false","false","4","1","9","1000","1000000","29865"
"226","true","random-sampling","false","false","4","1","9","1000","1000000","29717"
"227","true","random-sampling","false","false","4","1","9","1000","1000000","29154"
"228","true","random-sampling","false","false","4","1","9","1000","1000000","29407"
"229","true","random-sampling","false","false","4","1","9","1000","1000000","29580"
"230","true","random-sampling","false","false","4","1","9","1000","1000000","29327"
"231","true","random-sampling","false","false","4","1","9","1000","1000000","29882"
"232","true","random-sampling","false","false","4","1","9","1000","1000000","28908"
"233","true","random-sampling","false","false","4","1","9","1000","1000000","30678"
"234","true","random-sampling","false","false","4","1","9","1000","1000000","30165"
"235","true","random-sampling","false","false","4","1","9","1000","1000000","28650"
"236","true","random-sampling","false","false","4","1","9","1000","1000000","29410"
"237","true","random-sampling","false","false","4","1","9","1000","1000000","28846"
"238","true","random-sampling","false","false","4","1","9","1000","1000000","30653"
"239","true","random-sampling","false","false","4","1","9","1000","1000000","29733"
"240","true","random-sampling","false","false","4","1","9","1000","1000000","30803"
"241","true","random-sampling","false","false","5","1000","9","1000","1000000","18987"
"242","true","random-sampling","false","false","5","1000","9","1000","1000000","19009"
"243","true","random-sampling","false","false","5","1000","9","1000","1000000","18805"
"244","true","random-sampling","false","false","5","1000","9","1000","1000000","19026"
"245","true","random-sampling","false","false","5","1000","9","1000","1000000","18846"
"246","true","random-sampling","false","false","5","1000","9","1000","1000000","18943"
"247","true","random-sampling","false","false","5","1000","9","1000","1000000","18972"
"248","true","random-sampling","false","false","5","1000","9","1000","1000000","18964"
"249","true","random-sampling","false","false","5","1000","9","1000","1000000","19168"
"251","true","random-sampling","false","false","5","1000","9","1000","1000000","18850"
"250","true","random-sampling","false","false","5","1000","9","1000","1000000","19074"
"252","true","random-sampling","false","false","5","1000","9","1000","1000000","18754"
"254","true","random-sampling","false","false","5","1000","9","1000","1000000","18636"
"253","true","random-sampling","false","false","5","1000","9","1000","1000000","18788"
"255","true","random-sampling","false","false","5","1000","9","1000","1000000","18974"
"256","true","random-sampling","false","false","5","1000","9","1000","1000000","18821"
"257","true","random-sampling","false","false","5","1000","9","1000","1000000","18828"
"258","true","random-sampling","false","false","5","1000","9","1000","1000000","18928"
"259","true","random-sampling","false","false","5","1000","9","1000","1000000","18963"
"260","true","random-sampling","false","false","5","1000","9","1000","1000000","18999"
"262","true","random-sampling","false","false","5","1000","9","1000","1000000","19024"
"261","true","random-sampling","false","false","5","1000","9","1000","1000000","19062"
"263","true","random-sampling","false","false","5","1000","9","1000","1000000","18920"
"264","true","random-sampling","false","false","5","1000","9","1000","1000000","18965"
"266","true","random-sampling","false","false","5","1000","9","1000","1000000","19053"
"265","true","random-sampling","false","false","5","1000","9","1000","1000000","18905"
"267","true","random-sampling","false","false","5","1000","9","1000","1000000","18730"
"268","true","random-sampling","false","false","5","1000","9","1000","1000000","19062"
"269","true","random-sampling","false","false","5","1000","9","1000","1000000","18759"
"270","true","random-sampling","false","false","5","1000","9","1000","1000000","18990"
"271","true","random-sampling","false","false","5","1000","9","1000","1000000","18839"
"272","true","random-sampling","false","false","5","1000","9","1000","1000000","18812"
"275","true","random-sampling","false","false","5","1000","9","1000","1000000","18963"
"273","true","random-sampling","false","false","5","1000","9","1000","1000000","19054"
"274","true","random-sampling","false","false","5","1000","9","1000","1000000","18861"
"276","true","random-sampling","false","false","5","1000","9","1000","1000000","19092"
"277","true","random-sampling","false","false","5","1000","9","1000","1000000","18914"
"278","true","random-sampling","false","false","5","1000","9","1000","1000000","18622"
"279","true","random-sampling","false","false","5","1000","9","1000","1000000","19005"
"280","true","random-sampling","false","false","5","1000","9","1000","1000000","19054"
"282","true","random-sampling","false","false","5","1000","9","1000","1000000","18822"
"281","true","random-sampling","false","false","5","1000","9","1000","1000000","18744"
"283","true","random-sampling","false","false","5","1000","9","1000","1000000","18908"
"284","true","random-sampling","false","false","5","1000","9","1000","1000000","19049"
"286","true","random-sampling","false","false","5","1000","9","1000","1000000","18479"
"285","true","random-sampling","false","false","5","1000","9","1000","1000000","18863"
"287","true","random-sampling","false","false","5","1000","9","1000","1000000","18876"
"288","true","random-sampling","false","false","5","1000","9","1000","1000000","18969"
"289","true","random-sampling","false","false","5","1000","9","1000","1000000","18904"
"290","true","random-sampling","false","false","5","1000","9","1000","1000000","19086"
"292","true","random-sampling","false","false","5","1000","9","1000","1000000","18990"
"291","true","random-sampling","false","false","5","1000","9","1000","1000000","19046"
"293","true","random-sampling","false","false","5","1000","9","1000","1000000","18760"
"294","true","random-sampling","false","false","5","1000","9","1000","1000000","19081"
"295","true","random-sampling","false","false","5","1000","9","1000","1000000","18716"
"296","true","random-sampling","false","false","5","1000","9","1000","1000000","18762"
"298","true","random-sampling","false","false","5","1000","9","1000","1000000","18758"
"297","true","random-sampling","false","false","5","1000","9","1000","1000000","19029"
"299","true","random-sampling","false","false","5","1000","9","1000","1000000","18765"
"301","true","random-sampling","false","false","5","1","9","1000","1000000","30411"
"302","true","random-sampling","false","false","5","1","9","1000","1000000","29945"
"300","true","random-sampling","false","false","5","1000","9","1000","1000000","18908"
"303","true","random-sampling","false","false","5","1","9","1000","1000000","30158"
"304","true","random-sampling","false","false","5","1","9","1000","1000000","30607"
"305","true","random-sampling","false","false","5","1","9","1000","1000000","31049"
"306","true","random-sampling","false","false","5","1","9","1000","1000000","30141"
"307","true","random-sampling","false","false","5","1","9","1000","1000000","30105"
"309","true","random-sampling","false","false","5","1","9","1000","1000000","31020"
"308","true","random-sampling","false","false","5","1","9","1000","1000000","30656"
"310","true","random-sampling","false","false","5","1","9","1000","1000000","29582"
"311","true","random-sampling","false","false","5","1","9","1000","1000000","30096"
"312","true","random-sampling","false","false","5","1","9","1000","1000000","30703"
"313","true","random-sampling","false","false","5","1","9","1000","1000000","29269"
"314","true","random-sampling","false","false","5","1","9","1000","1000000","31068"
"315","true","random-sampling","false","false","5","1","9","1000","1000000","29079"
"316","true","random-sampling","false","false","5","1","9","1000","1000000","30380"
"317","true","random-sampling","false","false","5","1","9","1000","1000000","30465"
"318","true","random-sampling","false","false","5","1","9","1000","1000000","30749"
"319","true","random-sampling","false","false","5","1","9","1000","1000000","30214"
"320","true","random-sampling","false","false","5","1","9","1000","1000000","30133"
"321","true","random-sampling","false","false","5","1","9","1000","1000000","30673"
"322","true","random-sampling","false","false","5","1","9","1000","1000000","30766"
"323","true","random-sampling","false","false","5","1","9","1000","1000000","31224"
"324","true","random-sampling","false","false","5","1","9","1000","1000000","30821"
"325","true","random-sampling","false","false","5","1","9","1000","1000000","30471"
"326","true","random-sampling","false","false","5","1","9","1000","1000000","30378"
"327","true","random-sampling","false","false","5","1","9","1000","1000000","29923"
"328","true","random-sampling","false","false","5","1","9","1000","1000000","30852"
"329","true","random-sampling","false","false","5","1","9","1000","1000000","30512"
"330","true","random-sampling","false","false","5","1","9","1000","1000000","29957"
"331","true","random-sampling","false","false","5","1","9","1000","1000000","30196"
"332","true","random-sampling","false","false","5","1","9","1000","1000000","30530"
"334","true","random-sampling","false","false","5","1","9","1000","1000000","30817"
"333","true","random-sampling","false","false","5","1","9","1000","1000000","31047"
"335","true","random-sampling","false","false","5","1","9","1000","1000000","30426"
"336","true","random-sampling","false","false","5","1","9","1000","1000000","29823"
"337","true","random-sampling","false","false","5","1","9","1000","1000000","31107"
"338","true","random-sampling","false","false","5","1","9","1000","1000000","30775"
"339","true","random-sampling","false","false","5","1","9","1000","1000000","29129"
"340","true","random-sampling","false","false","5","1","9","1000","1000000","29902"
"341","true","random-sampling","false","false","5","1","9","1000","1000000","30393"
"342","true","random-sampling","false","false","5","1","9","1000","1000000","30284"
"343","true","random-sampling","false","false","5","1","9","1000","1000000","30022"
"344","true","random-sampling","false","false","5","1","9","1000","1000000","30389"
"345","true","random-sampling","false","false","5","1","9","1000","1000000","30463"
"346","true","random-sampling","false","false","5","1","9","1000","1000000","30979"
"347","true","random-sampling","false","false","5","1","9","1000","1000000","30394"
"349","true","random-sampling","false","false","5","1","9","1000","1000000","30712"
"348","true","random-sampling","false","false","5","1","9","1000","1000000","29872"
"350","true","random-sampling","false","false","5","1","9","1000","1000000","30265"
"351","true","random-sampling","false","false","5","1","9","1000","1000000","30912"
"353","true","random-sampling","false","false","5","1","9","1000","1000000","30652"
"352","true","random-sampling","false","false","5","1","9","1000","1000000","29771"
"354","true","random-sampling","false","false","5","1","9","1000","1000000","30059"
"355","true","random-sampling","false","false","5","1","9","1000","1000000","30665"
"356","true","random-sampling","false","false","5","1","9","1000","1000000","30501"
"357","true","random-sampling","false","false","5","1","9","1000","1000000","31061"
"358","true","random-sampling","false","false","5","1","9","1000","1000000","30709"
"359","true","random-sampling","false","false","5","1","9","1000","1000000","30223"
"360","true","random-sampling","false","false","5","1","9","1000","1000000","30639"
"361","true","random-sampling","false","false","6","1000","9","1000","1000000","18812"
"363","true","random-sampling","false","false","6","1000","9","1000","1000000","18855"
"362","true","random-sampling","false","false","6","1000","9","1000","1000000","19106"
"364","true","random-sampling","false","false","6","1000","9","1000","1000000","18966"
"365","true","random-sampling","false","false","6","1000","9","1000","1000000","19135"
"366","true","random-sampling","false","false","6","1000","9","1000","1000000","19123"
"367","true","random-sampling","false","false","6","1000","9","1000","1000000","19030"
"368","true","random-sampling","false","false","6","1000","9","1000","1000000","19008"
"370","true","random-sampling","false","false","6","1000","9","1000","1000000","18937"
"371","true","random-sampling","false","false","6","1000","9","1000","1000000","19021"
"369","true","random-sampling","false","false","6","1000","9","1000","1000000","18934"
"372","true","random-sampling","false","false","6","1000","9","1000","1000000","18987"
"373","true","random-sampling","false","false","6","1000","9","1000","1000000","19160"
"374","true","random-sampling","false","false","6","1000","9","1000","1000000","18678"
"375","true","random-sampling","false","false","6","1000","9","1000","1000000","18968"
"376","true","random-sampling","false","false","6","1000","9","1000","1000000","19126"
"377","true","random-sampling","false","false","6","1000","9","1000","1000000","19091"
"378","true","random-sampling","false","false","6","1000","9","1000","1000000","19018"
"379","true","random-sampling","false","false","6","1000","9","1000","1000000","18881"
"380","true","random-sampling","false","false","6","1000","9","1000","1000000","19042"
"381","true","random-sampling","false","false","6","1000","9","1000","1000000","18897"
"382","true","random-sampling","false","false","6","1000","9","1000","1000000","19082"
"383","true","random-sampling","false","false","6","1000","9","1000","1000000","18934"
"384","true","random-sampling","false","false","6","1000","9","1000","1000000","19010"
"385","true","random-sampling","false","false","6","1000","9","1000","1000000","18891"
"386","true","random-sampling","false","false","6","1000","9","1000","1000000","18925"
"387","true","random-sampling","false","false","6","1000","9","1000","1000000","19050"
"388","true","random-sampling","false","false","6","1000","9","1000","1000000","19309"
"389","true","random-sampling","false","false","6","1000","9","1000","1000000","19074"
"390","true","random-sampling","false","false","6","1000","9","1000","1000000","18770"
"391","true","random-sampling","false","false","6","1000","9","1000","1000000","19162"
"392","true","random-sampling","false","false","6","1000","9","1000","1000000","18928"
"393","true","random-sampling","false","false","6","1000","9","1000","1000000","19111"
"394","true","random-sampling","false","false","6","1000","9","1000","1000000","19124"
"395","true","random-sampling","false","false","6","1000","9","1000","1000000","18731"
"396","true","random-sampling","false","false","6","1000","9","1000","1000000","19031"
"397","true","random-sampling","false","false","6","1000","9","1000","1000000","18961"
"398","true","random-sampling","false","false","6","1000","9","1000","1000000","19042"
"399","true","random-sampling","false","false","6","1000","9","1000","1000000","18858"
"400","true","random-sampling","false","false","6","1000","9","1000","1000000","19078"
"401","true","random-sampling","false","false","6","1000","9","1000","1000000","18978"
"402","true","random-sampling","false","false","6","1000","9","1000","1000000","18871"
"404","true","random-sampling","false","false","6","1000","9","1000","1000000","18924"
"403","true","random-sampling","false","false","6","1000","9","1000","1000000","19037"
"405","true","random-sampling","false","false","6","1000","9","1000","1000000","19022"
"406","true","random-sampling","false","false","6","1000","9","1000","1000000","19106"
"407","true","random-sampling","false","false","6","1000","9","1000","1000000","19206"
"408","true","random-sampling","false","false","6","1000","9","1000","1000000","19016"
"410","true","random-sampling","false","false","6","1000","9","1000","1000000","19033"
"409","true","random-sampling","false","false","6","1000","9","1000","1000000","19260"
"411","true","random-sampling","false","false","6","1000","9","1000","1000000","19119"
"412","true","random-sampling","false","false","6","1000","9","1000","1000000","18915"
"413","true","random-sampling","false","false","6","1000","9","1000","1000000","19208"
"414","true","random-sampling","false","false","6","1000","9","1000","1000000","18807"
"415","true","random-sampling","false","false","6","1000","9","1000","1000000","18971"
"416","true","random-sampling","false","false","6","1000","9","1000","1000000","18942"
"417","true","random-sampling","false","false","6","1000","9","1000","1000000","19138"
"418","true","random-sampling","false","false","6","1000","9","1000","1000000","18989"
"421","true","random-sampling","false","false","6","1","9","1000","1000000","30447"
"422","true","random-sampling","false","false","6","1","9","1000","1000000","30782"
"419","true","random-sampling","false","false","6","1000","9","1000","1000000","19141"
"420","true","random-sampling","false","false","6","1000","9","1000","1000000","18673"
"423","true","random-sampling","false","false","6","1","9","1000","1000000","30486"
"424","true","random-sampling","false","false","6","1","9","1000","1000000","31073"
"425","true","random-sampling","false","false","6","1","9","1000","1000000","31067"
"426","true","random-sampling","false","false","6","1","9","1000","1000000","31056"
"427","true","random-sampling","false","false","6","1","9","1000","1000000","31361"
"428","true","random-sampling","false","false","6","1","9","1000","1000000","30207"
"429","true","random-sampling","false","false","6","1","9","1000","1000000","30678"
"430","true","random-sampling","false","false","6","1","9","1000","1000000","30564"
"431","true","random-sampling","false","false","6","1","9","1000","1000000","30582"
"432","true","random-sampling","false","false","6","1","9","1000","1000000","30990"
"433","true","random-sampling","false","false","6","1","9","1000","1000000","30218"
"434","true","random-sampling","false","false","6","1","9","1000","1000000","31201"
"435","true","random-sampling","false","false","6","1","9","1000","1000000","31035"
"436","true","random-sampling","false","false","6","1","9","1000","1000000","30700"
"437","true","random-sampling","false","false","6","1","9","1000","1000000","30965"
"438","true","random-sampling","false","false","6","1","9","1000","1000000","31262"
"439","true","random-sampling","false","false","6","1","9","1000","1000000","29842"
"440","true","random-sampling","false","false","6","1","9","1000","1000000","30954"
"441","true","random-sampling","false","false","6","1","9","1000","1000000","31010"
"442","true","random-sampling","false","false","6","1","9","1000","1000000","31016"
"443","true","random-sampling","false","false","6","1","9","1000","1000000","30962"
"444","true","random-sampling","false","false","6","1","9","1000","1000000","30579"
"445","true","random-sampling","false","false","6","1","9","1000","1000000","31111"
"446","true","random-sampling","false","false","6","1","9","1000","1000000","30729"
"447","true","random-sampling","false","false","6","1","9","1000","1000000","30907"
"448","true","random-sampling","false","false","6","1","9","1000","1000000","30425"
"449","true","random-sampling","false","false","6","1","9","1000","1000000","30347"
"450","true","random-sampling","false","false","6","1","9","1000","1000000","30244"
"451","true","random-sampling","false","false","6","1","9","1000","1000000","30703"
"452","true","random-sampling","false","false","6","1","9","1000","1000000","30874"
"453","true","random-sampling","false","false","6","1","9","1000","1000000","30958"
"455","true","random-sampling","false","false","6","1","9","1000","1000000","30673"
"454","true","random-sampling","false","false","6","1","9","1000","1000000","30376"
"456","true","random-sampling","false","false","6","1","9","1000","1000000","30772"
"457","true","random-sampling","false","false","6","1","9","1000","1000000","31096"
"458","true","random-sampling","false","false","6","1","9","1000","1000000","31128"
"459","true","random-sampling","false","false","6","1","9","1000","1000000","29990"
"460","true","random-sampling","false","false","6","1","9","1000","1000000","30875"
"461","true","random-sampling","false","false","6","1","9","1000","1000000","30221"
"462","true","random-sampling","false","false","6","1","9","1000","1000000","31302"
"463","true","random-sampling","false","false","6","1","9","1000","1000000","30717"
"464","true","random-sampling","false","false","6","1","9","1000","1000000","31381"
"465","true","random-sampling","false","false","6","1","9","1000","1000000","30734"
"466","true","random-sampling","false","false","6","1","9","1000","1000000","31087"
"467","true","random-sampling","false","false","6","1","9","1000","1000000","31145"
"468","true","random-sampling","false","false","6","1","9","1000","1000000","29976"
"469","true","random-sampling","false","false","6","1","9","1000","1000000","30454"
"470","true","random-sampling","false","false","6","1","9","1000","1000000","30705"
"472","true","random-sampling","false","false","6","1","9","1000","1000000","31062"
"471","true","random-sampling","false","false","6","1","9","1000","1000000","30418"
"473","true","random-sampling","false","false","6","1","9","1000","1000000","30978"
"474","true","random-sampling","false","false","6","1","9","1000","1000000","31146"
"475","true","random-sampling","false","false","6","1","9","1000","1000000","30716"
"476","true","random-sampling","false","false","6","1","9","1000","1000000","29754"
"477","true","random-sampling","false","false","6","1","9","1000","1000000","31478"
"479","true","random-sampling","false","false","6","1","9","1000","1000000","31302"
"478","true","random-sampling","false","false","6","1","9","1000","1000000","30743"
"480","true","random-sampling","false","false","6","1","9","1000","1000000","30712"
"481","true","random-sampling","false","false","7","1000","9","1000","1000000","18986"
"482","true","random-sampling","false","false","7","1000","9","1000","1000000","19042"
"483","true","random-sampling","false","false","7","1000","9","1000","1000000","19206"
"484","true","random-sampling","false","false","7","1000","9","1000","1000000","18964"
"485","true","random-sampling","false","false","7","1000","9","1000","1000000","18973"
"486","true","random-sampling","false","false","7","1000","9","1000","1000000","18957"
"487","true","random-sampling","false","false","7","1000","9","1000","1000000","18816"
"488","true","random-sampling","false","false","7","1000","9","1000","1000000","19139"
"489","true","random-sampling","false","false","7","1000","9","1000","1000000","18898"
"490","true","random-sampling","false","false","7","1000","9","1000","1000000","18919"
"491","true","random-sampling","false","false","7","1000","9","1000","1000000","19199"
"492","true","random-sampling","false","false","7","1000","9","1000","1000000","19018"
"493","true","random-sampling","false","false","7","1000","9","1000","1000000","18952"
"494","true","random-sampling","false","false","7","1000","9","1000","1000000","19035"
"495","true","random-sampling","false","false","7","1000","9","1000","1000000","18914"
"496","true","random-sampling","false","false","7","1000","9","1000","1000000","19035"
"497","true","random-sampling","false","false","7","1000","9","1000","1000000","19107"
"498","true","random-sampling","false","false","7","1000","9","1000","1000000","18991"
"499","true","random-sampling","false","false","7","1000","9","1000","1000000","19203"
"500","true","random-sampling","false","false","7","1000","9","1000","1000000","19045"
"501","true","random-sampling","false","false","7","1000","9","1000","1000000","19221"
"502","true","random-sampling","false","false","7","1000","9","1000","1000000","18968"
"503","true","random-sampling","false","false","7","1000","9","1000","1000000","19173"
"504","true","random-sampling","false","false","7","1000","9","1000","1000000","19043"
"505","true","random-sampling","false","false","7","1000","9","1000","1000000","18989"
"506","true","random-sampling","false","false","7","1000","9","1000","1000000","18956"
"507","true","random-sampling","false","false","7","1000","9","1000","1000000","19181"
"508","true","random-sampling","false","false","7","1000","9","1000","1000000","19074"
"509","true","random-sampling","false","false","7","1000","9","1000","1000000","19125"
"510","true","random-sampling","false","false","7","1000","9","1000","1000000","19012"
"511","true","random-sampling","false","false","7","1000","9","1000","1000000","19237"
"512","true","random-sampling","false","false","7","1000","9","1000","1000000","19174"
"513","true","random-sampling","false","false","7","1000","9","1000","1000000","18943"
"514","true","random-sampling","false","false","7","1000","9","1000","1000000","18964"
"515","true","random-sampling","false","false","7","1000","9","1000","1000000","18979"
"516","true","random-sampling","false","false","7","1000","9","1000","1000000","18874"
"517","true","random-sampling","false","false","7","1000","9","1000","1000000","18980"
"518","true","random-sampling","false","false","7","1000","9","1000","1000000","19055"
"519","true","random-sampling","false","false","7","1000","9","1000","1000000","19031"
"520","true","random-sampling","false","false","7","1000","9","1000","1000000","19068"
"521","true","random-sampling","false","false","7","1000","9","1000","1000000","19062"
"522","true","random-sampling","false","false","7","1000","9","1000","1000000","18674"
"523","true","random-sampling","false","false","7","1000","9","1000","1000000","19052"
"525","true","random-sampling","false","false","7","1000","9","1000","1000000","19149"
"524","true","random-sampling","false","false","7","1000","9","1000","1000000","18947"
"526","true","random-sampling","false","false","7","1000","9","1000","1000000","19081"
"527","true","random-sampling","false","false","7","1000","9","1000","1000000","18999"
"528","true","random-sampling","false","false","7","1000","9","1000","1000000","18860"
"529","true","random-sampling","false","false","7","1000","9","1000","1000000","19115"
"530","true","random-sampling","false","false","7","1000","9","1000","1000000","19135"
"531","true","random-sampling","false","false","7","1000","9","1000","1000000","18970"
"532","true","random-sampling","false","false","7","1000","9","1000","1000000","19157"
"533","true","random-sampling","false","false","7","1000","9","1000","1000000","19160"
"534","true","random-sampling","false","false","7","1000","9","1000","1000000","19090"
"535","true","random-sampling","false","false","7","1000","9","1000","1000000","18975"
"536","true","random-sampling","false","false","7","1000","9","1000","1000000","18886"
"537","true","random-sampling","false","false","7","1000","9","1000","1000000","19041"
"538","true","random-sampling","false","false","7","1000","9","1000","1000000","18892"
"541","true","random-sampling","false","false","7","1","9","1000","1000000","31355"
"542","true","random-sampling","false","false","7","1","9","1000","1000000","31489"
"539","true","random-sampling","false","false","7","1000","9","1000","1000000","18966"
"540","true","random-sampling","false","false","7","1000","9","1000","1000000","18990"
"543","true","random-sampling","false","false","7","1","9","1000","1000000","30756"
"544","true","random-sampling","false","false","7","1","9","1000","1000000","31254"
"545","true","random-sampling","false","false","7","1","9","1000","1000000","31067"
"546","true","random-sampling","false","false","7","1","9","1000","1000000","31034"
"547","true","random-sampling","false","false","7","1","9","1000","1000000","31429"
"548","true","random-sampling","false","false","7","1","9","1000","1000000","31043"
"550","true","random-sampling","false","false","7","1","9","1000","1000000","29983"
"549","true","random-sampling","false","false","7","1","9","1000","1000000","31346"
"551","true","random-sampling","false","false","7","1","9","1000","1000000","31018"
"552","true","random-sampling","false","false","7","1","9","1000","1000000","30779"
"553","true","random-sampling","false","false","7","1","9","1000","1000000","31391"
"554","true","random-sampling","false","false","7","1","9","1000","1000000","31294"
"555","true","random-sampling","false","false","7","1","9","1000","1000000","30889"
"556","true","random-sampling","false","false","7","1","9","1000","1000000","30641"
"557","true","random-sampling","false","false","7","1","9","1000","1000000","30483"
"558","true","random-sampling","false","false","7","1","9","1000","1000000","31055"
"559","true","random-sampling","false","false","7","1","9","1000","1000000","30890"
"560","true","random-sampling","false","false","7","1","9","1000","1000000","31012"
"561","true","random-sampling","false","false","7","1","9","1000","1000000","31114"
"562","true","random-sampling","false","false","7","1","9","1000","1000000","31423"
"563","true","random-sampling","false","false","7","1","9","1000","1000000","31541"
"564","true","random-sampling","false","false","7","1","9","1000","1000000","30718"
"565","true","random-sampling","false","false","7","1","9","1000","1000000","31431"
"566","true","random-sampling","false","false","7","1","9","1000","1000000","30741"
"567","true","random-sampling","false","false","7","1","9","1000","1000000","31218"
"568","true","random-sampling","false","false","7","1","9","1000","1000000","30691"
"569","true","random-sampling","false","false","7","1","9","1000","1000000","31199"
"570","true","random-sampling","false","false","7","1","9","1000","1000000","30747"
"572","true","random-sampling","false","false","7","1","9","1000","1000000","30623"
"571","true","random-sampling","false","false","7","1","9","1000","1000000","30908"
"573","true","random-sampling","false","false","7","1","9","1000","1000000","31375"
"574","true","random-sampling","false","false","7","1","9","1000","1000000","30864"
"575","true","random-sampling","false","false","7","1","9","1000","1000000","31317"
"576","true","random-sampling","false","false","7","1","9","1000","1000000","30813"
"577","true","random-sampling","false","false","7","1","9","1000","1000000","30679"
"578","true","random-sampling","false","false","7","1","9","1000","1000000","31415"
"579","true","random-sampling","false","false","7","1","9","1000","1000000","31449"
"580","true","random-sampling","false","false","7","1","9","1000","1000000","30896"
"581","true","random-sampling","false","false","7","1","9","1000","1000000","31366"
"582","true","random-sampling","false","false","7","1","9","1000","1000000","30182"
"583","true","random-sampling","false","false","7","1","9","1000","1000000","31035"
"585","true","random-sampling","false","false","7","1","9","1000","1000000","31012"
"584","true","random-sampling","false","false","7","1","9","1000","1000000","31631"
"586","true","random-sampling","false","false","7","1","9","1000","1000000","30677"
"587","true","random-sampling","false","false","7","1","9","1000","1000000","30725"
"588","true","random-sampling","false","false","7","1","9","1000","1000000","30889"
"589","true","random-sampling","false","false","7","1","9","1000","1000000","31378"
"590","true","random-sampling","false","false","7","1","9","1000","1000000","31184"
"591","true","random-sampling","false","false","7","1","9","1000","1000000","30196"
"592","true","random-sampling","false","false","7","1","9","1000","1000000","30201"
"593","true","random-sampling","false","false","7","1","9","1000","1000000","30625"
"594","true","random-sampling","false","false","7","1","9","1000","1000000","31160"
"595","true","random-sampling","false","false","7","1","9","1000","1000000","31221"
"596","true","random-sampling","false","false","7","1","9","1000","1000000","30292"
"597","true","random-sampling","false","false","7","1","9","1000","1000000","31321"
"598","true","random-sampling","false","false","7","1","9","1000","1000000","30895"
"599","true","random-sampling","false","false","7","1","9","1000","1000000","31102"
"600","true","random-sampling","false","false","7","1","9","1000","1000000","31127"
"601","true","random-sampling","false","false","8","1000","9","1000","1000000","18567"
"602","true","random-sampling","false","false","8","1000","9","1000","1000000","18952"
"603","true","random-sampling","false","false","8","1000","9","1000","1000000","18978"
"604","true","random-sampling","false","false","8","1000","9","1000","1000000","18968"
"605","true","random-sampling","false","false","8","1000","9","1000","1000000","18880"
"606","true","random-sampling","false","false","8","1000","9","1000","1000000","18821"
"607","true","random-sampling","false","false","8","1000","9","1000","1000000","19077"
"608","true","random-sampling","false","false","8","1000","9","1000","1000000","18942"
"610","true","random-sampling","false","false","8","1000","9","1000","1000000","18950"
"609","true","random-sampling","false","false","8","1000","9","1000","1000000","18919"
"611","true","random-sampling","false","false","8","1000","9","1000","1000000","18867"
"612","true","random-sampling","false","false","8","1000","9","1000","1000000","18936"
"613","true","random-sampling","false","false","8","1000","9","1000","1000000","19050"
"614","true","random-sampling","false","false","8","1000","9","1000","1000000","18908"
"616","true","random-sampling","false","false","8","1000","9","1000","1000000","19010"
"615","true","random-sampling","false","false","8","1000","9","1000","1000000","18879"
"617","true","random-sampling","false","false","8","1000","9","1000","1000000","19026"
"618","true","random-sampling","false","false","8","1000","9","1000","1000000","19068"
"619","true","random-sampling","false","false","8","1000","9","1000","1000000","18920"
"620","true","random-sampling","false","false","8","1000","9","1000","1000000","18726"
"621","true","random-sampling","false","false","8","1000","9","1000","1000000","18763"
"622","true","random-sampling","false","false","8","1000","9","1000","1000000","19026"
"623","true","random-sampling","false","false","8","1000","9","1000","1000000","19122"
"624","true","random-sampling","false","false","8","1000","9","1000","1000000","18966"
"625","true","random-sampling","false","false","8","1000","9","1000","1000000","18916"
"627","true","random-sampling","false","false","8","1000","9","1000","1000000","18892"
"626","true","random-sampling","false","false","8","1000","9","1000","1000000","19039"
"628","true","random-sampling","false","false","8","1000","9","1000","1000000","18941"
"629","true","random-sampling","false","false","8","1000","9","1000","1000000","18908"
"630","true","random-sampling","false","false","8","1000","9","1000","1000000","19132"
"631","true","random-sampling","false","false","8","1000","9","1000","1000000","19006"
"632","true","random-sampling","false","false","8","1000","9","1000","1000000","18882"
"633","true","random-sampling","false","false","8","1000","9","1000","1000000","19206"
"634","true","random-sampling","false","false","8","1000","9","1000","1000000","18921"
"635","true","random-sampling","false","false","8","1000","9","1000","1000000","19096"
"636","true","random-sampling","false","false","8","1000","9","1000","1000000","18905"
"637","true","random-sampling","false","false","8","1000","9","1000","1000000","18908"
"638","true","random-sampling","false","false","8","1000","9","1000","1000000","19110"
"639","true","random-sampling","false","false","8","1000","9","1000","1000000","18908"
"640","true","random-sampling","false","false","8","1000","9","1000","1000000","18955"
"641","true","random-sampling","false","false","8","1000","9","1000","1000000","18976"
"642","true","random-sampling","false","false","8","1000","9","1000","1000000","19210"
"643","true","random-sampling","false","false","8","1000","9","1000","1000000","19189"
"644","true","random-sampling","false","false","8","1000","9","1000","1000000","19035"
"645","true","random-sampling","false","false","8","1000","9","1000","1000000","18801"
"646","true","random-sampling","false","false","8","1000","9","1000","1000000","18907"
"647","true","random-sampling","false","false","8","1000","9","1000","1000000","18703"
"648","true","random-sampling","false","false","8","1000","9","1000","1000000","18900"
"649","true","random-sampling","false","false","8","1000","9","1000","1000000","18936"
"650","true","random-sampling","false","false","8","1000","9","1000","1000000","18778"
"651","true","random-sampling","false","false","8","1000","9","1000","1000000","19051"
"652","true","random-sampling","false","false","8","1000","9","1000","1000000","18861"
"653","true","random-sampling","false","false","8","1000","9","1000","1000000","18813"
"654","true","random-sampling","false","false","8","1000","9","1000","1000000","18821"
"655","true","random-sampling","false","false","8","1000","9","1000","1000000","18796"
"656","true","random-sampling","false","false","8","1000","9","1000","1000000","18953"
"657","true","random-sampling","false","false","8","1000","9","1000","1000000","18914"
"658","true","random-sampling","false","false","8","1000","9","1000","1000000","19130"
"661","true","random-sampling","false","false","8","1","9","1000","1000000","30999"
"659","true","random-sampling","false","false","8","1000","9","1000","1000000","18620"
"662","true","random-sampling","false","false","8","1","9","1000","1000000","30830"
"660","true","random-sampling","false","false","8","1000","9","1000","1000000","18925"
"663","true","random-sampling","false","false","8","1","9","1000","1000000","30368"
"664","true","random-sampling","false","false","8","1","9","1000","1000000","30592"
"665","true","random-sampling","false","false","8","1","9","1000","1000000","30476"
"666","true","random-sampling","false","false","8","1","9","1000","1000000","31156"
"667","true","random-sampling","false","false","8","1","9","1000","1000000","31054"
"669","true","random-sampling","false","false","8","1","9","1000","1000000","30768"
"668","true","random-sampling","false","false","8","1","9","1000","1000000","30864"
"670","true","random-sampling","false","false","8","1","9","1000","1000000","30508"
"671","true","random-sampling","false","false","8","1","9","1000","1000000","30424"
"672","true","random-sampling","false","false","8","1","9","1000","1000000","31015"
"673","true","random-sampling","false","false","8","1","9","1000","1000000","30732"
"674","true","random-sampling","false","false","8","1","9","1000","1000000","30798"
"675","true","random-sampling","false","false","8","1","9","1000","1000000","30980"
"676","true","random-sampling","false","false","8","1","9","1000","1000000","31200"
"677","true","random-sampling","false","false","8","1","9","1000","1000000","30481"
"678","true","random-sampling","false","false","8","1","9","1000","1000000","31200"
"679","true","random-sampling","false","false","8","1","9","1000","1000000","30598"
"680","true","random-sampling","false","false","8","1","9","1000","1000000","31404"
"681","true","random-sampling","false","false","8","1","9","1000","1000000","30760"
"682","true","random-sampling","false","false","8","1","9","1000","1000000","30022"
"683","true","random-sampling","false","false","8","1","9","1000","1000000","30517"
"684","true","random-sampling","false","false","8","1","9","1000","1000000","31336"
"685","true","random-sampling","false","false","8","1","9","1000","1000000","30651"
"687","true","random-sampling","false","false","8","1","9","1000","1000000","29979"
"686","true","random-sampling","false","false","8","1","9","1000","1000000","30365"
"688","true","random-sampling","false","false","8","1","9","1000","1000000","30472"
"689","true","random-sampling","false","false","8","1","9","1000","1000000","30545"
"690","true","random-sampling","false","false","8","1","9","1000","1000000","30901"
"691","true","random-sampling","false","false","8","1","9","1000","1000000","31105"
"692","true","random-sampling","false","false","8","1","9","1000","1000000","30868"
"694","true","random-sampling","false","false","8","1","9","1000","1000000","31020"
"693","true","random-sampling","false","false","8","1","9","1000","1000000","30496"
"695","true","random-sampling","false","false","8","1","9","1000","1000000","31113"
"696","true","random-sampling","false","false","8","1","9","1000","1000000","30846"
"697","true","random-sampling","false","false","8","1","9","1000","1000000","30604"
"698","true","random-sampling","false","false","8","1","9","1000","1000000","30714"
"699","true","random-sampling","false","false","8","1","9","1000","1000000","30417"
"700","true","random-sampling","false","false","8","1","9","1000","1000000","30835"
"701","true","random-sampling","false","false","8","1","9","1000","1000000","31111"
"703","true","random-sampling","false","false","8","1","9","1000","1000000","31210"
"702","true","random-sampling","false","false","8","1","9","1000","1000000","30816"
"704","true","random-sampling","false","false","8","1","9","1000","1000000","30737"
"705","true","random-sampling","false","false","8","1","9","1000","1000000","31306"
"706","true","random-sampling","false","false","8","1","9","1000","1000000","30829"
"707","true","random-sampling","false","false","8","1","9","1000","1000000","30830"
"708","true","random-sampling","false","false","8","1","9","1000","1000000","31320"
"709","true","random-sampling","false","false","8","1","9","1000","1000000","31138"
"710","true","random-sampling","false","false","8","1","9","1000","1000000","30936"
"711","true","random-sampling","false","false","8","1","9","1000","1000000","30987"
"712","true","random-sampling","false","false","8","1","9","1000","1000000","30507"
"713","true","random-sampling","false","false","8","1","9","1000","1000000","29989"
"714","true","random-sampling","false","false","8","1","9","1000","1000000","31053"
"721","true","random-sampling","false","false","9","1000","9","1000","1000000","1954"
"715","true","random-sampling","false","false","8","1","9","1000","1000000","30308"
"722","true","random-sampling","false","false","9","1000","9","1000","1000000","1974"
"716","true","random-sampling","false","false","8","1","9","1000","1000000","30703"
"717","true","random-sampling","false","false","8","1","9","1000","1000000","30902"
"723","true","random-sampling","false","false","9","1000","9","1000","1000000","1916"
"724","true","random-sampling","false","false","9","1000","9","1000","1000000","1980"
"718","true","random-sampling","false","false","8","1","9","1000","1000000","30745"
"719","true","random-sampling","false","false","8","1","9","1000","1000000","30380"
"725","true","random-sampling","false","false","9","1000","9","1000","1000000","1971"
"727","true","random-sampling","false","false","9","1000","9","1000","1000000","1910"
"726","true","random-sampling","false","false","9","1000","9","1000","1000000","1975"
"728","true","random-sampling","false","false","9","1000","9","1000","1000000","1913"
"720","true","random-sampling","false","false","8","1","9","1000","1000000","30951"
"730","true","random-sampling","false","false","9","1000","9","1000","1000000","1930"
"729","true","random-sampling","false","false","9","1000","9","1000","1000000","1956"
"731","true","random-sampling","false","false","9","1000","9","1000","1000000","1935"
"732","true","random-sampling","false","false","9","1000","9","1000","1000000","1859"
"733","true","random-sampling","false","false","9","1000","9","1000","1000000","1987"
"734","true","random-sampling","false","false","9","1000","9","1000","1000000","1927"
"735","true","random-sampling","false","false","9","1000","9","1000","1000000","1973"
"738","true","random-sampling","false","false","9","1000","9","1000","1000000","1989"
"736","true","random-sampling","false","false","9","1000","9","1000","1000000","1934"
"737","true","random-sampling","false","false","9","1000","9","1000","1000000","1982"
"739","true","random-sampling","false","false","9","1000","9","1000","1000000","1951"
"740","true","random-sampling","false","false","9","1000","9","1000","1000000","1936"
"741","true","random-sampling","false","false","9","1000","9","1000","1000000","1924"
"742","true","random-sampling","false","false","9","1000","9","1000","1000000","1976"
"743","true","random-sampling","false","false","9","1000","9","1000","1000000","1947"
"745","true","random-sampling","false","false","9","1000","9","1000","1000000","1931"
"744","true","random-sampling","false","false","9","1000","9","1000","1000000","1964"
"746","true","random-sampling","false","false","9","1000","9","1000","1000000","1921"
"748","true","random-sampling","false","false","9","1000","9","1000","1000000","1961"
"747","true","random-sampling","false","false","9","1000","9","1000","1000000","2008"
"749","true","random-sampling","false","false","9","1000","9","1000","1000000","1997"
"750","true","random-sampling","false","false","9","1000","9","1000","1000000","1925"
"751","true","random-sampling","false","false","9","1000","9","1000","1000000","1911"
"752","true","random-sampling","false","false","9","1000","9","1000","1000000","2019"
"753","true","random-sampling","false","false","9","1000","9","1000","1000000","1948"
"754","true","random-sampling","false","false","9","1000","9","1000","1000000","1938"
"755","true","random-sampling","false","false","9","1000","9","1000","1000000","1947"
"756","true","random-sampling","false","false","9","1000","9","1000","1000000","1939"
"757","true","random-sampling","false","false","9","1000","9","1000","1000000","1932"
"758","true","random-sampling","false","false","9","1000","9","1000","1000000","1964"
"759","true","random-sampling","false","false","9","1000","9","1000","1000000","1941"
"760","true","random-sampling","false","false","9","1000","9","1000","1000000","1960"
"761","true","random-sampling","false","false","9","1000","9","1000","1000000","1972"
"762","true","random-sampling","false","false","9","1000","9","1000","1000000","1967"
"763","true","random-sampling","false","false","9","1000","9","1000","1000000","2016"
"764","true","random-sampling","false","false","9","1000","9","1000","1000000","1939"
"766","true","random-sampling","false","false","9","1000","9","1000","1000000","1944"
"765","true","random-sampling","false","false","9","1000","9","1000","1000000","1956"
"767","true","random-sampling","false","false","9","1000","9","1000","1000000","1953"
"769","true","random-sampling","false","false","9","1000","9","1000","1000000","1953"
"768","true","random-sampling","false","false","9","1000","9","1000","1000000","1942"
"770","true","random-sampling","false","false","9","1000","9","1000","1000000","1946"
"771","true","random-sampling","false","false","9","1000","9","1000","1000000","1958"
"772","true","random-sampling","false","false","9","1000","9","1000","1000000","1920"
"773","true","random-sampling","false","false","9","1000","9","1000","1000000","1956"
"774","true","random-sampling","false","false","9","1000","9","1000","1000000","1996"
"775","true","random-sampling","false","false","9","1000","9","1000","1000000","1944"
"777","true","random-sampling","false","false","9","1000","9","1000","1000000","1940"
"776","true","random-sampling","false","false","9","1000","9","1000","1000000","1921"
"778","true","random-sampling","false","false","9","1000","9","1000","1000000","1982"
"779","true","random-sampling","false","false","9","1000","9","1000","1000000","1966"
"780","true","random-sampling","false","false","9","1000","9","1000","1000000","1958"
"781","true","random-sampling","false","false","9","1","9","1000","1000000","3167"
"782","true","random-sampling","false","false","9","1","9","1000","1000000","3148"
"783","true","random-sampling","false","false","9","1","9","1000","1000000","3206"
"784","true","random-sampling","false","false","9","1","9","1000","1000000","3268"
"785","true","random-sampling","false","false","9","1","9","1000","1000000","3167"
"786","true","random-sampling","false","false","9","1","9","1000","1000000","3251"
"787","true","random-sampling","false","false","9","1","9","1000","1000000","3191"
"788","true","random-sampling","false","false","9","1","9","1000","1000000","3272"
"789","true","random-sampling","false","false","9","1","9","1000","1000000","3085"
"790","true","random-sampling","false","false","9","1","9","1000","1000000","3041"
"791","true","random-sampling","false","false","9","1","9","1000","1000000","3167"
"792","true","random-sampling","false","false","9","1","9","1000","1000000","3225"
"793","true","random-sampling","false","false","9","1","9","1000","1000000","3017"
"794","true","random-sampling","false","false","9","1","9","1000","1000000","3155"
"795","true","random-sampling","false","false","9","1","9","1000","1000000","3286"
"796","true","random-sampling","false","false","9","1","9","1000","1000000","3231"
"797","true","random-sampling","false","false","9","1","9","1000","1000000","3168"
"798","true","random-sampling","false","false","9","1","9","1000","1000000","3239"
"799","true","random-sampling","false","false","9","1","9","1000","1000000","3298"
"800","true","random-sampling","false","false","9","1","9","1000","1000000","3139"
"801","true","random-sampling","false","false","9","1","9","1000","1000000","3185"
"802","true","random-sampling","false","false","9","1","9","1000","1000000","3298"
"803","true","random-sampling","false","false","9","1","9","1000","1000000","3167"
"804","true","random-sampling","false","false","9","1","9","1000","1000000","2957"
"805","true","random-sampling","false","false","9","1","9","1000","1000000","3235"
"806","true","random-sampling","false","false","9","1","9","1000","1000000","2982"
"807","true","random-sampling","false","false","9","1","9","1000","1000000","3175"
"808","true","random-sampling","false","false","9","1","9","1000","1000000","3288"
"810","true","random-sampling","false","false","9","1","9","1000","1000000","3171"
"809","true","random-sampling","false","false","9","1","9","1000","1000000","3071"
"811","true","random-sampling","false","false","9","1","9","1000","1000000","3200"
"814","true","random-sampling","false","false","9","1","9","1000","1000000","3075"
"812","true","random-sampling","false","false","9","1","9","1000","1000000","3164"
"813","true","random-sampling","false","false","9","1","9","1000","1000000","3233"
"815","true","random-sampling","false","false","9","1","9","1000","1000000","3122"
"816","true","random-sampling","false","false","9","1","9","1000","1000000","3187"
"818","true","random-sampling","false","false","9","1","9","1000","1000000","3228"
"817","true","random-sampling","false","false","9","1","9","1000","1000000","3061"
"819","true","random-sampling","false","false","9","1","9","1000","1000000","3123"
"821","true","random-sampling","false","false","9","1","9","1000","1000000","3304"
"820","true","random-sampling","false","false","9","1","9","1000","1000000","3193"
"822","true","random-sampling","false","false","9","1","9","1000","1000000","3241"
"823","true","random-sampling","false","false","9","1","9","1000","1000000","3153"
"824","true","random-sampling","false","false","9","1","9","1000","1000000","3161"
"825","true","random-sampling","false","false","9","1","9","1000","1000000","2947"
"826","true","random-sampling","false","false","9","1","9","1000","1000000","3203"
"827","true","random-sampling","false","false","9","1","9","1000","1000000","3235"
"829","true","random-sampling","false","false","9","1","9","1000","1000000","3194"
"828","true","random-sampling","false","false","9","1","9","1000","1000000","3232"
"830","true","random-sampling","false","false","9","1","9","1000","1000000","3229"
"831","true","random-sampling","false","false","9","1","9","1000","1000000","2890"
"832","true","random-sampling","false","false","9","1","9","1000","1000000","3220"
"833","true","random-sampling","false","false","9","1","9","1000","1000000","3214"
"834","true","random-sampling","false","false","9","1","9","1000","1000000","3025"
"835","true","random-sampling","false","false","9","1","9","1000","1000000","3266"
"837","true","random-sampling","false","false","9","1","9","1000","1000000","3291"
"836","true","random-sampling","false","false","9","1","9","1000","1000000","3297"
"838","true","random-sampling","false","false","9","1","9","1000","1000000","3227"
"839","true","random-sampling","false","false","9","1","9","1000","1000000","3174"
"840","true","random-sampling","false","false","9","1","9","1000","1000000","3106"
"841","true","random-sampling","false","false","10","1000","9","1000","1000000","3937"
"842","true","random-sampling","false","false","10","1000","9","1000","1000000","3883"
"843","true","random-sampling","false","false","10","1000","9","1000","1000000","3781"
"844","true","random-sampling","false","false","10","1000","9","1000","1000000","3997"
"845","true","random-sampling","false","false","10","1000","9","1000","1000000","3905"
"846","true","random-sampling","false","false","10","1000","9","1000","1000000","3794"
"847","true","random-sampling","false","false","10","1000","9","1000","1000000","3654"
"848","true","random-sampling","false","false","10","1000","9","1000","1000000","3879"
"849","true","random-sampling","false","false","10","1000","9","1000","1000000","3872"
"850","true","random-sampling","false","false","10","1000","9","1000","1000000","3868"
"851","true","random-sampling","false","false","10","1000","9","1000","1000000","3773"
"852","true","random-sampling","false","false","10","1000","9","1000","1000000","3891"
"853","true","random-sampling","false","false","10","1000","9","1000","1000000","3892"
"854","true","random-sampling","false","false","10","1000","9","1000","1000000","3883"
"855","true","random-sampling","false","false","10","1000","9","1000","1000000","3883"
"856","true","random-sampling","false","false","10","1000","9","1000","1000000","3896"
"857","true","random-sampling","false","false","10","1000","9","1000","1000000","3865"
"858","true","random-sampling","false","false","10","1000","9","1000","1000000","3810"
"859","true","random-sampling","false","false","10","1000","9","1000","1000000","3890"
"861","true","random-sampling","false","false","10","1000","9","1000","1000000","3961"
"860","true","random-sampling","false","false","10","1000","9","1000","1000000","3877"
"862","true","random-sampling","false","false","10","1000","9","1000","1000000","3941"
"863","true","random-sampling","false","false","10","1000","9","1000","1000000","3926"
"864","true","random-sampling","false","false","10","1000","9","1000","1000000","3940"
"865","true","random-sampling","false","false","10","1000","9","1000","1000000","3904"
"866","true","random-sampling","false","false","10","1000","9","1000","1000000","3928"
"867","true","random-sampling","false","false","10","1000","9","1000","1000000","3903"
"868","true","random-sampling","false","false","10","1000","9","1000","1000000","3880"
"869","true","random-sampling","false","false","10","1000","9","1000","1000000","3899"
"870","true","random-sampling","false","false","10","1000","9","1000","1000000","3893"
"871","true","random-sampling","false","false","10","1000","9","1000","1000000","3944"
"872","true","random-sampling","false","false","10","1000","9","1000","1000000","3919"
"873","true","random-sampling","false","false","10","1000","9","1000","1000000","3847"
"875","true","random-sampling","false","false","10","1000","9","1000","1000000","3832"
"874","true","random-sampling","false","false","10","1000","9","1000","1000000","3873"
"876","true","random-sampling","false","false","10","1000","9","1000","1000000","3805"
"877","true","random-sampling","false","false","10","1000","9","1000","1000000","3932"
"878","true","random-sampling","false","false","10","1000","9","1000","1000000","3848"
"879","true","random-sampling","false","false","10","1000","9","1000","1000000","3893"
"880","true","random-sampling","false","false","10","1000","9","1000","1000000","3860"
"881","true","random-sampling","false","false","10","1000","9","1000","1000000","3895"
"882","true","random-sampling","false","false","10","1000","9","1000","1000000","3988"
"883","true","random-sampling","false","false","10","1000","9","1000","1000000","3860"
"884","true","random-sampling","false","false","10","1000","9","1000","1000000","3881"
"885","true","random-sampling","false","false","10","1000","9","1000","1000000","3909"
"886","true","random-sampling","false","false","10","1000","9","1000","1000000","3899"
"888","true","random-sampling","false","false","10","1000","9","1000","1000000","3912"
"887","true","random-sampling","false","false","10","1000","9","1000","1000000","3939"
"889","true","random-sampling","false","false","10","1000","9","1000","1000000","3831"
"890","true","random-sampling","false","false","10","1000","9","1000","1000000","3858"
"891","true","random-sampling","false","false","10","1000","9","1000","1000000","3928"
"893","true","random-sampling","false","false","10","1000","9","1000","1000000","3812"
"892","true","random-sampling","false","false","10","1000","9","1000","1000000","3888"
"894","true","random-sampling","false","false","10","1000","9","1000","1000000","3801"
"895","true","random-sampling","false","false","10","1000","9","1000","1000000","3895"
"896","true","random-sampling","false","false","10","1000","9","1000","1000000","3859"
"897","true","random-sampling","false","false","10","1000","9","1000","1000000","3931"
"898","true","random-sampling","false","false","10","1000","9","1000","1000000","3899"
"899","true","random-sampling","false","false","10","1000","9","1000","1000000","3958"
"902","true","random-sampling","false","false","10","1","9","1000","1000000","6473"
"901","true","random-sampling","false","false","10","1","9","1000","1000000","6357"
"900","true","random-sampling","false","false","10","1000","9","1000","1000000","3865"
"903","true","random-sampling","false","false","10","1","9","1000","1000000","6444"
"904","true","random-sampling","false","false","10","1","9","1000","1000000","6442"
"905","true","random-sampling","false","false","10","1","9","1000","1000000","6000"
"906","true","random-sampling","false","false","10","1","9","1000","1000000","6570"
"909","true","random-sampling","false","false","10","1","9","1000","1000000","6301"
"907","true","random-sampling","false","false","10","1","9","1000","1000000","6403"
"908","true","random-sampling","false","false","10","1","9","1000","1000000","6107"
"910","true","random-sampling","false","false","10","1","9","1000","1000000","6098"
"911","true","random-sampling","false","false","10","1","9","1000","1000000","6371"
"912","true","random-sampling","false","false","10","1","9","1000","1000000","6072"
"913","true","random-sampling","false","false","10","1","9","1000","1000000","6107"
"914","true","random-sampling","false","false","10","1","9","1000","1000000","5948"
"915","true","random-sampling","false","false","10","1","9","1000","1000000","6142"
"917","true","random-sampling","false","false","10","1","9","1000","1000000","6434"
"916","true","random-sampling","false","false","10","1","9","1000","1000000","6242"
"918","true","random-sampling","false","false","10","1","9","1000","1000000","6214"
"920","true","random-sampling","false","false","10","1","9","1000","1000000","6162"
"919","true","random-sampling","false","false","10","1","9","1000","1000000","6071"
"921","true","random-sampling","false","false","10","1","9","1000","1000000","6425"
"922","true","random-sampling","false","false","10","1","9","1000","1000000","6415"
"923","true","random-sampling","false","false","10","1","9","1000","1000000","6336"
"924","true","random-sampling","false","false","10","1","9","1000","1000000","5837"
"925","true","random-sampling","false","false","10","1","9","1000","1000000","6226"
"926","true","random-sampling","false","false","10","1","9","1000","1000000","6382"
"927","true","random-sampling","false","false","10","1","9","1000","1000000","6170"
"928","true","random-sampling","false","false","10","1","9","1000","1000000","6081"
"929","true","random-sampling","false","false","10","1","9","1000","1000000","5950"
"931","true","random-sampling","false","false","10","1","9","1000","1000000","5978"
"930","true","random-sampling","false","false","10","1","9","1000","1000000","5848"
"932","true","random-sampling","false","false","10","1","9","1000","1000000","6354"
"933","true","random-sampling","false","false","10","1","9","1000","1000000","6306"
"934","true","random-sampling","false","false","10","1","9","1000","1000000","6186"
"935","true","random-sampling","false","false","10","1","9","1000","1000000","6215"
"936","true","random-sampling","false","false","10","1","9","1000","1000000","6461"
"937","true","random-sampling","false","false","10","1","9","1000","1000000","6502"
"939","true","random-sampling","false","false","10","1","9","1000","1000000","6557"
"938","true","random-sampling","false","false","10","1","9","1000","1000000","6344"
"940","true","random-sampling","false","false","10","1","9","1000","1000000","6534"
"941","true","random-sampling","false","false","10","1","9","1000","1000000","6228"
"942","true","random-sampling","false","false","10","1","9","1000","1000000","6496"
"943","true","random-sampling","false","false","10","1","9","1000","1000000","6179"
"944","true","random-sampling","false","false","10","1","9","1000","1000000","6021"
"945","true","random-sampling","false","false","10","1","9","1000","1000000","6228"
"947","true","random-sampling","false","false","10","1","9","1000","1000000","6169"
"946","true","random-sampling","false","false","10","1","9","1000","1000000","5829"
"948","true","random-sampling","false","false","10","1","9","1000","1000000","6389"
"949","true","random-sampling","false","false","10","1","9","1000","1000000","6515"
"950","true","random-sampling","false","false","10","1","9","1000","1000000","6151"
"951","true","random-sampling","false","false","10","1","9","1000","1000000","6028"
"952","true","random-sampling","false","false","10","1","9","1000","1000000","6188"
"953","true","random-sampling","false","false","10","1","9","1000","1000000","6260"
"954","true","random-sampling","false","false","10","1","9","1000","1000000","6031"
"955","true","random-sampling","false","false","10","1","9","1000","1000000","6453"
"956","true","random-sampling","false","false","10","1","9","1000","1000000","6502"
"957","true","random-sampling","false","false","10","1","9","1000","1000000","6119"
"959","true","random-sampling","false","false","10","1","9","1000","1000000","6394"
"958","true","random-sampling","false","false","10","1","9","1000","1000000","6361"
"960","true","random-sampling","false","false","10","1","9","1000","1000000","6281"
"961","true","random-sampling","false","false","11","1000","9","1000","1000000","7506"
"962","true","random-sampling","false","false","11","1000","9","1000","1000000","7698"
"963","true","random-sampling","false","false","11","1000","9","1000","1000000","7559"
"964","true","random-sampling","false","false","11","1000","9","1000","1000000","7697"
"965","true","random-sampling","false","false","11","1000","9","1000","1000000","7663"
"966","true","random-sampling","false","false","11","1000","9","1000","1000000","7433"
"967","true","random-sampling","false","false","11","1000","9","1000","1000000","7643"
"968","true","random-sampling","false","false","11","1000","9","1000","1000000","7492"
"969","true","random-sampling","false","false","11","1000","9","1000","1000000","7708"
"970","true","random-sampling","false","false","11","1000","9","1000","1000000","7596"
"971","true","random-sampling","false","false","11","1000","9","1000","1000000","7706"
"972","true","random-sampling","false","false","11","1000","9","1000","1000000","7674"
"973","true","random-sampling","false","false","11","1000","9","1000","1000000","7859"
"974","true","random-sampling","false","false","11","1000","9","1000","1000000","7874"
"976","true","random-sampling","false","false","11","1000","9","1000","1000000","7575"
"975","true","random-sampling","false","false","11","1000","9","1000","1000000","7579"
"977","true","random-sampling","false","false","11","1000","9","1000","1000000","7580"
"978","true","random-sampling","false","false","11","1000","9","1000","1000000","7667"
"979","true","random-sampling","false","false","11","1000","9","1000","1000000","7643"
"980","true","random-sampling","false","false","11","1000","9","1000","1000000","7643"
"981","true","random-sampling","false","false","11","1000","9","1000","1000000","7758"
"983","true","random-sampling","false","false","11","1000","9","1000","1000000","7715"
"982","true","random-sampling","false","false","11","1000","9","1000","1000000","7546"
"984","true","random-sampling","false","false","11","1000","9","1000","1000000","7530"
"985","true","random-sampling","false","false","11","1000","9","1000","1000000","7685"
"986","true","random-sampling","false","false","11","1000","9","1000","1000000","7609"
"987","true","random-sampling","false","false","11","1000","9","1000","1000000","7591"
"988","true","random-sampling","false","false","11","1000","9","1000","1000000","7642"
"989","true","random-sampling","false","false","11","1000","9","1000","1000000","7690"
"990","true","random-sampling","false","false","11","1000","9","1000","1000000","7634"
"991","true","random-sampling","false","false","11","1000","9","1000","1000000","7628"
"992","true","random-sampling","false","false","11","1000","9","1000","1000000","7877"
"993","true","random-sampling","false","false","11","1000","9","1000","1000000","7668"
"994","true","random-sampling","false","false","11","1000","9","1000","1000000","7699"
"995","true","random-sampling","false","false","11","1000","9","1000","1000000","7864"
"996","true","random-sampling","false","false","11","1000","9","1000","1000000","7710"
"997","true","random-sampling","false","false","11","1000","9","1000","1000000","7726"
"998","true","random-sampling","false","false","11","1000","9","1000","1000000","7652"
"999","true","random-sampling","false","false","11","1000","9","1000","1000000","7698"
"1000","true","random-sampling","false","false","11","1000","9","1000","1000000","7694"
"1001","true","random-sampling","false","false","11","1000","9","1000","1000000","7864"
"1002","true","random-sampling","false","false","11","1000","9","1000","1000000","7740"
"1003","true","random-sampling","false","false","11","1000","9","1000","1000000","7850"
"1004","true","random-sampling","false","false","11","1000","9","1000","1000000","7594"
"1005","true","random-sampling","false","false","11","1000","9","1000","1000000","7619"
"1006","true","random-sampling","false","false","11","1000","9","1000","1000000","7641"
"1007","true","random-sampling","false","false","11","1000","9","1000","1000000","7680"
"1008","true","random-sampling","false","false","11","1000","9","1000","1000000","7773"
"1009","true","random-sampling","false","false","11","1000","9","1000","1000000","7567"
"1010","true","random-sampling","false","false","11","1000","9","1000","1000000","7589"
"1011","true","random-sampling","false","false","11","1000","9","1000","1000000","7437"
"1012","true","random-sampling","false","false","11","1000","9","1000","1000000","7745"
"1013","true","random-sampling","false","false","11","1000","9","1000","1000000","7702"
"1014","true","random-sampling","false","false","11","1000","9","1000","1000000","7665"
"1015","true","random-sampling","false","false","11","1000","9","1000","1000000","7738"
"1016","true","random-sampling","false","false","11","1000","9","1000","1000000","7781"
"1017","true","random-sampling","false","false","11","1000","9","1000","1000000","7682"
"1018","true","random-sampling","false","false","11","1000","9","1000","1000000","7607"
"1019","true","random-sampling","false","false","11","1000","9","1000","1000000","7511"
"1020","true","random-sampling","false","false","11","1000","9","1000","1000000","7644"
"1021","true","random-sampling","false","false","11","1","9","1000","1000000","12682"
"1022","true","random-sampling","false","false","11","1","9","1000","1000000","12485"
"1023","true","random-sampling","false","false","11","1","9","1000","1000000","12161"
"1024","true","random-sampling","false","false","11","1","9","1000","1000000","12310"
"1025","true","random-sampling","false","false","11","1","9","1000","1000000","12435"
"1026","true","random-sampling","false","false","11","1","9","1000","1000000","11603"
"1027","true","random-sampling","false","false","11","1","9","1000","1000000","12461"
"1028","true","random-sampling","false","false","11","1","9","1000","1000000","12192"
"1029","true","random-sampling","false","false","11","1","9","1000","1000000","12163"
"1030","true","random-sampling","false","false","11","1","9","1000","1000000","12012"
"1031","true","random-sampling","false","false","11","1","9","1000","1000000","11256"
"1032","true","random-sampling","false","false","11","1","9","1000","1000000","11935"
"1033","true","random-sampling","false","false","11","1","9","1000","1000000","12052"
"1034","true","random-sampling","false","false","11","1","9","1000","1000000","12153"
"1035","true","random-sampling","false","false","11","1","9","1000","1000000","11579"
"1036","true","random-sampling","false","false","11","1","9","1000","1000000","12081"
"1037","true","random-sampling","false","false","11","1","9","1000","1000000","12837"
"1038","true","random-sampling","false","false","11","1","9","1000","1000000","12450"
"1039","true","random-sampling","false","false","11","1","9","1000","1000000","11491"
"1040","true","random-sampling","false","false","11","1","9","1000","1000000","12002"
"1041","true","random-sampling","false","false","11","1","9","1000","1000000","11889"
"1042","true","random-sampling","false","false","11","1","9","1000","1000000","12096"
"1043","true","random-sampling","false","false","11","1","9","1000","1000000","12335"
"1044","true","random-sampling","false","false","11","1","9","1000","1000000","11752"
"1045","true","random-sampling","false","false","11","1","9","1000","1000000","11054"
"1047","true","random-sampling","false","false","11","1","9","1000","1000000","11994"
"1046","true","random-sampling","false","false","11","1","9","1000","1000000","12171"
"1048","true","random-sampling","false","false","11","1","9","1000","1000000","11976"
"1049","true","random-sampling","false","false","11","1","9","1000","1000000","11461"
"1050","true","random-sampling","false","false","11","1","9","1000","1000000","12238"
"1052","true","random-sampling","false","false","11","1","9","1000","1000000","11009"
"1051","true","random-sampling","false","false","11","1","9","1000","1000000","12178"
"1053","true","random-sampling","false","false","11","1","9","1000","1000000","12139"
"1054","true","random-sampling","false","false","11","1","9","1000","1000000","12523"
"1055","true","random-sampling","false","false","11","1","9","1000","1000000","11835"
"1056","true","random-sampling","false","false","11","1","9","1000","1000000","12344"
"1057","true","random-sampling","false","false","11","1","9","1000","1000000","12327"
"1058","true","random-sampling","false","false","11","1","9","1000","1000000","12115"
"1059","true","random-sampling","false","false","11","1","9","1000","1000000","12264"
"1060","true","random-sampling","false","false","11","1","9","1000","1000000","12372"
"1062","true","random-sampling","false","false","11","1","9","1000","1000000","11712"
"1063","true","random-sampling","false","false","11","1","9","1000","1000000","12605"
"1061","true","random-sampling","false","false","11","1","9","1000","1000000","11996"
"1064","true","random-sampling","false","false","11","1","9","1000","1000000","11959"
"1065","true","random-sampling","false","false","11","1","9","1000","1000000","11990"
"1066","true","random-sampling","false","false","11","1","9","1000","1000000","12388"
"1067","true","random-sampling","false","false","11","1","9","1000","1000000","12084"
"1068","true","random-sampling","false","false","11","1","9","1000","1000000","12062"
"1070","true","random-sampling","false","false","11","1","9","1000","1000000","11857"
"1069","true","random-sampling","false","false","11","1","9","1000","1000000","11994"
"1071","true","random-sampling","false","false","11","1","9","1000","1000000","12279"
"1072","true","random-sampling","false","false","11","1","9","1000","1000000","12540"
"1073","true","random-sampling","false","false","11","1","9","1000","1000000","12629"
"1074","true","random-sampling","false","false","11","1","9","1000","1000000","12472"
"1075","true","random-sampling","false","false","11","1","9","1000","1000000","12023"
"1076","true","random-sampling","false","false","11","1","9","1000","1000000","11849"
"1078","true","random-sampling","false","false","11","1","9","1000","1000000","12245"
"1077","true","random-sampling","false","false","11","1","9","1000","1000000","11722"
"1079","true","random-sampling","false","false","11","1","9","1000","1000000","11712"
"1080","true","random-sampling","false","false","11","1","9","1000","1000000","12593"
"1081","true","random-sampling","false","false","12","1000","9","1000","1000000","11355"
"1082","true","random-sampling","false","false","12","1000","9","1000","1000000","11302"
"1083","true","random-sampling","false","false","12","1000","9","1000","1000000","11295"
"1084","true","random-sampling","false","false","12","1000","9","1000","1000000","11568"
"1085","true","random-sampling","false","false","12","1000","9","1000","1000000","11466"
"1086","true","random-sampling","false","false","12","1000","9","1000","1000000","11400"
"1087","true","random-sampling","false","false","12","1000","9","1000","1000000","11224"
"1088","true","random-sampling","false","false","12","1000","9","1000","1000000","11361"
"1089","true","random-sampling","false","false","12","1000","9","1000","1000000","11460"
"1090","true","random-sampling","false","false","12","1000","9","1000","1000000","11465"
"1091","true","random-sampling","false","false","12","1000","9","1000","1000000","11209"
"1092","true","random-sampling","false","false","12","1000","9","1000","1000000","11420"
"1093","true","random-sampling","false","false","12","1000","9","1000","1000000","11258"
"1094","true","random-sampling","false","false","12","1000","9","1000","1000000","11332"
"1095","true","random-sampling","false","false","12","1000","9","1000","1000000","11264"
"1096","true","random-sampling","false","false","12","1000","9","1000","1000000","11268"
"1097","true","random-sampling","false","false","12","1000","9","1000","1000000","11496"
"1098","true","random-sampling","false","false","12","1000","9","1000","1000000","11221"
"1100","true","random-sampling","false","false","12","1000","9","1000","1000000","11338"
"1099","true","random-sampling","false","false","12","1000","9","1000","1000000","11314"
"1101","true","random-sampling","false","false","12","1000","9","1000","1000000","11059"
"1102","true","random-sampling","false","false","12","1000","9","1000","1000000","11304"
"1103","true","random-sampling","false","false","12","1000","9","1000","1000000","11210"
"1104","true","random-sampling","false","false","12","1000","9","1000","1000000","11419"
"1105","true","random-sampling","false","false","12","1000","9","1000","1000000","11201"
"1106","true","random-sampling","false","false","12","1000","9","1000","1000000","11405"
"1107","true","random-sampling","false","false","12","1000","9","1000","1000000","11514"
"1108","true","random-sampling","false","false","12","1000","9","1000","1000000","11429"
"1109","true","random-sampling","false","false","12","1000","9","1000","1000000","11446"
"1110","true","random-sampling","false","false","12","1000","9","1000","1000000","11326"
"1111","true","random-sampling","false","false","12","1000","9","1000","1000000","11264"
"1112","true","random-sampling","false","false","12","1000","9","1000","1000000","11172"
"1113","true","random-sampling","false","false","12","1000","9","1000","1000000","11673"
"1114","true","random-sampling","false","false","12","1000","9","1000","1000000","11504"
"1115","true","random-sampling","false","false","12","1000","9","1000","1000000","11459"
"1116","true","random-sampling","false","false","12","1000","9","1000","1000000","11243"
"1117","true","random-sampling","false","false","12","1000","9","1000","1000000","11404"
"1118","true","random-sampling","false","false","12","1000","9","1000","1000000","11558"
"1119","true","random-sampling","false","false","12","1000","9","1000","1000000","11241"
"1120","true","random-sampling","false","false","12","1000","9","1000","1000000","11440"
"1121","true","random-sampling","false","false","12","1000","9","1000","1000000","11416"
"1122","true","random-sampling","false","false","12","1000","9","1000","1000000","11624"
"1123","true","random-sampling","false","false","12","1000","9","1000","1000000","11067"
"1124","true","random-sampling","false","false","12","1000","9","1000","1000000","11376"
"1125","true","random-sampling","false","false","12","1000","9","1000","1000000","11329"
"1126","true","random-sampling","false","false","12","1000","9","1000","1000000","11516"
"1127","true","random-sampling","false","false","12","1000","9","1000","1000000","11469"
"1128","true","random-sampling","false","false","12","1000","9","1000","1000000","11390"
"1129","true","random-sampling","false","false","12","1000","9","1000","1000000","11448"
"1130","true","random-sampling","false","false","12","1000","9","1000","1000000","11441"
"1131","true","random-sampling","false","false","12","1000","9","1000","1000000","11170"
"1132","true","random-sampling","false","false","12","1000","9","1000","1000000","11348"
"1133","true","random-sampling","false","false","12","1000","9","1000","1000000","11556"
"1134","true","random-sampling","false","false","12","1000","9","1000","1000000","11546"
"1135","true","random-sampling","false","false","12","1000","9","1000","1000000","11482"
"1136","true","random-sampling","false","false","12","1000","9","1000","1000000","11531"
"1137","true","random-sampling","false","false","12","1000","9","1000","1000000","11424"
"1138","true","random-sampling","false","false","12","1000","9","1000","1000000","11244"
"1141","true","random-sampling","false","false","12","1","9","1000","1000000","17947"
"1139","true","random-sampling","false","false","12","1000","9","1000","1000000","11591"
"1140","true","random-sampling","false","false","12","1000","9","1000","1000000","11299"
"1142","true","random-sampling","false","false","12","1","9","1000","1000000","18411"
"1143","true","random-sampling","false","false","12","1","9","1000","1000000","18138"
"1144","true","random-sampling","false","false","12","1","9","1000","1000000","18087"
"1146","true","random-sampling","false","false","12","1","9","1000","1000000","16811"
"1145","true","random-sampling","false","false","12","1","9","1000","1000000","18067"
"1147","true","random-sampling","false","false","12","1","9","1000","1000000","18571"
"1148","true","random-sampling","false","false","12","1","9","1000","1000000","18143"
"1150","true","random-sampling","false","false","12","1","9","1000","1000000","16389"
"1149","true","random-sampling","false","false","12","1","9","1000","1000000","17497"
"1151","true","random-sampling","false","false","12","1","9","1000","1000000","17471"
"1152","true","random-sampling","false","false","12","1","9","1000","1000000","17767"
"1153","true","random-sampling","false","false","12","1","9","1000","1000000","18067"
"1154","true","random-sampling","false","false","12","1","9","1000","1000000","17617"
"1155","true","random-sampling","false","false","12","1","9","1000","1000000","17323"
"1156","true","random-sampling","false","false","12","1","9","1000","1000000","17994"
"1158","true","random-sampling","false","false","12","1","9","1000","1000000","18183"
"1157","true","random-sampling","false","false","12","1","9","1000","1000000","18161"
"1159","true","random-sampling","false","false","12","1","9","1000","1000000","17970"
"1160","true","random-sampling","false","false","12","1","9","1000","1000000","18314"
"1161","true","random-sampling","false","false","12","1","9","1000","1000000","17348"
"1162","true","random-sampling","false","false","12","1","9","1000","1000000","17537"
"1163","true","random-sampling","false","false","12","1","9","1000","1000000","17802"
"1164","true","random-sampling","false","false","12","1","9","1000","1000000","17497"
"1166","true","random-sampling","false","false","12","1","9","1000","1000000","18379"
"1165","true","random-sampling","false","false","12","1","9","1000","1000000","17905"
"1167","true","random-sampling","false","false","12","1","9","1000","1000000","17869"
"1168","true","random-sampling","false","false","12","1","9","1000","1000000","18503"
"1169","true","random-sampling","false","false","12","1","9","1000","1000000","18462"
"1170","true","random-sampling","false","false","12","1","9","1000","1000000","18044"
"1171","true","random-sampling","false","false","12","1","9","1000","1000000","17903"
"1172","true","random-sampling","false","false","12","1","9","1000","1000000","18618"
"1173","true","random-sampling","false","false","12","1","9","1000","1000000","17907"
"1174","true","random-sampling","false","false","12","1","9","1000","1000000","17420"
"1175","true","random-sampling","false","false","12","1","9","1000","1000000","17663"
"1176","true","random-sampling","false","false","12","1","9","1000","1000000","18377"
"1177","true","random-sampling","false","false","12","1","9","1000","1000000","18504"
"1178","true","random-sampling","false","false","12","1","9","1000","1000000","18085"
"1179","true","random-sampling","false","false","12","1","9","1000","1000000","17824"
"1180","true","random-sampling","false","false","12","1","9","1000","1000000","17572"
"1181","true","random-sampling","false","false","12","1","9","1000","1000000","18408"
"1182","true","random-sampling","false","false","12","1","9","1000","1000000","17982"
"1183","true","random-sampling","false","false","12","1","9","1000","1000000","17621"
"1185","true","random-sampling","false","false","12","1","9","1000","1000000","17025"
"1184","true","random-sampling","false","false","12","1","9","1000","1000000","18246"
"1186","true","random-sampling","false","false","12","1","9","1000","1000000","18128"
"1187","true","random-sampling","false","false","12","1","9","1000","1000000","18239"
"1188","true","random-sampling","false","false","12","1","9","1000","1000000","18545"
"1190","true","random-sampling","false","false","12","1","9","1000","1000000","17418"
"1189","true","random-sampling","false","false","12","1","9","1000","1000000","18807"
"1191","true","random-sampling","false","false","12","1","9","1000","1000000","18286"
"1192","true","random-sampling","false","false","12","1","9","1000","1000000","16500"
"1193","true","random-sampling","false","false","12","1","9","1000","1000000","17695"
"1194","true","random-sampling","false","false","12","1","9","1000","1000000","17439"
"1195","true","random-sampling","false","false","12","1","9","1000","1000000","18189"
"1196","true","random-sampling","false","false","12","1","9","1000","1000000","17925"
"1197","true","random-sampling","false","false","12","1","9","1000","1000000","18006"
"1198","true","random-sampling","false","false","12","1","9","1000","1000000","17897"
"1199","true","random-sampling","false","false","12","1","9","1000","1000000","17715"
"1200","true","random-sampling","false","false","12","1","9","1000","1000000","17089"
"1201","true","random-sampling","false","false","13","1000","9","1000","1000000","14735"
"1202","true","random-sampling","false","false","13","1000","9","1000","1000000","14656"
"1203","true","random-sampling","false","false","13","1000","9","1000","1000000","14983"
"1204","true","random-sampling","false","false","13","1000","9","1000","1000000","14983"
"1205","true","random-sampling","false","false","13","1000","9","1000","1000000","14692"
"1206","true","random-sampling","false","false","13","1000","9","1000","1000000","14885"
"1207","true","random-sampling","false","false","13","1000","9","1000","1000000","14869"
"1208","true","random-sampling","false","false","13","1000","9","1000","1000000","14591"
"1210","true","random-sampling","false","false","13","1000","9","1000","1000000","15153"
"1209","true","random-sampling","false","false","13","1000","9","1000","1000000","15048"
"1211","true","random-sampling","false","false","13","1000","9","1000","1000000","14937"
"1212","true","random-sampling","false","false","13","1000","9","1000","1000000","15151"
"1213","true","random-sampling","false","false","13","1000","9","1000","1000000","14668"
"1214","true","random-sampling","false","false","13","1000","9","1000","1000000","15242"
"1215","true","random-sampling","false","false","13","1000","9","1000","1000000","15265"
"1216","true","random-sampling","false","false","13","1000","9","1000","1000000","15018"
"1219","true","random-sampling","false","false","13","1000","9","1000","1000000","14895"
"1217","true","random-sampling","false","false","13","1000","9","1000","1000000","15005"
"1218","true","random-sampling","false","false","13","1000","9","1000","1000000","14906"
"1220","true","random-sampling","false","false","13","1000","9","1000","1000000","14631"
"1221","true","random-sampling","false","false","13","1000","9","1000","1000000","14680"
"1222","true","random-sampling","false","false","13","1000","9","1000","1000000","14807"
"1223","true","random-sampling","false","false","13","1000","9","1000","1000000","15211"
"1224","true","random-sampling","false","false","13","1000","9","1000","1000000","14445"
"1225","true","random-sampling","false","false","13","1000","9","1000","1000000","14912"
"1226","true","random-sampling","false","false","13","1000","9","1000","1000000","14950"
"1227","true","random-sampling","false","false","13","1000","9","1000","1000000","15253"
"1228","true","random-sampling","false","false","13","1000","9","1000","1000000","15069"
"1229","true","random-sampling","false","false","13","1000","9","1000","1000000","15037"
"1230","true","random-sampling","false","false","13","1000","9","1000","1000000","14834"
"1231","true","random-sampling","false","false","13","1000","9","1000","1000000","14709"
"1232","true","random-sampling","false","false","13","1000","9","1000","1000000","15013"
"1233","true","random-sampling","false","false","13","1000","9","1000","1000000","15117"
"1234","true","random-sampling","false","false","13","1000","9","1000","1000000","14840"
"1235","true","random-sampling","false","false","13","1000","9","1000","1000000","15149"
"1236","true","random-sampling","false","false","13","1000","9","1000","1000000","14952"
"1237","true","random-sampling","false","false","13","1000","9","1000","1000000","15111"
"1238","true","random-sampling","false","false","13","1000","9","1000","1000000","14877"
"1240","true","random-sampling","false","false","13","1000","9","1000","1000000","14846"
"1239","true","random-sampling","false","false","13","1000","9","1000","1000000","14852"
"1241","true","random-sampling","false","false","13","1000","9","1000","1000000","15064"
"1242","true","random-sampling","false","false","13","1000","9","1000","1000000","14955"
"1244","true","random-sampling","false","false","13","1000","9","1000","1000000","14935"
"1243","true","random-sampling","false","false","13","1000","9","1000","1000000","15049"
"1245","true","random-sampling","false","false","13","1000","9","1000","1000000","15155"
"1246","true","random-sampling","false","false","13","1000","9","1000","1000000","14941"
"1247","true","random-sampling","false","false","13","1000","9","1000","1000000","15051"
"1248","true","random-sampling","false","false","13","1000","9","1000","1000000","14969"
"1249","true","random-sampling","false","false","13","1000","9","1000","1000000","15207"
"1250","true","random-sampling","false","false","13","1000","9","1000","1000000","14803"
"1251","true","random-sampling","false","false","13","1000","9","1000","1000000","14886"
"1252","true","random-sampling","false","false","13","1000","9","1000","1000000","15018"
"1253","true","random-sampling","false","false","13","1000","9","1000","1000000","14789"
"1254","true","random-sampling","false","false","13","1000","9","1000","1000000","14971"
"1255","true","random-sampling","false","false","13","1000","9","1000","1000000","14896"
"1256","true","random-sampling","false","false","13","1000","9","1000","1000000","14973"
"1257","true","random-sampling","false","false","13","1000","9","1000","1000000","14589"
"1258","true","random-sampling","false","false","13","1000","9","1000","1000000","14568"
"1261","true","random-sampling","false","false","13","1","9","1000","1000000","23382"
"1259","true","random-sampling","false","false","13","1000","9","1000","1000000","14854"
"1262","true","random-sampling","false","false","13","1","9","1000","1000000","22804"
"1260","true","random-sampling","false","false","13","1000","9","1000","1000000","15212"
"1263","true","random-sampling","false","false","13","1","9","1000","1000000","23532"
"1264","true","random-sampling","false","false","13","1","9","1000","1000000","23450"
"1265","true","random-sampling","false","false","13","1","9","1000","1000000","22188"
"1266","true","random-sampling","false","false","13","1","9","1000","1000000","23730"
"1268","true","random-sampling","false","false","13","1","9","1000","1000000","23126"
"1267","true","random-sampling","false","false","13","1","9","1000","1000000","22974"
"1269","true","random-sampling","false","false","13","1","9","1000","1000000","22703"
"1270","true","random-sampling","false","false","13","1","9","1000","1000000","23556"
"1271","true","random-sampling","false","false","13","1","9","1000","1000000","23562"
"1272","true","random-sampling","false","false","13","1","9","1000","1000000","22991"
"1273","true","random-sampling","false","false","13","1","9","1000","1000000","22696"
"1274","true","random-sampling","false","false","13","1","9","1000","1000000","23123"
"1275","true","random-sampling","false","false","13","1","9","1000","1000000","22092"
"1276","true","random-sampling","false","false","13","1","9","1000","1000000","23358"
"1277","true","random-sampling","false","false","13","1","9","1000","1000000","23122"
"1279","true","random-sampling","false","false","13","1","9","1000","1000000","22460"
"1278","true","random-sampling","false","false","13","1","9","1000","1000000","23254"
"1280","true","random-sampling","false","false","13","1","9","1000","1000000","23291"
"1281","true","random-sampling","false","false","13","1","9","1000","1000000","22738"
"1282","true","random-sampling","false","false","13","1","9","1000","1000000","22703"
"1283","true","random-sampling","false","false","13","1","9","1000","1000000","24003"
"1284","true","random-sampling","false","false","13","1","9","1000","1000000","22968"
"1285","true","random-sampling","false","false","13","1","9","1000","1000000","23058"
"1286","true","random-sampling","false","false","13","1","9","1000","1000000","23392"
"1287","true","random-sampling","false","false","13","1","9","1000","1000000","23732"
"1288","true","random-sampling","false","false","13","1","9","1000","1000000","23418"
"1289","true","random-sampling","false","false","13","1","9","1000","1000000","21850"
"1290","true","random-sampling","false","false","13","1","9","1000","1000000","22720"
"1291","true","random-sampling","false","false","13","1","9","1000","1000000","23614"
"1292","true","random-sampling","false","false","13","1","9","1000","1000000","22235"
"1293","true","random-sampling","false","false","13","1","9","1000","1000000","22576"
"1294","true","random-sampling","false","false","13","1","9","1000","1000000","22462"
"1295","true","random-sampling","false","false","13","1","9","1000","1000000","22692"
"1296","true","random-sampling","false","false","13","1","9","1000","1000000","24158"
"1297","true","random-sampling","false","false","13","1","9","1000","1000000","23303"
"1298","true","random-sampling","false","false","13","1","9","1000","1000000","23545"
"1299","true","random-sampling","false","false","13","1","9","1000","1000000","23573"
"1300","true","random-sampling","false","false","13","1","9","1000","1000000","22345"
"1301","true","random-sampling","false","false","13","1","9","1000","1000000","22161"
"1302","true","random-sampling","false","false","13","1","9","1000","1000000","22521"
"1303","true","random-sampling","false","false","13","1","9","1000","1000000","23053"
"1304","true","random-sampling","false","false","13","1","9","1000","1000000","21962"
"1305","true","random-sampling","false","false","13","1","9","1000","1000000","23136"
"1306","true","random-sampling","false","false","13","1","9","1000","1000000","22917"
"1307","true","random-sampling","false","false","13","1","9","1000","1000000","23409"
"1308","true","random-sampling","false","false","13","1","9","1000","1000000","23384"
"1309","true","random-sampling","false","false","13","1","9","1000","1000000","23417"
"1310","true","random-sampling","false","false","13","1","9","1000","1000000","23392"
"1311","true","random-sampling","false","false","13","1","9","1000","1000000","22900"
"1312","true","random-sampling","false","false","13","1","9","1000","1000000","20803"
"1313","true","random-sampling","false","false","13","1","9","1000","1000000","23758"
"1314","true","random-sampling","false","false","13","1","9","1000","1000000","22206"
"1315","true","random-sampling","false","false","13","1","9","1000","1000000","24269"
"1316","true","random-sampling","false","false","13","1","9","1000","1000000","22872"
"1317","true","random-sampling","false","false","13","1","9","1000","1000000","22662"
"1318","true","random-sampling","false","false","13","1","9","1000","1000000","22500"
"1319","true","random-sampling","false","false","13","1","9","1000","1000000","23723"
"1320","true","random-sampling","false","false","13","1","9","1000","1000000","22933"
"1321","true","random-sampling","false","false","14","1000","9","1000","1000000","18071"
"1322","true","random-sampling","false","false","14","1000","9","1000","1000000","17701"
"1323","true","random-sampling","false","false","14","1000","9","1000","1000000","18253"
"1325","true","random-sampling","false","false","14","1000","9","1000","1000000","18361"
"1324","true","random-sampling","false","false","14","1000","9","1000","1000000","18224"
"1326","true","random-sampling","false","false","14","1000","9","1000","1000000","18335"
"1327","true","random-sampling","false","false","14","1000","9","1000","1000000","18075"
"1328","true","random-sampling","false","false","14","1000","9","1000","1000000","18480"
"1329","true","random-sampling","false","false","14","1000","9","1000","1000000","17568"
"1330","true","random-sampling","false","false","14","1000","9","1000","1000000","18062"
"1331","true","random-sampling","false","false","14","1000","9","1000","1000000","17981"
"1333","true","random-sampling","false","false","14","1000","9","1000","1000000","18143"
"1334","true","random-sampling","false","false","14","1000","9","1000","1000000","18179"
"1332","true","random-sampling","false","false","14","1000","9","1000","1000000","18517"
"1335","true","random-sampling","false","false","14","1000","9","1000","1000000","17947"
"1336","true","random-sampling","false","false","14","1000","9","1000","1000000","18249"
"1337","true","random-sampling","false","false","14","1000","9","1000","1000000","18071"
"1338","true","random-sampling","false","false","14","1000","9","1000","1000000","18038"
"1339","true","random-sampling","false","false","14","1000","9","1000","1000000","17690"
"1342","true","random-sampling","false","false","14","1000","9","1000","1000000","18003"
"1341","true","random-sampling","false","false","14","1000","9","1000","1000000","18122"
"1340","true","random-sampling","false","false","14","1000","9","1000","1000000","18367"
"1343","true","random-sampling","false","false","14","1000","9","1000","1000000","18095"
"1344","true","random-sampling","false","false","14","1000","9","1000","1000000","18260"
"1345","true","random-sampling","false","false","14","1000","9","1000","1000000","17942"
"1346","true","random-sampling","false","false","14","1000","9","1000","1000000","18294"
"1347","true","random-sampling","false","false","14","1000","9","1000","1000000","18073"
"1349","true","random-sampling","false","false","14","1000","9","1000","1000000","18546"
"1348","true","random-sampling","false","false","14","1000","9","1000","1000000","18366"
"1350","true","random-sampling","false","false","14","1000","9","1000","1000000","18111"
"1352","true","random-sampling","false","false","14","1000","9","1000","1000000","18341"
"1351","true","random-sampling","false","false","14","1000","9","1000","1000000","18375"
"1353","true","random-sampling","false","false","14","1000","9","1000","1000000","18274"
"1354","true","random-sampling","false","false","14","1000","9","1000","1000000","18298"
"1355","true","random-sampling","false","false","14","1000","9","1000","1000000","18167"
"1356","true","random-sampling","false","false","14","1000","9","1000","1000000","17716"
"1358","true","random-sampling","false","false","14","1000","9","1000","1000000","17962"
"1357","true","random-sampling","false","false","14","1000","9","1000","1000000","17984"
"1359","true","random-sampling","false","false","14","1000","9","1000","1000000","17722"
"1360","true","random-sampling","false","false","14","1000","9","1000","1000000","18105"
"1361","true","random-sampling","false","false","14","1000","9","1000","1000000","18143"
"1362","true","random-sampling","false","false","14","1000","9","1000","1000000","17957"
"1363","true","random-sampling","false","false","14","1000","9","1000","1000000","18116"
"1364","true","random-sampling","false","false","14","1000","9","1000","1000000","18257"
"1365","true","random-sampling","false","false","14","1000","9","1000","1000000","18471"
"1366","true","random-sampling","false","false","14","1000","9","1000","1000000","17696"
"1367","true","random-sampling","false","false","14","1000","9","1000","1000000","18265"
"1368","true","random-sampling","false","false","14","1000","9","1000","1000000","18011"
"1369","true","random-sampling","false","false","14","1000","9","1000","1000000","18024"
"1371","true","random-sampling","false","false","14","1000","9","1000","1000000","18553"
"1370","true","random-sampling","false","false","14","1000","9","1000","1000000","18192"
"1372","true","random-sampling","false","false","14","1000","9","1000","1000000","18164"
"1373","true","random-sampling","false","false","14","1000","9","1000","1000000","18371"
"1374","true","random-sampling","false","false","14","1000","9","1000","1000000","18119"
"1375","true","random-sampling","false","false","14","1000","9","1000","1000000","17970"
"1376","true","random-sampling","false","false","14","1000","9","1000","1000000","18023"
"1377","true","random-sampling","false","false","14","1000","9","1000","1000000","18365"
"1378","true","random-sampling","false","false","14","1000","9","1000","1000000","17965"
"1379","true","random-sampling","false","false","14","1000","9","1000","1000000","18126"
"1382","true","random-sampling","false","false","14","1","9","1000","1000000","27379"
"1381","true","random-sampling","false","false","14","1","9","1000","1000000","27844"
"1380","true","random-sampling","false","false","14","1000","9","1000","1000000","18062"
"1383","true","random-sampling","false","false","14","1","9","1000","1000000","27975"
"1384","true","random-sampling","false","false","14","1","9","1000","1000000","26914"
"1385","true","random-sampling","false","false","14","1","9","1000","1000000","27754"
"1386","true","random-sampling","false","false","14","1","9","1000","1000000","28243"
"1387","true","random-sampling","false","false","14","1","9","1000","1000000","27985"
"1388","true","random-sampling","false","false","14","1","9","1000","1000000","27408"
"1389","true","random-sampling","false","false","14","1","9","1000","1000000","27078"
"1390","true","random-sampling","false","false","14","1","9","1000","1000000","26473"
"1391","true","random-sampling","false","false","14","1","9","1000","1000000","27979"
"1392","true","random-sampling","false","false","14","1","9","1000","1000000","27832"
"1393","true","random-sampling","false","false","14","1","9","1000","1000000","28525"
"1394","true","random-sampling","false","false","14","1","9","1000","1000000","27640"
"1395","true","random-sampling","false","false","14","1","9","1000","1000000","26535"
"1396","true","random-sampling","false","false","14","1","9","1000","1000000","27198"
"1397","true","random-sampling","false","false","14","1","9","1000","1000000","26782"
"1398","true","random-sampling","false","false","14","1","9","1000","1000000","27008"
"1399","true","random-sampling","false","false","14","1","9","1000","1000000","27464"
"1400","true","random-sampling","false","false","14","1","9","1000","1000000","27512"
"1401","true","random-sampling","false","false","14","1","9","1000","1000000","27897"
"1402","true","random-sampling","false","false","14","1","9","1000","1000000","27621"
"1403","true","random-sampling","false","false","14","1","9","1000","1000000","27505"
"1404","true","random-sampling","false","false","14","1","9","1000","1000000","27016"
"1406","true","random-sampling","false","false","14","1","9","1000","1000000","27810"
"1405","true","random-sampling","false","false","14","1","9","1000","1000000","27225"
"1407","true","random-sampling","false","false","14","1","9","1000","1000000","28158"
"1408","true","random-sampling","false","false","14","1","9","1000","1000000","26268"
"1409","true","random-sampling","false","false","14","1","9","1000","1000000","27056"
"1410","true","random-sampling","false","false","14","1","9","1000","1000000","28280"
"1411","true","random-sampling","false","false","14","1","9","1000","1000000","28706"
"1412","true","random-sampling","false","false","14","1","9","1000","1000000","29781"
"1413","true","random-sampling","false","false","14","1","9","1000","1000000","27677"
"1414","true","random-sampling","false","false","14","1","9","1000","1000000","26801"
"1415","true","random-sampling","false","false","14","1","9","1000","1000000","28056"
"1416","true","random-sampling","false","false","14","1","9","1000","1000000","28262"
"1417","true","random-sampling","false","false","14","1","9","1000","1000000","26496"
"1418","true","random-sampling","false","false","14","1","9","1000","1000000","26928"
"1419","true","random-sampling","false","false","14","1","9","1000","1000000","26892"
"1420","true","random-sampling","false","false","14","1","9","1000","1000000","27657"
"1421","true","random-sampling","false","false","14","1","9","1000","1000000","28082"
"1422","true","random-sampling","false","false","14","1","9","1000","1000000","26377"
"1423","true","random-sampling","false","false","14","1","9","1000","1000000","27614"
"1424","true","random-sampling","false","false","14","1","9","1000","1000000","27824"
"1425","true","random-sampling","false","false","14","1","9","1000","1000000","28593"
"1426","true","random-sampling","false","false","14","1","9","1000","1000000","27521"
"1427","true","random-sampling","false","false","14","1","9","1000","1000000","28204"
"1429","true","random-sampling","false","false","14","1","9","1000","1000000","27689"
"1428","true","random-sampling","false","false","14","1","9","1000","1000000","27398"
"1430","true","random-sampling","false","false","14","1","9","1000","1000000","27054"
"1431","true","random-sampling","false","false","14","1","9","1000","1000000","27540"
"1432","true","random-sampling","false","false","14","1","9","1000","1000000","26835"
"1433","true","random-sampling","false","false","14","1","9","1000","1000000","26907"
"1434","true","random-sampling","false","false","14","1","9","1000","1000000","27981"
"1435","true","random-sampling","false","false","14","1","9","1000","1000000","27770"
"1441","true","random-sampling","false","false","21","1000","9","1000","1000000","1976"
"1436","true","random-sampling","false","false","14","1","9","1000","1000000","26586"
"1437","true","random-sampling","false","false","14","1","9","1000","1000000","28306"
"1438","true","random-sampling","false","false","14","1","9","1000","1000000","29232"
"1442","true","random-sampling","false","false","21","1000","9","1000","1000000","1922"
"1443","true","random-sampling","false","false","21","1000","9","1000","1000000","1910"
"1444","true","random-sampling","false","false","21","1000","9","1000","1000000","1963"
"1445","true","random-sampling","false","false","21","1000","9","1000","1000000","1913"
"1439","true","random-sampling","false","false","14","1","9","1000","1000000","26927"
"1446","true","random-sampling","false","false","21","1000","9","1000","1000000","1980"
"1440","true","random-sampling","false","false","14","1","9","1000","1000000","27439"
"1447","true","random-sampling","false","false","21","1000","9","1000","1000000","1919"
"1448","true","random-sampling","false","false","21","1000","9","1000","1000000","1899"
"1449","true","random-sampling","false","false","21","1000","9","1000","1000000","1936"
"1450","true","random-sampling","false","false","21","1000","9","1000","1000000","1907"
"1451","true","random-sampling","false","false","21","1000","9","1000","1000000","2000"
"1452","true","random-sampling","false","false","21","1000","9","1000","1000000","1862"
"1453","true","random-sampling","false","false","21","1000","9","1000","1000000","1988"
"1454","true","random-sampling","false","false","21","1000","9","1000","1000000","1931"
"1455","true","random-sampling","false","false","21","1000","9","1000","1000000","1952"
"1456","true","random-sampling","false","false","21","1000","9","1000","1000000","1956"
"1457","true","random-sampling","false","false","21","1000","9","1000","1000000","1949"
"1458","true","random-sampling","false","false","21","1000","9","1000","1000000","1946"
"1459","true","random-sampling","false","false","21","1000","9","1000","1000000","1952"
"1460","true","random-sampling","false","false","21","1000","9","1000","1000000","1934"
"1461","true","random-sampling","false","false","21","1000","9","1000","1000000","1918"
"1462","true","random-sampling","false","false","21","1000","9","1000","1000000","1959"
"1463","true","random-sampling","false","false","21","1000","9","1000","1000000","1879"
"1464","true","random-sampling","false","false","21","1000","9","1000","1000000","1923"
"1465","true","random-sampling","false","false","21","1000","9","1000","1000000","1906"
"1466","true","random-sampling","false","false","21","1000","9","1000","1000000","1944"
"1467","true","random-sampling","false","false","21","1000","9","1000","1000000","1890"
"1468","true","random-sampling","false","false","21","1000","9","1000","1000000","1960"
"1469","true","random-sampling","false","false","21","1000","9","1000","1000000","1959"
"1470","true","random-sampling","false","false","21","1000","9","1000","1000000","1873"
"1471","true","random-sampling","false","false","21","1000","9","1000","1000000","1952"
"1472","true","random-sampling","false","false","21","1000","9","1000","1000000","1970"
"1473","true","random-sampling","false","false","21","1000","9","1000","1000000","1974"
"1474","true","random-sampling","false","false","21","1000","9","1000","1000000","1944"
"1475","true","random-sampling","false","false","21","1000","9","1000","1000000","1959"
"1476","true","random-sampling","false","false","21","1000","9","1000","1000000","1908"
"1477","true","random-sampling","false","false","21","1000","9","1000","1000000","1934"
"1478","true","random-sampling","false","false","21","1000","9","1000","1000000","1947"
"1479","true","random-sampling","false","false","21","1000","9","1000","1000000","1916"
"1480","true","random-sampling","false","false","21","1000","9","1000","1000000","1933"
"1481","true","random-sampling","false","false","21","1000","9","1000","1000000","1943"
"1482","true","random-sampling","false","false","21","1000","9","1000","1000000","1987"
"1483","true","random-sampling","false","false","21","1000","9","1000","1000000","1925"
"1484","true","random-sampling","false","false","21","1000","9","1000","1000000","1947"
"1485","true","random-sampling","false","false","21","1000","9","1000","1000000","1973"
"1487","true","random-sampling","false","false","21","1000","9","1000","1000000","1996"
"1486","true","random-sampling","false","false","21","1000","9","1000","1000000","1980"
"1488","true","random-sampling","false","false","21","1000","9","1000","1000000","2003"
"1489","true","random-sampling","false","false","21","1000","9","1000","1000000","1966"
"1490","true","random-sampling","false","false","21","1000","9","1000","1000000","1969"
"1491","true","random-sampling","false","false","21","1000","9","1000","1000000","1946"
"1492","true","random-sampling","false","false","21","1000","9","1000","1000000","1920"
"1493","true","random-sampling","false","false","21","1000","9","1000","1000000","1957"
"1494","true","random-sampling","false","false","21","1000","9","1000","1000000","2013"
"1495","true","random-sampling","false","false","21","1000","9","1000","1000000","1924"
"1496","true","random-sampling","false","false","21","1000","9","1000","1000000","1956"
"1497","true","random-sampling","false","false","21","1000","9","1000","1000000","1919"
"1498","true","random-sampling","false","false","21","1000","9","1000","1000000","1985"
"1499","true","random-sampling","false","false","21","1000","9","1000","1000000","1923"
"1500","true","random-sampling","false","false","21","1000","9","1000","1000000","1970"
"1501","true","random-sampling","false","false","21","1","9","1000","1000000","3305"
"1502","true","random-sampling","false","false","21","1","9","1000","1000000","3300"
"1503","true","random-sampling","false","false","21","1","9","1000","1000000","3192"
"1505","true","random-sampling","false","false","21","1","9","1000","1000000","3274"
"1504","true","random-sampling","false","false","21","1","9","1000","1000000","3119"
"1506","true","random-sampling","false","false","21","1","9","1000","1000000","2950"
"1507","true","random-sampling","false","false","21","1","9","1000","1000000","3192"
"1508","true","random-sampling","false","false","21","1","9","1000","1000000","3290"
"1509","true","random-sampling","false","false","21","1","9","1000","1000000","3262"
"1511","true","random-sampling","false","false","21","1","9","1000","1000000","3151"
"1510","true","random-sampling","false","false","21","1","9","1000","1000000","3177"
"1512","true","random-sampling","false","false","21","1","9","1000","1000000","3201"
"1513","true","random-sampling","false","false","21","1","9","1000","1000000","3183"
"1514","true","random-sampling","false","false","21","1","9","1000","1000000","3051"
"1515","true","random-sampling","false","false","21","1","9","1000","1000000","3187"
"1516","true","random-sampling","false","false","21","1","9","1000","1000000","3227"
"1517","true","random-sampling","false","false","21","1","9","1000","1000000","3161"
"1518","true","random-sampling","false","false","21","1","9","1000","1000000","3078"
"1521","true","random-sampling","false","false","21","1","9","1000","1000000","3048"
"1519","true","random-sampling","false","false","21","1","9","1000","1000000","3056"
"1520","true","random-sampling","false","false","21","1","9","1000","1000000","3280"
"1522","true","random-sampling","false","false","21","1","9","1000","1000000","3221"
"1523","true","random-sampling","false","false","21","1","9","1000","1000000","3219"
"1524","true","random-sampling","false","false","21","1","9","1000","1000000","3258"
"1525","true","random-sampling","false","false","21","1","9","1000","1000000","3292"
"1526","true","random-sampling","false","false","21","1","9","1000","1000000","3151"
"1527","true","random-sampling","false","false","21","1","9","1000","1000000","3290"
"1528","true","random-sampling","false","false","21","1","9","1000","1000000","3138"
"1529","true","random-sampling","false","false","21","1","9","1000","1000000","3203"
"1530","true","random-sampling","false","false","21","1","9","1000","1000000","3121"
"1531","true","random-sampling","false","false","21","1","9","1000","1000000","3199"
"1532","true","random-sampling","false","false","21","1","9","1000","1000000","2968"
"1533","true","random-sampling","false","false","21","1","9","1000","1000000","2935"
"1534","true","random-sampling","false","false","21","1","9","1000","1000000","3323"
"1537","true","random-sampling","false","false","21","1","9","1000","1000000","3093"
"1535","true","random-sampling","false","false","21","1","9","1000","1000000","2933"
"1536","true","random-sampling","false","false","21","1","9","1000","1000000","3151"
"1538","true","random-sampling","false","false","21","1","9","1000","1000000","3107"
"1539","true","random-sampling","false","false","21","1","9","1000","1000000","3175"
"1540","true","random-sampling","false","false","21","1","9","1000","1000000","3286"
"1541","true","random-sampling","false","false","21","1","9","1000","1000000","3280"
"1543","true","random-sampling","false","false","21","1","9","1000","1000000","3224"
"1542","true","random-sampling","false","false","21","1","9","1000","1000000","3377"
"1544","true","random-sampling","false","false","21","1","9","1000","1000000","3171"
"1545","true","random-sampling","false","false","21","1","9","1000","1000000","3272"
"1546","true","random-sampling","false","false","21","1","9","1000","1000000","3157"
"1547","true","random-sampling","false","false","21","1","9","1000","1000000","3125"
"1548","true","random-sampling","false","false","21","1","9","1000","1000000","3203"
"1549","true","random-sampling","false","false","21","1","9","1000","1000000","3271"
"1550","true","random-sampling","false","false","21","1","9","1000","1000000","3072"
"1551","true","random-sampling","false","false","21","1","9","1000","1000000","3095"
"1552","true","random-sampling","false","false","21","1","9","1000","1000000","3236"
"1553","true","random-sampling","false","false","21","1","9","1000","1000000","3030"
"1554","true","random-sampling","false","false","21","1","9","1000","1000000","3085"
"1555","true","random-sampling","false","false","21","1","9","1000","1000000","3251"
"1556","true","random-sampling","false","false","21","1","9","1000","1000000","3124"
"1557","true","random-sampling","false","false","21","1","9","1000","1000000","2997"
"1558","true","random-sampling","false","false","21","1","9","1000","1000000","3318"
"1559","true","random-sampling","false","false","21","1","9","1000","1000000","3265"
"1560","true","random-sampling","false","false","21","1","9","1000","1000000","3061"
"1561","true","random-sampling","false","false","22","1000","9","1000","1000000","3842"
"1562","true","random-sampling","false","false","22","1000","9","1000","1000000","3845"
"1563","true","random-sampling","false","false","22","1000","9","1000","1000000","3940"
"1564","true","random-sampling","false","false","22","1000","9","1000","1000000","3838"
"1566","true","random-sampling","false","false","22","1000","9","1000","1000000","3834"
"1565","true","random-sampling","false","false","22","1000","9","1000","1000000","3873"
"1567","true","random-sampling","false","false","22","1000","9","1000","1000000","3967"
"1568","true","random-sampling","false","false","22","1000","9","1000","1000000","3876"
"1569","true","random-sampling","false","false","22","1000","9","1000","1000000","3873"
"1570","true","random-sampling","false","false","22","1000","9","1000","1000000","4010"
"1571","true","random-sampling","false","false","22","1000","9","1000","1000000","3886"
"1572","true","random-sampling","false","false","22","1000","9","1000","1000000","3906"
"1573","true","random-sampling","false","false","22","1000","9","1000","1000000","3786"
"1574","true","random-sampling","false","false","22","1000","9","1000","1000000","3946"
"1575","true","random-sampling","false","false","22","1000","9","1000","1000000","3818"
"1576","true","random-sampling","false","false","22","1000","9","1000","1000000","3944"
"1577","true","random-sampling","false","false","22","1000","9","1000","1000000","3918"
"1578","true","random-sampling","false","false","22","1000","9","1000","1000000","3872"
"1579","true","random-sampling","false","false","22","1000","9","1000","1000000","3919"
"1580","true","random-sampling","false","false","22","1000","9","1000","1000000","3820"
"1581","true","random-sampling","false","false","22","1000","9","1000","1000000","3923"
"1582","true","random-sampling","false","false","22","1000","9","1000","1000000","3888"
"1583","true","random-sampling","false","false","22","1000","9","1000","1000000","3934"
"1584","true","random-sampling","false","false","22","1000","9","1000","1000000","3844"
"1585","true","random-sampling","false","false","22","1000","9","1000","1000000","3879"
"1586","true","random-sampling","false","false","22","1000","9","1000","1000000","3741"
"1587","true","random-sampling","false","false","22","1000","9","1000","1000000","3882"
"1588","true","random-sampling","false","false","22","1000","9","1000","1000000","3844"
"1589","true","random-sampling","false","false","22","1000","9","1000","1000000","3754"
"1590","true","random-sampling","false","false","22","1000","9","1000","1000000","3830"
"1592","true","random-sampling","false","false","22","1000","9","1000","1000000","3781"
"1591","true","random-sampling","false","false","22","1000","9","1000","1000000","3886"
"1593","true","random-sampling","false","false","22","1000","9","1000","1000000","3822"
"1594","true","random-sampling","false","false","22","1000","9","1000","1000000","3986"
"1595","true","random-sampling","false","false","22","1000","9","1000","1000000","3841"
"1596","true","random-sampling","false","false","22","1000","9","1000","1000000","3886"
"1597","true","random-sampling","false","false","22","1000","9","1000","1000000","3832"
"1598","true","random-sampling","false","false","22","1000","9","1000","1000000","3867"
"1599","true","random-sampling","false","false","22","1000","9","1000","1000000","3710"
"1600","true","random-sampling","false","false","22","1000","9","1000","1000000","3825"
"1601","true","random-sampling","false","false","22","1000","9","1000","1000000","3896"
"1602","true","random-sampling","false","false","22","1000","9","1000","1000000","3848"
"1603","true","random-sampling","false","false","22","1000","9","1000","1000000","3813"
"1605","true","random-sampling","false","false","22","1000","9","1000","1000000","3892"
"1604","true","random-sampling","false","false","22","1000","9","1000","1000000","3851"
"1606","true","random-sampling","false","false","22","1000","9","1000","1000000","3891"
"1607","true","random-sampling","false","false","22","1000","9","1000","1000000","3853"
"1608","true","random-sampling","false","false","22","1000","9","1000","1000000","3875"
"1609","true","random-sampling","false","false","22","1000","9","1000","1000000","3911"
"1610","true","random-sampling","false","false","22","1000","9","1000","1000000","3799"
"1611","true","random-sampling","false","false","22","1000","9","1000","1000000","3913"
"1612","true","random-sampling","false","false","22","1000","9","1000","1000000","3844"
"1614","true","random-sampling","false","false","22","1000","9","1000","1000000","3889"
"1613","true","random-sampling","false","false","22","1000","9","1000","1000000","3854"
"1615","true","random-sampling","false","false","22","1000","9","1000","1000000","3847"
"1616","true","random-sampling","false","false","22","1000","9","1000","1000000","3853"
"1617","true","random-sampling","false","false","22","1000","9","1000","1000000","3813"
"1618","true","random-sampling","false","false","22","1000","9","1000","1000000","3781"
"1619","true","random-sampling","false","false","22","1000","9","1000","1000000","3945"
"1621","true","random-sampling","false","false","22","1","9","1000","1000000","6346"
"1620","true","random-sampling","false","false","22","1000","9","1000","1000000","3938"
"1623","true","random-sampling","false","false","22","1","9","1000","1000000","6198"
"1622","true","random-sampling","false","false","22","1","9","1000","1000000","6252"
"1624","true","random-sampling","false","false","22","1","9","1000","1000000","6418"
"1625","true","random-sampling","false","false","22","1","9","1000","1000000","6372"
"1626","true","random-sampling","false","false","22","1","9","1000","1000000","6118"
"1627","true","random-sampling","false","false","22","1","9","1000","1000000","6382"
"1628","true","random-sampling","false","false","22","1","9","1000","1000000","6247"
"1630","true","random-sampling","false","false","22","1","9","1000","1000000","6298"
"1629","true","random-sampling","false","false","22","1","9","1000","1000000","5964"
"1631","true","random-sampling","false","false","22","1","9","1000","1000000","6236"
"1632","true","random-sampling","false","false","22","1","9","1000","1000000","6176"
"1633","true","random-sampling","false","false","22","1","9","1000","1000000","6533"
"1634","true","random-sampling","false","false","22","1","9","1000","1000000","6059"
"1635","true","random-sampling","false","false","22","1","9","1000","1000000","6525"
"1636","true","random-sampling","false","false","22","1","9","1000","1000000","6341"
"1637","true","random-sampling","false","false","22","1","9","1000","1000000","6468"
"1638","true","random-sampling","false","false","22","1","9","1000","1000000","6467"
"1639","true","random-sampling","false","false","22","1","9","1000","1000000","6380"
"1640","true","random-sampling","false","false","22","1","9","1000","1000000","6194"
"1641","true","random-sampling","false","false","22","1","9","1000","1000000","6470"
"1642","true","random-sampling","false","false","22","1","9","1000","1000000","6406"
"1643","true","random-sampling","false","false","22","1","9","1000","1000000","6294"
"1645","true","random-sampling","false","false","22","1","9","1000","1000000","6334"
"1644","true","random-sampling","false","false","22","1","9","1000","1000000","6289"
"1646","true","random-sampling","false","false","22","1","9","1000","1000000","6401"
"1647","true","random-sampling","false","false","22","1","9","1000","1000000","6409"
"1648","true","random-sampling","false","false","22","1","9","1000","1000000","6307"
"1649","true","random-sampling","false","false","22","1","9","1000","1000000","6047"
"1650","true","random-sampling","false","false","22","1","9","1000","1000000","6217"
"1651","true","random-sampling","false","false","22","1","9","1000","1000000","6412"
"1653","true","random-sampling","false","false","22","1","9","1000","1000000","6137"
"1652","true","random-sampling","false","false","22","1","9","1000","1000000","6407"
"1654","true","random-sampling","false","false","22","1","9","1000","1000000","6434"
"1655","true","random-sampling","false","false","22","1","9","1000","1000000","6339"
"1656","true","random-sampling","false","false","22","1","9","1000","1000000","6339"
"1657","true","random-sampling","false","false","22","1","9","1000","1000000","6381"
"1658","true","random-sampling","false","false","22","1","9","1000","1000000","6052"
"1659","true","random-sampling","false","false","22","1","9","1000","1000000","6381"
"1661","true","random-sampling","false","false","22","1","9","1000","1000000","6304"
"1662","true","random-sampling","false","false","22","1","9","1000","1000000","6447"
"1660","true","random-sampling","false","false","22","1","9","1000","1000000","6366"
"1663","true","random-sampling","false","false","22","1","9","1000","1000000","6324"
"1664","true","random-sampling","false","false","22","1","9","1000","1000000","6181"
"1665","true","random-sampling","false","false","22","1","9","1000","1000000","6172"
"1666","true","random-sampling","false","false","22","1","9","1000","1000000","6344"
"1667","true","random-sampling","false","false","22","1","9","1000","1000000","6285"
"1668","true","random-sampling","false","false","22","1","9","1000","1000000","6562"
"1669","true","random-sampling","false","false","22","1","9","1000","1000000","6288"
"1670","true","random-sampling","false","false","22","1","9","1000","1000000","6372"
"1671","true","random-sampling","false","false","22","1","9","1000","1000000","6188"
"1672","true","random-sampling","false","false","22","1","9","1000","1000000","6291"
"1673","true","random-sampling","false","false","22","1","9","1000","1000000","6358"
"1674","true","random-sampling","false","false","22","1","9","1000","1000000","6442"
"1675","true","random-sampling","false","false","22","1","9","1000","1000000","6185"
"1676","true","random-sampling","false","false","22","1","9","1000","1000000","6573"
"1677","true","random-sampling","false","false","22","1","9","1000","1000000","6305"
"1678","true","random-sampling","false","false","22","1","9","1000","1000000","6298"
"1679","true","random-sampling","false","false","22","1","9","1000","1000000","6555"
"1680","true","random-sampling","false","false","22","1","9","1000","1000000","6302"
"1681","true","random-sampling","false","false","23","1000","9","1000","1000000","7810"
"1683","true","random-sampling","false","false","23","1000","9","1000","1000000","7671"
"1682","true","random-sampling","false","false","23","1000","9","1000","1000000","7655"
"1684","true","random-sampling","false","false","23","1000","9","1000","1000000","7705"
"1685","true","random-sampling","false","false","23","1000","9","1000","1000000","7768"
"1686","true","random-sampling","false","false","23","1000","9","1000","1000000","7887"
"1687","true","random-sampling","false","false","23","1000","9","1000","1000000","7808"
"1688","true","random-sampling","false","false","23","1000","9","1000","1000000","7697"
"1689","true","random-sampling","false","false","23","1000","9","1000","1000000","7861"
"1690","true","random-sampling","false","false","23","1000","9","1000","1000000","7704"
"1691","true","random-sampling","false","false","23","1000","9","1000","1000000","7574"
"1692","true","random-sampling","false","false","23","1000","9","1000","1000000","7620"
"1693","true","random-sampling","false","false","23","1000","9","1000","1000000","7819"
"1694","true","random-sampling","false","false","23","1000","9","1000","1000000","7776"
"1695","true","random-sampling","false","false","23","1000","9","1000","1000000","7643"
"1696","true","random-sampling","false","false","23","1000","9","1000","1000000","7573"
"1697","true","random-sampling","false","false","23","1000","9","1000","1000000","7824"
"1698","true","random-sampling","false","false","23","1000","9","1000","1000000","7800"
"1699","true","random-sampling","false","false","23","1000","9","1000","1000000","7810"
"1700","true","random-sampling","false","false","23","1000","9","1000","1000000","7788"
"1701","true","random-sampling","false","false","23","1000","9","1000","1000000","7632"
"1702","true","random-sampling","false","false","23","1000","9","1000","1000000","7783"
"1703","true","random-sampling","false","false","23","1000","9","1000","1000000","7730"
"1704","true","random-sampling","false","false","23","1000","9","1000","1000000","7665"
"1705","true","random-sampling","false","false","23","1000","9","1000","1000000","7678"
"1706","true","random-sampling","false","false","23","1000","9","1000","1000000","7798"
"1707","true","random-sampling","false","false","23","1000","9","1000","1000000","7765"
"1708","true","random-sampling","false","false","23","1000","9","1000","1000000","7644"
"1709","true","random-sampling","false","false","23","1000","9","1000","1000000","7800"
"1710","true","random-sampling","false","false","23","1000","9","1000","1000000","7735"
"1711","true","random-sampling","false","false","23","1000","9","1000","1000000","7705"
"1712","true","random-sampling","false","false","23","1000","9","1000","1000000","7757"
"1713","true","random-sampling","false","false","23","1000","9","1000","1000000","7656"
"1714","true","random-sampling","false","false","23","1000","9","1000","1000000","7744"
"1716","true","random-sampling","false","false","23","1000","9","1000","1000000","7713"
"1715","true","random-sampling","false","false","23","1000","9","1000","1000000","7883"
"1717","true","random-sampling","false","false","23","1000","9","1000","1000000","7878"
"1718","true","random-sampling","false","false","23","1000","9","1000","1000000","7741"
"1719","true","random-sampling","false","false","23","1000","9","1000","1000000","7721"
"1720","true","random-sampling","false","false","23","1000","9","1000","1000000","7677"
"1721","true","random-sampling","false","false","23","1000","9","1000","1000000","7542"
"1722","true","random-sampling","false","false","23","1000","9","1000","1000000","7708"
"1723","true","random-sampling","false","false","23","1000","9","1000","1000000","7720"
"1724","true","random-sampling","false","false","23","1000","9","1000","1000000","7727"
"1725","true","random-sampling","false","false","23","1000","9","1000","1000000","7718"
"1726","true","random-sampling","false","false","23","1000","9","1000","1000000","7836"
"1727","true","random-sampling","false","false","23","1000","9","1000","1000000","7614"
"1728","true","random-sampling","false","false","23","1000","9","1000","1000000","7785"
"1729","true","random-sampling","false","false","23","1000","9","1000","1000000","7652"
"1730","true","random-sampling","false","false","23","1000","9","1000","1000000","7762"
"1731","true","random-sampling","false","false","23","1000","9","1000","1000000","7734"
"1732","true","random-sampling","false","false","23","1000","9","1000","1000000","7775"
"1733","true","random-sampling","false","false","23","1000","9","1000","1000000","7797"
"1734","true","random-sampling","false","false","23","1000","9","1000","1000000","7672"
"1735","true","random-sampling","false","false","23","1000","9","1000","1000000","7824"
"1736","true","random-sampling","false","false","23","1000","9","1000","1000000","7688"
"1737","true","random-sampling","false","false","23","1000","9","1000","1000000","7849"
"1741","true","random-sampling","false","false","23","1","9","1000","1000000","12694"
"1738","true","random-sampling","false","false","23","1000","9","1000","1000000","7783"
"1739","true","random-sampling","false","false","23","1000","9","1000","1000000","7713"
"1742","true","random-sampling","false","false","23","1","9","1000","1000000","12611"
"1740","true","random-sampling","false","false","23","1000","9","1000","1000000","7794"
"1743","true","random-sampling","false","false","23","1","9","1000","1000000","12559"
"1744","true","random-sampling","false","false","23","1","9","1000","1000000","12456"
"1745","true","random-sampling","false","false","23","1","9","1000","1000000","12633"
"1746","true","random-sampling","false","false","23","1","9","1000","1000000","12906"
"1747","true","random-sampling","false","false","23","1","9","1000","1000000","12389"
"1748","true","random-sampling","false","false","23","1","9","1000","1000000","12403"
"1749","true","random-sampling","false","false","23","1","9","1000","1000000","12792"
"1750","true","random-sampling","false","false","23","1","9","1000","1000000","12781"
"1751","true","random-sampling","false","false","23","1","9","1000","1000000","12726"
"1752","true","random-sampling","false","false","23","1","9","1000","1000000","12379"
"1753","true","random-sampling","false","false","23","1","9","1000","1000000","12766"
"1754","true","random-sampling","false","false","23","1","9","1000","1000000","12631"
"1755","true","random-sampling","false","false","23","1","9","1000","1000000","12269"
"1756","true","random-sampling","false","false","23","1","9","1000","1000000","12524"
"1757","true","random-sampling","false","false","23","1","9","1000","1000000","12544"
"1758","true","random-sampling","false","false","23","1","9","1000","1000000","12579"
"1759","true","random-sampling","false","false","23","1","9","1000","1000000","12806"
"1760","true","random-sampling","false","false","23","1","9","1000","1000000","12409"
"1762","true","random-sampling","false","false","23","1","9","1000","1000000","12516"
"1761","true","random-sampling","false","false","23","1","9","1000","1000000","12694"
"1763","true","random-sampling","false","false","23","1","9","1000","1000000","12329"
"1764","true","random-sampling","false","false","23","1","9","1000","1000000","12825"
"1765","true","random-sampling","false","false","23","1","9","1000","1000000","12624"
"1766","true","random-sampling","false","false","23","1","9","1000","1000000","12819"
"1767","true","random-sampling","false","false","23","1","9","1000","1000000","12697"
"1768","true","random-sampling","false","false","23","1","9","1000","1000000","12565"
"1769","true","random-sampling","false","false","23","1","9","1000","1000000","12362"
"1770","true","random-sampling","false","false","23","1","9","1000","1000000","12963"
"1771","true","random-sampling","false","false","23","1","9","1000","1000000","12901"
"1772","true","random-sampling","false","false","23","1","9","1000","1000000","12487"
"1774","true","random-sampling","false","false","23","1","9","1000","1000000","12372"
"1773","true","random-sampling","false","false","23","1","9","1000","1000000","12311"
"1775","true","random-sampling","false","false","23","1","9","1000","1000000","12491"
"1776","true","random-sampling","false","false","23","1","9","1000","1000000","12666"
"1777","true","random-sampling","false","false","23","1","9","1000","1000000","12707"
"1779","true","random-sampling","false","false","23","1","9","1000","1000000","12619"
"1778","true","random-sampling","false","false","23","1","9","1000","1000000","12755"
"1780","true","random-sampling","false","false","23","1","9","1000","1000000","12392"
"1781","true","random-sampling","false","false","23","1","9","1000","1000000","12456"
"1782","true","random-sampling","false","false","23","1","9","1000","1000000","12928"
"1783","true","random-sampling","false","false","23","1","9","1000","1000000","12548"
"1784","true","random-sampling","false","false","23","1","9","1000","1000000","12563"
"1785","true","random-sampling","false","false","23","1","9","1000","1000000","12410"
"1786","true","random-sampling","false","false","23","1","9","1000","1000000","12856"
"1787","true","random-sampling","false","false","23","1","9","1000","1000000","12593"
"1788","true","random-sampling","false","false","23","1","9","1000","1000000","12442"
"1789","true","random-sampling","false","false","23","1","9","1000","1000000","12780"
"1790","true","random-sampling","false","false","23","1","9","1000","1000000","12511"
"1791","true","random-sampling","false","false","23","1","9","1000","1000000","12755"
"1792","true","random-sampling","false","false","23","1","9","1000","1000000","12562"
"1794","true","random-sampling","false","false","23","1","9","1000","1000000","12486"
"1793","true","random-sampling","false","false","23","1","9","1000","1000000","12322"
"1795","true","random-sampling","false","false","23","1","9","1000","1000000","12889"
"1796","true","random-sampling","false","false","23","1","9","1000","1000000","12413"
"1797","true","random-sampling","false","false","23","1","9","1000","1000000","12686"
"1798","true","random-sampling","false","false","23","1","9","1000","1000000","12886"
"1799","true","random-sampling","false","false","23","1","9","1000","1000000","12378"
"1800","true","random-sampling","false","false","23","1","9","1000","1000000","12434"
"1801","true","random-sampling","false","false","24","1000","9","1000","1000000","11757"
"1802","true","random-sampling","false","false","24","1000","9","1000","1000000","11595"
"1804","true","random-sampling","false","false","24","1000","9","1000","1000000","11532"
"1803","true","random-sampling","false","false","24","1000","9","1000","1000000","11728"
"1805","true","random-sampling","false","false","24","1000","9","1000","1000000","11767"
"1806","true","random-sampling","false","false","24","1000","9","1000","1000000","11545"
"1807","true","random-sampling","false","false","24","1000","9","1000","1000000","11588"
"1808","true","random-sampling","false","false","24","1000","9","1000","1000000","11484"
"1809","true","random-sampling","false","false","24","1000","9","1000","1000000","11575"
"1810","true","random-sampling","false","false","24","1000","9","1000","1000000","11546"
"1811","true","random-sampling","false","false","24","1000","9","1000","1000000","11470"
"1812","true","random-sampling","false","false","24","1000","9","1000","1000000","11404"
"1813","true","random-sampling","false","false","24","1000","9","1000","1000000","11499"
"1814","true","random-sampling","false","false","24","1000","9","1000","1000000","11768"
"1815","true","random-sampling","false","false","24","1000","9","1000","1000000","11477"
"1816","true","random-sampling","false","false","24","1000","9","1000","1000000","11579"
"1817","true","random-sampling","false","false","24","1000","9","1000","1000000","11576"
"1818","true","random-sampling","false","false","24","1000","9","1000","1000000","11589"
"1819","true","random-sampling","false","false","24","1000","9","1000","1000000","11653"
"1820","true","random-sampling","false","false","24","1000","9","1000","1000000","11602"
"1821","true","random-sampling","false","false","24","1000","9","1000","1000000","11540"
"1822","true","random-sampling","false","false","24","1000","9","1000","1000000","11620"
"1823","true","random-sampling","false","false","24","1000","9","1000","1000000","11679"
"1824","true","random-sampling","false","false","24","1000","9","1000","1000000","11702"
"1825","true","random-sampling","false","false","24","1000","9","1000","1000000","11790"
"1826","true","random-sampling","false","false","24","1000","9","1000","1000000","11706"
"1827","true","random-sampling","false","false","24","1000","9","1000","1000000","11398"
"1828","true","random-sampling","false","false","24","1000","9","1000","1000000","11630"
"1830","true","random-sampling","false","false","24","1000","9","1000","1000000","11517"
"1829","true","random-sampling","false","false","24","1000","9","1000","1000000","11722"
"1831","true","random-sampling","false","false","24","1000","9","1000","1000000","11563"
"1832","true","random-sampling","false","false","24","1000","9","1000","1000000","11632"
"1833","true","random-sampling","false","false","24","1000","9","1000","1000000","11763"
"1834","true","random-sampling","false","false","24","1000","9","1000","1000000","11705"
"1835","true","random-sampling","false","false","24","1000","9","1000","1000000","11565"
"1836","true","random-sampling","false","false","24","1000","9","1000","1000000","11619"
"1837","true","random-sampling","false","false","24","1000","9","1000","1000000","11700"
"1838","true","random-sampling","false","false","24","1000","9","1000","1000000","11579"
"1839","true","random-sampling","false","false","24","1000","9","1000","1000000","11566"
"1840","true","random-sampling","false","false","24","1000","9","1000","1000000","11605"
"1841","true","random-sampling","false","false","24","1000","9","1000","1000000","11748"
"1842","true","random-sampling","false","false","24","1000","9","1000","1000000","11797"
"1843","true","random-sampling","false","false","24","1000","9","1000","1000000","11685"
"1846","true","random-sampling","false","false","24","1000","9","1000","1000000","11721"
"1845","true","random-sampling","false","false","24","1000","9","1000","1000000","11644"
"1844","true","random-sampling","false","false","24","1000","9","1000","1000000","11632"
"1847","true","random-sampling","false","false","24","1000","9","1000","1000000","11564"
"1848","true","random-sampling","false","false","24","1000","9","1000","1000000","11528"
"1849","true","random-sampling","false","false","24","1000","9","1000","1000000","11656"
"1850","true","random-sampling","false","false","24","1000","9","1000","1000000","11697"
"1851","true","random-sampling","false","false","24","1000","9","1000","1000000","11515"
"1854","true","random-sampling","false","false","24","1000","9","1000","1000000","11669"
"1853","true","random-sampling","false","false","24","1000","9","1000","1000000","11694"
"1852","true","random-sampling","false","false","24","1000","9","1000","1000000","11736"
"1855","true","random-sampling","false","false","24","1000","9","1000","1000000","11587"
"1856","true","random-sampling","false","false","24","1000","9","1000","1000000","11619"
"1857","true","random-sampling","false","false","24","1000","9","1000","1000000","11699"
"1862","true","random-sampling","false","false","24","1","9","1000","1000000","18999"
"1858","true","random-sampling","false","false","24","1000","9","1000","1000000","11755"
"1861","true","random-sampling","false","false","24","1","9","1000","1000000","18697"
"1859","true","random-sampling","false","false","24","1000","9","1000","1000000","11541"
"1860","true","random-sampling","false","false","24","1000","9","1000","1000000","11625"
"1863","true","random-sampling","false","false","24","1","9","1000","1000000","18861"
"1864","true","random-sampling","false","false","24","1","9","1000","1000000","18401"
"1865","true","random-sampling","false","false","24","1","9","1000","1000000","18626"
"1866","true","random-sampling","false","false","24","1","9","1000","1000000","18914"
"1868","true","random-sampling","false","false","24","1","9","1000","1000000","19250"
"1867","true","random-sampling","false","false","24","1","9","1000","1000000","19195"
"1869","true","random-sampling","false","false","24","1","9","1000","1000000","18722"
"1870","true","random-sampling","false","false","24","1","9","1000","1000000","18714"
"1871","true","random-sampling","false","false","24","1","9","1000","1000000","18182"
"1872","true","random-sampling","false","false","24","1","9","1000","1000000","18825"
"1873","true","random-sampling","false","false","24","1","9","1000","1000000","18858"
"1874","true","random-sampling","false","false","24","1","9","1000","1000000","18670"
"1875","true","random-sampling","false","false","24","1","9","1000","1000000","19056"
"1876","true","random-sampling","false","false","24","1","9","1000","1000000","18921"
"1877","true","random-sampling","false","false","24","1","9","1000","1000000","18942"
"1878","true","random-sampling","false","false","24","1","9","1000","1000000","18880"
"1879","true","random-sampling","false","false","24","1","9","1000","1000000","19109"
"1880","true","random-sampling","false","false","24","1","9","1000","1000000","18813"
"1881","true","random-sampling","false","false","24","1","9","1000","1000000","19059"
"1882","true","random-sampling","false","false","24","1","9","1000","1000000","18909"
"1884","true","random-sampling","false","false","24","1","9","1000","1000000","18949"
"1883","true","random-sampling","false","false","24","1","9","1000","1000000","19053"
"1885","true","random-sampling","false","false","24","1","9","1000","1000000","18912"
"1886","true","random-sampling","false","false","24","1","9","1000","1000000","18412"
"1887","true","random-sampling","false","false","24","1","9","1000","1000000","18477"
"1888","true","random-sampling","false","false","24","1","9","1000","1000000","18874"
"1889","true","random-sampling","false","false","24","1","9","1000","1000000","18623"
"1890","true","random-sampling","false","false","24","1","9","1000","1000000","18747"
"1891","true","random-sampling","false","false","24","1","9","1000","1000000","18953"
"1893","true","random-sampling","false","false","24","1","9","1000","1000000","18926"
"1892","true","random-sampling","false","false","24","1","9","1000","1000000","18557"
"1894","true","random-sampling","false","false","24","1","9","1000","1000000","18342"
"1895","true","random-sampling","false","false","24","1","9","1000","1000000","18584"
"1896","true","random-sampling","false","false","24","1","9","1000","1000000","18188"
"1897","true","random-sampling","false","false","24","1","9","1000","1000000","18933"
"1898","true","random-sampling","false","false","24","1","9","1000","1000000","19074"
"1899","true","random-sampling","false","false","24","1","9","1000","1000000","18361"
"1900","true","random-sampling","false","false","24","1","9","1000","1000000","18953"
"1901","true","random-sampling","false","false","24","1","9","1000","1000000","18660"
"1902","true","random-sampling","false","false","24","1","9","1000","1000000","18887"
"1903","true","random-sampling","false","false","24","1","9","1000","1000000","18855"
"1904","true","random-sampling","false","false","24","1","9","1000","1000000","18611"
"1905","true","random-sampling","false","false","24","1","9","1000","1000000","19021"
"1906","true","random-sampling","false","false","24","1","9","1000","1000000","18902"
"1908","true","random-sampling","false","false","24","1","9","1000","1000000","18680"
"1907","true","random-sampling","false","false","24","1","9","1000","1000000","19032"
"1909","true","random-sampling","false","false","24","1","9","1000","1000000","19189"
"1910","true","random-sampling","false","false","24","1","9","1000","1000000","19012"
"1911","true","random-sampling","false","false","24","1","9","1000","1000000","18814"
"1912","true","random-sampling","false","false","24","1","9","1000","1000000","18951"
"1913","true","random-sampling","false","false","24","1","9","1000","1000000","18610"
"1914","true","random-sampling","false","false","24","1","9","1000","1000000","19060"
"1916","true","random-sampling","false","false","24","1","9","1000","1000000","18847"
"1915","true","random-sampling","false","false","24","1","9","1000","1000000","18910"
"1917","true","random-sampling","false","false","24","1","9","1000","1000000","18922"
"1918","true","random-sampling","false","false","24","1","9","1000","1000000","18661"
"1919","true","random-sampling","false","false","24","1","9","1000","1000000","19236"
"1920","true","random-sampling","false","false","24","1","9","1000","1000000","19043"
"1921","true","random-sampling","false","false","25","1000","9","1000","1000000","15502"
"1922","true","random-sampling","false","false","25","1000","9","1000","1000000","15466"
"1924","true","random-sampling","false","false","25","1000","9","1000","1000000","15558"
"1923","true","random-sampling","false","false","25","1000","9","1000","1000000","15459"
"1925","true","random-sampling","false","false","25","1000","9","1000","1000000","15691"
"1926","true","random-sampling","false","false","25","1000","9","1000","1000000","15343"
"1927","true","random-sampling","false","false","25","1000","9","1000","1000000","15203"
"1928","true","random-sampling","false","false","25","1000","9","1000","1000000","15132"
"1929","true","random-sampling","false","false","25","1000","9","1000","1000000","15531"
"1930","true","random-sampling","false","false","25","1000","9","1000","1000000","15209"
"1932","true","random-sampling","false","false","25","1000","9","1000","1000000","15654"
"1931","true","random-sampling","false","false","25","1000","9","1000","1000000","15405"
"1933","true","random-sampling","false","false","25","1000","9","1000","1000000","15637"
"1934","true","random-sampling","false","false","25","1000","9","1000","1000000","15491"
"1935","true","random-sampling","false","false","25","1000","9","1000","1000000","15519"
"1936","true","random-sampling","false","false","25","1000","9","1000","1000000","15420"
"1937","true","random-sampling","false","false","25","1000","9","1000","1000000","15289"
"1938","true","random-sampling","false","false","25","1000","9","1000","1000000","15433"
"1939","true","random-sampling","false","false","25","1000","9","1000","1000000","15398"
"1940","true","random-sampling","false","false","25","1000","9","1000","1000000","15515"
"1941","true","random-sampling","false","false","25","1000","9","1000","1000000","15234"
"1942","true","random-sampling","false","false","25","1000","9","1000","1000000","15481"
"1943","true","random-sampling","false","false","25","1000","9","1000","1000000","15249"
"1944","true","random-sampling","false","false","25","1000","9","1000","1000000","15537"
"1945","true","random-sampling","false","false","25","1000","9","1000","1000000","15512"
"1946","true","random-sampling","false","false","25","1000","9","1000","1000000","15609"
"1947","true","random-sampling","false","false","25","1000","9","1000","1000000","15470"
"1948","true","random-sampling","false","false","25","1000","9","1000","1000000","15422"
"1949","true","random-sampling","false","false","25","1000","9","1000","1000000","15702"
"1950","true","random-sampling","false","false","25","1000","9","1000","1000000","15451"
"1951","true","random-sampling","false","false","25","1000","9","1000","1000000","15419"
"1952","true","random-sampling","false","false","25","1000","9","1000","1000000","15452"
"1953","true","random-sampling","false","false","25","1000","9","1000","1000000","15524"
"1954","true","random-sampling","false","false","25","1000","9","1000","1000000","15438"
"1955","true","random-sampling","false","false","25","1000","9","1000","1000000","15411"
"1956","true","random-sampling","false","false","25","1000","9","1000","1000000","15621"
"1957","true","random-sampling","false","false","25","1000","9","1000","1000000","15419"
"1958","true","random-sampling","false","false","25","1000","9","1000","1000000","15581"
"1959","true","random-sampling","false","false","25","1000","9","1000","1000000","15248"
"1960","true","random-sampling","false","false","25","1000","9","1000","1000000","15277"
"1961","true","random-sampling","false","false","25","1000","9","1000","1000000","15289"
"1962","true","random-sampling","false","false","25","1000","9","1000","1000000","15516"
"1963","true","random-sampling","false","false","25","1000","9","1000","1000000","15388"
"1964","true","random-sampling","false","false","25","1000","9","1000","1000000","15534"
"1965","true","random-sampling","false","false","25","1000","9","1000","1000000","15208"
"1966","true","random-sampling","false","false","25","1000","9","1000","1000000","15512"
"1967","true","random-sampling","false","false","25","1000","9","1000","1000000","15651"
"1968","true","random-sampling","false","false","25","1000","9","1000","1000000","15367"
"1969","true","random-sampling","false","false","25","1000","9","1000","1000000","15358"
"1970","true","random-sampling","false","false","25","1000","9","1000","1000000","15348"
"1971","true","random-sampling","false","false","25","1000","9","1000","1000000","15273"
"1972","true","random-sampling","false","false","25","1000","9","1000","1000000","15596"
"1973","true","random-sampling","false","false","25","1000","9","1000","1000000","15359"
"1974","true","random-sampling","false","false","25","1000","9","1000","1000000","15545"
"1975","true","random-sampling","false","false","25","1000","9","1000","1000000","15520"
"1976","true","random-sampling","false","false","25","1000","9","1000","1000000","15608"
"1977","true","random-sampling","false","false","25","1000","9","1000","1000000","15357"
"1978","true","random-sampling","false","false","25","1000","9","1000","1000000","15333"
"1979","true","random-sampling","false","false","25","1000","9","1000","1000000","15434"
"1981","true","random-sampling","false","false","25","1","9","1000","1000000","25266"
"1980","true","random-sampling","false","false","25","1000","9","1000","1000000","15538"
"1982","true","random-sampling","false","false","25","1","9","1000","1000000","24737"
"1983","true","random-sampling","false","false","25","1","9","1000","1000000","24906"
"1984","true","random-sampling","false","false","25","1","9","1000","1000000","25249"
"1985","true","random-sampling","false","false","25","1","9","1000","1000000","25111"
"1986","true","random-sampling","false","false","25","1","9","1000","1000000","24674"
"1987","true","random-sampling","false","false","25","1","9","1000","1000000","24986"
"1988","true","random-sampling","false","false","25","1","9","1000","1000000","25045"
"1989","true","random-sampling","false","false","25","1","9","1000","1000000","25303"
"1990","true","random-sampling","false","false","25","1","9","1000","1000000","24729"
"1991","true","random-sampling","false","false","25","1","9","1000","1000000","25007"
"1992","true","random-sampling","false","false","25","1","9","1000","1000000","25760"
"1994","true","random-sampling","false","false","25","1","9","1000","1000000","24977"
"1993","true","random-sampling","false","false","25","1","9","1000","1000000","25322"
"1995","true","random-sampling","false","false","25","1","9","1000","1000000","25755"
"1997","true","random-sampling","false","false","25","1","9","1000","1000000","25693"
"1996","true","random-sampling","false","false","25","1","9","1000","1000000","24924"
"1998","true","random-sampling","false","false","25","1","9","1000","1000000","24753"
"1999","true","random-sampling","false","false","25","1","9","1000","1000000","25775"
"2000","true","random-sampling","false","false","25","1","9","1000","1000000","24993"
"2001","true","random-sampling","false","false","25","1","9","1000","1000000","24975"
"2002","true","random-sampling","false","false","25","1","9","1000","1000000","24807"
"2003","true","random-sampling","false","false","25","1","9","1000","1000000","25188"
"2004","true","random-sampling","false","false","25","1","9","1000","1000000","24947"
"2005","true","random-sampling","false","false","25","1","9","1000","1000000","24578"
"2006","true","random-sampling","false","false","25","1","9","1000","1000000","24537"
"2007","true","random-sampling","false","false","25","1","9","1000","1000000","25030"
"2008","true","random-sampling","false","false","25","1","9","1000","1000000","24604"
"2009","true","random-sampling","false","false","25","1","9","1000","1000000","25017"
"2010","true","random-sampling","false","false","25","1","9","1000","1000000","24946"
"2012","true","random-sampling","false","false","25","1","9","1000","1000000","24490"
"2011","true","random-sampling","false","false","25","1","9","1000","1000000","25122"
"2013","true","random-sampling","false","false","25","1","9","1000","1000000","25602"
"2014","true","random-sampling","false","false","25","1","9","1000","1000000","25424"
"2015","true","random-sampling","false","false","25","1","9","1000","1000000","24709"
"2017","true","random-sampling","false","false","25","1","9","1000","1000000","25300"
"2016","true","random-sampling","false","false","25","1","9","1000","1000000","24848"
"2018","true","random-sampling","false","false","25","1","9","1000","1000000","25677"
"2019","true","random-sampling","false","false","25","1","9","1000","1000000","25349"
"2020","true","random-sampling","false","false","25","1","9","1000","1000000","25181"
"2021","true","random-sampling","false","false","25","1","9","1000","1000000","25219"
"2022","true","random-sampling","false","false","25","1","9","1000","1000000","24674"
"2023","true","random-sampling","false","false","25","1","9","1000","1000000","24841"
"2024","true","random-sampling","false","false","25","1","9","1000","1000000","25216"
"2025","true","random-sampling","false","false","25","1","9","1000","1000000","25087"
"2026","true","random-sampling","false","false","25","1","9","1000","1000000","25351"
"2027","true","random-sampling","false","false","25","1","9","1000","1000000","25107"
"2028","true","random-sampling","false","false","25","1","9","1000","1000000","24618"
"2029","true","random-sampling","false","false","25","1","9","1000","1000000","25038"
"2030","true","random-sampling","false","false","25","1","9","1000","1000000","25414"
"2031","true","random-sampling","false","false","25","1","9","1000","1000000","25408"
"2032","true","random-sampling","false","false","25","1","9","1000","1000000","25443"
"2034","true","random-sampling","false","false","25","1","9","1000","1000000","24666"
"2033","true","random-sampling","false","false","25","1","9","1000","1000000","25022"
"2035","true","random-sampling","false","false","25","1","9","1000","1000000","25182"
"2036","true","random-sampling","false","false","25","1","9","1000","1000000","25126"
"2037","true","random-sampling","false","false","25","1","9","1000","1000000","25194"
"2038","true","random-sampling","false","false","25","1","9","1000","1000000","25459"
"2039","true","random-sampling","false","false","25","1","9","1000","1000000","25099"
"2040","true","random-sampling","false","false","25","1","9","1000","1000000","24483"
"2041","true","random-sampling","false","false","26","1000","9","1000","1000000","18962"
"2043","true","random-sampling","false","false","26","1000","9","1000","1000000","18940"
"2042","true","random-sampling","false","false","26","1000","9","1000","1000000","18809"
"2044","true","random-sampling","false","false","26","1000","9","1000","1000000","19104"
"2045","true","random-sampling","false","false","26","1000","9","1000","1000000","19095"
"2046","true","random-sampling","false","false","26","1000","9","1000","1000000","19019"
"2047","true","random-sampling","false","false","26","1000","9","1000","1000000","18859"
"2048","true","random-sampling","false","false","26","1000","9","1000","1000000","19011"
"2049","true","random-sampling","false","false","26","1000","9","1000","1000000","19068"
"2050","true","random-sampling","false","false","26","1000","9","1000","1000000","18945"
"2051","true","random-sampling","false","false","26","1000","9","1000","1000000","19072"
"2052","true","random-sampling","false","false","26","1000","9","1000","1000000","18993"
"2053","true","random-sampling","false","false","26","1000","9","1000","1000000","19142"
"2054","true","random-sampling","false","false","26","1000","9","1000","1000000","18906"
"2055","true","random-sampling","false","false","26","1000","9","1000","1000000","19133"
"2056","true","random-sampling","false","false","26","1000","9","1000","1000000","18728"
"2057","true","random-sampling","false","false","26","1000","9","1000","1000000","18972"
"2058","true","random-sampling","false","false","26","1000","9","1000","1000000","18629"
"2059","true","random-sampling","false","false","26","1000","9","1000","1000000","18693"
"2060","true","random-sampling","false","false","26","1000","9","1000","1000000","19125"
"2061","true","random-sampling","false","false","26","1000","9","1000","1000000","19018"
"2062","true","random-sampling","false","false","26","1000","9","1000","1000000","19002"
"2063","true","random-sampling","false","false","26","1000","9","1000","1000000","18828"
"2064","true","random-sampling","false","false","26","1000","9","1000","1000000","18976"
"2065","true","random-sampling","false","false","26","1000","9","1000","1000000","18874"
"2066","true","random-sampling","false","false","26","1000","9","1000","1000000","18607"
"2067","true","random-sampling","false","false","26","1000","9","1000","1000000","18935"
"2068","true","random-sampling","false","false","26","1000","9","1000","1000000","18630"
"2069","true","random-sampling","false","false","26","1000","9","1000","1000000","18779"
"2070","true","random-sampling","false","false","26","1000","9","1000","1000000","18946"
"2071","true","random-sampling","false","false","26","1000","9","1000","1000000","18779"
"2072","true","random-sampling","false","false","26","1000","9","1000","1000000","19050"
"2073","true","random-sampling","false","false","26","1000","9","1000","1000000","19022"
"2074","true","random-sampling","false","false","26","1000","9","1000","1000000","18935"
"2075","true","random-sampling","false","false","26","1000","9","1000","1000000","18949"
"2076","true","random-sampling","false","false","26","1000","9","1000","1000000","18991"
"2077","true","random-sampling","false","false","26","1000","9","1000","1000000","19016"
"2078","true","random-sampling","false","false","26","1000","9","1000","1000000","18729"
"2079","true","random-sampling","false","false","26","1000","9","1000","1000000","18945"
"2080","true","random-sampling","false","false","26","1000","9","1000","1000000","18857"
"2081","true","random-sampling","false","false","26","1000","9","1000","1000000","18980"
"2082","true","random-sampling","false","false","26","1000","9","1000","1000000","19007"
"2084","true","random-sampling","false","false","26","1000","9","1000","1000000","19059"
"2083","true","random-sampling","false","false","26","1000","9","1000","1000000","19005"
"2085","true","random-sampling","false","false","26","1000","9","1000","1000000","18749"
"2086","true","random-sampling","false","false","26","1000","9","1000","1000000","18867"
"2087","true","random-sampling","false","false","26","1000","9","1000","1000000","18844"
"2088","true","random-sampling","false","false","26","1000","9","1000","1000000","19039"
"2089","true","random-sampling","false","false","26","1000","9","1000","1000000","18903"
"2090","true","random-sampling","false","false","26","1000","9","1000","1000000","19001"
"2091","true","random-sampling","false","false","26","1000","9","1000","1000000","18819"
"2092","true","random-sampling","false","false","26","1000","9","1000","1000000","18925"
"2094","true","random-sampling","false","false","26","1000","9","1000","1000000","18909"
"2093","true","random-sampling","false","false","26","1000","9","1000","1000000","18950"
"2095","true","random-sampling","false","false","26","1000","9","1000","1000000","18952"
"2096","true","random-sampling","false","false","26","1000","9","1000","1000000","19069"
"2097","true","random-sampling","false","false","26","1000","9","1000","1000000","18738"
"2098","true","random-sampling","false","false","26","1000","9","1000","1000000","18940"
"2099","true","random-sampling","false","false","26","1000","9","1000","1000000","19105"
"2100","true","random-sampling","false","false","26","1000","9","1000","1000000","19076"
"2101","true","random-sampling","false","false","26","1","9","1000","1000000","30624"
"2102","true","random-sampling","false","false","26","1","9","1000","1000000","30479"
"2103","true","random-sampling","false","false","26","1","9","1000","1000000","30697"
"2104","true","random-sampling","false","false","26","1","9","1000","1000000","30624"
"2106","true","random-sampling","false","false","26","1","9","1000","1000000","30333"
"2105","true","random-sampling","false","false","26","1","9","1000","1000000","30721"
"2107","true","random-sampling","false","false","26","1","9","1000","1000000","30258"
"2108","true","random-sampling","false","false","26","1","9","1000","1000000","31274"
"2110","true","random-sampling","false","false","26","1","9","1000","1000000","30690"
"2109","true","random-sampling","false","false","26","1","9","1000","1000000","30329"
"2111","true","random-sampling","false","false","26","1","9","1000","1000000","30783"
"2112","true","random-sampling","false","false","26","1","9","1000","1000000","30703"
"2113","true","random-sampling","false","false","26","1","9","1000","1000000","30377"
"2114","true","random-sampling","false","false","26","1","9","1000","1000000","30361"
"2115","true","random-sampling","false","false","26","1","9","1000","1000000","30047"
"2116","true","random-sampling","false","false","26","1","9","1000","1000000","31172"
"2120","true","random-sampling","false","false","26","1","9","1000","1000000","30551"
"2117","true","random-sampling","false","false","26","1","9","1000","1000000","30303"
"2118","true","random-sampling","false","false","26","1","9","1000","1000000","31014"
"2119","true","random-sampling","false","false","26","1","9","1000","1000000","31230"
"2121","true","random-sampling","false","false","26","1","9","1000","1000000","30904"
"2122","true","random-sampling","false","false","26","1","9","1000","1000000","31090"
"2123","true","random-sampling","false","false","26","1","9","1000","1000000","30712"
"2124","true","random-sampling","false","false","26","1","9","1000","1000000","30448"
"2125","true","random-sampling","false","false","26","1","9","1000","1000000","30907"
"2128","true","random-sampling","false","false","26","1","9","1000","1000000","30380"
"2126","true","random-sampling","false","false","26","1","9","1000","1000000","30490"
"2127","true","random-sampling","false","false","26","1","9","1000","1000000","30376"
"2129","true","random-sampling","false","false","26","1","9","1000","1000000","30776"
"2130","true","random-sampling","false","false","26","1","9","1000","1000000","31323"
"2131","true","random-sampling","false","false","26","1","9","1000","1000000","30877"
"2133","true","random-sampling","false","false","26","1","9","1000","1000000","30502"
"2132","true","random-sampling","false","false","26","1","9","1000","1000000","30747"
"2134","true","random-sampling","false","false","26","1","9","1000","1000000","30559"
"2135","true","random-sampling","false","false","26","1","9","1000","1000000","30376"
"2136","true","random-sampling","false","false","26","1","9","1000","1000000","30886"
"2137","true","random-sampling","false","false","26","1","9","1000","1000000","30706"
"2138","true","random-sampling","false","false","26","1","9","1000","1000000","30678"
"2139","true","random-sampling","false","false","26","1","9","1000","1000000","31236"
"2140","true","random-sampling","false","false","26","1","9","1000","1000000","30150"
"2141","true","random-sampling","false","false","26","1","9","1000","1000000","30243"
"2142","true","random-sampling","false","false","26","1","9","1000","1000000","30756"
"2144","true","random-sampling","false","false","26","1","9","1000","1000000","29863"
"2143","true","random-sampling","false","false","26","1","9","1000","1000000","31098"
"2145","true","random-sampling","false","false","26","1","9","1000","1000000","31212"
"2146","true","random-sampling","false","false","26","1","9","1000","1000000","30150"
"2147","true","random-sampling","false","false","26","1","9","1000","1000000","30411"
"2148","true","random-sampling","false","false","26","1","9","1000","1000000","30724"
"2150","true","random-sampling","false","false","26","1","9","1000","1000000","30839"
"2149","true","random-sampling","false","false","26","1","9","1000","1000000","31338"
"2152","true","random-sampling","false","false","26","1","9","1000","1000000","29987"
"2151","true","random-sampling","false","false","26","1","9","1000","1000000","30505"
"2153","true","random-sampling","false","false","26","1","9","1000","1000000","30706"
"2154","true","random-sampling","false","false","26","1","9","1000","1000000","30116"
"2155","true","random-sampling","false","false","26","1","9","1000","1000000","30792"
"2156","true","random-sampling","false","false","26","1","9","1000","1000000","30071"
"2157","true","random-sampling","false","false","26","1","9","1000","1000000","30683"
"2158","true","random-sampling","false","false","26","1","9","1000","1000000","30678"
"2160","true","random-sampling","false","false","26","1","9","1000","1000000","31071"
"2159","true","random-sampling","false","false","26","1","9","1000","1000000","30104"
